impressions,clicks,ctr,time_on_site,pages_viewed,purchase
47,4,0.08333333333333333,185.72356542632102,4,0
55,2,0.03571428571428571,122.91121881733467,8,0
42,9,0.20930232558139536,130.10677094086344,7,0
52,6,0.11320754716981132,167.3656836112045,6,0
58,6,0.1016949152542373,115.50113931311188,9,0
43,4,0.09090909090909091,140.37576425772536,7,0
46,5,0.10638297872340426,85.94519610942524,3,0
49,4,0.08,110.67482555175006,2,0
52,4,0.07547169811320754,154.68343849935923,5,0
45,4,0.08695652173913043,98.4541309863713,11,0
49,4,0.08,116.15846463810966,1,0
43,2,0.045454545454545456,72.77371063193641,5,0
52,5,0.09433962264150944,180.1730488352891,7,0
52,7,0.1320754716981132,157.8908420945071,8,0
46,3,0.06382978723404255,125.64298698458245,3,0
54,2,0.03636363636363636,135.22538616246985,9,0
40,3,0.07317073170731707,131.87694320830104,7,0
45,9,0.1956521739130435,161.52935259092357,3,1
46,7,0.14893617021276595,104.43599872885883,10,0
51,5,0.09615384615384616,141.96802859784697,6,0
64,10,0.15384615384615385,152.3224949655652,4,1
52,5,0.09433962264150944,156.45977911429372,1,0
38,8,0.20512820512820512,52.21887348504907,8,0
33,2,0.058823529411764705,102.02176565204566,5,0
48,3,0.061224489795918366,89.42488136094288,7,0
58,6,0.1016949152542373,124.48764856712057,3,0
45,4,0.08695652173913043,59.51909341457183,5,0
41,5,0.11904761904761904,58.63131327163191,3,0
56,4,0.07017543859649122,185.1028497562878,5,0
54,6,0.10909090909090909,138.53068164790022,6,0
56,4,0.07017543859649122,123.63027729596435,8,0
47,2,0.041666666666666664,130.91017943516945,3,0
59,9,0.15,124.3902277124754,4,0
46,7,0.14893617021276595,149.92051969654577,6,0
46,9,0.19148936170212766,101.02667423808063,4,0
55,7,0.125,125.59844478220708,5,0
60,7,0.11475409836065574,126.82263803813146,11,0
40,4,0.0975609756097561,88.59426124624987,2,0
56,3,0.05263157894736842,158.30949177189157,11,0
56,4,0.07017543859649122,106.62969780295772,7,0
50,4,0.0784313725490196,150.52265009426702,7,0
46,7,0.14893617021276595,123.44738179114441,6,0
61,4,0.06451612903225806,169.00754497227175,5,0
48,8,0.16326530612244897,88.75862734435427,5,0
44,4,0.08888888888888889,87.4572359546865,4,0
45,6,0.13043478260869565,92.82913226987074,5,0
63,3,0.046875,123.99886651543122,3,0
53,4,0.07407407407407407,166.24405187334617,3,0
57,10,0.1724137931034483,167.7928085449575,4,1
60,4,0.06557377049180328,50.7009419868468,5,0
46,3,0.06382978723404255,127.49121483667616,3,0
44,3,0.06666666666666667,23.611391684549318,7,0
48,3,0.061224489795918366,143.85095381355103,3,0
40,3,0.07317073170731707,153.5450824468562,8,0
65,7,0.10606060606060606,118.79267175923444,8,0
50,5,0.09803921568627451,122.51944732484264,6,0
69,7,0.1,122.2091667882072,7,0
50,3,0.058823529411764705,96.4667424377626,7,0
45,6,0.13043478260869565,132.95117355964442,6,0
52,7,0.1320754716981132,113.05775995040229,5,0
34,0,0.0,147.90875127868856,8,0
61,5,0.08064516129032258,116.5911919644231,4,0
41,1,0.023809523809523808,94.16930680535224,5,0
54,7,0.12727272727272726,73.9240598740347,4,0
44,6,0.13333333333333333,64.07805524832864,6,0
47,7,0.14583333333333334,159.37528031863306,4,0
53,4,0.07407407407407407,106.26631941422943,1,0
39,4,0.1,130.15722570244947,6,0
46,3,0.06382978723404255,173.49689675233557,7,0
54,5,0.09090909090909091,103.11587006106326,7,0
50,5,0.09803921568627451,101.17567546856539,8,0
53,2,0.037037037037037035,116.03514742934028,6,0
54,7,0.12727272727272726,120.88298101259979,8,0
64,7,0.1076923076923077,176.6265405076754,10,0
47,7,0.14583333333333334,166.9746178228234,1,0
45,3,0.06521739130434782,138.62626247720243,4,0
57,9,0.15517241379310345,163.48241306990604,5,1
51,12,0.23076923076923078,114.65342962296432,6,0
39,7,0.175,128.97493701565435,5,0
61,8,0.12903225806451613,110.95459066383916,8,0
47,6,0.125,81.28894852261081,4,0
60,6,0.09836065573770492,156.11624225380785,3,0
53,3,0.05555555555555555,135.95096201969582,4,0
52,6,0.11320754716981132,120.54220420270991,6,0
39,5,0.125,119.92596452063474,2,0
51,10,0.19230769230769232,74.81355387280475,5,0
53,5,0.09259259259259259,90.67574000541853,6,0
55,4,0.07142857142857142,130.08459510342075,2,0
46,5,0.10638297872340426,104.12661998176483,9,0
53,10,0.18518518518518517,113.4686087634753,3,0
53,3,0.05555555555555555,116.86031805662695,4,0
39,3,0.075,99.52593692948668,7,0
45,5,0.10869565217391304,90.96245039927848,3,0
60,4,0.06557377049180328,71.6292710722388,2,0
57,2,0.034482758620689655,115.60445162965378,4,0
52,4,0.07547169811320754,138.5582564283085,3,0
43,6,0.13636363636363635,70.6909757334015,4,0
45,1,0.021739130434782608,119.27856524700522,5,0
53,5,0.09259259259259259,128.43429758074683,4,0
62,8,0.12698412698412698,90.31258788812566,7,0
48,8,0.16326530612244897,162.66425434644265,6,1
45,9,0.1956521739130435,108.42853892884776,3,0
58,5,0.0847457627118644,116.96220934630466,10,0
42,8,0.18604651162790697,115.16191498206064,2,0
64,2,0.03076923076923077,66.87676732226832,5,0
51,6,0.11538461538461539,150.26256215052132,2,0
41,5,0.11904761904761904,91.33443694742287,3,0
60,4,0.06557377049180328,112.90438453782791,3,0
54,5,0.09090909090909091,137.92983003833987,3,0
47,2,0.041666666666666664,163.82710278433603,5,0
57,8,0.13793103448275862,87.60203154309482,4,0
50,4,0.0784313725490196,106.60549243216718,4,0
57,6,0.10344827586206896,161.4725589002146,3,0
54,3,0.05454545454545454,133.9114163782634,3,0
60,4,0.06557377049180328,140.13514077154827,3,0
47,10,0.20833333333333334,88.46604792671496,9,0
52,7,0.1320754716981132,108.62371410220325,2,0
49,9,0.18,114.96493702858707,5,0
45,3,0.06521739130434782,94.26315727971078,4,0
29,1,0.03333333333333333,69.76291122978279,2,0
57,6,0.10344827586206896,104.68504323709212,2,0
41,4,0.09523809523809523,160.62864598753288,7,0
56,3,0.05263157894736842,121.77520396681489,9,0
53,7,0.12962962962962962,161.2287274072013,7,0
34,3,0.08571428571428572,125.37062742688559,2,0
51,3,0.057692307692307696,97.05876811236112,3,0
50,4,0.0784313725490196,158.32857039695165,4,0
57,6,0.10344827586206896,126.36978422003696,7,0
49,6,0.12,148.8551649728219,7,0
58,6,0.1016949152542373,87.95015486638286,5,0
48,5,0.10204081632653061,151.16268868843508,2,0
42,2,0.046511627906976744,152.06667826632597,5,0
51,8,0.15384615384615385,128.69301433069606,5,0
53,9,0.16666666666666666,95.79233742570652,5,0
51,6,0.11538461538461539,118.61973513862165,5,0
48,1,0.02040816326530612,138.33873441714732,8,0
47,5,0.10416666666666667,127.037100598096,3,0
33,4,0.11764705882352941,138.03248214323293,5,0
59,12,0.2,150.36737722958716,2,1
49,11,0.22,100.54660039884236,6,0
50,7,0.13725490196078433,85.34773137119583,4,0
42,1,0.023255813953488372,118.87383595883274,11,0
48,8,0.16326530612244897,110.10770523390397,8,0
53,6,0.1111111111111111,143.5753923946845,4,0
47,6,0.125,87.76504831023576,4,0
50,4,0.0784313725490196,150.6114562253304,5,0
53,4,0.07407407407407407,160.60836328640298,5,0
37,3,0.07894736842105263,120.0091489278687,4,0
64,4,0.06153846153846154,121.82208376743914,8,0
48,4,0.08163265306122448,96.97360496309541,7,0
49,7,0.14,103.720173030778,7,0
64,2,0.03076923076923077,107.74989958062949,2,0
43,2,0.045454545454545456,163.28820203513794,6,0
39,2,0.05,117.84387642567678,7,0
39,3,0.075,80.33481130079974,3,0
37,9,0.23684210526315788,127.6606302633601,5,0
58,4,0.06779661016949153,144.7887037386683,3,0
57,3,0.05172413793103448,119.23765892035215,5,0
40,7,0.17073170731707318,164.07640319180967,5,1
53,8,0.14814814814814814,143.32526001797694,6,0
55,2,0.03571428571428571,88.52613810336439,2,0
45,6,0.13043478260869565,103.45701562810794,9,0
55,6,0.10714285714285714,126.78678844273827,9,0
47,6,0.125,70.01432285920178,4,0
47,5,0.10416666666666667,130.09070212411842,4,0
59,12,0.2,67.15252718236056,2,0
55,2,0.03571428571428571,150.7030036669353,3,0
50,3,0.058823529411764705,147.21821054375124,10,0
46,4,0.0851063829787234,135.14344082745214,9,0
48,4,0.08163265306122448,99.72364906943065,8,0
61,10,0.16129032258064516,125.10608473840617,6,0
66,7,0.1044776119402985,104.59867537456053,3,0
53,2,0.037037037037037035,89.075541676498,6,0
45,4,0.08695652173913043,109.83770964685768,8,0
54,5,0.09090909090909091,140.94796609476288,5,0
39,8,0.2,121.31442578495283,5,0
35,4,0.1111111111111111,163.5212977240327,2,0
49,6,0.12,142.97341618440825,3,0
47,6,0.125,139.76072441716855,8,0
41,5,0.11904761904761904,71.73220351663188,11,0
52,6,0.11320754716981132,111.44524409534165,4,0
38,2,0.05128205128205128,88.068827686974,5,0
54,8,0.14545454545454545,114.50991361128288,4,0
47,6,0.125,99.2017162823053,3,0
47,6,0.125,108.67185140826184,3,0
56,12,0.21052631578947367,151.8348819712155,5,1
48,7,0.14285714285714285,134.25749787017503,4,0
40,6,0.14634146341463414,150.21343286944904,5,0
35,7,0.19444444444444445,71.97950672952044,5,0
40,2,0.04878048780487805,121.7392408984699,2,0
55,5,0.08928571428571429,149.00114944189804,1,0
69,7,0.1,165.18887744661467,1,0
45,4,0.08695652173913043,73.5573483092252,1,0
37,5,0.13157894736842105,109.4554909151649,4,0
53,7,0.12962962962962962,151.0268002201429,7,0
49,6,0.12,114.23165061565663,2,0
52,12,0.22641509433962265,92.6874697749083,2,0
33,2,0.058823529411764705,73.50002464511977,7,0
49,6,0.12,91.53895396010499,1,0
45,5,0.10869565217391304,69.33294994308812,6,0
49,4,0.08,121.75381370502078,7,0
52,3,0.05660377358490566,146.8893055733598,3,0
54,8,0.14545454545454545,82.17075723274188,5,0
46,5,0.10638297872340426,127.73189223633157,7,0
54,7,0.12727272727272726,145.35813088337602,6,0
61,6,0.0967741935483871,119.91875019454952,11,0
52,3,0.05660377358490566,71.67917115248264,4,0
63,5,0.078125,131.5863466398751,9,0
33,3,0.08823529411764706,118.3605916570659,9,0
47,9,0.1875,115.30486054197434,7,0
52,1,0.018867924528301886,103.59488262718605,5,0
58,11,0.1864406779661017,122.60362278822124,3,0
48,9,0.1836734693877551,135.2945372534088,4,0
58,13,0.22033898305084745,191.71944403007546,6,1
49,5,0.1,123.36996205161614,4,0
67,11,0.16176470588235295,165.3342348003802,4,1
44,4,0.08888888888888889,130.7326525028063,7,0
52,1,0.018867924528301886,117.0141501705674,2,0
40,3,0.07317073170731707,124.45642583133878,2,0
50,9,0.17647058823529413,83.34790890922471,5,0
50,1,0.0196078431372549,129.17580812256114,5,0
51,5,0.09615384615384616,60.238048055358824,3,0
60,3,0.04918032786885246,94.12000926334404,4,0
41,3,0.07142857142857142,123.29529279401432,6,0
56,3,0.05263157894736842,155.81946819536535,4,0
54,8,0.14545454545454545,162.91873190995182,1,0
41,4,0.09523809523809523,112.90360261077196,2,0
47,7,0.14583333333333334,124.67151958591323,3,0
48,6,0.12244897959183673,149.53087408746083,9,0
61,11,0.1774193548387097,80.11519283421244,3,0
50,5,0.09803921568627451,132.14242515946512,5,0
48,5,0.10204081632653061,95.16321397902573,3,0
50,5,0.09803921568627451,114.84524865969844,2,0
50,5,0.09803921568627451,106.22930248517054,5,0
53,8,0.14814814814814814,133.0607438114444,6,0
37,4,0.10526315789473684,136.5091102202727,4,0
41,6,0.14285714285714285,146.73236032192193,9,0
41,6,0.14285714285714285,130.44596485393345,10,0
43,3,0.06818181818181818,125.1496130990669,5,0
61,7,0.11290322580645161,175.62071401315805,5,0
53,3,0.05555555555555555,74.26922789408468,3,0
43,5,0.11363636363636363,170.86829580387717,6,0
42,5,0.11627906976744186,111.3053427339481,6,0
42,10,0.23255813953488372,137.12674759104917,3,0
40,1,0.024390243902439025,110.23020958219197,5,0
43,2,0.045454545454545456,98.92375111345122,7,0
50,2,0.0392156862745098,134.53731578382684,6,0
53,5,0.09259259259259259,151.2638492584333,7,0
36,5,0.13513513513513514,134.19023864902215,3,0
57,8,0.13793103448275862,103.73652639951354,7,0
43,5,0.11363636363636363,228.3405018844701,5,0
47,7,0.14583333333333334,155.95721012598756,8,0
52,4,0.07547169811320754,148.00026912621757,8,0
49,2,0.04,109.41107307773387,7,0
31,1,0.03125,101.24502635132882,6,0
50,7,0.13725490196078433,111.60482772471182,6,0
40,5,0.12195121951219512,152.44219633177448,6,0
51,6,0.11538461538461539,90.28186988772516,12,0
45,4,0.08695652173913043,87.9538850563705,5,0
43,4,0.09090909090909091,136.18642600083055,7,0
52,9,0.16981132075471697,129.57589333926362,4,0
56,2,0.03508771929824561,96.89059386327312,6,0
38,5,0.1282051282051282,87.26389264754326,6,0
52,4,0.07547169811320754,163.13690980105295,6,0
49,2,0.04,130.71013275898684,2,0
45,6,0.13043478260869565,79.09392408815901,4,0
53,4,0.07407407407407407,81.19123391753118,4,0
52,6,0.11320754716981132,109.15464082648592,2,0
39,5,0.125,141.985254209929,6,0
44,4,0.08888888888888889,137.8502640632484,6,0
43,6,0.13636363636363635,153.95035611003652,2,0
38,4,0.10256410256410256,75.28950577617607,5,0
40,3,0.07317073170731707,126.7154006933897,4,0
57,7,0.1206896551724138,162.77730996964084,4,0
42,5,0.11627906976744186,159.98405191428296,5,0
63,2,0.03125,130.7672994423806,8,0
51,8,0.15384615384615385,190.44055525961627,5,1
56,6,0.10526315789473684,138.2785534924758,5,0
46,7,0.14893617021276595,151.2823989852403,6,0
50,8,0.1568627450980392,121.3334375632652,4,0
40,4,0.0975609756097561,96.57074121467139,8,0
45,4,0.08695652173913043,93.74372397663763,4,0
42,4,0.09302325581395349,125.4484564438326,3,0
51,5,0.09615384615384616,113.6549397944938,9,0
46,7,0.14893617021276595,66.94242990259556,6,0
46,6,0.1276595744680851,89.22619245222776,1,0
45,2,0.043478260869565216,110.44789277837721,6,0
56,6,0.10526315789473684,141.81838127811477,6,0
49,11,0.22,119.51778341513776,2,0
47,5,0.10416666666666667,117.83807368498458,6,0
40,5,0.12195121951219512,90.39262118990052,6,0
64,8,0.12307692307692308,120.69498240186296,3,0
51,4,0.07692307692307693,159.57303082337964,5,0
41,3,0.07142857142857142,124.66725338275671,3,0
43,5,0.11363636363636363,74.78059255554415,9,0
42,4,0.09302325581395349,82.45431617086408,6,0
53,6,0.1111111111111111,137.6636663166946,5,0
47,6,0.125,113.2705357433214,9,0
48,6,0.12244897959183673,117.76259309689458,6,0
49,4,0.08,101.61797474955729,5,0
49,3,0.06,135.10236636599737,5,0
55,4,0.07142857142857142,110.97246860263952,4,0
44,4,0.08888888888888889,114.40160334814186,3,0
47,4,0.08333333333333333,94.4632982501062,5,0
61,6,0.0967741935483871,147.6507389442831,3,0
53,2,0.037037037037037035,113.36601625150736,7,0
41,4,0.09523809523809523,138.2364099935928,5,0
52,4,0.07547169811320754,84.19225307897946,4,0
60,6,0.09836065573770492,172.01649415135824,8,0
41,4,0.09523809523809523,158.32122115539667,3,0
44,3,0.06666666666666667,62.7060699102322,4,0
47,7,0.14583333333333334,95.94187574808855,3,0
40,2,0.04878048780487805,134.32903173029655,7,0
41,5,0.11904761904761904,80.40814031552988,3,0
57,9,0.15517241379310345,116.05217753510023,9,0
44,4,0.08888888888888889,132.7989535793039,3,0
55,8,0.14285714285714285,114.45822264061549,3,0
54,3,0.05454545454545454,136.1651611061129,3,0
44,4,0.08888888888888889,99.20010286194355,3,0
43,4,0.09090909090909091,52.67455373495633,6,0
52,1,0.018867924528301886,149.46345936495183,8,0
49,4,0.08,149.2744396080759,0,0
42,3,0.06976744186046512,195.10909926864997,3,0
50,6,0.11764705882352941,53.78440446197057,7,0
63,10,0.15625,142.52496328040448,3,0
54,3,0.05454545454545454,60.93953585749839,7,0
52,4,0.07547169811320754,172.69479845025958,2,0
48,4,0.08163265306122448,134.6360050108803,6,0
49,5,0.1,91.44213456971241,4,0
59,8,0.13333333333333333,143.40667423804308,5,0
52,5,0.09433962264150944,103.40864976849193,3,0
35,1,0.027777777777777776,129.01248298653806,6,0
57,7,0.1206896551724138,126.17882148627253,6,0
46,7,0.14893617021276595,172.32504408441883,7,0
51,5,0.09615384615384616,174.44777730259537,3,0
47,5,0.10416666666666667,102.08203880179482,2,0
55,3,0.05357142857142857,151.74316853988108,8,0
44,3,0.06666666666666667,130.6452046671089,2,0
41,3,0.07142857142857142,77.61953798979265,8,0
50,4,0.0784313725490196,99.1131485888346,4,0
62,10,0.15873015873015872,190.0843829879887,7,1
52,5,0.09433962264150944,130.73563203313967,4,0
41,2,0.047619047619047616,149.99338738552566,7,0
50,4,0.0784313725490196,113.63867062899027,3,0
37,3,0.07894736842105263,103.80174255841975,5,0
43,5,0.11363636363636363,120.81793522903423,6,0
51,5,0.09615384615384616,112.01687834261348,8,0
56,5,0.08771929824561403,75.20241206905206,7,0
50,5,0.09803921568627451,89.90023627637905,5,0
48,3,0.061224489795918366,141.23653543236694,9,0
42,2,0.046511627906976744,108.57927932692768,6,0
47,1,0.020833333333333332,120.77114646083722,9,0
53,4,0.07407407407407407,127.04769151491632,6,0
55,3,0.05357142857142857,129.3915014645616,9,0
44,3,0.06666666666666667,154.39737183946113,5,0
57,7,0.1206896551724138,87.03912554794404,8,0
53,6,0.1111111111111111,137.10758170630874,4,0
39,4,0.1,142.65083380558943,5,0
58,8,0.13559322033898305,149.57555337004516,0,0
54,4,0.07272727272727272,77.61247201755383,2,0
45,7,0.15217391304347827,127.64457655040995,2,0
43,4,0.09090909090909091,171.4822783919555,2,0
43,4,0.09090909090909091,117.0263844253013,2,0
48,4,0.08163265306122448,134.50484105892875,2,0
57,3,0.05172413793103448,143.41186783755555,2,0
45,9,0.1956521739130435,89.23590466805219,11,0
52,3,0.05660377358490566,175.01474186999923,6,0
53,4,0.07407407407407407,134.9850239090671,3,0
51,4,0.07692307692307693,135.5850844258028,3,0
56,3,0.05263157894736842,70.13917865968395,5,0
59,4,0.06666666666666667,143.83634394639938,5,0
60,2,0.03278688524590164,135.19231024137412,2,0
48,4,0.08163265306122448,168.72573983166194,5,0
45,7,0.15217391304347827,110.6620435708694,7,0
53,4,0.07407407407407407,90.37025011204675,6,0
41,2,0.047619047619047616,99.53283015677,3,0
42,5,0.11627906976744186,104.85065294978104,6,0
40,10,0.24390243902439024,86.43460445605879,1,0
45,3,0.06521739130434782,158.7048007129798,11,0
53,4,0.07407407407407407,159.83093588795,4,0
43,8,0.18181818181818182,114.12624896579834,5,0
59,4,0.06666666666666667,108.21720233747418,4,0
52,5,0.09433962264150944,65.53554260042064,1,0
48,3,0.061224489795918366,140.87883765910814,5,0
50,8,0.1568627450980392,169.6032032647753,6,1
42,9,0.20930232558139536,100.88415848221331,7,0
38,5,0.1282051282051282,116.49646422670806,6,0
44,3,0.06666666666666667,133.02874383947193,8,0
45,4,0.08695652173913043,171.73255081829717,4,0
55,4,0.07142857142857142,125.99328665505284,11,0
51,8,0.15384615384615385,125.86289748079555,7,0
53,8,0.14814814814814814,125.3795550347941,8,0
55,5,0.08928571428571429,77.2490247928898,6,0
52,6,0.11320754716981132,76.59628038510405,7,0
50,3,0.058823529411764705,95.76014492655382,2,0
46,4,0.0851063829787234,150.3867172211212,6,0
40,5,0.12195121951219512,109.93928788362021,3,0
55,5,0.08928571428571429,104.11187853593123,6,0
54,4,0.07272727272727272,103.58476187568697,6,0
44,0,0.0,115.87029364581969,3,0
57,8,0.13793103448275862,171.06323802304922,9,0
45,7,0.15217391304347827,115.46407842908636,3,0
47,9,0.1875,96.41107783875425,6,0
62,7,0.1111111111111111,120.75736887244899,5,0
66,7,0.1044776119402985,172.6525081728461,2,0
43,3,0.06818181818181818,104.91525843193152,6,0
59,14,0.23333333333333334,84.56984974707164,6,0
57,6,0.10344827586206896,104.97026190808748,4,0
54,6,0.10909090909090909,123.862912090453,8,0
44,5,0.1111111111111111,140.64722852476018,2,0
65,9,0.13636363636363635,150.20650736046738,6,0
42,0,0.0,88.62848178113015,7,0
62,4,0.06349206349206349,91.47463996622791,4,0
54,6,0.10909090909090909,110.3021322183753,4,0
65,10,0.15151515151515152,140.53479074090689,7,0
46,5,0.10638297872340426,82.19976307043234,5,0
44,4,0.08888888888888889,101.78019268746908,1,0
37,3,0.07894736842105263,102.21768811764156,3,0
47,6,0.125,148.25246566093114,5,0
36,5,0.13513513513513514,135.84782281993313,3,0
51,6,0.11538461538461539,147.1115508314976,4,0
46,3,0.06382978723404255,160.16033922699162,5,0
60,9,0.14754098360655737,110.83049714732758,4,0
44,5,0.1111111111111111,84.37781535438955,1,0
59,8,0.13333333333333333,84.5710914645894,9,0
59,4,0.06666666666666667,64.8567730482348,3,0
64,5,0.07692307692307693,106.23699511001422,10,0
56,8,0.14035087719298245,108.47332155504785,2,0
50,2,0.0392156862745098,143.62660220415142,2,0
56,6,0.10526315789473684,120.50742651529812,4,0
48,5,0.10204081632653061,105.29014666972182,7,0
44,6,0.13333333333333333,116.52003821518242,5,0
47,3,0.0625,88.83079548855707,2,0
46,3,0.06382978723404255,150.7621971225386,6,0
32,6,0.18181818181818182,96.42253311571474,6,0
48,5,0.10204081632653061,85.80206184192313,4,0
56,3,0.05263157894736842,144.5364590012241,4,0
48,3,0.061224489795918366,137.22492625091553,3,0
65,15,0.22727272727272727,68.28943864322966,1,0
52,3,0.05660377358490566,145.65004904130666,5,0
65,7,0.10606060606060606,97.7522208271783,4,0
52,5,0.09433962264150944,108.7768641730824,2,0
44,7,0.15555555555555556,125.61060323081813,2,0
44,6,0.13333333333333333,137.59874647850467,8,0
56,6,0.10526315789473684,133.3643752406258,6,0
48,1,0.02040816326530612,118.50545007281993,4,0
54,8,0.14545454545454545,107.26070013252269,4,0
57,5,0.08620689655172414,132.36662080696343,3,0
44,7,0.15555555555555556,116.44836487967316,3,0
52,5,0.09433962264150944,174.16063377377773,5,0
39,5,0.125,137.59227029909707,4,0
45,2,0.043478260869565216,92.29753125028935,7,0
59,7,0.11666666666666667,105.67200145879046,7,0
53,4,0.07407407407407407,121.44576531779488,5,0
38,3,0.07692307692307693,158.98293645211365,5,0
47,2,0.041666666666666664,162.33315027336405,4,0
55,3,0.05357142857142857,108.11595838903307,3,0
38,2,0.05128205128205128,91.9909735023167,4,0
54,4,0.07272727272727272,88.15507076381438,2,0
58,9,0.15254237288135594,127.57286271647341,2,0
50,4,0.0784313725490196,189.1135292765248,6,0
58,7,0.11864406779661017,136.17282312765306,7,0
54,2,0.03636363636363636,72.18262419947979,2,0
45,5,0.10869565217391304,98.21987690261996,4,0
57,5,0.08620689655172414,101.28257394465261,7,0
58,11,0.1864406779661017,95.33992439655276,2,0
54,8,0.14545454545454545,108.36318525197339,6,0
54,5,0.09090909090909091,131.08184583059824,5,0
52,7,0.1320754716981132,140.4594350796794,9,0
42,2,0.046511627906976744,152.7529047274993,5,0
59,6,0.1,135.72607719141533,3,0
58,3,0.05084745762711865,61.37549279013477,5,0
46,4,0.0851063829787234,88.2808623740606,2,0
42,3,0.06976744186046512,115.25717889422427,15,0
58,7,0.11864406779661017,124.41839567302436,8,0
53,5,0.09259259259259259,145.8425507962877,6,0
53,7,0.12962962962962962,121.29552528650318,4,0
56,6,0.10526315789473684,121.52121761591023,10,0
56,3,0.05263157894736842,127.13392089417178,3,0
69,8,0.11428571428571428,112.34934783656394,3,0
54,8,0.14545454545454545,122.60655419633434,6,0
46,7,0.14893617021276595,153.7749653703525,5,0
37,4,0.10526315789473684,117.48267303647991,6,0
47,6,0.125,119.0936181964715,5,0
55,7,0.125,118.99243785698431,6,0
56,3,0.05263157894736842,158.93321441373507,6,0
50,3,0.058823529411764705,86.75840019511674,8,0
54,2,0.03636363636363636,173.27540684373588,2,0
48,4,0.08163265306122448,84.7085443645346,5,0
42,4,0.09302325581395349,100.37339216016723,4,0
54,13,0.23636363636363636,142.3421480914596,2,0
38,3,0.07692307692307693,150.90950086421014,6,0
53,7,0.12962962962962962,77.89502949004536,7,0
66,8,0.11940298507462686,87.21894410258741,6,0
49,3,0.06,128.33528428415542,9,0
48,2,0.04081632653061224,190.3325816329139,4,0
48,5,0.10204081632653061,157.38788342996043,5,0
60,7,0.11475409836065574,112.55708851104569,3,0
43,11,0.25,47.426125857727314,0,0
53,4,0.07407407407407407,122.44928203263478,8,0
59,9,0.15,130.86890410939662,5,0
71,6,0.08333333333333333,108.5191457675159,7,0
59,7,0.11666666666666667,94.47828028360213,7,0
56,6,0.10526315789473684,124.77495780964165,5,0
41,1,0.023809523809523808,91.73216418318117,2,0
62,3,0.047619047619047616,176.17345982426173,6,0
57,2,0.034482758620689655,165.5023439260145,3,0
40,3,0.07317073170731707,139.73737894778282,9,0
54,7,0.12727272727272726,122.6913170735795,2,0
43,2,0.045454545454545456,100.19507740159321,3,0
36,4,0.10810810810810811,119.37638448327296,11,0
45,3,0.06521739130434782,169.17891405621828,6,0
46,6,0.1276595744680851,146.05962175309884,1,0
48,6,0.12244897959183673,126.11076835429378,8,0
52,7,0.1320754716981132,147.71923002502785,8,0
54,5,0.09090909090909091,136.36831990142485,8,0
56,4,0.07017543859649122,131.88832619660616,3,0
50,7,0.13725490196078433,149.41689776974607,8,0
41,2,0.047619047619047616,135.51082934474272,7,0
52,4,0.07547169811320754,145.75654410310136,4,0
51,3,0.057692307692307696,124.84161148903527,6,0
46,5,0.10638297872340426,112.3762253042969,7,0
38,5,0.1282051282051282,103.55511363179554,2,0
30,4,0.12903225806451613,99.98071183587123,8,0
48,4,0.08163265306122448,71.84488672675403,14,0
51,2,0.038461538461538464,92.64180159565007,6,0
57,9,0.15517241379310345,91.77439411253457,2,0
42,4,0.09302325581395349,104.77964412047892,3,0
53,5,0.09259259259259259,166.86732631914873,5,0
54,6,0.10909090909090909,115.27314133338668,8,0
55,4,0.07142857142857142,127.2530066965293,5,0
47,2,0.041666666666666664,128.1995893353578,1,0
38,3,0.07692307692307693,167.627427385271,4,0
51,3,0.057692307692307696,102.73243638464126,7,0
49,3,0.06,113.32433759225815,12,0
50,8,0.1568627450980392,116.8140188467745,1,0
38,4,0.10256410256410256,154.09604567324305,6,0
44,4,0.08888888888888889,160.32317081263363,2,0
59,7,0.11666666666666667,134.23751459081834,1,0
43,8,0.18181818181818182,156.9872812218564,12,1
53,3,0.05555555555555555,125.32982989406968,5,0
51,7,0.1346153846153846,114.82190257149533,9,0
43,5,0.11363636363636363,155.36172259756864,3,0
37,2,0.05263157894736842,134.62853025701392,4,0
45,3,0.06521739130434782,97.93408002277255,3,0
59,6,0.1,149.92262814373052,1,0
55,7,0.125,113.74522106939162,4,0
47,3,0.0625,110.07529431827386,6,0
59,6,0.1,146.79013104599136,5,0
49,6,0.12,117.33503577465261,4,0
50,5,0.09803921568627451,131.6687560812087,6,0
61,9,0.14516129032258066,139.85818752212398,4,0
45,7,0.15217391304347827,96.51170762182846,2,0
62,6,0.09523809523809523,131.54551694046606,7,0
53,10,0.18518518518518517,160.48419315784872,3,1
55,2,0.03571428571428571,91.3059856878117,3,0
42,0,0.0,133.49726666493683,4,0
72,6,0.0821917808219178,95.11596796259137,4,0
59,6,0.1,150.64193051521195,5,0
44,5,0.1111111111111111,150.35716751249313,1,0
49,5,0.1,109.37032979252704,1,0
47,2,0.041666666666666664,186.2888595657259,5,0
42,2,0.046511627906976744,153.19875927411852,2,0
71,10,0.1388888888888889,141.20786955408508,2,0
53,8,0.14814814814814814,139.51832688318407,7,0
56,7,0.12280701754385964,149.51780727618672,2,0
44,5,0.1111111111111111,90.1307277826752,5,0
42,5,0.11627906976744186,125.83822795383072,5,0
46,3,0.06382978723404255,131.49571156131984,6,0
48,4,0.08163265306122448,107.99591810092319,6,0
52,6,0.11320754716981132,133.94385808331896,3,0
42,4,0.09302325581395349,156.95082901302018,6,0
53,1,0.018518518518518517,107.3469273670228,9,0
58,10,0.1694915254237288,118.36727098886084,3,0
52,7,0.1320754716981132,95.38244112438167,4,0
43,3,0.06818181818181818,66.39032970567624,3,0
45,5,0.10869565217391304,143.36796541561532,4,0
51,8,0.15384615384615385,119.22798615482257,9,0
32,1,0.030303030303030304,121.42738251458363,3,0
49,5,0.1,90.3967914547942,3,0
46,4,0.0851063829787234,114.43489412891428,4,0
32,3,0.09090909090909091,152.8978136754637,6,0
53,7,0.12962962962962962,120.0246401033838,3,0
49,4,0.08,120.87551274166239,5,0
50,2,0.0392156862745098,126.22584833590268,2,0
41,1,0.023809523809523808,82.90853614780632,5,0
46,1,0.02127659574468085,138.7476139230707,4,0
43,4,0.09090909090909091,82.34405655252507,11,0
72,9,0.1232876712328767,91.8115325616292,5,0
54,4,0.07272727272727272,88.52355692978506,7,0
59,7,0.11666666666666667,114.74325100108364,5,0
54,6,0.10909090909090909,109.42641889386428,2,0
65,5,0.07575757575757576,119.96324885075236,6,0
50,5,0.09803921568627451,92.8423152067067,5,0
59,7,0.11666666666666667,150.16485960919135,2,0
54,5,0.09090909090909091,145.02082706178993,5,0
44,3,0.06666666666666667,114.78559461324839,4,0
48,5,0.10204081632653061,105.64899850236186,4,0
40,8,0.1951219512195122,102.61927519964402,5,0
59,5,0.08333333333333333,110.69565014967962,4,0
51,4,0.07692307692307693,77.99264313746471,6,0
60,6,0.09836065573770492,91.21178063364478,4,0
46,2,0.0425531914893617,145.803611759549,6,0
57,6,0.10344827586206896,129.05437458227607,5,0
57,5,0.08620689655172414,169.02823457929594,3,0
57,3,0.05172413793103448,111.02414549492036,3,0
51,5,0.09615384615384616,109.15460318679398,6,0
46,0,0.0,107.76303226369055,4,0
48,4,0.08163265306122448,110.42506550345495,5,0
48,2,0.04081632653061224,100.20137960560206,3,0
44,1,0.022222222222222223,128.129646440616,6,0
44,6,0.13333333333333333,120.87312201445233,8,0
52,8,0.1509433962264151,104.70256494485183,1,0
52,3,0.05660377358490566,157.53446739056707,6,0
47,5,0.10416666666666667,176.89748767458923,5,0
50,4,0.0784313725490196,154.99731616720203,5,0
47,5,0.10416666666666667,136.74372039250184,6,0
52,5,0.09433962264150944,142.85309178791323,9,0
52,4,0.07547169811320754,175.69246553479005,6,0
57,7,0.1206896551724138,142.80957947278273,7,0
67,4,0.058823529411764705,102.44442442202146,3,0
43,1,0.022727272727272728,131.76817579951646,5,0
53,7,0.12962962962962962,138.78732798189952,4,0
47,5,0.10416666666666667,90.15848177892241,7,0
50,5,0.09803921568627451,111.45207544070466,2,0
45,4,0.08695652173913043,153.01175472166398,4,0
57,6,0.10344827586206896,65.29521794851242,8,0
46,4,0.0851063829787234,82.48714364878218,1,0
55,5,0.08928571428571429,114.70778839115017,4,0
48,5,0.10204081632653061,130.61038786517113,12,0
42,4,0.09302325581395349,79.2710266515328,4,0
43,5,0.11363636363636363,116.19632245002177,8,0
54,7,0.12727272727272726,154.613056172657,6,0
51,4,0.07692307692307693,122.0595437122285,9,0
69,6,0.08571428571428572,148.1726683089339,7,0
57,5,0.08620689655172414,102.23657635994991,5,0
66,7,0.1044776119402985,95.70249429632455,4,0
44,4,0.08888888888888889,145.46621490855142,8,0
52,8,0.1509433962264151,131.0779660396857,2,0
47,6,0.125,84.43211976676622,3,0
56,9,0.15789473684210525,95.97477251511633,2,0
57,7,0.1206896551724138,166.93743723172244,4,0
53,10,0.18518518518518517,92.26334341592052,9,0
53,6,0.1111111111111111,148.02986240177992,5,0
52,9,0.16981132075471697,105.65439908298902,4,0
55,3,0.05357142857142857,119.90472429698606,5,0
44,1,0.022222222222222223,128.83777862830118,6,0
52,5,0.09433962264150944,56.97056368501204,4,0
44,9,0.2,76.11847993718104,6,0
52,5,0.09433962264150944,122.58999056361488,6,0
54,4,0.07272727272727272,98.27077308648359,7,0
48,5,0.10204081632653061,149.89743885823867,7,0
41,5,0.11904761904761904,71.81637357395627,3,0
55,4,0.07142857142857142,136.9576516877396,5,0
45,6,0.13043478260869565,78.7133633878702,3,0
43,8,0.18181818181818182,109.43685017566715,5,0
44,7,0.15555555555555556,88.06866707286107,5,0
37,3,0.07894736842105263,177.07289641413593,4,0
37,3,0.07894736842105263,79.81523511089893,4,0
44,4,0.08888888888888889,116.3382091389293,4,0
60,5,0.08196721311475409,68.19491555939544,5,0
51,2,0.038461538461538464,167.9871036621177,7,0
46,6,0.1276595744680851,132.03847248531616,2,0
51,4,0.07692307692307693,124.10919268796003,4,0
49,7,0.14,164.22938817875178,7,0
51,8,0.15384615384615385,124.42267324267837,2,0
42,1,0.023255813953488372,126.58714068423231,5,0
43,9,0.20454545454545456,123.95175864195454,10,0
39,5,0.125,136.90902976329357,9,0
56,6,0.10526315789473684,105.22675848236213,6,0
53,5,0.09259259259259259,113.57138077910002,3,0
63,6,0.09375,144.31003885372337,10,0
48,4,0.08163265306122448,128.32118854673647,1,0
51,6,0.11538461538461539,116.57268257693623,11,0
50,2,0.0392156862745098,77.98432826907863,2,0
38,4,0.10256410256410256,164.94150853609784,6,0
41,3,0.07142857142857142,100.15637670147689,5,0
56,1,0.017543859649122806,149.61711715257772,9,0
45,5,0.10869565217391304,125.27260955064256,9,0
51,5,0.09615384615384616,81.1964843181039,7,0
48,4,0.08163265306122448,157.56826432591845,9,0
52,2,0.03773584905660377,127.63621939198619,7,0
62,9,0.14285714285714285,160.06036070211127,4,0
40,4,0.0975609756097561,114.52773897792244,2,0
47,2,0.041666666666666664,141.12153689901163,3,0
59,6,0.1,67.12418665964958,5,0
57,6,0.10344827586206896,104.99352409218729,4,0
38,1,0.02564102564102564,81.81020003306185,2,0
42,5,0.11627906976744186,108.75648449884825,2,0
47,6,0.125,134.15435218518434,3,0
53,7,0.12962962962962962,101.86259737037562,1,0
41,2,0.047619047619047616,145.91526280916344,4,0
62,9,0.14285714285714285,94.30162069349966,4,0
52,4,0.07547169811320754,146.55709840949936,7,0
42,8,0.18604651162790697,159.29271497622108,6,1
48,2,0.04081632653061224,150.40578405272956,1,0
47,4,0.08333333333333333,109.67432844510681,4,0
46,5,0.10638297872340426,56.236392061675716,5,0
49,3,0.06,137.46500990212044,5,0
53,7,0.12962962962962962,116.24295855854088,4,0
52,6,0.11320754716981132,90.6482117961794,4,0
42,1,0.023255813953488372,103.31162805388769,9,0
56,6,0.10526315789473684,163.03275949334403,9,0
41,4,0.09523809523809523,85.87979398169537,4,0
46,3,0.06382978723404255,134.04927526863636,7,0
54,12,0.21818181818181817,126.53874526912212,2,0
57,9,0.15517241379310345,109.27837006010303,5,0
46,3,0.06382978723404255,139.33598061939142,6,0
50,5,0.09803921568627451,168.96735776696596,4,0
41,3,0.07142857142857142,111.12085488341405,1,0
49,6,0.12,112.70457155768696,5,0
47,8,0.16666666666666666,138.661947149706,2,0
58,5,0.0847457627118644,147.54728464305003,5,0
56,7,0.12280701754385964,116.16878378554094,7,0
48,5,0.10204081632653061,110.83878791719056,3,0
56,5,0.08771929824561403,53.47060437840719,4,0
51,9,0.17307692307692307,96.6597326290034,5,0
68,7,0.10144927536231885,85.82064983797349,6,0
40,4,0.0975609756097561,140.53874988935672,6,0
49,6,0.12,112.68291154197473,5,0
39,3,0.075,111.50935183383216,11,0
41,3,0.07142857142857142,119.72831209131057,4,0
55,9,0.16071428571428573,93.89470589623801,2,0
47,6,0.125,166.59741560066263,6,0
49,7,0.14,158.94581735089832,2,0
56,4,0.07017543859649122,168.54320349143063,10,0
54,6,0.10909090909090909,140.50251693716675,2,0
45,9,0.1956521739130435,119.11565654934188,6,0
49,4,0.08,168.44187909020656,3,0
53,3,0.05555555555555555,99.57099492261061,5,0
53,5,0.09259259259259259,93.86373062900962,4,0
36,3,0.08108108108108109,101.95465455690422,5,0
41,2,0.047619047619047616,135.68613800742895,5,0
50,8,0.1568627450980392,97.13684419836981,6,0
32,8,0.24242424242424243,115.33881035346003,2,0
55,6,0.10714285714285714,71.94434118345671,5,0
37,5,0.13157894736842105,134.43292996284734,9,0
47,7,0.14583333333333334,74.48689898450672,6,0
47,6,0.125,92.03516835403914,5,0
53,2,0.037037037037037035,156.51501404689932,4,0
42,2,0.046511627906976744,155.40954950958331,5,0
53,2,0.037037037037037035,131.22939268639493,4,0
45,1,0.021739130434782608,128.2699074520569,5,0
46,3,0.06382978723404255,104.07121058537223,4,0
53,5,0.09259259259259259,96.81289008773396,7,0
43,3,0.06818181818181818,109.13274906727861,4,0
52,2,0.03773584905660377,74.59037476613047,5,0
53,5,0.09259259259259259,127.5734566486099,3,0
57,4,0.06896551724137931,121.46493374425229,3,0
52,7,0.1320754716981132,91.997361998692,3,0
57,1,0.017241379310344827,167.06045756524074,5,0
41,6,0.14285714285714285,138.20741130861146,5,0
63,11,0.171875,140.7552541202657,1,0
47,6,0.125,105.37980221882503,1,0
49,6,0.12,119.96009765921029,2,0
65,10,0.15151515151515152,138.82118010562266,5,0
40,2,0.04878048780487805,124.58347101300707,5,0
60,13,0.21311475409836064,168.05702354309614,0,1
45,6,0.13043478260869565,113.88637291749747,3,0
62,8,0.12698412698412698,104.86318403291668,5,0
56,5,0.08771929824561403,139.0275862941428,4,0
58,6,0.1016949152542373,82.06058183140465,4,0
56,6,0.10526315789473684,147.72890796924338,1,0
42,5,0.11627906976744186,80.97864598224052,2,0
33,4,0.11764705882352941,139.1575399817565,6,0
41,2,0.047619047619047616,100.55179337482012,7,0
57,5,0.08620689655172414,134.2975244095018,6,0
50,5,0.09803921568627451,147.22028838183053,6,0
55,4,0.07142857142857142,124.60263586511756,6,0
52,3,0.05660377358490566,84.01137145077959,10,0
46,2,0.0425531914893617,93.09674266478544,11,0
54,5,0.09090909090909091,98.14022576898654,4,0
53,5,0.09259259259259259,63.14979319206678,3,0
42,1,0.023255813953488372,153.82433576195785,5,0
39,7,0.175,123.30322757268986,4,0
57,7,0.1206896551724138,85.93445864433016,2,0
51,6,0.11538461538461539,163.67024572375072,4,0
52,3,0.05660377358490566,98.9601569958551,3,0
47,5,0.10416666666666667,127.51717467224614,7,0
51,5,0.09615384615384616,95.24188364411395,6,0
56,11,0.19298245614035087,59.45219540012916,7,0
55,7,0.125,79.06678323446218,4,0
67,7,0.10294117647058823,106.54528707400706,5,0
46,7,0.14893617021276595,146.94890613618145,2,0
46,3,0.06382978723404255,130.39599440457735,3,0
49,1,0.02,124.20615378513736,4,0
60,7,0.11475409836065574,59.699171317653544,4,0
48,2,0.04081632653061224,158.10258443040283,4,0
54,3,0.05454545454545454,126.71039089486668,9,0
52,7,0.1320754716981132,116.4174699032352,8,0
57,4,0.06896551724137931,153.97269329966684,7,0
52,6,0.11320754716981132,157.4249017070482,4,0
53,8,0.14814814814814814,154.63770742827575,4,0
52,4,0.07547169811320754,112.58740509890137,7,0
51,3,0.057692307692307696,89.89570317647413,3,0
54,3,0.05454545454545454,149.66768751426218,8,0
45,2,0.043478260869565216,79.04836670788748,7,0
50,2,0.0392156862745098,178.41770215992847,4,0
35,1,0.027777777777777776,120.83998635583688,4,0
56,5,0.08771929824561403,88.17347232901247,3,0
56,4,0.07017543859649122,83.0439433753017,5,0
49,6,0.12,81.67185527831822,3,0
46,7,0.14893617021276595,124.2108872016253,7,0
38,5,0.1282051282051282,119.80823039820639,5,0
52,5,0.09433962264150944,82.92233479472421,9,0
53,3,0.05555555555555555,109.30632640332294,3,0
53,6,0.1111111111111111,78.96193841725973,5,0
40,3,0.07317073170731707,137.67905417832517,6,0
58,3,0.05084745762711865,118.3622020166186,4,0
51,7,0.1346153846153846,108.64792482247657,3,0
43,3,0.06818181818181818,81.35667809797418,8,0
46,3,0.06382978723404255,110.99533199331704,13,0
45,7,0.15217391304347827,107.5581635596102,1,0
46,7,0.14893617021276595,129.5318010362879,4,0
45,4,0.08695652173913043,125.01053934350882,5,0
59,5,0.08333333333333333,143.76180306238027,3,0
43,5,0.11363636363636363,105.46270369484813,3,0
49,6,0.12,64.18765493410517,4,0
41,1,0.023809523809523808,149.7327862979412,3,0
55,6,0.10714285714285714,91.91902460855458,4,0
49,9,0.18,86.79248840954233,8,0
56,4,0.07017543859649122,118.70650364658744,4,0
52,8,0.1509433962264151,129.0681153886355,0,0
55,9,0.16071428571428573,104.07490782855952,8,0
67,5,0.07352941176470588,103.83921955595619,2,0
35,5,0.1388888888888889,108.26921046703335,5,0
45,3,0.06521739130434782,162.4962105297943,3,0
61,8,0.12903225806451613,119.91965737325603,4,0
45,6,0.13043478260869565,90.96111481614611,5,0
49,3,0.06,91.26649929291098,1,0
36,5,0.13513513513513514,112.47347461252892,9,0
30,4,0.12903225806451613,127.13573802084022,7,0
61,5,0.08064516129032258,134.51940485898572,5,0
51,3,0.057692307692307696,123.72475811541646,6,0
47,2,0.041666666666666664,94.74379947248734,3,0
64,7,0.1076923076923077,107.28176101317652,6,0
48,9,0.1836734693877551,142.01723645593873,4,0
45,6,0.13043478260869565,85.61724118640714,6,0
43,4,0.09090909090909091,106.02739820767613,5,0
49,5,0.1,137.92388573644058,11,0
52,4,0.07547169811320754,146.2584427990553,5,0
40,2,0.04878048780487805,114.21253886725852,9,0
44,4,0.08888888888888889,107.66379568287552,7,0
58,5,0.0847457627118644,80.3364617566878,6,0
50,5,0.09803921568627451,135.76919768181284,6,0
59,10,0.16666666666666666,159.56339055440367,7,1
37,4,0.10526315789473684,196.95462175799076,5,0
51,6,0.11538461538461539,131.5933855055414,6,0
49,3,0.06,118.47361045068057,6,0
58,13,0.22033898305084745,92.40568160547278,6,0
49,6,0.12,63.63429258770552,4,0
53,8,0.14814814814814814,125.308777492195,7,0
36,3,0.08108108108108109,190.51017360462907,4,0
57,6,0.10344827586206896,158.1243668897074,4,0
43,4,0.09090909090909091,153.49692807341395,7,0
42,2,0.046511627906976744,127.36808451173746,0,0
56,7,0.12280701754385964,130.78569480840966,5,0
44,7,0.15555555555555556,47.28758045166067,4,0
49,3,0.06,142.87531742291992,3,0
51,2,0.038461538461538464,102.61978291272553,4,0
39,5,0.125,98.94817960212339,4,0
57,4,0.06896551724137931,110.30229140854178,7,0
43,5,0.11363636363636363,109.28986531646956,5,0
45,5,0.10869565217391304,98.47093224085013,8,0
52,4,0.07547169811320754,120.41616216527929,6,0
57,8,0.13793103448275862,103.2516721137584,5,0
62,6,0.09523809523809523,123.00968867268438,6,0
42,6,0.13953488372093023,75.38466556349901,4,0
57,7,0.1206896551724138,113.57826688103948,2,0
41,6,0.14285714285714285,87.11113230941245,5,0
43,1,0.022727272727272728,100.75652044506401,5,0
53,4,0.07407407407407407,124.30196529100591,9,0
49,2,0.04,71.88007155735127,7,0
57,5,0.08620689655172414,95.32777868183588,3,0
70,10,0.14084507042253522,137.06893154509,2,0
53,5,0.09259259259259259,77.60466474402597,7,0
60,8,0.13114754098360656,173.33601420836422,5,0
42,3,0.06976744186046512,156.1322386839194,5,0
51,4,0.07692307692307693,105.16418746643163,3,0
38,6,0.15384615384615385,96.3837093664481,6,0
43,4,0.09090909090909091,126.05819710006446,2,0
57,7,0.1206896551724138,76.57613228918521,5,0
54,4,0.07272727272727272,59.93571825502701,7,0
49,9,0.18,106.21994627842301,4,0
49,5,0.1,115.97853700493427,8,0
50,6,0.11764705882352941,122.83281673060591,8,0
46,2,0.0425531914893617,101.55778151646346,8,0
55,5,0.08928571428571429,158.2184018842484,3,0
39,6,0.15,75.14581024548349,4,0
41,6,0.14285714285714285,85.85213595125703,8,0
49,2,0.04,134.59907868434433,11,0
53,4,0.07407407407407407,85.15057843088576,7,0
47,4,0.08333333333333333,83.9903864340805,8,0
53,3,0.05555555555555555,123.70064376621491,5,0
54,7,0.12727272727272726,88.39432139051905,5,0
54,3,0.05454545454545454,116.00746716237938,6,0
44,4,0.08888888888888889,99.0043032102673,6,0
45,5,0.10869565217391304,94.15008889881781,0,0
54,5,0.09090909090909091,56.93083825965179,8,0
46,6,0.1276595744680851,124.18689458464011,7,0
59,10,0.16666666666666666,82.58430023661214,5,0
56,3,0.05263157894736842,114.9527338940844,3,0
45,6,0.13043478260869565,104.63685304954305,4,0
54,4,0.07272727272727272,113.8047582390035,6,0
40,3,0.07317073170731707,115.50973877960217,4,0
49,1,0.02,125.8088475275479,4,0
51,3,0.057692307692307696,98.16722095525671,6,0
48,4,0.08163265306122448,157.28089437820105,3,0
45,4,0.08695652173913043,64.57799817433269,3,0
55,8,0.14285714285714285,113.20226644418312,3,0
58,7,0.11864406779661017,145.08692929232603,5,0
59,11,0.18333333333333332,134.30317659007812,7,0
54,6,0.10909090909090909,90.75493270414209,5,0
39,3,0.075,95.75263521035929,6,0
46,4,0.0851063829787234,89.79622322020188,2,0
46,4,0.0851063829787234,137.97682891993168,2,0
55,4,0.07142857142857142,97.80228814453474,5,0
61,7,0.11290322580645161,127.65369264370351,5,0
54,5,0.09090909090909091,127.92904242227866,3,0
60,5,0.08196721311475409,191.05180404706115,9,0
38,2,0.05128205128205128,129.39753779405112,4,0
57,2,0.034482758620689655,95.6656795574861,6,0
59,4,0.06666666666666667,76.19549213800803,6,0
52,3,0.05660377358490566,111.72441856086763,4,0
39,5,0.125,116.42742472718045,8,0
54,3,0.05454545454545454,53.679014178283325,5,0
60,7,0.11475409836065574,98.5843751912096,5,0
50,4,0.0784313725490196,128.92057628482658,7,0
46,2,0.0425531914893617,104.02932989201476,6,0
56,8,0.14035087719298245,149.0587135711751,6,0
60,6,0.09836065573770492,73.2493066583844,7,0
52,4,0.07547169811320754,140.3064846045965,6,0
52,8,0.1509433962264151,147.4166922457786,9,0
44,1,0.022222222222222223,148.6948942752461,4,0
39,2,0.05,73.02430846036864,5,0
50,6,0.11764705882352941,129.43658387572154,10,0
66,8,0.11940298507462686,99.93737644435456,4,0
55,4,0.07142857142857142,77.81572674051296,1,0
53,2,0.037037037037037035,107.58396825078874,7,0
45,7,0.15217391304347827,92.85066024297572,2,0
49,4,0.08,147.6225140449161,7,0
41,2,0.047619047619047616,135.39190029040708,6,0
50,5,0.09803921568627451,85.42666595673397,5,0
52,8,0.1509433962264151,98.27336058507213,5,0
43,1,0.022727272727272728,108.57907723150129,1,0
44,6,0.13333333333333333,117.82784558046308,4,0
40,4,0.0975609756097561,150.1913482441134,7,0
57,5,0.08620689655172414,140.723469794419,3,0
50,6,0.11764705882352941,121.5417590692452,9,0
63,11,0.171875,112.18053450315233,6,0
38,2,0.05128205128205128,66.79937896177583,7,0
40,2,0.04878048780487805,158.75992878378167,4,0
50,8,0.1568627450980392,106.58710206403029,4,0
50,6,0.11764705882352941,166.6452072127877,3,0
45,4,0.08695652173913043,125.88327876395506,6,0
48,5,0.10204081632653061,180.75852625864334,2,0
61,8,0.12903225806451613,138.18964600098948,7,0
52,7,0.1320754716981132,77.03941106337363,5,0
57,9,0.15517241379310345,101.56753559216364,1,0
53,5,0.09259259259259259,114.92595117984105,8,0
45,3,0.06521739130434782,93.78651338675027,7,0
52,6,0.11320754716981132,108.68817548453868,1,0
40,3,0.07317073170731707,78.99182524253672,2,0
49,5,0.1,120.17163843297367,3,0
40,3,0.07317073170731707,127.1223584703282,7,0
55,3,0.05357142857142857,89.87671778381645,4,0
38,4,0.10256410256410256,178.20762880445736,2,0
64,7,0.1076923076923077,121.90539783841376,6,0
54,7,0.12727272727272726,95.49777401631263,2,0
52,5,0.09433962264150944,71.11382100104348,7,0
53,3,0.05555555555555555,121.79828668191506,3,0
52,5,0.09433962264150944,112.18534401559941,4,0
55,7,0.125,143.49122721859328,6,0
61,5,0.08064516129032258,115.69889205084095,4,0
51,6,0.11538461538461539,84.1884365319382,6,0
46,4,0.0851063829787234,170.12154888532743,5,0
52,4,0.07547169811320754,133.06874638521558,5,0
40,6,0.14634146341463414,112.37673865204924,5,0
47,2,0.041666666666666664,124.93915594349215,7,0
53,5,0.09259259259259259,134.22125869684976,6,0
54,4,0.07272727272727272,77.13430158319694,4,0
54,2,0.03636363636363636,124.7308265988843,5,0
46,4,0.0851063829787234,106.49629580118325,6,0
49,5,0.1,135.21899956889254,3,0
57,7,0.1206896551724138,97.79454226181164,6,0
62,8,0.12698412698412698,101.85894434708753,10,0
46,6,0.1276595744680851,169.88613295692173,5,0
47,4,0.08333333333333333,156.92736272646408,8,0
54,6,0.10909090909090909,21.13316460098075,6,0
47,5,0.10416666666666667,154.70285947392935,5,0
48,4,0.08163265306122448,117.79043921226729,5,0
60,6,0.09836065573770492,98.75453811302964,7,0
42,8,0.18604651162790697,89.78475792877049,7,0
53,3,0.05555555555555555,91.52647115160035,4,0
47,7,0.14583333333333334,99.60192165724754,6,0
48,2,0.04081632653061224,86.18602248954468,4,0
54,4,0.07272727272727272,79.36201016782073,8,0
47,3,0.0625,88.78859547468268,4,0
54,6,0.10909090909090909,129.7018156519706,2,0
50,3,0.058823529411764705,121.50270445712391,5,0
48,7,0.14285714285714285,136.6756935465557,6,0
42,6,0.13953488372093023,118.00890482369837,4,0
56,6,0.10526315789473684,80.79962008065624,5,0
45,4,0.08695652173913043,134.8332277048082,7,0
46,8,0.1702127659574468,89.85932163375256,8,0
52,7,0.1320754716981132,139.39842905966802,4,0
68,7,0.10144927536231885,85.02239991129117,5,0
48,6,0.12244897959183673,99.37570120789424,6,0
51,5,0.09615384615384616,109.15825078296255,2,0
51,5,0.09615384615384616,140.23214403170846,3,0
49,4,0.08,125.27991756382185,6,0
45,4,0.08695652173913043,120.60003966452773,3,0
35,1,0.027777777777777776,176.57006355165916,5,0
51,4,0.07692307692307693,64.89050516324563,8,0
52,6,0.11320754716981132,88.84867071898347,2,0
49,9,0.18,87.56434565883026,3,0
50,9,0.17647058823529413,66.88043070233176,3,0
53,5,0.09259259259259259,98.41441461341918,7,0
52,6,0.11320754716981132,140.63307491390117,7,0
48,3,0.061224489795918366,102.25057804452746,7,0
49,6,0.12,110.00991084041071,3,0
61,3,0.04838709677419355,68.32335516359154,2,0
51,4,0.07692307692307693,96.10423274518958,4,0
41,5,0.11904761904761904,106.14903853237249,5,0
40,3,0.07317073170731707,139.27201267641342,7,0
45,1,0.021739130434782608,69.75250806245336,5,0
65,9,0.13636363636363635,106.34973762836586,4,0
50,4,0.0784313725490196,152.60454090206673,9,0
52,2,0.03773584905660377,106.64750143130208,6,0
45,2,0.043478260869565216,56.533157576439635,12,0
56,4,0.07017543859649122,158.37527332044573,3,0
50,3,0.058823529411764705,142.04690827615,4,0
52,7,0.1320754716981132,146.08191525236373,6,0
58,5,0.0847457627118644,67.68649059763818,6,0
51,7,0.1346153846153846,165.37367177541643,4,0
43,2,0.045454545454545456,96.80171744666407,2,0
59,6,0.1,104.71683167339307,5,0
49,6,0.12,98.9166850202399,8,0
54,6,0.10909090909090909,148.40811545865623,6,0
54,6,0.10909090909090909,114.60604942484113,2,0
46,8,0.1702127659574468,134.45223097762877,4,0
57,4,0.06896551724137931,122.27703068653105,4,0
54,5,0.09090909090909091,117.14873988921238,4,0
45,7,0.15217391304347827,91.59647808761412,2,0
55,3,0.05357142857142857,174.36421761923296,5,0
55,2,0.03571428571428571,76.09819114484313,8,0
56,4,0.07017543859649122,132.36761922104054,4,0
53,6,0.1111111111111111,131.29969776321838,7,0
58,4,0.06779661016949153,154.63068858457277,2,0
38,2,0.05128205128205128,161.64270097137836,3,0
38,3,0.07692307692307693,115.87834201749673,3,0
48,5,0.10204081632653061,135.9118291777426,5,0
47,3,0.0625,172.94621131357528,4,0
50,4,0.0784313725490196,118.04469699233243,6,0
37,4,0.10526315789473684,88.0069957480447,6,0
57,10,0.1724137931034483,108.46595661901736,4,0
34,4,0.11428571428571428,80.860620041566,3,0
48,6,0.12244897959183673,131.15450432984167,2,0
44,4,0.08888888888888889,151.93368624421905,5,0
48,3,0.061224489795918366,116.36875523797384,5,0
46,4,0.0851063829787234,71.37119851639079,3,0
44,6,0.13333333333333333,150.64952505173034,2,0
47,4,0.08333333333333333,66.71103115302664,3,0
50,7,0.13725490196078433,73.62135666230876,4,0
52,11,0.20754716981132076,114.64984837515844,8,0
37,1,0.02631578947368421,127.55355737026497,5,0
44,1,0.022222222222222223,132.66742496275063,7,0
57,3,0.05172413793103448,118.0158134386058,2,0
51,4,0.07692307692307693,172.80131295404573,7,0
41,2,0.047619047619047616,121.95505023249605,4,0
45,7,0.15217391304347827,151.0400430525881,3,1
45,1,0.021739130434782608,143.60863692284093,5,0
53,4,0.07407407407407407,81.21378803386412,4,0
55,3,0.05357142857142857,114.90808538143436,7,0
34,6,0.17142857142857143,183.69961539843058,7,1
54,6,0.10909090909090909,104.86947438179229,6,0
58,9,0.15254237288135594,99.76138426929927,6,0
44,9,0.2,125.11726744431067,3,0
46,4,0.0851063829787234,105.94440212219844,9,0
47,3,0.0625,96.18886261493284,4,0
58,4,0.06779661016949153,105.5014981710724,7,0
49,3,0.06,162.96029014105875,6,0
38,5,0.1282051282051282,115.90143925567283,1,0
50,2,0.0392156862745098,80.15774901735864,0,0
53,2,0.037037037037037035,74.64760385735508,5,0
55,6,0.10714285714285714,186.20414796163408,7,0
66,7,0.1044776119402985,113.29996891697694,6,0
46,5,0.10638297872340426,133.03735502896254,5,0
56,5,0.08771929824561403,96.85868320981172,1,0
34,5,0.14285714285714285,129.62957907814248,5,0
67,7,0.10294117647058823,163.77988954804596,8,0
49,2,0.04,100.43210448768735,9,0
43,6,0.13636363636363635,133.7576033984575,3,0
47,8,0.16666666666666666,77.82761172328836,3,0
56,2,0.03508771929824561,180.68598355100374,3,0
57,5,0.08620689655172414,128.05607790733725,3,0
43,4,0.09090909090909091,107.61618466943125,7,0
49,3,0.06,111.06377630141509,5,0
44,7,0.15555555555555556,104.69885476456994,5,0
52,4,0.07547169811320754,106.2328450762952,3,0
41,6,0.14285714285714285,46.5751457295102,7,0
55,6,0.10714285714285714,117.06102803709733,7,0
53,6,0.1111111111111111,115.80363958182863,2,0
55,4,0.07142857142857142,134.6598461178143,6,0
60,4,0.06557377049180328,104.3056876067542,5,0
47,2,0.041666666666666664,96.86891057576932,2,0
40,3,0.07317073170731707,119.76675166641074,5,0
45,4,0.08695652173913043,71.62895645728548,1,0
46,7,0.14893617021276595,124.30269562603753,4,0
40,3,0.07317073170731707,64.14542221434837,7,0
50,6,0.11764705882352941,153.6245594649239,5,0
51,5,0.09615384615384616,140.52809866982324,5,0
54,7,0.12727272727272726,92.2144237072796,2,0
56,10,0.17543859649122806,139.8341404001411,5,0
40,3,0.07317073170731707,123.34542672761644,6,0
56,8,0.14035087719298245,89.7296930674542,3,0
40,4,0.0975609756097561,59.313715283127316,6,0
56,8,0.14035087719298245,129.49307050279356,4,0
47,5,0.10416666666666667,96.17154458594896,5,0
58,5,0.0847457627118644,152.8490870908824,4,0
61,4,0.06451612903225806,120.42101201645553,9,0
56,2,0.03508771929824561,99.01251910508049,11,0
48,5,0.10204081632653061,173.93516199271414,5,0
36,8,0.21621621621621623,137.29339477809015,4,0
44,6,0.13333333333333333,10.347404546876817,5,0
55,4,0.07142857142857142,105.40824693627401,4,0
69,9,0.12857142857142856,78.47733023962729,6,0
47,6,0.125,96.00606186839074,4,0
43,3,0.06818181818181818,115.65802803244392,5,0
52,1,0.018867924528301886,130.6214552576264,5,0
52,3,0.05660377358490566,127.84097226340721,3,0
57,8,0.13793103448275862,152.33619229694406,2,0
48,7,0.14285714285714285,139.09795132526,7,0
45,3,0.06521739130434782,137.24240787376516,6,0
62,5,0.07936507936507936,126.04476969399823,4,0
49,7,0.14,158.60396558177703,4,0
54,9,0.16363636363636364,110.51170370427248,4,0
41,6,0.14285714285714285,111.29090193794428,3,0
53,6,0.1111111111111111,62.832799410824094,5,0
51,4,0.07692307692307693,151.68492131430108,5,0
50,5,0.09803921568627451,117.69222732662536,0,0
37,2,0.05263157894736842,208.00817118513817,6,0
57,8,0.13793103448275862,107.83401924712626,5,0
51,4,0.07692307692307693,122.65734388250206,9,0
33,5,0.14705882352941177,136.3951486082524,4,0
49,4,0.08,86.94300081033862,8,0
59,8,0.13333333333333333,130.75643141637684,7,0
68,6,0.08695652173913043,121.03984296171556,4,0
51,5,0.09615384615384616,110.88935430969487,6,0
49,5,0.1,155.17811876229018,9,0
37,1,0.02631578947368421,92.88753846268033,7,0
56,9,0.15789473684210525,128.24706339246666,1,0
49,5,0.1,163.6399287415514,7,0
44,4,0.08888888888888889,98.80134732131106,9,0
53,7,0.12962962962962962,111.09342051923103,4,0
51,7,0.1346153846153846,190.35913690415487,5,0
50,5,0.09803921568627451,134.23173195468172,2,0
63,10,0.15625,104.81407570072147,5,0
53,2,0.037037037037037035,144.07874280235433,2,0
46,2,0.0425531914893617,102.95719345226922,0,0
55,6,0.10714285714285714,73.05252227519787,4,0
48,4,0.08163265306122448,161.1709183579551,5,0
50,5,0.09803921568627451,86.90822207606956,5,0
40,3,0.07317073170731707,193.55137874991874,5,0
48,4,0.08163265306122448,105.32002873613384,5,0
56,8,0.14035087719298245,183.99794044685567,6,0
48,5,0.10204081632653061,78.93986794439826,8,0
52,12,0.22641509433962265,150.76480758798758,6,1
56,7,0.12280701754385964,134.9917881895395,2,0
51,4,0.07692307692307693,145.13238676665455,5,0
53,4,0.07407407407407407,149.04068120028782,1,0
39,3,0.075,105.06764573156484,3,0
44,6,0.13333333333333333,80.73468473991005,10,0
31,0,0.0,118.47246808982347,3,0
59,4,0.06666666666666667,126.69090772755402,6,0
66,10,0.14925373134328357,105.84466136533486,3,0
49,6,0.12,128.32661910479584,3,0
50,3,0.058823529411764705,129.88876593524222,6,0
45,3,0.06521739130434782,92.69920660368402,5,0
60,9,0.14754098360655737,131.84913845071398,5,0
56,8,0.14035087719298245,111.98363928916064,3,0
50,4,0.0784313725490196,99.00057299389887,4,0
52,5,0.09433962264150944,143.6212541467198,4,0
46,7,0.14893617021276595,96.69026364919367,7,0
43,6,0.13636363636363635,106.29997230285821,3,0
50,7,0.13725490196078433,122.16152550559967,2,0
46,5,0.10638297872340426,161.22934861962716,4,0
56,9,0.15789473684210525,125.78352233172895,4,0
51,4,0.07692307692307693,135.84864997424003,4,0
48,3,0.061224489795918366,111.07072392010511,2,0
41,5,0.11904761904761904,117.64531126870978,6,0
50,5,0.09803921568627451,118.53368299441217,7,0
46,7,0.14893617021276595,128.79918708051073,7,0
44,2,0.044444444444444446,111.1209728085522,4,0
44,6,0.13333333333333333,160.19999656428627,4,0
55,4,0.07142857142857142,108.80501284493575,4,0
48,6,0.12244897959183673,68.78276594383898,5,0
46,1,0.02127659574468085,202.28389813110059,7,0
57,6,0.10344827586206896,110.17893927168744,6,0
47,6,0.125,159.39509361274042,3,0
56,5,0.08771929824561403,162.14372525879276,8,0
52,3,0.05660377358490566,148.35642936751145,4,0
38,4,0.10256410256410256,114.05918341207793,4,0
54,8,0.14545454545454545,128.6005445962303,1,0
56,4,0.07017543859649122,81.7646937208522,3,0
66,5,0.07462686567164178,179.7044332145483,5,0
45,3,0.06521739130434782,94.44582005451991,6,0
46,8,0.1702127659574468,112.38297111777374,7,0
56,5,0.08771929824561403,122.96959461120753,5,0
50,0,0.0,116.7768073548912,8,0
47,6,0.125,100.29380153119817,3,0
58,7,0.11864406779661017,161.83017156164064,5,0
55,3,0.05357142857142857,148.5083785046484,2,0
62,12,0.19047619047619047,129.6614161297708,5,0
45,5,0.10869565217391304,108.0134083200975,2,0
43,4,0.09090909090909091,151.92827615533412,6,0
59,5,0.08333333333333333,106.06594101667304,7,0
55,8,0.14285714285714285,167.11175521013448,3,0
65,5,0.07575757575757576,123.33662746450283,4,0
47,3,0.0625,156.89344580918146,5,0
56,3,0.05263157894736842,116.5853902144925,6,0
48,6,0.12244897959183673,122.14599546122834,6,0
58,6,0.1016949152542373,156.76263184376,5,0
49,5,0.1,185.81775455413333,4,0
54,4,0.07272727272727272,166.81100452514644,7,0
34,4,0.11428571428571428,146.3140385813355,6,0
42,6,0.13953488372093023,137.6785029887279,4,0
51,4,0.07692307692307693,104.79153929221123,5,0
41,6,0.14285714285714285,128.85689223316297,7,0
42,3,0.06976744186046512,92.60852448009805,3,0
45,6,0.13043478260869565,131.27346401054322,4,0
54,2,0.03636363636363636,133.20151982080722,3,0
44,5,0.1111111111111111,61.17464575595425,6,0
51,9,0.17307692307692307,121.16215827575121,8,0
61,11,0.1774193548387097,132.44624697267315,2,0
54,4,0.07272727272727272,117.48870428582933,8,0
51,5,0.09615384615384616,130.74146516569712,1,0
46,2,0.0425531914893617,79.74833269931058,7,0
52,8,0.1509433962264151,96.72407083319223,9,0
55,6,0.10714285714285714,151.04814489491798,8,0
37,3,0.07894736842105263,120.0171499693733,3,0
45,2,0.043478260869565216,130.19636943944727,3,0
54,9,0.16363636363636364,103.60436517874264,5,0
35,3,0.08333333333333333,120.58482069830569,8,0
65,5,0.07575757575757576,50.93963459594404,6,0
54,4,0.07272727272727272,145.380358152623,5,0
43,3,0.06818181818181818,174.2379851685741,14,0
55,6,0.10714285714285714,88.04947352356078,5,0
45,8,0.17391304347826086,91.79003437471296,2,0
49,7,0.14,133.22639694712447,8,0
37,3,0.07894736842105263,164.21637871520238,4,0
40,6,0.14634146341463414,119.93708047851166,4,0
55,5,0.08928571428571429,83.12045937562488,4,0
48,3,0.061224489795918366,113.7414829008638,6,0
48,10,0.20408163265306123,89.10203759064622,3,0
43,3,0.06818181818181818,99.9346112139367,6,0
45,3,0.06521739130434782,110.8787670254005,3,0
52,11,0.20754716981132076,92.12026235275118,6,0
46,2,0.0425531914893617,96.66282827476304,3,0
52,7,0.1320754716981132,122.2360200066673,6,0
53,9,0.16666666666666666,126.4510743641169,4,0
44,4,0.08888888888888889,77.280589985371,7,0
54,0,0.0,131.8914516752801,5,0
46,4,0.0851063829787234,108.54198410605807,10,0
52,3,0.05660377358490566,141.60784570657827,7,0
65,6,0.09090909090909091,143.41492562063578,2,0
43,6,0.13636363636363635,103.66376457134854,5,0
54,5,0.09090909090909091,138.424430821132,6,0
48,4,0.08163265306122448,94.8913188090351,4,0
52,5,0.09433962264150944,159.71286188505871,5,0
49,5,0.1,96.02591397430606,6,0
48,7,0.14285714285714285,130.58248825876538,8,0
43,3,0.06818181818181818,114.3717256606716,7,0
39,6,0.15,89.49316457287196,4,0
62,6,0.09523809523809523,147.02747285355926,6,0
45,3,0.06521739130434782,101.57604573399627,4,0
55,4,0.07142857142857142,68.9978350506508,5,0
52,4,0.07547169811320754,33.539599104959095,10,0
53,6,0.1111111111111111,93.74865916716088,3,0
55,4,0.07142857142857142,161.2772525789692,3,0
43,7,0.1590909090909091,157.7321540251098,6,1
55,6,0.10714285714285714,98.44204792957404,4,0
44,7,0.15555555555555556,108.76635255895862,6,0
45,1,0.021739130434782608,106.0526077333193,6,0
36,3,0.08108108108108109,79.99703563651295,8,0
55,2,0.03571428571428571,91.5350438512997,7,0
54,4,0.07272727272727272,149.43448558202354,3,0
63,9,0.140625,135.116636141382,5,0
43,1,0.022727272727272728,128.19266575589666,3,0
55,5,0.08928571428571429,79.94560165017424,7,0
50,3,0.058823529411764705,123.02109642101934,3,0
47,4,0.08333333333333333,50.884650915359344,4,0
52,7,0.1320754716981132,145.284080737816,6,0
45,5,0.10869565217391304,127.75724702211426,6,0
60,7,0.11475409836065574,79.64302643700509,8,0
56,5,0.08771929824561403,168.4927667247012,7,0
53,9,0.16666666666666666,66.11506022494257,4,0
54,7,0.12727272727272726,135.90918546748807,4,0
49,4,0.08,136.65515306935987,4,0
64,6,0.09230769230769231,82.80988681942557,6,0
58,9,0.15254237288135594,118.8644792756965,7,0
49,5,0.1,70.89516473541411,8,0
46,6,0.1276595744680851,34.6087705101956,3,0
35,3,0.08333333333333333,87.96371319205025,4,0
63,4,0.0625,101.50125173214009,1,0
56,7,0.12280701754385964,139.32768542432376,5,0
53,6,0.1111111111111111,122.02224255182459,5,0
42,4,0.09302325581395349,122.80636378158438,5,0
37,4,0.10526315789473684,89.56735130149245,1,0
53,3,0.05555555555555555,104.0996608787584,7,0
57,8,0.13793103448275862,92.10220170392518,3,0
40,7,0.17073170731707318,83.25077978910575,6,0
46,7,0.14893617021276595,102.18901719038229,4,0
50,4,0.0784313725490196,122.23537155289002,3,0
47,4,0.08333333333333333,102.8208444172739,9,0
46,6,0.1276595744680851,110.29491991725081,4,0
66,7,0.1044776119402985,140.84744432734172,8,0
47,5,0.10416666666666667,104.9773674392789,6,0
64,10,0.15384615384615385,79.98100107036325,2,0
39,4,0.1,136.90360564803717,9,0
51,5,0.09615384615384616,127.97548945524854,4,0
43,1,0.022727272727272728,129.85978494516942,6,0
54,2,0.03636363636363636,138.77515972607128,8,0
59,1,0.016666666666666666,133.69924581923834,9,0
49,8,0.16,120.86186077413912,5,0
42,4,0.09302325581395349,191.74357988556278,7,0
42,4,0.09302325581395349,81.45093761094137,6,0
44,6,0.13333333333333333,102.40748164534325,5,0
42,5,0.11627906976744186,149.020030940345,6,0
55,6,0.10714285714285714,124.27758876286723,6,0
50,4,0.0784313725490196,142.73769102033717,6,0
38,6,0.15384615384615385,125.09269288610614,6,0
44,2,0.044444444444444446,161.22169653479943,5,0
39,1,0.025,89.77467433100263,6,0
50,3,0.058823529411764705,160.2737966822013,3,0
44,3,0.06666666666666667,155.12989479612799,2,0
48,4,0.08163265306122448,83.6913265730886,11,0
52,6,0.11320754716981132,138.9199622966302,8,0
48,3,0.061224489795918366,118.70880203290231,8,0
51,6,0.11538461538461539,101.80253942642808,1,0
54,3,0.05454545454545454,63.34142430846841,7,0
50,3,0.058823529411764705,89.6755898664805,6,0
59,6,0.1,141.24336420553766,3,0
51,8,0.15384615384615385,144.4152380778167,9,0
52,8,0.1509433962264151,113.67868558271485,7,0
46,9,0.19148936170212766,144.50955429429854,5,0
54,6,0.10909090909090909,148.35780233682414,4,0
48,6,0.12244897959183673,124.63919875879043,6,0
43,5,0.11363636363636363,98.32999128449387,6,0
48,5,0.10204081632653061,133.23162338446934,1,0
57,3,0.05172413793103448,134.6095412297659,7,0
49,5,0.1,140.2183317105093,4,0
53,5,0.09259259259259259,145.96209810006718,4,0
44,4,0.08888888888888889,79.13506284236335,6,0
55,5,0.08928571428571429,104.70212263902773,2,0
58,3,0.05084745762711865,63.04135962936541,5,0
46,4,0.0851063829787234,142.40988115066042,2,0
49,2,0.04,113.63065656058751,5,0
49,10,0.2,132.92442212092246,5,0
48,2,0.04081632653061224,75.72963755429525,1,0
61,5,0.08064516129032258,162.0294254907915,7,0
37,6,0.15789473684210525,84.16982506142176,3,0
48,5,0.10204081632653061,143.23689913147376,4,0
71,4,0.05555555555555555,123.53850512677624,2,0
53,5,0.09259259259259259,114.31671667421463,5,0
47,2,0.041666666666666664,111.89519680163478,4,0
51,3,0.057692307692307696,100.8581097205161,6,0
44,1,0.022222222222222223,158.85588530702307,2,0
47,4,0.08333333333333333,120.37838503056727,2,0
47,6,0.125,81.9233540894034,7,0
55,6,0.10714285714285714,108.48119393895479,2,0
54,6,0.10909090909090909,123.85017081608815,7,0
44,3,0.06666666666666667,146.93415844335976,2,0
50,4,0.0784313725490196,101.86140838448378,7,0
57,8,0.13793103448275862,103.86670332586357,7,0
51,2,0.038461538461538464,120.70296381442216,6,0
56,8,0.14035087719298245,146.20274459841977,7,0
56,5,0.08771929824561403,78.93736393211911,7,0
57,8,0.13793103448275862,135.16063892975237,4,0
41,3,0.07142857142857142,106.07812409614031,4,0
52,4,0.07547169811320754,110.2670225475454,2,0
42,5,0.11627906976744186,180.04727235389248,3,0
60,8,0.13114754098360656,114.10592326345423,4,0
61,4,0.06451612903225806,142.6408125092574,5,0
52,10,0.18867924528301888,141.56741511610045,3,0
60,3,0.04918032786885246,84.59928257704479,4,0
53,2,0.037037037037037035,64.63817024331289,2,0
49,5,0.1,144.62946277250734,6,0
45,6,0.13043478260869565,87.49361422654444,4,0
46,8,0.1702127659574468,70.07451136286919,3,0
43,4,0.09090909090909091,150.78486644532592,7,0
61,2,0.03225806451612903,89.41719798673222,5,0
43,5,0.11363636363636363,96.82447572946818,9,0
54,4,0.07272727272727272,179.23119465267885,7,0
57,5,0.08620689655172414,70.20793915855288,3,0
57,5,0.08620689655172414,82.31141875779224,4,0
54,2,0.03636363636363636,106.20905572578238,8,0
64,6,0.09230769230769231,112.79229480496734,7,0
46,4,0.0851063829787234,93.18764153647041,5,0
43,5,0.11363636363636363,85.24034708031252,3,0
44,5,0.1111111111111111,165.29982973295793,6,0
45,3,0.06521739130434782,127.88958372314147,2,0
57,4,0.06896551724137931,137.55506232627565,11,0
56,4,0.07017543859649122,115.88324470324392,4,0
38,2,0.05128205128205128,128.6836484657741,7,0
47,5,0.10416666666666667,147.9870498332877,7,0
44,10,0.2222222222222222,90.11102956363996,6,0
46,5,0.10638297872340426,127.94507989553945,7,0
60,7,0.11475409836065574,140.88126940223674,4,0
44,4,0.08888888888888889,166.3439203915278,2,0
37,3,0.07894736842105263,178.43672939405283,8,0
55,9,0.16071428571428573,122.09579390945284,5,0
44,8,0.17777777777777778,154.15916849061404,5,1
48,5,0.10204081632653061,39.89496199885359,3,0
56,4,0.07017543859649122,166.56848728130143,4,0
46,6,0.1276595744680851,98.22349014837589,2,0
44,2,0.044444444444444446,112.76707653036327,7,0
56,7,0.12280701754385964,133.23313453101065,6,0
56,8,0.14035087719298245,115.39672898053459,1,0
58,3,0.05084745762711865,125.89360138704403,4,0
51,10,0.19230769230769232,167.6307890467843,6,1
59,11,0.18333333333333332,108.47339863962085,7,0
56,9,0.15789473684210525,87.39228550498339,6,0
54,5,0.09090909090909091,174.40391571895654,4,0
44,3,0.06666666666666667,135.8029265101403,4,0
47,5,0.10416666666666667,177.66716925940392,10,0
57,5,0.08620689655172414,145.90889731736712,5,0
52,3,0.05660377358490566,80.29216823959689,8,0
49,4,0.08,139.36154015270645,8,0
54,6,0.10909090909090909,90.48155802352336,3,0
64,3,0.046153846153846156,120.22295407319001,6,0
50,4,0.0784313725490196,117.72856789176727,7,0
54,1,0.01818181818181818,71.47008586100831,6,0
45,6,0.13043478260869565,95.6156853131464,5,0
53,6,0.1111111111111111,186.155619004773,6,0
42,1,0.023255813953488372,127.15132214523493,2,0
49,9,0.18,114.73211596011143,4,0
58,2,0.03389830508474576,174.38670659822776,4,0
52,6,0.11320754716981132,108.11294069792494,2,0
58,7,0.11864406779661017,117.25738914092639,3,0
68,9,0.13043478260869565,149.7240856836855,5,0
50,2,0.0392156862745098,107.9779260415095,5,0
42,7,0.16279069767441862,97.60437781942497,5,0
45,7,0.15217391304347827,52.38730753917848,8,0
52,5,0.09433962264150944,91.90505059851716,3,0
47,4,0.08333333333333333,91.6191676203116,3,0
38,1,0.02564102564102564,124.7570008640583,5,0
53,6,0.1111111111111111,101.68625202816672,1,0
43,4,0.09090909090909091,184.74057032571588,5,0
45,6,0.13043478260869565,88.27113209295581,5,0
61,5,0.08064516129032258,162.01940060572215,3,0
58,7,0.11864406779661017,126.59258865382647,4,0
46,2,0.0425531914893617,144.20322107137167,5,0
38,2,0.05128205128205128,142.3805878420761,4,0
37,2,0.05263157894736842,53.45293409062751,8,0
44,1,0.022222222222222223,119.65341963070328,3,0
45,5,0.10869565217391304,112.13315588298504,5,0
42,6,0.13953488372093023,86.01065715926198,7,0
45,5,0.10869565217391304,133.78878111647606,8,0
46,5,0.10638297872340426,171.49620947632414,5,0
44,5,0.1111111111111111,39.80989068347802,1,0
45,4,0.08695652173913043,103.96590972474837,4,0
54,5,0.09090909090909091,82.6270150765913,3,0
43,3,0.06818181818181818,122.1533347871308,4,0
41,5,0.11904761904761904,110.23136150550012,4,0
59,4,0.06666666666666667,101.82968361728466,1,0
38,0,0.0,140.68520484987175,3,0
46,5,0.10638297872340426,169.08543903171295,10,0
57,9,0.15517241379310345,199.83955955273507,2,1
52,6,0.11320754716981132,97.81112854594237,4,0
41,6,0.14285714285714285,65.37373344545793,5,0
45,5,0.10869565217391304,136.7758930223502,8,0
38,4,0.10256410256410256,168.3145420596961,4,0
46,6,0.1276595744680851,144.41069901122185,2,0
35,5,0.1388888888888889,168.19041118590934,2,0
49,3,0.06,113.23539988193642,5,0
51,4,0.07692307692307693,101.71276680680614,4,0
46,3,0.06382978723404255,123.46307722203937,4,0
60,6,0.09836065573770492,110.08340437899335,7,0
43,7,0.1590909090909091,139.89282064021032,5,0
55,5,0.08928571428571429,149.09303334010474,3,0
50,4,0.0784313725490196,151.4425099371566,2,0
47,7,0.14583333333333334,135.3177801241317,4,0
48,5,0.10204081632653061,127.37466980025899,5,0
49,5,0.1,143.83280067752546,4,0
40,6,0.14634146341463414,61.11024277041836,3,0
66,6,0.08955223880597014,126.31712257001826,5,0
51,6,0.11538461538461539,121.57434171511353,4,0
50,2,0.0392156862745098,126.39241187914665,7,0
44,3,0.06666666666666667,117.37129361237307,8,0
47,4,0.08333333333333333,132.9556648038485,5,0
41,4,0.09523809523809523,102.76191235397954,3,0
43,8,0.18181818181818182,153.8857028836089,7,1
44,8,0.17777777777777778,134.20949332240423,8,0
58,8,0.13559322033898305,124.52057573651582,7,0
51,4,0.07692307692307693,99.0745028809164,6,0
47,9,0.1875,144.45950655623716,6,0
47,6,0.125,126.19979095483473,1,0
51,4,0.07692307692307693,97.3354981938925,3,0
57,7,0.1206896551724138,118.30015372760285,3,0
54,1,0.01818181818181818,138.8724785772372,4,0
44,2,0.044444444444444446,136.54720616459474,2,0
44,6,0.13333333333333333,134.61026903424465,10,0
57,6,0.10344827586206896,122.77594175223231,4,0
55,5,0.08928571428571429,150.7745859990569,4,0
49,5,0.1,157.13389511434832,7,0
39,6,0.15,142.11967847026622,3,0
62,7,0.1111111111111111,102.37646175432879,4,0
45,4,0.08695652173913043,88.25814848128448,5,0
49,3,0.06,103.6818069908522,7,0
56,4,0.07017543859649122,178.6097024393017,6,0
50,10,0.19607843137254902,128.4508774148206,4,0
56,5,0.08771929824561403,183.79325482579156,4,0
58,6,0.1016949152542373,116.39404969237691,6,0
47,5,0.10416666666666667,112.23558988521235,2,0
52,8,0.1509433962264151,117.77830390067778,3,0
50,5,0.09803921568627451,117.2347775984009,6,0
34,4,0.11428571428571428,96.79047264396827,2,0
51,4,0.07692307692307693,85.5345519549997,4,0
58,2,0.03389830508474576,135.0400988154259,4,0
44,7,0.15555555555555556,151.6470215279209,6,1
55,9,0.16071428571428573,193.34943901999205,5,1
52,9,0.16981132075471697,106.98861279926933,4,0
42,7,0.16279069767441862,109.42033539407775,5,0
57,8,0.13793103448275862,96.86312116646948,9,0
55,6,0.10714285714285714,153.77182288120702,9,0
56,8,0.14035087719298245,144.44962364388795,8,0
54,6,0.10909090909090909,93.6919625437642,7,0
63,4,0.0625,92.9340573908117,6,0
36,3,0.08108108108108109,148.5754427578769,5,0
58,10,0.1694915254237288,131.49588453625222,3,0
56,5,0.08771929824561403,142.7516613903343,4,0
47,7,0.14583333333333334,93.51694564983262,6,0
63,3,0.046875,63.6682540826938,2,0
52,4,0.07547169811320754,93.7510494995949,5,0
46,4,0.0851063829787234,140.6330019003368,2,0
55,2,0.03571428571428571,183.33173935904674,0,0
54,3,0.05454545454545454,107.11608031417175,9,0
47,3,0.0625,188.27567645630597,2,0
49,7,0.14,144.89459302475063,6,0
47,2,0.041666666666666664,78.2090309487352,5,0
64,5,0.07692307692307693,126.42101513433096,6,0
47,1,0.020833333333333332,145.91922835235582,7,0
36,4,0.10810810810810811,47.2355130434194,6,0
42,5,0.11627906976744186,139.33353473740146,4,0
49,6,0.12,155.1816353946934,5,0
44,4,0.08888888888888889,131.9660437239343,7,0
53,3,0.05555555555555555,118.1483636795573,4,0
56,7,0.12280701754385964,114.8122025099578,2,0
61,8,0.12903225806451613,113.06033016924533,5,0
56,3,0.05263157894736842,84.72060588698673,6,0
53,5,0.09259259259259259,99.37428504285097,6,0
48,3,0.061224489795918366,107.50217863043521,4,0
60,4,0.06557377049180328,123.40483038677226,2,0
46,6,0.1276595744680851,103.29555727028801,5,0
45,5,0.10869565217391304,93.9261227250621,5,0
43,3,0.06818181818181818,142.79312577377536,5,0
48,4,0.08163265306122448,131.11841915843567,2,0
40,8,0.1951219512195122,103.82311389631299,6,0
51,7,0.1346153846153846,135.18835414462762,4,0
50,8,0.1568627450980392,106.40526318942194,1,0
52,5,0.09433962264150944,121.8919508846436,5,0
42,5,0.11627906976744186,149.251321641686,8,0
51,4,0.07692307692307693,101.8877672050121,8,0
47,2,0.041666666666666664,84.8276517649877,5,0
53,5,0.09259259259259259,115.64596250935975,7,0
57,6,0.10344827586206896,79.09604951443615,8,0
53,4,0.07407407407407407,111.67654471947074,1,0
48,7,0.14285714285714285,111.58087562059629,4,0
57,3,0.05172413793103448,46.08947628283312,5,0
52,4,0.07547169811320754,135.9190549123353,1,0
43,2,0.045454545454545456,114.51930699956038,7,0
52,5,0.09433962264150944,155.45689358315806,3,0
51,2,0.038461538461538464,126.46595939382247,3,0
42,3,0.06976744186046512,142.06825710946646,3,0
46,4,0.0851063829787234,155.7011625962113,9,0
49,5,0.1,116.04848751687761,4,0
34,3,0.08571428571428572,119.97530433408295,3,0
54,4,0.07272727272727272,72.79370329829305,1,0
44,4,0.08888888888888889,157.18613235702725,5,0
44,4,0.08888888888888889,115.62907800835336,4,0
47,4,0.08333333333333333,89.82808348956056,5,0
57,8,0.13793103448275862,142.19167459462284,8,0
47,5,0.10416666666666667,54.60656424107245,2,0
57,5,0.08620689655172414,107.12177331380465,2,0
43,8,0.18181818181818182,147.24933123635523,2,0
49,7,0.14,106.86834444102284,1,0
58,11,0.1864406779661017,98.46234147154256,8,0
47,6,0.125,107.51535608661149,11,0
58,5,0.0847457627118644,59.70212206594279,2,0
49,4,0.08,141.46435295349102,3,0
63,7,0.109375,116.31341874069261,2,0
63,12,0.1875,111.83026170015714,7,0
51,6,0.11538461538461539,111.93994150772876,9,0
49,7,0.14,120.42239395393753,4,0
42,3,0.06976744186046512,139.603121120162,4,0
55,5,0.08928571428571429,118.43809376402253,5,0
48,8,0.16326530612244897,79.15090355460563,2,0
52,7,0.1320754716981132,137.26548364632202,7,0
53,10,0.18518518518518517,134.9570907301268,4,0
47,6,0.125,126.16580994649381,6,0
48,4,0.08163265306122448,152.25723920883956,5,0
57,6,0.10344827586206896,120.91136029238876,5,0
47,7,0.14583333333333334,153.34128266967767,2,0
39,4,0.1,162.2163306443519,6,0
48,3,0.061224489795918366,137.46938656573448,8,0
53,5,0.09259259259259259,97.56199134366189,5,0
48,5,0.10204081632653061,116.07642844492678,3,0
42,2,0.046511627906976744,157.16568102175123,5,0
51,6,0.11538461538461539,75.0711640179148,9,0
50,2,0.0392156862745098,108.24138995464173,2,0
67,6,0.08823529411764706,109.71105490659768,7,0
62,8,0.12698412698412698,94.04368198938799,4,0
53,5,0.09259259259259259,146.1863684975636,7,0
56,8,0.14035087719298245,131.30445213122331,8,0
54,4,0.07272727272727272,98.66824930198524,3,0
55,10,0.17857142857142858,138.1653876070752,3,0
51,3,0.057692307692307696,115.24751295995347,7,0
49,2,0.04,93.29416280332973,6,0
62,9,0.14285714285714285,98.61244769271399,8,0
58,7,0.11864406779661017,133.0815322432782,8,0
50,3,0.058823529411764705,148.17029635565515,4,0
51,10,0.19230769230769232,105.39695301135642,5,0
32,3,0.09090909090909091,136.33324001007034,6,0
70,11,0.15492957746478872,167.45262472732446,3,1
55,5,0.08928571428571429,82.23388330889242,4,0
54,5,0.09090909090909091,130.6700961851587,6,0
65,6,0.09090909090909091,144.91967073886224,5,0
56,5,0.08771929824561403,117.14550550203508,5,0
52,5,0.09433962264150944,157.1484963256694,6,0
54,5,0.09090909090909091,185.9651111478385,6,0
64,2,0.03076923076923077,130.3006604515891,4,0
53,4,0.07407407407407407,112.99230803166003,9,0
46,3,0.06382978723404255,149.3094842298587,6,0
48,7,0.14285714285714285,145.26206581133704,0,0
42,5,0.11627906976744186,44.43507135245447,2,0
38,5,0.1282051282051282,119.91793331726659,5,0
39,7,0.175,108.16201599782659,1,0
53,6,0.1111111111111111,131.9011707454175,5,0
42,9,0.20930232558139536,114.1902515911863,3,0
74,6,0.08,117.44471723186994,5,0
44,3,0.06666666666666667,94.10361721616755,7,0
63,6,0.09375,142.03587655273463,7,0
34,3,0.08571428571428572,169.65126664406196,6,0
51,8,0.15384615384615385,94.56984152354894,6,0
46,5,0.10638297872340426,78.0883493055908,1,0
52,4,0.07547169811320754,120.60009659482392,7,0
45,6,0.13043478260869565,119.14033016894209,6,0
45,4,0.08695652173913043,155.12798358361078,5,0
47,3,0.0625,83.12415142864404,3,0
34,4,0.11428571428571428,103.86134474927708,6,0
44,7,0.15555555555555556,55.56890282199441,3,0
39,6,0.15,161.2495090863547,3,0
46,5,0.10638297872340426,127.5163388497009,7,0
38,3,0.07692307692307693,106.0970125805761,4,0
56,3,0.05263157894736842,80.33185564226471,3,0
50,5,0.09803921568627451,83.08571825468248,5,0
46,6,0.1276595744680851,132.42800699374175,5,0
51,4,0.07692307692307693,86.7772486319787,4,0
51,3,0.057692307692307696,123.12016269445708,6,0
56,9,0.15789473684210525,181.28834583405092,3,1
41,6,0.14285714285714285,109.57237131165539,3,0
47,5,0.10416666666666667,91.15666668076864,8,0
54,3,0.05454545454545454,131.46021616358288,3,0
54,3,0.05454545454545454,83.22624777654818,8,0
53,3,0.05555555555555555,171.5995359098821,4,0
46,5,0.10638297872340426,162.10859005585004,7,0
48,2,0.04081632653061224,115.07485143139068,3,0
54,8,0.14545454545454545,93.0812045572734,3,0
54,11,0.2,107.22690381673918,3,0
48,4,0.08163265306122448,111.13003163743716,7,0
55,5,0.08928571428571429,131.50701395121195,7,0
54,7,0.12727272727272726,151.1889698790335,3,0
53,9,0.16666666666666666,88.9046210772423,0,0
59,9,0.15,150.32728696028232,3,0
49,2,0.04,138.53056838433895,5,0
48,3,0.061224489795918366,104.76631527580182,2,0
46,6,0.1276595744680851,87.39864312968969,7,0
58,7,0.11864406779661017,123.48698151877703,6,0
64,4,0.06153846153846154,88.21234548893747,5,0
58,6,0.1016949152542373,150.71042547487818,4,0
56,7,0.12280701754385964,86.28351683603387,9,0
57,4,0.06896551724137931,136.4311857948943,6,0
45,7,0.15217391304347827,117.58150905554754,4,0
56,2,0.03508771929824561,103.18125346874396,5,0
59,8,0.13333333333333333,116.91505481042128,10,0
54,6,0.10909090909090909,152.39949508902606,4,0
46,4,0.0851063829787234,84.2322777301863,3,0
52,6,0.11320754716981132,107.6353033442455,7,0
54,7,0.12727272727272726,97.44769305938436,10,0
48,8,0.16326530612244897,118.84148599353856,5,0
56,5,0.08771929824561403,99.45957322462037,3,0
54,6,0.10909090909090909,66.95756272840157,3,0
53,6,0.1111111111111111,88.34587359202914,5,0
44,4,0.08888888888888889,169.13265055614335,8,0
41,7,0.16666666666666666,127.40184633858819,5,0
58,1,0.01694915254237288,126.37086161424233,3,0
55,4,0.07142857142857142,111.52162829974085,4,0
49,5,0.1,118.45123727672492,4,0
46,3,0.06382978723404255,107.1056423150586,6,0
45,7,0.15217391304347827,135.80785593123196,4,0
53,6,0.1111111111111111,123.02426562778119,5,0
51,5,0.09615384615384616,84.86195369524154,6,0
46,6,0.1276595744680851,127.61173509312577,5,0
70,7,0.09859154929577464,46.23774230185349,7,0
60,6,0.09836065573770492,132.41577599033357,6,0
51,0,0.0,77.71929429490436,6,0
37,3,0.07894736842105263,117.11834741489773,5,0
52,3,0.05660377358490566,84.16117190411433,3,0
62,7,0.1111111111111111,120.08469598599291,5,0
41,4,0.09523809523809523,137.34835557828666,4,0
45,3,0.06521739130434782,165.0848125574874,3,0
54,5,0.09090909090909091,73.75927034965565,3,0
57,4,0.06896551724137931,149.26418867013405,4,0
46,8,0.1702127659574468,123.93458116132415,5,0
45,2,0.043478260869565216,106.47998541526128,3,0
53,8,0.14814814814814814,142.79569515178378,4,0
52,5,0.09433962264150944,112.92225446744379,2,0
55,6,0.10714285714285714,141.52591549202037,2,0
53,4,0.07407407407407407,90.23190860616015,2,0
47,9,0.1875,101.01008903111122,4,0
39,3,0.075,148.30800158383798,1,0
62,7,0.1111111111111111,164.56201570711266,6,0
39,9,0.225,118.94904302541453,9,0
55,8,0.14285714285714285,36.381332239326596,7,0
40,4,0.0975609756097561,114.02852152174636,7,0
55,11,0.19642857142857142,120.9727835346729,3,0
45,5,0.10869565217391304,113.01679869920484,6,0
51,3,0.057692307692307696,130.09015684996592,4,0
67,6,0.08823529411764706,105.69270217208035,9,0
50,4,0.0784313725490196,145.16612582034082,7,0
51,4,0.07692307692307693,84.99860181806874,5,0
52,7,0.1320754716981132,157.10546122062422,2,0
44,5,0.1111111111111111,166.50236471883278,4,0
46,1,0.02127659574468085,92.60820785819078,4,0
49,7,0.14,92.59200523190812,1,0
52,4,0.07547169811320754,132.32085941332585,10,0
46,11,0.23404255319148937,84.38338770771333,5,0
48,9,0.1836734693877551,105.2219138669304,7,0
54,9,0.16363636363636364,153.07580869368044,4,1
41,6,0.14285714285714285,142.1282029343089,6,0
41,3,0.07142857142857142,179.4058902506877,2,0
54,5,0.09090909090909091,125.12352442800623,8,0
50,3,0.058823529411764705,101.67485993165444,4,0
52,4,0.07547169811320754,121.53730534959061,3,0
49,5,0.1,115.48234981774097,4,0
58,2,0.03389830508474576,115.90328672390594,5,0
40,8,0.1951219512195122,119.285888757128,3,0
52,8,0.1509433962264151,92.04699873461291,4,0
38,3,0.07692307692307693,128.46653264911927,3,0
39,4,0.1,77.74010196724227,3,0
51,5,0.09615384615384616,98.49520176275657,7,0
53,8,0.14814814814814814,116.43363710580547,5,0
54,6,0.10909090909090909,52.21340062033225,6,0
46,3,0.06382978723404255,143.06974609034754,9,0
52,5,0.09433962264150944,58.40536470457484,7,0
47,4,0.08333333333333333,140.08763072694535,6,0
49,9,0.18,81.21572130215513,8,0
54,3,0.05454545454545454,107.85243927889502,3,0
47,2,0.041666666666666664,135.57391940848288,7,0
54,8,0.14545454545454545,185.94418558438446,5,0
54,8,0.14545454545454545,123.49355933122048,10,0
56,8,0.14035087719298245,60.52121015401476,5,0
48,5,0.10204081632653061,148.61085397907323,8,0
44,5,0.1111111111111111,113.04244785422945,11,0
47,5,0.10416666666666667,122.0971996337647,4,0
47,2,0.041666666666666664,136.73589089662843,4,0
42,5,0.11627906976744186,53.23866129282858,5,0
47,1,0.020833333333333332,120.19610543205587,4,0
40,3,0.07317073170731707,107.70918330141913,5,0
48,8,0.16326530612244897,156.65504718016558,5,1
53,4,0.07407407407407407,141.8134129001623,12,0
53,9,0.16666666666666666,71.18994231655358,4,0
41,3,0.07142857142857142,157.87877557047145,1,0
52,4,0.07547169811320754,133.48575264480633,7,0
48,5,0.10204081632653061,73.58275207640345,5,0
41,5,0.11904761904761904,121.67259310478319,3,0
42,4,0.09302325581395349,151.04478341567565,3,0
43,7,0.1590909090909091,83.57868382279818,3,0
51,2,0.038461538461538464,161.3273200753625,6,0
59,9,0.15,74.62113677617423,7,0
47,3,0.0625,96.26318470059046,6,0
51,8,0.15384615384615385,91.71387493830925,8,0
51,4,0.07692307692307693,161.30801194765985,7,0
48,7,0.14285714285714285,105.2695159035241,4,0
41,5,0.11904761904761904,85.11548992017006,4,0
49,3,0.06,133.35632636742184,5,0
56,9,0.15789473684210525,139.83542971778155,3,0
58,4,0.06779661016949153,140.02608284382393,4,0
49,3,0.06,111.85982504321971,2,0
72,9,0.1232876712328767,127.63602903110844,4,0
55,3,0.05357142857142857,100.49300741312143,4,0
48,3,0.061224489795918366,170.24405033807193,6,0
52,5,0.09433962264150944,154.32615475973796,12,0
54,7,0.12727272727272726,152.48870487122025,4,0
38,2,0.05128205128205128,143.82347803720637,1,0
45,5,0.10869565217391304,135.59199917985003,2,0
49,6,0.12,82.66912547550636,7,0
47,7,0.14583333333333334,138.99903708766945,3,0
52,9,0.16981132075471697,123.4279569018996,6,0
47,6,0.125,157.90092254852757,4,0
49,6,0.12,144.22257547147285,2,0
57,5,0.08620689655172414,136.51141410459064,6,0
52,3,0.05660377358490566,69.47325607409532,7,0
57,7,0.1206896551724138,117.32998390174588,3,0
58,12,0.2033898305084746,103.26323220289031,5,0
56,7,0.12280701754385964,127.57097772549221,6,0
48,1,0.02040816326530612,107.53355185672069,9,0
51,5,0.09615384615384616,111.72162671720082,6,0
44,5,0.1111111111111111,133.77101714720112,6,0
51,6,0.11538461538461539,107.03585659293671,3,0
36,5,0.13513513513513514,123.64774618722038,4,0
56,6,0.10526315789473684,74.4176432737708,6,0
44,3,0.06666666666666667,95.02795569719824,3,0
38,7,0.1794871794871795,139.68130701608882,4,0
42,5,0.11627906976744186,83.09423649910576,5,0
43,3,0.06818181818181818,157.3717523280899,7,0
34,2,0.05714285714285714,149.23198065903964,6,0
50,8,0.1568627450980392,111.9531019398064,8,0
47,7,0.14583333333333334,209.96202316507396,5,0
41,4,0.09523809523809523,157.29310733544878,3,0
36,1,0.02702702702702703,91.52161479882795,5,0
51,2,0.038461538461538464,142.38522161100144,3,0
60,5,0.08196721311475409,121.97589198959271,4,0
68,7,0.10144927536231885,96.69863727421767,1,0
39,4,0.1,87.90272570501374,3,0
43,5,0.11363636363636363,149.84680004665137,2,0
53,6,0.1111111111111111,102.06163606127599,4,0
46,1,0.02127659574468085,116.94370934888845,4,0
42,2,0.046511627906976744,92.36922215320415,3,0
40,3,0.07317073170731707,97.55526188104227,1,0
44,2,0.044444444444444446,116.19212399785584,4,0
66,3,0.04477611940298507,131.64546878172456,2,0
47,5,0.10416666666666667,42.34922509345654,3,0
37,5,0.13157894736842105,120.50759397500251,1,0
54,7,0.12727272727272726,97.61636962244893,5,0
48,7,0.14285714285714285,162.07087960350674,6,0
48,6,0.12244897959183673,208.2825793801631,8,0
46,6,0.1276595744680851,109.22162895138854,5,0
52,4,0.07547169811320754,68.33314317860416,3,0
46,10,0.2127659574468085,123.506309097557,7,0
44,3,0.06666666666666667,113.83712011520385,7,0
42,3,0.06976744186046512,179.14051947003873,4,0
54,4,0.07272727272727272,169.99768030126629,4,0
49,9,0.18,145.96124911789693,5,0
37,8,0.21052631578947367,102.39917756362026,4,0
47,6,0.125,140.3329969854241,4,0
59,7,0.11666666666666667,127.95019077204913,5,0
44,4,0.08888888888888889,127.23969609898172,4,0
48,9,0.1836734693877551,73.25310454296388,1,0
42,5,0.11627906976744186,151.8538601536094,5,0
46,8,0.1702127659574468,123.23424984933705,3,0
48,4,0.08163265306122448,116.97475957366275,6,0
59,5,0.08333333333333333,101.99530514973517,7,0
54,8,0.14545454545454545,96.19150501039867,3,0
48,3,0.061224489795918366,129.51775743836947,4,0
48,8,0.16326530612244897,67.52511594425754,5,0
54,5,0.09090909090909091,143.68496278950127,5,0
41,7,0.16666666666666666,88.37683689012944,5,0
43,3,0.06818181818181818,58.23957941384124,5,0
54,7,0.12727272727272726,174.6568594777806,3,0
48,5,0.10204081632653061,94.25738851963264,5,0
52,6,0.11320754716981132,98.33522515434913,3,0
42,4,0.09302325581395349,154.03614993024223,4,0
51,9,0.17307692307692307,175.63292701549923,7,1
43,5,0.11363636363636363,74.00995264189709,5,0
56,4,0.07017543859649122,91.31495819247992,5,0
45,7,0.15217391304347827,93.5196353351821,2,0
51,4,0.07692307692307693,148.04404988086964,6,0
55,5,0.08928571428571429,169.173963837886,2,0
50,2,0.0392156862745098,87.59242315265763,1,0
45,7,0.15217391304347827,162.4423601390466,4,1
52,4,0.07547169811320754,98.72897665413893,5,0
45,3,0.06521739130434782,130.08368708836716,6,0
50,8,0.1568627450980392,81.85638901716547,8,0
55,7,0.125,116.34208759254005,5,0
42,2,0.046511627906976744,116.66661857781851,9,0
39,5,0.125,110.54525081054179,2,0
51,8,0.15384615384615385,131.5491294395909,3,0
50,2,0.0392156862745098,89.78907405442422,3,0
43,6,0.13636363636363635,93.48830105439475,6,0
59,6,0.1,133.13616434848066,13,0
60,7,0.11475409836065574,160.26105992927185,4,0
57,6,0.10344827586206896,119.3155891785623,6,0
51,6,0.11538461538461539,135.1101232038652,5,0
45,1,0.021739130434782608,142.7424003089202,3,0
44,6,0.13333333333333333,144.91515565900474,4,0
51,2,0.038461538461538464,91.39425822490085,9,0
48,4,0.08163265306122448,96.68969309385288,4,0
38,2,0.05128205128205128,99.29776218169395,2,0
42,6,0.13953488372093023,177.85901402681893,6,0
43,3,0.06818181818181818,135.24578817515712,5,0
48,4,0.08163265306122448,133.8994716115505,5,0
54,5,0.09090909090909091,130.98707259551216,9,0
63,8,0.125,80.37619789141503,6,0
42,4,0.09302325581395349,178.14571412331117,3,0
49,7,0.14,134.37562592360882,5,0
53,2,0.037037037037037035,141.6948033796486,6,0
55,4,0.07142857142857142,67.03436133252595,4,0
60,6,0.09836065573770492,143.38931557084555,3,0
44,8,0.17777777777777778,109.3136264961712,0,0
45,2,0.043478260869565216,80.31651075821289,5,0
41,1,0.023809523809523808,91.38709002384607,3,0
50,3,0.058823529411764705,82.05317374639901,7,0
44,5,0.1111111111111111,81.54647414656169,4,0
56,5,0.08771929824561403,121.81643461092631,2,0
48,7,0.14285714285714285,108.39711633805047,7,0
64,3,0.046153846153846156,130.02208086484163,2,0
56,4,0.07017543859649122,170.27927613204014,3,0
48,4,0.08163265306122448,116.11488859117988,4,0
54,6,0.10909090909090909,52.65332118124719,6,0
51,6,0.11538461538461539,112.74125365356551,11,0
50,3,0.058823529411764705,155.80183309193615,5,0
48,8,0.16326530612244897,117.42181582509511,6,0
55,4,0.07142857142857142,165.87991961075107,9,0
48,6,0.12244897959183673,133.58824779413456,4,0
43,4,0.09090909090909091,64.85190796807834,0,0
61,4,0.06451612903225806,123.28746751315076,6,0
58,8,0.13559322033898305,128.91003882794186,6,0
67,9,0.1323529411764706,152.41067403820932,3,0
47,4,0.08333333333333333,174.58909714834704,8,0
50,5,0.09803921568627451,147.23176559126097,4,0
44,3,0.06666666666666667,133.2143939216165,7,0
46,6,0.1276595744680851,140.2856481473504,7,0
59,5,0.08333333333333333,114.95979580651297,6,0
41,6,0.14285714285714285,76.11366489577712,6,0
65,5,0.07575757575757576,121.2448825866858,6,0
46,1,0.02127659574468085,130.95870982376718,1,0
53,4,0.07407407407407407,83.89027122264231,6,0
40,2,0.04878048780487805,159.79864918499825,5,0
46,5,0.10638297872340426,150.16233046447294,8,0
55,4,0.07142857142857142,78.84715754136393,1,0
65,8,0.12121212121212122,160.97496866369625,2,0
59,4,0.06666666666666667,110.75056892370458,8,0
54,7,0.12727272727272726,96.64525304644954,6,0
54,6,0.10909090909090909,152.37833078239578,7,0
59,11,0.18333333333333332,118.46836761719825,6,0
35,11,0.3055555555555556,176.9755596251061,3,1
49,7,0.14,94.41335868339746,2,0
47,6,0.125,68.05027428082036,3,0
58,5,0.0847457627118644,111.58685156501575,9,0
43,6,0.13636363636363635,143.67667497181418,4,0
50,9,0.17647058823529413,92.1857104339337,2,0
49,1,0.02,80.09698851600362,8,0
58,6,0.1016949152542373,126.86782208108262,6,0
54,4,0.07272727272727272,76.08938369497452,4,0
47,5,0.10416666666666667,129.2007809884024,9,0
55,5,0.08928571428571429,109.78130846315469,6,0
48,5,0.10204081632653061,134.83399465057119,4,0
54,6,0.10909090909090909,78.48513588226194,4,0
45,8,0.17391304347826086,158.9448945433171,5,1
64,7,0.1076923076923077,114.50896545018931,3,0
56,8,0.14035087719298245,142.9056800371447,6,0
41,3,0.07142857142857142,148.79626383854668,4,0
47,4,0.08333333333333333,85.27665142902133,5,0
47,4,0.08333333333333333,146.4677252882423,4,0
49,4,0.08,77.24799674567024,4,0
50,4,0.0784313725490196,78.89586771720322,2,0
44,5,0.1111111111111111,178.91997707965302,5,0
53,6,0.1111111111111111,153.35560106389875,2,0
48,5,0.10204081632653061,182.20992526301265,5,0
56,5,0.08771929824561403,108.89357908176268,7,0
57,5,0.08620689655172414,123.07285992234026,6,0
48,5,0.10204081632653061,135.8206424025709,4,0
45,2,0.043478260869565216,119.63413300218316,0,0
50,4,0.0784313725490196,97.61591937912286,3,0
49,2,0.04,93.11745906359853,5,0
47,2,0.041666666666666664,126.41586698486849,9,0
43,3,0.06818181818181818,87.99420475013085,3,0
44,1,0.022222222222222223,87.15409522899442,7,0
55,4,0.07142857142857142,131.80716033463779,4,0
40,5,0.12195121951219512,117.14521945543154,6,0
48,2,0.04081632653061224,148.11618811745055,5,0
50,5,0.09803921568627451,107.25265769751473,6,0
47,8,0.16666666666666666,102.56232150073393,2,0
55,7,0.125,132.70660188106413,5,0
44,3,0.06666666666666667,95.63925376338518,8,0
43,7,0.1590909090909091,100.25616823329943,6,0
48,4,0.08163265306122448,101.44636828861755,9,0
47,2,0.041666666666666664,113.70893681113341,7,0
54,12,0.21818181818181817,173.17309629887708,3,1
56,8,0.14035087719298245,78.69633525128529,2,0
59,6,0.1,158.86522746352375,8,0
54,6,0.10909090909090909,142.1336026886975,3,0
44,5,0.1111111111111111,167.0093654210998,7,0
46,3,0.06382978723404255,214.1005814496682,6,0
44,3,0.06666666666666667,162.94359062363566,2,0
37,3,0.07894736842105263,147.77000843723584,4,0
51,8,0.15384615384615385,80.62510945124947,5,0
48,1,0.02040816326530612,84.41333215466872,5,0
59,8,0.13333333333333333,130.80570553095666,4,0
50,2,0.0392156862745098,69.05771556241307,5,0
40,4,0.0975609756097561,138.46317753873657,5,0
36,4,0.10810810810810811,55.95234327716966,10,0
46,5,0.10638297872340426,154.56700156693847,3,0
42,1,0.023255813953488372,110.34899064199205,3,0
40,3,0.07317073170731707,123.79790836410567,2,0
40,4,0.0975609756097561,97.54883110738552,3,0
61,3,0.04838709677419355,63.04420769332283,0,0
57,3,0.05172413793103448,157.04085837582784,6,0
38,4,0.10256410256410256,160.0710418486414,4,0
44,4,0.08888888888888889,109.45536704388907,9,0
42,2,0.046511627906976744,139.85788694202023,6,0
61,6,0.0967741935483871,108.27325739368789,6,0
60,9,0.14754098360655737,128.65469532798738,5,0
45,1,0.021739130434782608,142.7741759676033,5,0
47,5,0.10416666666666667,136.6525477372162,4,0
51,2,0.038461538461538464,160.22908840228035,4,0
54,1,0.01818181818181818,135.56642027116007,7,0
46,3,0.06382978723404255,120.84253851115785,7,0
57,5,0.08620689655172414,97.15743096367734,1,0
53,7,0.12962962962962962,105.64483859028238,2,0
51,4,0.07692307692307693,144.30154190175048,10,0
47,5,0.10416666666666667,74.94520443257645,7,0
32,3,0.09090909090909091,153.1742191023839,5,0
47,3,0.0625,111.56568821956401,5,0
42,4,0.09302325581395349,95.4418228677633,8,0
65,8,0.12121212121212122,87.03827469655599,7,0
56,8,0.14035087719298245,140.2310335694516,4,0
56,8,0.14035087719298245,119.56075938590045,7,0
53,4,0.07407407407407407,167.66295669689458,5,0
53,7,0.12962962962962962,82.10773048422237,4,0
37,2,0.05263157894736842,102.65509130814411,5,0
46,6,0.1276595744680851,117.2333652561776,4,0
47,8,0.16666666666666666,97.44429768090198,5,0
52,1,0.018867924528301886,120.18355992425408,6,0
47,4,0.08333333333333333,129.58502299246555,4,0
43,5,0.11363636363636363,134.5345271738922,6,0
46,6,0.1276595744680851,165.18501392653383,9,0
52,3,0.05660377358490566,80.89582713655258,4,0
47,9,0.1875,130.1328095980593,6,0
43,5,0.11363636363636363,100.591715412355,2,0
57,3,0.05172413793103448,132.90040140070755,8,0
40,1,0.024390243902439025,132.9399655905914,2,0
47,6,0.125,90.39241850303006,3,0
46,2,0.0425531914893617,92.96542972097737,4,0
52,3,0.05660377358490566,135.34929190408724,5,0
48,5,0.10204081632653061,120.70213532232391,7,0
41,4,0.09523809523809523,113.41134477805187,4,0
40,5,0.12195121951219512,139.7396048932492,11,0
63,6,0.09375,141.95155427586394,2,0
70,9,0.1267605633802817,104.11109661894892,6,0
55,10,0.17857142857142858,94.438405870725,3,0
60,5,0.08196721311475409,82.14243069487074,3,0
51,6,0.11538461538461539,121.00362360604456,5,0
46,8,0.1702127659574468,77.30519168554306,5,0
56,7,0.12280701754385964,122.98285374687102,7,0
66,8,0.11940298507462686,156.50510374273318,6,0
52,4,0.07547169811320754,109.39620689141148,4,0
34,3,0.08571428571428572,103.91387158379509,3,0
49,5,0.1,179.93534320881434,7,0
48,6,0.12244897959183673,165.29105457562937,3,0
68,14,0.2028985507246377,97.06206388333757,3,0
50,1,0.0196078431372549,124.17039543176925,4,0
61,3,0.04838709677419355,129.86034727044247,5,0
56,3,0.05263157894736842,126.10981268178534,5,0
47,6,0.125,174.44020343138362,8,0
58,3,0.05084745762711865,122.6168967725826,10,0
53,6,0.1111111111111111,127.11704626893051,6,0
48,4,0.08163265306122448,140.65986885439247,7,0
48,4,0.08163265306122448,155.69759148143,5,0
49,3,0.06,148.10697582912317,5,0
47,7,0.14583333333333334,136.14254358934917,2,0
43,5,0.11363636363636363,73.23900583818275,1,0
51,9,0.17307692307692307,105.35586827824721,5,0
45,5,0.10869565217391304,144.58263621615814,4,0
50,3,0.058823529411764705,127.51196091837917,0,0
67,4,0.058823529411764705,144.78385901468855,4,0
49,10,0.2,176.61498185013744,5,1
50,6,0.11764705882352941,84.69110384822027,6,0
44,1,0.022222222222222223,154.1373052441375,4,0
40,5,0.12195121951219512,110.08909612519106,7,0
53,5,0.09259259259259259,148.06049457824196,3,0
51,4,0.07692307692307693,118.76337769895648,4,0
55,3,0.05357142857142857,183.81013616678985,4,0
55,8,0.14285714285714285,123.90260808785214,8,0
47,2,0.041666666666666664,100.78457326932059,3,0
37,3,0.07894736842105263,132.59623868375303,5,0
40,3,0.07317073170731707,129.7182834215481,7,0
57,3,0.05172413793103448,154.14291282331342,5,0
48,5,0.10204081632653061,133.44158395814776,5,0
59,1,0.016666666666666666,194.2519391750791,6,0
59,5,0.08333333333333333,116.65787593793183,4,0
56,9,0.15789473684210525,117.01140150658578,5,0
43,3,0.06818181818181818,101.88341849840837,8,0
42,3,0.06976744186046512,122.5700501506253,5,0
51,5,0.09615384615384616,126.93177363248863,2,0
43,4,0.09090909090909091,128.43631589867633,7,0
32,5,0.15151515151515152,122.01563026481998,3,0
51,3,0.057692307692307696,101.70536349818104,4,0
53,8,0.14814814814814814,93.55004615752935,4,0
66,8,0.11940298507462686,108.74478825493331,3,0
63,8,0.125,154.24612980705342,7,0
45,2,0.043478260869565216,160.70399056474437,5,0
55,1,0.017857142857142856,117.69106390678695,1,0
46,5,0.10638297872340426,91.75251100597725,3,0
51,7,0.1346153846153846,117.56479169049626,5,0
42,4,0.09302325581395349,182.74996305810237,7,0
56,4,0.07017543859649122,149.96903505949862,6,0
43,2,0.045454545454545456,136.52228074597642,1,0
53,6,0.1111111111111111,148.88054751157708,2,0
50,6,0.11764705882352941,166.2169983402394,2,0
46,3,0.06382978723404255,85.41401395358642,4,0
43,1,0.022727272727272728,108.23880393908632,4,0
43,4,0.09090909090909091,104.13835101489553,12,0
49,5,0.1,137.6134319121295,3,0
49,6,0.12,124.80332671918792,4,0
51,7,0.1346153846153846,142.68933872068223,9,0
63,7,0.109375,104.79337950398332,6,0
50,2,0.0392156862745098,161.1585615203747,4,0
55,6,0.10714285714285714,117.91998875552095,5,0
49,10,0.2,140.83636655874548,0,0
62,9,0.14285714285714285,155.8621949676882,9,0
51,8,0.15384615384615385,153.45372946484906,4,1
50,4,0.0784313725490196,130.8248522520539,3,0
52,7,0.1320754716981132,144.58040719147635,4,0
50,7,0.13725490196078433,172.2498199191686,9,0
37,4,0.10526315789473684,135.40803701924088,6,0
58,4,0.06779661016949153,98.1106079381526,5,0
43,8,0.18181818181818182,137.49152192891654,4,0
56,5,0.08771929824561403,118.88156345941229,5,0
52,3,0.05660377358490566,49.55996596786967,5,0
31,1,0.03125,133.85994071109278,6,0
58,7,0.11864406779661017,123.49951950046821,3,0
33,3,0.08823529411764706,154.69253314492315,4,0
58,3,0.05084745762711865,97.49719027535082,1,0
48,6,0.12244897959183673,74.82871012862077,2,0
49,7,0.14,125.06042578231528,4,0
51,6,0.11538461538461539,131.4053216281634,4,0
46,3,0.06382978723404255,122.81498836156706,6,0
47,6,0.125,120.62126051056211,3,0
52,1,0.018867924528301886,87.93819137381021,6,0
45,3,0.06521739130434782,115.83248589075231,5,0
49,4,0.08,109.54782511486755,0,0
56,8,0.14035087719298245,152.1812622230232,3,0
46,4,0.0851063829787234,131.37976092091841,3,0
35,0,0.0,111.66008634764415,8,0
62,5,0.07936507936507936,171.71654629268298,5,0
51,5,0.09615384615384616,111.93276971354972,6,0
47,8,0.16666666666666666,136.7336017165849,5,0
51,9,0.17307692307692307,114.99235999232152,2,0
39,2,0.05,168.93457545084013,7,0
69,5,0.07142857142857142,122.60579327440833,4,0
52,3,0.05660377358490566,123.49242683672021,6,0
51,7,0.1346153846153846,115.80388923681859,6,0
52,1,0.018867924528301886,125.89535778003645,6,0
48,2,0.04081632653061224,155.98613515943728,6,0
53,5,0.09259259259259259,145.37531534054062,5,0
53,4,0.07407407407407407,120.84228543348513,5,0
46,2,0.0425531914893617,171.03975319369962,7,0
61,5,0.08064516129032258,146.18956924027708,5,0
54,4,0.07272727272727272,106.85456642407952,7,0
43,4,0.09090909090909091,78.58954938798186,5,0
49,10,0.2,107.5495859461029,7,0
52,3,0.05660377358490566,132.40046335650757,7,0
46,4,0.0851063829787234,137.9160111189428,4,0
43,7,0.1590909090909091,160.77413049906056,7,1
43,7,0.1590909090909091,87.16362074643,3,0
48,4,0.08163265306122448,106.82533998159569,5,0
49,6,0.12,84.6707199037646,11,0
60,3,0.04918032786885246,79.83602365261663,4,0
51,6,0.11538461538461539,101.16543762140044,4,0
48,9,0.1836734693877551,130.99836732882062,6,0
54,5,0.09090909090909091,143.14183304670948,4,0
64,6,0.09230769230769231,91.54937680134977,5,0
46,3,0.06382978723404255,95.7217224183828,7,0
43,5,0.11363636363636363,66.60530474029699,4,0
55,6,0.10714285714285714,126.43056624830987,3,0
48,5,0.10204081632653061,98.03583294087785,7,0
53,2,0.037037037037037035,169.89094134635542,2,0
57,6,0.10344827586206896,132.29426398948783,1,0
59,6,0.1,114.85662769629674,2,0
65,4,0.06060606060606061,100.76662717366642,3,0
46,3,0.06382978723404255,75.15989339417312,2,0
48,3,0.061224489795918366,78.96384669163707,8,0
49,6,0.12,101.33577136283596,2,0
44,5,0.1111111111111111,99.03291353927085,7,0
46,7,0.14893617021276595,90.02484471462017,2,0
42,3,0.06976744186046512,131.31284182327033,5,0
48,8,0.16326530612244897,135.42796777244578,4,0
52,7,0.1320754716981132,106.24102808094815,3,0
42,4,0.09302325581395349,178.05456804795952,0,0
53,3,0.05555555555555555,67.59811900451723,2,0
54,4,0.07272727272727272,121.7449169691679,4,0
50,9,0.17647058823529413,113.44259387736224,6,0
54,4,0.07272727272727272,103.47897354098231,5,0
50,4,0.0784313725490196,99.07011461960822,5,0
55,4,0.07142857142857142,119.79120351262925,3,0
49,7,0.14,113.23416518034814,5,0
48,3,0.061224489795918366,108.24370418662322,5,0
54,4,0.07272727272727272,81.03841095031876,8,0
59,5,0.08333333333333333,71.45664546568503,4,0
37,3,0.07894736842105263,111.34450574413304,4,0
48,4,0.08163265306122448,107.93711686510409,4,0
43,4,0.09090909090909091,114.08889419169518,7,0
51,7,0.1346153846153846,116.74134606331474,8,0
45,6,0.13043478260869565,104.32492974351547,10,0
59,8,0.13333333333333333,113.62777728545383,6,0
43,2,0.045454545454545456,94.39415075689516,3,0
46,6,0.1276595744680851,165.7183742748985,5,0
49,3,0.06,96.00779555550093,4,0
42,2,0.046511627906976744,108.87057871603979,2,0
64,10,0.15384615384615385,98.28633632658358,4,0
49,7,0.14,97.78255379385291,2,0
39,4,0.1,120.7392469991384,6,0
45,7,0.15217391304347827,116.93297370350965,6,0
32,8,0.24242424242424243,106.2161882887437,4,0
56,6,0.10526315789473684,111.49572025337065,3,0
49,5,0.1,98.4055934702019,6,0
48,6,0.12244897959183673,132.05176913178482,7,0
56,4,0.07017543859649122,181.6557822777214,8,0
49,3,0.06,93.75476168300345,2,0
49,6,0.12,131.81889671203814,4,0
46,4,0.0851063829787234,121.3484687106213,1,0
50,3,0.058823529411764705,140.0588927439777,3,0
41,3,0.07142857142857142,140.90378881488215,5,0
45,4,0.08695652173913043,126.16238091655981,5,0
35,7,0.19444444444444445,118.805382716547,6,0
38,5,0.1282051282051282,106.96649401054661,4,0
49,5,0.1,97.05118940674095,5,0
45,9,0.1956521739130435,117.09463017144645,5,0
38,6,0.15384615384615385,81.46233505746959,7,0
46,5,0.10638297872340426,102.18432029647593,2,0
61,9,0.14516129032258066,153.20560873417708,6,0
39,3,0.075,122.95536663239074,4,0
68,5,0.07246376811594203,146.7799325680665,4,0
49,3,0.06,164.08931659975272,3,0
45,5,0.10869565217391304,114.68911632255549,4,0
51,5,0.09615384615384616,126.21977502580924,11,0
59,7,0.11666666666666667,110.94462317541733,3,0
52,6,0.11320754716981132,95.6218271857318,2,0
51,1,0.019230769230769232,91.41095222002787,5,0
52,2,0.03773584905660377,145.29451117789475,2,0
56,6,0.10526315789473684,126.25881841456945,5,0
48,3,0.061224489795918366,175.3980921624316,9,0
49,5,0.1,149.16156038771672,7,0
50,5,0.09803921568627451,98.06361031390897,6,0
52,6,0.11320754716981132,145.21026540680313,11,0
57,4,0.06896551724137931,110.84773382693234,2,0
44,5,0.1111111111111111,156.50579127387005,7,0
45,6,0.13043478260869565,105.4099836827094,6,0
53,12,0.2222222222222222,88.42722119271983,5,0
49,7,0.14,96.12734768815771,4,0
51,5,0.09615384615384616,97.66005292755258,7,0
41,2,0.047619047619047616,94.79244706144007,5,0
59,7,0.11666666666666667,102.8217517318468,4,0
55,9,0.16071428571428573,145.70075610975712,3,0
39,2,0.05,173.88132624798553,7,0
48,3,0.061224489795918366,80.09431453339488,9,0
67,4,0.058823529411764705,157.9053912849945,2,0
47,6,0.125,105.66888852076714,7,0
46,4,0.0851063829787234,130.436475936067,3,0
54,2,0.03636363636363636,70.37561908280108,6,0
55,8,0.14285714285714285,135.72105052034567,6,0
34,4,0.11428571428571428,59.84062809551812,3,0
47,4,0.08333333333333333,129.41805216930496,11,0
50,4,0.0784313725490196,127.71768141088009,6,0
43,3,0.06818181818181818,125.73022902886402,6,0
49,5,0.1,97.95269548101211,4,0
54,4,0.07272727272727272,136.48580023288932,4,0
52,5,0.09433962264150944,131.73244528250152,5,0
54,7,0.12727272727272726,113.7014164907664,4,0
52,6,0.11320754716981132,140.15550921525582,7,0
43,3,0.06818181818181818,117.13187560303484,6,0
49,5,0.1,135.86331476726286,11,0
37,5,0.13157894736842105,116.2236201781773,1,0
47,2,0.041666666666666664,126.50105973328621,4,0
51,2,0.038461538461538464,137.24168823225787,8,0
45,5,0.10869565217391304,108.06262279145895,1,0
43,5,0.11363636363636363,82.98490241237414,3,0
54,4,0.07272727272727272,128.28237016644465,17,0
47,6,0.125,155.6817413583879,5,0
57,6,0.10344827586206896,128.97452918872338,5,0
37,6,0.15789473684210525,129.54426944089118,10,0
45,3,0.06521739130434782,118.73471680510079,5,0
58,7,0.11864406779661017,142.17355958319604,6,0
54,3,0.05454545454545454,114.42193751586188,2,0
36,4,0.10810810810810811,106.38303656619415,3,0
46,5,0.10638297872340426,153.15894758624597,3,0
56,5,0.08771929824561403,104.08385045121953,10,0
57,8,0.13793103448275862,146.68412839355247,5,0
49,0,0.0,153.17806385873126,6,0
44,4,0.08888888888888889,137.00450796186183,5,0
52,3,0.05660377358490566,82.52293441282103,1,0
42,5,0.11627906976744186,120.81464727667493,2,0
51,2,0.038461538461538464,113.94000008824148,6,0
49,7,0.14,105.1200223399406,10,0
52,7,0.1320754716981132,124.28254762039282,5,0
51,7,0.1346153846153846,143.07619042492644,6,0
50,3,0.058823529411764705,106.24342019606405,3,0
44,5,0.1111111111111111,114.85851977178977,3,0
46,1,0.02127659574468085,112.76823198504037,2,0
50,7,0.13725490196078433,154.91613136632935,2,0
45,6,0.13043478260869565,112.2869814656824,3,0
59,6,0.1,82.96783026714763,8,0
39,5,0.125,72.79695483028459,9,0
57,3,0.05172413793103448,130.8818869969791,3,0
40,4,0.0975609756097561,97.17954780342293,4,0
58,4,0.06779661016949153,140.06173515817434,8,0
53,10,0.18518518518518517,80.06340034478606,6,0
51,7,0.1346153846153846,103.83263500168177,7,0
53,7,0.12962962962962962,80.08293451439556,6,0
49,8,0.16,133.0383214664677,4,0
51,4,0.07692307692307693,139.4654262187395,3,0
54,8,0.14545454545454545,130.158754729098,6,0
42,3,0.06976744186046512,87.42191038788471,6,0
51,6,0.11538461538461539,97.62708767668002,6,0
40,5,0.12195121951219512,127.02941965834661,5,0
59,2,0.03333333333333333,69.36775775626907,7,0
53,4,0.07407407407407407,112.76595166836292,4,0
40,1,0.024390243902439025,165.50716060007645,8,0
45,11,0.2391304347826087,114.60133352458875,1,0
45,2,0.043478260869565216,75.34366082904145,8,0
65,7,0.10606060606060606,101.77772256971593,8,0
58,8,0.13559322033898305,101.07923022967273,8,0
40,2,0.04878048780487805,184.20926339509685,3,0
45,4,0.08695652173913043,169.97037241541688,5,0
45,5,0.10869565217391304,141.92806302304734,3,0
63,4,0.0625,109.70772207775805,3,0
54,7,0.12727272727272726,156.0188898293917,11,0
75,6,0.07894736842105263,85.99621082848624,4,0
57,4,0.06896551724137931,152.29725945732778,5,0
53,5,0.09259259259259259,147.83920612260133,4,0
61,5,0.08064516129032258,115.45962796052157,5,0
32,6,0.18181818181818182,154.17558940052317,8,1
58,9,0.15254237288135594,106.5833661160845,3,0
49,5,0.1,82.04743205705299,7,0
48,4,0.08163265306122448,149.33895038999765,3,0
63,5,0.078125,117.44271212581623,2,0
46,3,0.06382978723404255,138.05341809896004,5,0
47,5,0.10416666666666667,174.62659774678218,3,0
47,6,0.125,98.33237782811109,8,0
53,4,0.07407407407407407,115.69861485480074,4,0
45,3,0.06521739130434782,167.08903513733142,4,0
40,4,0.0975609756097561,140.0619519256585,8,0
49,2,0.04,99.0065176738621,2,0
37,5,0.13157894736842105,91.34946889381564,8,0
57,6,0.10344827586206896,104.15758079689962,9,0
48,5,0.10204081632653061,97.84755885591365,3,0
60,5,0.08196721311475409,127.12044358468593,6,0
51,8,0.15384615384615385,122.35303521592799,5,0
57,3,0.05172413793103448,128.37713262826054,7,0
49,7,0.14,94.77561595320653,4,0
51,4,0.07692307692307693,117.87498277424234,3,0
56,8,0.14035087719298245,58.3290067813135,5,0
43,5,0.11363636363636363,124.350189520841,6,0
43,2,0.045454545454545456,155.26321934867596,5,0
52,7,0.1320754716981132,77.25762271961459,4,0
51,6,0.11538461538461539,134.50284691942383,4,0
46,1,0.02127659574468085,101.66956944718311,6,0
52,3,0.05660377358490566,144.07503461080108,1,0
53,6,0.1111111111111111,124.75942353636836,3,0
55,6,0.10714285714285714,132.14112337981322,8,0
43,6,0.13636363636363635,121.94471696266321,3,0
40,5,0.12195121951219512,159.84995419153057,4,0
54,6,0.10909090909090909,130.42231433085308,4,0
43,6,0.13636363636363635,98.83728857992647,7,0
57,6,0.10344827586206896,122.96145156963011,12,0
52,4,0.07547169811320754,108.93356871101852,2,0
54,8,0.14545454545454545,124.87199719558768,6,0
58,2,0.03389830508474576,107.40690862899562,8,0
53,4,0.07407407407407407,99.69567793361057,2,0
67,8,0.11764705882352941,125.97816638245338,2,0
52,5,0.09433962264150944,121.6736888584966,6,0
55,2,0.03571428571428571,151.91867535137544,1,0
44,2,0.044444444444444446,107.55132362601562,5,0
62,7,0.1111111111111111,60.57438457514078,5,0
41,8,0.19047619047619047,109.08387604610061,4,0
50,5,0.09803921568627451,71.20707723250268,3,0
41,4,0.09523809523809523,132.47015922289728,4,0
44,3,0.06666666666666667,69.78306214953636,6,0
54,4,0.07272727272727272,90.34886812757696,7,0
56,2,0.03508771929824561,109.12996625175411,3,0
49,4,0.08,166.31851814283436,6,0
45,4,0.08695652173913043,87.81329652855247,4,0
51,3,0.057692307692307696,120.37214949439759,5,0
62,3,0.047619047619047616,137.39929730871776,8,0
60,7,0.11475409836065574,164.5218165966209,8,0
53,8,0.14814814814814814,143.3338425516423,10,0
49,8,0.16,152.81720854897395,8,1
54,6,0.10909090909090909,145.92921176554623,7,0
43,1,0.022727272727272728,83.72631085811582,4,0
39,5,0.125,130.7907631295114,2,0
39,2,0.05,145.45982856516667,5,0
57,7,0.1206896551724138,91.30499130977941,10,0
41,6,0.14285714285714285,102.60720369827932,6,0
43,5,0.11363636363636363,95.90423114618831,7,0
57,10,0.1724137931034483,143.178689579041,3,0
53,7,0.12962962962962962,117.92156639012605,10,0
54,6,0.10909090909090909,110.37462316994709,6,0
53,4,0.07407407407407407,81.54990250041037,3,0
60,9,0.14754098360655737,117.97817240418622,7,0
42,2,0.046511627906976744,102.97234935045753,3,0
44,7,0.15555555555555556,127.30018695792486,7,0
40,3,0.07317073170731707,85.71098404063648,6,0
61,4,0.06451612903225806,125.33718778518602,2,0
53,7,0.12962962962962962,106.83147688503539,7,0
49,0,0.0,82.5210922279456,4,0
64,9,0.13846153846153847,80.1814788636556,0,0
59,4,0.06666666666666667,84.68938835931917,4,0
44,7,0.15555555555555556,113.80802827678373,6,0
45,5,0.10869565217391304,123.62986303090501,9,0
53,6,0.1111111111111111,128.09470897131544,2,0
45,4,0.08695652173913043,129.22658753185343,8,0
53,2,0.037037037037037035,97.244302170624,2,0
57,8,0.13793103448275862,151.75208724285528,8,0
53,3,0.05555555555555555,106.73323421975542,6,0
52,4,0.07547169811320754,133.50449280179197,5,0
45,5,0.10869565217391304,115.0753369951855,5,0
45,4,0.08695652173913043,131.26863695109125,2,0
50,3,0.058823529411764705,113.57015801565258,7,0
69,4,0.05714285714285714,131.809046297237,3,0
46,2,0.0425531914893617,119.7783339035903,6,0
45,7,0.15217391304347827,144.41521711952066,4,0
47,1,0.020833333333333332,95.43944870366406,2,0
47,9,0.1875,66.90325992328265,3,0
53,3,0.05555555555555555,90.7992774169771,5,0
57,3,0.05172413793103448,152.067552457141,9,0
37,4,0.10526315789473684,115.36323540336781,5,0
40,1,0.024390243902439025,122.76186886639687,6,0
63,7,0.109375,88.39090157860838,7,0
58,8,0.13559322033898305,121.96661175450835,4,0
54,2,0.03636363636363636,89.31562067781911,10,0
42,6,0.13953488372093023,93.72656174841735,5,0
53,5,0.09259259259259259,107.92548951528359,10,0
47,3,0.0625,133.35291773526436,7,0
57,4,0.06896551724137931,136.5554274192753,2,0
57,9,0.15517241379310345,137.3713469381351,3,0
60,3,0.04918032786885246,72.35747654866879,5,0
52,8,0.1509433962264151,119.80006498829216,2,0
48,5,0.10204081632653061,114.09654499851791,1,0
39,1,0.025,74.03452751755634,3,0
59,6,0.1,120.47951300166595,7,0
43,6,0.13636363636363635,112.48718347689716,8,0
46,6,0.1276595744680851,135.34577016353663,9,0
58,6,0.1016949152542373,122.43741228719408,4,0
48,7,0.14285714285714285,103.52038409150241,0,0
41,2,0.047619047619047616,147.77287351370933,5,0
49,8,0.16,53.36299497674628,2,0
55,8,0.14285714285714285,118.07204614711169,7,0
55,7,0.125,67.10247204024193,4,0
57,8,0.13793103448275862,92.6342018638164,2,0
43,4,0.09090909090909091,135.7444110902805,3,0
53,6,0.1111111111111111,81.77407558677592,5,0
48,5,0.10204081632653061,77.28846543888196,5,0
59,5,0.08333333333333333,191.45834950246874,4,0
49,5,0.1,79.22132845739506,6,0
43,3,0.06818181818181818,169.5156270926392,8,0
50,5,0.09803921568627451,114.83393506262219,5,0
51,4,0.07692307692307693,104.25512635683074,7,0
57,3,0.05172413793103448,137.00359171764615,1,0
55,4,0.07142857142857142,160.09782226633496,5,0
50,7,0.13725490196078433,85.61796173675015,2,0
49,4,0.08,104.69250630814409,4,0
62,8,0.12698412698412698,145.40609204052757,5,0
66,4,0.05970149253731343,128.63982937281,4,0
53,5,0.09259259259259259,153.05753491924148,5,0
41,2,0.047619047619047616,135.45335863295338,4,0
39,2,0.05,174.24672027447446,5,0
49,5,0.1,125.35765796500951,8,0
44,5,0.1111111111111111,126.65433444992885,3,0
48,3,0.061224489795918366,129.65164116047396,5,0
54,5,0.09090909090909091,115.72533444820326,9,0
50,7,0.13725490196078433,145.44261476402772,8,0
45,3,0.06521739130434782,127.11123671589078,8,0
42,1,0.023255813953488372,143.6454002743543,2,0
44,5,0.1111111111111111,148.3349956087248,10,0
56,2,0.03508771929824561,132.85364044680983,1,0
52,10,0.18867924528301888,135.0514897270259,0,0
38,4,0.10256410256410256,89.69010637210398,5,0
48,5,0.10204081632653061,103.48939236540537,1,0
54,5,0.09090909090909091,145.30150358972193,6,0
44,5,0.1111111111111111,162.7089354545554,6,0
48,2,0.04081632653061224,61.78709323474919,1,0
70,11,0.15492957746478872,102.96410558245756,7,0
47,5,0.10416666666666667,120.7086180724395,5,0
54,3,0.05454545454545454,93.62176613757967,5,0
41,4,0.09523809523809523,95.32441067454951,6,0
57,3,0.05172413793103448,134.24759621381415,2,0
46,1,0.02127659574468085,167.441279075143,2,0
56,6,0.10526315789473684,59.04529331033577,4,0
48,5,0.10204081632653061,114.8857155305491,9,0
48,5,0.10204081632653061,133.89841025371163,5,0
50,3,0.058823529411764705,143.40641916600725,4,0
61,7,0.11290322580645161,129.57382029207116,6,0
64,3,0.046153846153846156,172.84207649808346,5,0
57,6,0.10344827586206896,120.86719779977382,10,0
34,4,0.11428571428571428,159.35978371176293,6,0
51,6,0.11538461538461539,100.60896988962092,11,0
53,8,0.14814814814814814,121.7394883976655,7,0
68,9,0.13043478260869565,83.61854772603448,1,0
41,8,0.19047619047619047,147.02593321646984,7,0
51,10,0.19230769230769232,116.38671412076471,3,0
53,7,0.12962962962962962,130.73463187559693,3,0
49,9,0.18,110.59894106144779,2,0
37,6,0.15789473684210525,137.5928550497705,5,0
50,6,0.11764705882352941,131.92301921567255,6,0
50,2,0.0392156862745098,90.16045710086381,3,0
53,2,0.037037037037037035,91.89697702250969,9,0
59,8,0.13333333333333333,119.16693808975944,2,0
50,5,0.09803921568627451,139.78721872219973,3,0
53,7,0.12962962962962962,175.88686659341542,3,0
49,4,0.08,129.08972569997186,4,0
41,3,0.07142857142857142,150.22594207465622,5,0
51,6,0.11538461538461539,71.61447195707494,3,0
48,8,0.16326530612244897,180.38867548301948,5,1
59,3,0.05,138.17058633387578,4,0
39,6,0.15,118.5118646652366,5,0
59,8,0.13333333333333333,115.05911857626224,3,0
55,4,0.07142857142857142,86.78400606423006,4,0
53,4,0.07407407407407407,95.36139612839487,7,0
56,2,0.03508771929824561,177.3130689640024,7,0
53,1,0.018518518518518517,90.32986685141962,4,0
41,4,0.09523809523809523,89.75196726400965,4,0
52,2,0.03773584905660377,98.93338541773262,7,0
48,3,0.061224489795918366,84.05457741116182,7,0
54,8,0.14545454545454545,120.4591972453653,5,0
39,4,0.1,152.66731537995716,3,0
50,6,0.11764705882352941,101.685230211839,2,0
51,3,0.057692307692307696,78.80027160717536,4,0
58,8,0.13559322033898305,128.7558393904396,1,0
49,7,0.14,118.32676986960561,6,0
58,6,0.1016949152542373,150.08173650244873,5,0
48,8,0.16326530612244897,106.36475102093189,8,0
50,7,0.13725490196078433,112.19529661119975,10,0
44,6,0.13333333333333333,115.51408906370193,4,0
50,6,0.11764705882352941,122.67012331660446,5,0
40,2,0.04878048780487805,108.22314967927231,3,0
66,5,0.07462686567164178,103.36067675861973,5,0
42,1,0.023255813953488372,64.48866945354476,4,0
46,1,0.02127659574468085,103.03838372639649,6,0
46,3,0.06382978723404255,141.45669804245256,8,0
51,8,0.15384615384615385,145.50736558106658,2,0
49,3,0.06,105.86660929226099,5,0
47,9,0.1875,158.98457994545285,9,1
44,5,0.1111111111111111,119.13887784898935,9,0
56,4,0.07017543859649122,79.86460884552156,10,0
54,5,0.09090909090909091,70.42847830637233,7,0
48,3,0.061224489795918366,156.54773767859177,3,0
47,10,0.20833333333333334,108.80988824216779,3,0
43,6,0.13636363636363635,83.57806430782263,7,0
43,1,0.022727272727272728,52.22171485693396,3,0
47,8,0.16666666666666666,108.12851667374571,10,0
46,6,0.1276595744680851,132.14252576989082,5,0
40,2,0.04878048780487805,99.06926567861386,5,0
50,6,0.11764705882352941,88.40264519598385,5,0
62,7,0.1111111111111111,103.51872694179818,4,0
45,3,0.06521739130434782,157.29576057434568,4,0
45,6,0.13043478260869565,78.21055146974427,5,0
34,1,0.02857142857142857,100.74896908732448,6,0
57,6,0.10344827586206896,156.3227321885277,7,0
50,1,0.0196078431372549,134.8252886827126,3,0
41,8,0.19047619047619047,125.37383441336868,5,0
47,6,0.125,100.54661593751254,4,0
51,3,0.057692307692307696,120.91514443501283,6,0
48,4,0.08163265306122448,103.86512794640097,3,0
53,3,0.05555555555555555,94.21841606787747,2,0
49,6,0.12,87.5982757409478,8,0
40,1,0.024390243902439025,143.52286789117494,3,0
56,8,0.14035087719298245,118.18781603351593,8,0
50,9,0.17647058823529413,129.43541231408088,4,0
52,6,0.11320754716981132,124.5501955740421,3,0
34,2,0.05714285714285714,133.22756483425078,3,0
43,3,0.06818181818181818,112.35843630042325,7,0
55,5,0.08928571428571429,105.55027646836277,1,0
41,4,0.09523809523809523,95.54159011826633,6,0
42,5,0.11627906976744186,77.5809259977866,7,0
44,5,0.1111111111111111,86.3390048813125,6,0
45,4,0.08695652173913043,109.03746836699335,6,0
35,6,0.16666666666666666,71.90881546693565,1,0
35,1,0.027777777777777776,78.53142287591909,5,0
50,5,0.09803921568627451,151.26419677905534,0,0
51,7,0.1346153846153846,126.72538454561378,5,0
43,1,0.022727272727272728,106.44489815389439,5,0
52,6,0.11320754716981132,188.1472337671368,5,0
56,8,0.14035087719298245,70.55250843860914,9,0
41,5,0.11904761904761904,149.26833829385467,8,0
54,1,0.01818181818181818,116.65601751661752,3,0
54,3,0.05454545454545454,143.55141068738436,3,0
44,3,0.06666666666666667,123.26861151812422,8,0
43,3,0.06818181818181818,63.83264813264228,8,0
54,10,0.18181818181818182,122.86381402676486,8,0
62,7,0.1111111111111111,130.06667563918793,3,0
39,3,0.075,54.240441044267584,0,0
45,8,0.17391304347826086,178.32144881405696,5,1
48,6,0.12244897959183673,129.33622782518316,5,0
50,4,0.0784313725490196,140.15963220409486,3,0
48,4,0.08163265306122448,85.03411831271065,9,0
56,4,0.07017543859649122,140.71852566436854,11,0
42,8,0.18604651162790697,152.68513378689167,2,1
47,5,0.10416666666666667,127.60704684413537,5,0
57,9,0.15517241379310345,119.71885324437706,8,0
43,3,0.06818181818181818,93.1923562530475,4,0
39,6,0.15,113.51379246650022,1,0
56,2,0.03508771929824561,104.63911457222159,6,0
52,10,0.18867924528301888,137.15986912178053,9,0
51,8,0.15384615384615385,94.50372224647792,6,0
47,4,0.08333333333333333,136.9395216451067,4,0
53,7,0.12962962962962962,94.8304331181103,6,0
62,8,0.12698412698412698,112.12942337519945,5,0
51,8,0.15384615384615385,138.4813319103845,5,0
56,4,0.07017543859649122,98.88609840041869,4,0
42,4,0.09302325581395349,139.51609466932806,7,0
55,8,0.14285714285714285,136.58982473014106,4,0
49,6,0.12,111.8714797986917,2,0
46,4,0.0851063829787234,154.8534960406737,4,0
48,7,0.14285714285714285,122.33353025931343,5,0
52,2,0.03773584905660377,153.0682957975605,2,0
58,8,0.13559322033898305,173.80394774631537,1,0
58,4,0.06779661016949153,112.76096934896066,6,0
46,3,0.06382978723404255,139.3486495208219,9,0
47,5,0.10416666666666667,100.87296224031374,7,0
36,3,0.08108108108108109,89.01556771475406,6,0
52,5,0.09433962264150944,114.13621027840715,6,0
45,5,0.10869565217391304,79.12199160751611,5,0
58,5,0.0847457627118644,91.8717666105807,5,0
58,4,0.06779661016949153,137.74297797963203,5,0
56,7,0.12280701754385964,104.59052953653485,3,0
43,4,0.09090909090909091,141.31542261365584,3,0
59,6,0.1,128.9823581405246,8,0
41,5,0.11904761904761904,175.53462186057345,5,0
66,10,0.14925373134328357,135.73011856728138,4,0
47,6,0.125,153.42654210837944,2,0
55,2,0.03571428571428571,132.0565398938264,4,0
56,8,0.14035087719298245,129.34180503234217,10,0
50,10,0.19607843137254902,154.94199126339944,1,1
47,4,0.08333333333333333,140.06392397595795,5,0
47,9,0.1875,126.30190838872284,2,0
50,5,0.09803921568627451,126.16963997789153,3,0
47,4,0.08333333333333333,136.14687935491247,4,0
54,4,0.07272727272727272,99.85879441620345,4,0
55,6,0.10714285714285714,98.58601601583905,8,0
53,4,0.07407407407407407,162.76217797118795,3,0
52,3,0.05660377358490566,175.93240991579992,2,0
51,1,0.019230769230769232,92.13352624769503,5,0
38,3,0.07692307692307693,99.93016702680887,4,0
66,6,0.08955223880597014,154.27568458512434,5,0
49,5,0.1,136.0055997942719,6,0
51,4,0.07692307692307693,140.29284315962767,4,0
44,9,0.2,146.8980388455917,6,0
42,3,0.06976744186046512,112.77803514767773,6,0
49,4,0.08,129.8990977497056,1,0
44,2,0.044444444444444446,127.56576452094276,2,0
53,4,0.07407407407407407,94.24525199263618,2,0
48,2,0.04081632653061224,129.45272829647112,3,0
52,5,0.09433962264150944,157.13132088449004,5,0
51,6,0.11538461538461539,109.97600283469916,7,0
65,4,0.06060606060606061,124.57707746222802,1,0
36,3,0.08108108108108109,126.20126748032568,3,0
44,1,0.022222222222222223,111.46006348694188,3,0
49,7,0.14,140.30703713083074,5,0
47,6,0.125,99.59803106235037,7,0
50,2,0.0392156862745098,159.97936556087802,7,0
53,4,0.07407407407407407,138.78616684896735,5,0
43,8,0.18181818181818182,91.89694197981316,6,0
55,5,0.08928571428571429,170.94029054658762,6,0
52,5,0.09433962264150944,125.04304383784786,3,0
49,4,0.08,98.31157448294846,6,0
51,5,0.09615384615384616,153.13663574973575,5,0
45,9,0.1956521739130435,134.84014558344074,5,0
38,10,0.2564102564102564,66.84120887297885,5,0
55,7,0.125,104.23019048268439,5,0
50,4,0.0784313725490196,128.3729201166463,4,0
49,5,0.1,55.21299967072024,11,0
54,4,0.07272727272727272,122.55210256162182,4,0
46,9,0.19148936170212766,124.7393811811578,8,0
50,6,0.11764705882352941,84.49524352872533,4,0
34,3,0.08571428571428572,128.1193465877989,5,0
59,1,0.016666666666666666,120.22391517375101,5,0
43,4,0.09090909090909091,84.26117682344956,6,0
48,10,0.20408163265306123,147.58681640588475,2,0
56,6,0.10526315789473684,145.13561384303415,6,0
35,2,0.05555555555555555,111.30788739442916,9,0
49,1,0.02,114.04256029824529,8,0
65,5,0.07575757575757576,141.78791812786037,5,0
45,7,0.15217391304347827,113.9801057066458,9,0
60,13,0.21311475409836064,62.07275398439536,6,0
56,9,0.15789473684210525,134.6080967219978,3,0
51,6,0.11538461538461539,95.60222037784474,8,0
40,4,0.0975609756097561,108.30470836747219,3,0
45,5,0.10869565217391304,163.73611703854428,3,0
55,6,0.10714285714285714,115.98064577973605,6,0
52,6,0.11320754716981132,120.0520480762162,6,0
36,3,0.08108108108108109,135.29001826390794,3,0
48,6,0.12244897959183673,135.16001831622097,3,0
61,3,0.04838709677419355,92.4240669786665,7,0
52,4,0.07547169811320754,118.19104453396876,4,0
32,5,0.15151515151515152,121.08457583777482,4,0
45,7,0.15217391304347827,128.16080689886482,7,0
66,7,0.1044776119402985,128.6766582274986,4,0
57,2,0.034482758620689655,197.6232368633237,8,0
51,8,0.15384615384615385,84.72420688238266,4,0
63,7,0.109375,149.40274860593868,6,0
53,5,0.09259259259259259,155.50127417499178,2,0
50,5,0.09803921568627451,134.78351921770582,6,0
51,5,0.09615384615384616,100.49053815380776,6,0
52,5,0.09433962264150944,169.94004090802878,4,0
53,8,0.14814814814814814,54.24051405779406,7,0
43,2,0.045454545454545456,99.50199908346521,2,0
66,4,0.05970149253731343,155.15046591668434,6,0
48,0,0.0,108.89665189732446,6,0
52,4,0.07547169811320754,167.89393574400557,8,0
48,3,0.061224489795918366,74.64585765964799,3,0
70,5,0.07042253521126761,86.63694318155976,4,0
47,1,0.020833333333333332,104.05085489619076,4,0
44,3,0.06666666666666667,132.52197832609588,5,0
43,3,0.06818181818181818,113.33939548859931,2,0
49,1,0.02,105.28802242312737,0,0
38,4,0.10256410256410256,162.61189293295573,3,0
59,6,0.1,165.40334926167452,5,0
58,3,0.05084745762711865,107.56860702877333,5,0
50,5,0.09803921568627451,68.70696578011012,10,0
58,14,0.23728813559322035,55.275485124378605,7,0
44,8,0.17777777777777778,127.17870344341068,5,0
57,1,0.017241379310344827,139.67866866656394,3,0
47,6,0.125,121.88993356735638,8,0
51,4,0.07692307692307693,117.87275678757725,1,0
63,3,0.046875,95.86372155917752,10,0
37,3,0.07894736842105263,139.64939381741516,1,0
49,4,0.08,170.3455613669673,4,0
43,4,0.09090909090909091,53.49366967993332,6,0
70,8,0.11267605633802817,117.67496433636855,5,0
50,6,0.11764705882352941,90.88954951759199,7,0
51,4,0.07692307692307693,75.28602017838446,8,0
41,3,0.07142857142857142,86.10072387646753,3,0
46,3,0.06382978723404255,131.39018567053213,5,0
52,4,0.07547169811320754,132.148865927735,8,0
56,14,0.24561403508771928,163.808632835244,7,1
47,6,0.125,120.26344641436384,9,0
44,9,0.2,67.25335110391265,2,0
43,5,0.11363636363636363,112.85491372872085,8,0
42,4,0.09302325581395349,78.40862783352648,3,0
54,5,0.09090909090909091,83.79612340733985,4,0
48,5,0.10204081632653061,137.41677175219485,2,0
51,5,0.09615384615384616,125.8254271678326,7,0
38,6,0.15384615384615385,137.62696786305992,2,0
38,4,0.10256410256410256,109.27521458184816,4,0
62,5,0.07936507936507936,143.71588690276067,4,0
47,6,0.125,107.59791305129666,4,0
55,8,0.14285714285714285,153.5004849822674,6,0
54,5,0.09090909090909091,130.33916818414627,8,0
49,6,0.12,113.79009388546147,1,0
43,1,0.022727272727272728,126.3627913252829,2,0
49,5,0.1,119.46417897075247,2,0
48,2,0.04081632653061224,167.8831954593877,1,0
55,2,0.03571428571428571,127.36312867736368,4,0
40,4,0.0975609756097561,119.95161982816475,8,0
62,5,0.07936507936507936,112.84527428847602,2,0
51,6,0.11538461538461539,145.29552657735033,2,0
47,7,0.14583333333333334,141.23740017160515,5,0
50,3,0.058823529411764705,111.78475109062116,3,0
41,5,0.11904761904761904,85.33075456131573,4,0
64,6,0.09230769230769231,92.9409558486494,6,0
59,3,0.05,114.47512381373411,7,0
44,5,0.1111111111111111,160.4678251835725,7,0
39,4,0.1,112.49470112259259,2,0
43,4,0.09090909090909091,102.17629170103307,7,0
50,8,0.1568627450980392,67.17842060254061,2,0
40,4,0.0975609756097561,165.4062430680689,3,0
50,10,0.19607843137254902,137.0708443794438,4,0
57,6,0.10344827586206896,143.88029910017573,1,0
57,3,0.05172413793103448,148.85064155788126,3,0
51,5,0.09615384615384616,115.0580931372311,9,0
48,3,0.061224489795918366,122.53771901242607,0,0
53,6,0.1111111111111111,164.65805825855983,2,0
53,6,0.1111111111111111,125.3874266795741,6,0
61,6,0.0967741935483871,137.62575870191984,3,0
38,2,0.05128205128205128,146.11652151601535,5,0
56,5,0.08771929824561403,139.2879399726793,6,0
50,2,0.0392156862745098,116.15492489200518,2,0
45,5,0.10869565217391304,118.9834847155824,6,0
54,7,0.12727272727272726,143.32921313927827,7,0
46,8,0.1702127659574468,143.2800857980418,8,0
44,2,0.044444444444444446,155.04697797058384,5,0
44,4,0.08888888888888889,136.53290949929516,5,0
41,4,0.09523809523809523,137.89816840776166,8,0
51,8,0.15384615384615385,106.61299899646659,8,0
47,5,0.10416666666666667,102.56551466784295,8,0
60,4,0.06557377049180328,143.41892023054484,5,0
46,4,0.0851063829787234,102.77444795950875,5,0
42,5,0.11627906976744186,119.37896990649413,5,0
47,6,0.125,161.37069722913873,5,0
44,7,0.15555555555555556,156.61710877035267,5,1
41,2,0.047619047619047616,129.0536649239155,7,0
53,9,0.16666666666666666,111.11581260498869,6,0
51,2,0.038461538461538464,116.29863268969486,2,0
53,10,0.18518518518518517,146.02980423166844,2,0
59,8,0.13333333333333333,118.90502167661504,2,0
54,6,0.10909090909090909,103.25152820969208,4,0
47,6,0.125,156.4732426922392,4,0
51,2,0.038461538461538464,125.44800417387843,5,0
57,2,0.034482758620689655,102.68232537024761,11,0
54,3,0.05454545454545454,134.36820566797894,5,0
51,2,0.038461538461538464,149.13655239577525,6,0
53,5,0.09259259259259259,89.76980805636718,3,0
57,4,0.06896551724137931,113.98638259941197,4,0
51,7,0.1346153846153846,112.59949897234763,7,0
47,4,0.08333333333333333,133.56861497350428,7,0
49,6,0.12,138.96024968579576,4,0
63,7,0.109375,103.45578266161543,6,0
53,4,0.07407407407407407,75.21746472281924,5,0
39,3,0.075,150.95396263798202,4,0
54,4,0.07272727272727272,86.4016418826836,1,0
59,8,0.13333333333333333,128.13552615131633,6,0
38,4,0.10256410256410256,116.04057303807953,4,0
44,3,0.06666666666666667,124.87331715612225,4,0
56,8,0.14035087719298245,169.53701915120575,6,0
58,2,0.03389830508474576,211.14844840865487,3,0
52,6,0.11320754716981132,70.99687765804174,2,0
46,4,0.0851063829787234,149.51718465998772,4,0
49,6,0.12,115.31256681967062,8,0
63,10,0.15625,151.43563541137658,7,1
42,5,0.11627906976744186,148.71789228537492,7,0
65,6,0.09090909090909091,162.2923442159449,3,0
42,2,0.046511627906976744,128.5489474548809,0,0
51,7,0.1346153846153846,93.31270545134929,5,0
54,5,0.09090909090909091,147.8294846612886,6,0
45,2,0.043478260869565216,123.53992728432193,5,0
46,6,0.1276595744680851,112.98470354597603,7,0
58,4,0.06779661016949153,105.71328357885115,6,0
45,1,0.021739130434782608,150.19006707315387,6,0
42,7,0.16279069767441862,168.1010847602213,9,1
60,6,0.09836065573770492,84.13942323901097,7,0
40,3,0.07317073170731707,138.65856727436793,7,0
53,6,0.1111111111111111,108.82838443732064,2,0
48,7,0.14285714285714285,75.98182805423659,6,0
55,0,0.0,124.43117462289024,7,0
47,6,0.125,95.00586659431318,4,0
50,6,0.11764705882352941,72.66740316599407,10,0
64,4,0.06153846153846154,96.54778583326396,7,0
58,6,0.1016949152542373,89.1667824625844,4,0
58,3,0.05084745762711865,100.59939440809826,9,0
48,6,0.12244897959183673,80.22347769138932,9,0
49,7,0.14,108.14579674121359,3,0
68,4,0.057971014492753624,98.60252615748082,4,0
39,6,0.15,131.26841631436972,7,0
35,5,0.1388888888888889,137.80616959194947,5,0
44,4,0.08888888888888889,127.80445730335326,7,0
49,6,0.12,112.93666626379473,7,0
55,0,0.0,112.12717212923056,2,0
46,8,0.1702127659574468,94.88775037765905,3,0
56,6,0.10526315789473684,95.61016021770189,2,0
49,5,0.1,141.1081160423621,4,0
59,7,0.11666666666666667,67.20892204048607,1,0
50,5,0.09803921568627451,117.57825185061172,3,0
43,6,0.13636363636363635,110.29412815316397,4,0
43,5,0.11363636363636363,137.97396304124678,3,0
54,8,0.14545454545454545,77.24964049732948,8,0
63,7,0.109375,120.37442116457818,2,0
50,3,0.058823529411764705,130.28953024077322,6,0
61,9,0.14516129032258066,62.85806344128015,7,0
47,6,0.125,87.77016081414789,5,0
62,7,0.1111111111111111,117.24630459561627,3,0
40,9,0.21951219512195122,135.42440722902913,9,0
61,3,0.04838709677419355,125.474979333381,8,0
48,4,0.08163265306122448,136.81362758849423,6,0
52,4,0.07547169811320754,87.61882462078036,3,0
61,7,0.11290322580645161,72.3374895081592,0,0
53,7,0.12962962962962962,122.53517417270368,10,0
61,11,0.1774193548387097,83.11940285357656,4,0
67,6,0.08823529411764706,94.04033021856591,2,0
51,7,0.1346153846153846,147.9683506447912,4,0
48,8,0.16326530612244897,125.67298670300553,8,0
50,6,0.11764705882352941,102.95565284233757,1,0
52,4,0.07547169811320754,99.0590548607711,3,0
59,6,0.1,138.62764670667494,5,0
43,8,0.18181818181818182,126.3591280694995,3,0
56,11,0.19298245614035087,83.56330073031927,3,0
56,6,0.10526315789473684,61.56528800697158,4,0
46,7,0.14893617021276595,176.4540549792045,2,0
43,3,0.06818181818181818,83.32562324047326,3,0
41,3,0.07142857142857142,135.8308950990037,7,0
49,9,0.18,165.32078797014523,5,1
63,4,0.0625,124.42792706499466,5,0
50,3,0.058823529411764705,101.98689970598386,5,0
57,5,0.08620689655172414,77.21852874912864,8,0
46,5,0.10638297872340426,76.7996839103991,8,0
44,5,0.1111111111111111,131.30084546029158,4,0
45,3,0.06521739130434782,163.52928968849955,11,0
44,7,0.15555555555555556,108.13622709886413,3,0
58,9,0.15254237288135594,103.32838613551908,7,0
43,4,0.09090909090909091,140.9244327243356,7,0
45,4,0.08695652173913043,99.4215823828576,5,0
47,6,0.125,128.23448722885263,3,0
52,6,0.11320754716981132,121.25404350256538,9,0
64,6,0.09230769230769231,107.71595824265833,6,0
43,4,0.09090909090909091,119.53385523790439,5,0
52,4,0.07547169811320754,172.89456343949936,5,0
48,3,0.061224489795918366,138.1359883230287,8,0
54,5,0.09090909090909091,152.77502412767936,3,0
46,5,0.10638297872340426,92.43916917239817,6,0
48,6,0.12244897959183673,152.87808442822723,5,0
65,8,0.12121212121212122,139.17061426406954,5,0
46,4,0.0851063829787234,75.01211710321897,6,0
50,6,0.11764705882352941,136.19372200113298,7,0
54,1,0.01818181818181818,104.60177589615968,5,0
51,5,0.09615384615384616,73.62588971023152,4,0
41,6,0.14285714285714285,123.89327196982859,4,0
60,7,0.11475409836065574,136.1712777318783,5,0
56,5,0.08771929824561403,124.54824205933689,0,0
49,6,0.12,116.72584245462734,7,0
57,9,0.15517241379310345,110.08243984625004,5,0
51,5,0.09615384615384616,193.99764028024669,3,0
51,7,0.1346153846153846,84.52291834414062,0,0
66,12,0.1791044776119403,146.1876594707161,12,0
46,6,0.1276595744680851,120.46268912666952,6,0
58,6,0.1016949152542373,94.36600481198903,1,0
53,2,0.037037037037037035,118.54802848114264,5,0
43,4,0.09090909090909091,78.21202087234147,3,0
36,4,0.10810810810810811,102.1352877957944,4,0
51,7,0.1346153846153846,118.59197022493183,5,0
55,5,0.08928571428571429,73.4664882420261,4,0
56,10,0.17543859649122806,135.19147615464175,4,0
43,3,0.06818181818181818,91.08716877265402,7,0
58,7,0.11864406779661017,76.44837125959343,6,0
48,4,0.08163265306122448,87.58746792514889,7,0
42,4,0.09302325581395349,185.2786248550646,5,0
65,9,0.13636363636363635,60.6580757439348,4,0
44,3,0.06666666666666667,133.0836926630937,5,0
63,3,0.046875,97.4509118694214,3,0
53,5,0.09259259259259259,109.49615485447315,7,0
47,5,0.10416666666666667,138.11792786041,6,0
32,5,0.15151515151515152,136.64456144516762,3,0
58,10,0.1694915254237288,99.57910742514628,5,0
47,2,0.041666666666666664,79.26527980100118,7,0
51,5,0.09615384615384616,138.66422921101918,5,0
44,5,0.1111111111111111,136.57131579028032,7,0
44,9,0.2,111.45091473635435,5,0
45,8,0.17391304347826086,133.25833151425135,4,0
50,6,0.11764705882352941,106.62511557073394,2,0
44,4,0.08888888888888889,95.18887304895635,4,0
47,3,0.0625,120.11886543363225,6,0
51,4,0.07692307692307693,135.57098223274554,5,0
52,6,0.11320754716981132,129.27750808657302,6,0
47,6,0.125,135.27488040230017,5,0
53,6,0.1111111111111111,97.18263380132622,4,0
52,6,0.11320754716981132,167.45643374274758,2,0
49,4,0.08,109.72857433984126,4,0
45,6,0.13043478260869565,116.43253045570226,5,0
51,3,0.057692307692307696,80.44032272346396,7,0
56,3,0.05263157894736842,114.18434531108149,5,0
53,3,0.05555555555555555,135.96713210554552,4,0
63,9,0.140625,142.87531838077993,6,0
55,2,0.03571428571428571,166.85822211560347,6,0
43,6,0.13636363636363635,135.60704687476382,3,0
60,4,0.06557377049180328,128.30739587399108,4,0
63,6,0.09375,106.61114665457042,6,0
50,8,0.1568627450980392,100.1477877530098,3,0
57,6,0.10344827586206896,149.10745544004467,6,0
65,5,0.07575757575757576,148.53211055216727,4,0
54,4,0.07272727272727272,87.68961897453681,5,0
41,7,0.16666666666666666,141.69287661460444,6,0
42,4,0.09302325581395349,139.51151074187527,1,0
47,5,0.10416666666666667,86.58573344957418,5,0
53,5,0.09259259259259259,136.2137041436753,6,0
50,4,0.0784313725490196,88.51360621554578,7,0
51,3,0.057692307692307696,47.12121096979534,3,0
51,6,0.11538461538461539,115.19692758923851,5,0
46,6,0.1276595744680851,127.73444115764967,2,0
49,4,0.08,116.54787585350661,2,0
53,7,0.12962962962962962,206.01320451563925,7,0
53,8,0.14814814814814814,131.36553687704924,0,0
46,8,0.1702127659574468,124.414254578961,3,0
39,2,0.05,132.88773909942273,9,0
54,4,0.07272727272727272,106.76042986799708,7,0
47,7,0.14583333333333334,147.88437186280618,4,0
58,4,0.06779661016949153,130.83005838531304,6,0
44,0,0.0,129.45515111677472,5,0
45,7,0.15217391304347827,101.27639331399183,5,0
60,5,0.08196721311475409,73.0700902065272,6,0
48,4,0.08163265306122448,104.95841732768127,5,0
50,5,0.09803921568627451,128.47901568779676,9,0
57,8,0.13793103448275862,106.65901560765161,6,0
54,4,0.07272727272727272,128.75181501202113,9,0
61,9,0.14516129032258066,113.02914369431085,3,0
51,6,0.11538461538461539,132.91738453879572,8,0
48,5,0.10204081632653061,90.69527622374058,4,0
37,3,0.07894736842105263,125.78670035655244,5,0
45,3,0.06521739130434782,100.77137560945809,5,0
54,6,0.10909090909090909,73.85151173608091,10,0
50,5,0.09803921568627451,115.04537630914875,2,0
59,9,0.15,166.08952721454142,12,0
54,5,0.09090909090909091,76.24270776462052,4,0
65,6,0.09090909090909091,123.58176751182599,5,0
56,5,0.08771929824561403,143.92731189792673,8,0
63,8,0.125,189.00092055433356,3,0
56,5,0.08771929824561403,105.21201052659937,7,0
49,4,0.08,101.03998186187061,6,0
56,8,0.14035087719298245,84.99923412182201,5,0
45,5,0.10869565217391304,154.2154900453866,3,0
50,5,0.09803921568627451,93.97757012282774,9,0
46,5,0.10638297872340426,108.88210704673949,2,0
55,7,0.125,64.53186367886235,5,0
53,4,0.07407407407407407,146.5191552803558,8,0
55,2,0.03571428571428571,154.7477484233408,11,0
59,8,0.13333333333333333,145.37325190753097,4,0
45,2,0.043478260869565216,71.84024155938846,5,0
50,6,0.11764705882352941,138.2145312233792,5,0
47,2,0.041666666666666664,69.81988845827996,4,0
39,3,0.075,121.74120906192721,2,0
43,2,0.045454545454545456,126.15232739951392,5,0
44,4,0.08888888888888889,129.30549654324795,8,0
56,6,0.10526315789473684,136.03909597912406,5,0
52,3,0.05660377358490566,119.75899189322183,9,0
50,4,0.0784313725490196,61.12711461814342,2,0
51,8,0.15384615384615385,136.05363026398595,11,0
50,5,0.09803921568627451,122.92824423383243,4,0
57,8,0.13793103448275862,92.921406258863,9,0
41,7,0.16666666666666666,72.91807736590174,1,0
63,11,0.171875,166.20066557773077,4,1
47,7,0.14583333333333334,156.9390161487205,4,0
50,4,0.0784313725490196,141.17872221922363,4,0
63,11,0.171875,99.7110026629589,7,0
44,6,0.13333333333333333,44.49013343365448,3,0
47,7,0.14583333333333334,142.94037526305706,6,0
49,1,0.02,131.00060321565226,2,0
45,8,0.17391304347826086,108.7601307278347,10,0
41,6,0.14285714285714285,153.7441892009363,5,0
51,7,0.1346153846153846,145.4399260188855,2,0
65,3,0.045454545454545456,125.28286464692549,8,0
41,3,0.07142857142857142,121.05175253613342,7,0
59,10,0.16666666666666666,121.52903152799044,5,0
65,6,0.09090909090909091,140.39819618504237,6,0
47,4,0.08333333333333333,94.27570960371035,5,0
52,7,0.1320754716981132,132.7794936535511,2,0
53,2,0.037037037037037035,92.38227166591228,6,0
40,3,0.07317073170731707,160.09665515256702,7,0
45,4,0.08695652173913043,135.96385714725704,3,0
54,4,0.07272727272727272,99.35315215083212,8,0
42,3,0.06976744186046512,122.4178747208925,3,0
45,3,0.06521739130434782,94.38640859915878,7,0
46,3,0.06382978723404255,165.1233851310239,2,0
34,4,0.11428571428571428,168.68627953413628,4,0
55,9,0.16071428571428573,140.88671047688544,2,0
45,4,0.08695652173913043,166.69969702963732,5,0
54,4,0.07272727272727272,124.55387846617501,7,0
57,3,0.05172413793103448,142.90537701524391,4,0
43,6,0.13636363636363635,156.74173565729268,7,0
50,9,0.17647058823529413,119.8276921345225,6,0
53,4,0.07407407407407407,122.13311571952036,9,0
48,4,0.08163265306122448,148.00969804286692,9,0
46,5,0.10638297872340426,139.3949389678798,5,0
56,7,0.12280701754385964,97.33617839396842,5,0
51,5,0.09615384615384616,54.395118861855934,3,0
41,5,0.11904761904761904,114.73415812208856,1,0
43,5,0.11363636363636363,57.09257462324463,5,0
51,9,0.17307692307692307,90.26947991683355,10,0
65,4,0.06060606060606061,93.77139128398846,6,0
55,12,0.21428571428571427,102.9407306717962,7,0
39,3,0.075,144.61314432490624,3,0
42,5,0.11627906976744186,151.13038622190783,6,0
47,5,0.10416666666666667,135.26222159421621,6,0
41,4,0.09523809523809523,138.97520928185415,4,0
45,5,0.10869565217391304,139.68361369105938,5,0
58,5,0.0847457627118644,45.095100263372274,6,0
56,3,0.05263157894736842,120.30593046021349,4,0
46,4,0.0851063829787234,66.10623836489984,6,0
49,5,0.1,135.2741842701462,2,0
44,3,0.06666666666666667,57.206755580409094,5,0
50,8,0.1568627450980392,114.58684393947902,4,0
37,2,0.05263157894736842,136.4330932805876,6,0
43,4,0.09090909090909091,86.46726155051064,3,0
43,2,0.045454545454545456,148.8514788153966,8,0
64,6,0.09230769230769231,135.1986650985524,3,0
47,4,0.08333333333333333,131.4247408751373,5,0
34,3,0.08571428571428572,140.94004762531597,5,0
53,4,0.07407407407407407,109.22399736700032,3,0
65,3,0.045454545454545456,124.55756591270426,5,0
54,7,0.12727272727272726,120.30154716702597,9,0
50,6,0.11764705882352941,119.62353166151566,5,0
49,4,0.08,99.83906770058769,4,0
46,1,0.02127659574468085,82.72403655831883,12,0
50,7,0.13725490196078433,109.89424952131574,2,0
42,2,0.046511627906976744,108.24156278417199,3,0
43,7,0.1590909090909091,97.8980703744933,4,0
54,5,0.09090909090909091,145.56161345430073,5,0
51,4,0.07692307692307693,84.83380146433161,6,0
50,6,0.11764705882352941,114.85472523326276,4,0
50,7,0.13725490196078433,154.99019134683755,5,0
43,4,0.09090909090909091,147.27388057798657,0,0
54,5,0.09090909090909091,156.48881655291848,3,0
39,3,0.075,102.2765826787732,4,0
40,7,0.17073170731707318,143.5286437718312,5,0
50,6,0.11764705882352941,88.11088809065605,3,0
52,4,0.07547169811320754,111.7237813255038,6,0
49,3,0.06,114.54732567659421,5,0
54,4,0.07272727272727272,102.7247936340597,4,0
45,3,0.06521739130434782,109.14558035746424,6,0
53,4,0.07407407407407407,105.19872217507942,0,0
57,7,0.1206896551724138,90.52818566694914,5,0
45,2,0.043478260869565216,145.69240518017375,3,0
54,5,0.09090909090909091,114.52649991377191,5,0
36,4,0.10810810810810811,126.04309631751858,8,0
51,4,0.07692307692307693,124.91330613578565,3,0
47,2,0.041666666666666664,121.64179275330065,2,0
42,2,0.046511627906976744,122.78413638169286,3,0
48,2,0.04081632653061224,110.83748339906936,6,0
45,6,0.13043478260869565,162.5519060554459,7,0
50,6,0.11764705882352941,142.82234284906076,8,0
46,2,0.0425531914893617,120.5514609831306,3,0
38,3,0.07692307692307693,106.5883669210181,4,0
43,3,0.06818181818181818,116.43537471812759,6,0
48,5,0.10204081632653061,132.52864549115236,5,0
49,5,0.1,164.99820277608936,6,0
39,4,0.1,78.80857366004867,6,0
53,4,0.07407407407407407,139.79324275925333,2,0
45,2,0.043478260869565216,153.80170910335903,3,0
43,5,0.11363636363636363,75.39844590284304,8,0
43,7,0.1590909090909091,114.56547369806175,2,0
45,8,0.17391304347826086,88.06446080750882,3,0
53,2,0.037037037037037035,132.91588835031104,8,0
41,5,0.11904761904761904,109.24947202933343,5,0
47,6,0.125,116.09582799359623,4,0
51,9,0.17307692307692307,107.66832578164578,4,0
53,4,0.07407407407407407,141.60490298304805,3,0
51,6,0.11538461538461539,126.87098881794415,5,0
45,2,0.043478260869565216,126.92780292118967,3,0
52,6,0.11320754716981132,124.8186547524436,1,0
44,4,0.08888888888888889,137.17472641356412,5,0
50,6,0.11764705882352941,112.1408443543103,4,0
62,9,0.14285714285714285,171.0232436262278,5,0
47,4,0.08333333333333333,82.95615746344441,5,0
58,6,0.1016949152542373,68.22244655491053,1,0
52,3,0.05660377358490566,65.73958294174281,2,0
57,5,0.08620689655172414,57.61235642122693,5,0
59,5,0.08333333333333333,140.19509444460755,3,0
48,3,0.061224489795918366,136.54103097847923,6,0
53,8,0.14814814814814814,156.23329475326784,5,0
59,4,0.06666666666666667,88.30085355883435,6,0
47,5,0.10416666666666667,142.36384364236503,7,0
49,8,0.16,121.70472186447918,9,0
48,8,0.16326530612244897,124.99759497467578,4,0
48,6,0.12244897959183673,138.76868686048823,6,0
52,3,0.05660377358490566,97.31154746812669,9,0
40,6,0.14634146341463414,197.61747406213462,7,0
46,3,0.06382978723404255,159.95640912826062,1,0
59,9,0.15,104.04882138013919,2,0
43,5,0.11363636363636363,87.27785826829957,5,0
51,7,0.1346153846153846,117.36287514585925,4,0
40,2,0.04878048780487805,125.46775330746127,7,0
51,5,0.09615384615384616,151.9684577912493,5,0
48,7,0.14285714285714285,84.93837265295022,5,0
52,8,0.1509433962264151,128.56460829597498,7,0
52,2,0.03773584905660377,74.12954926755633,3,0
45,8,0.17391304347826086,133.09072780233356,6,0
56,2,0.03508771929824561,116.77487338625848,6,0
47,5,0.10416666666666667,178.1003928685729,11,0
51,6,0.11538461538461539,73.61992367340969,5,0
47,2,0.041666666666666664,161.11825144470316,9,0
52,2,0.03773584905660377,68.88505994501344,9,0
53,7,0.12962962962962962,80.18369176780487,10,0
38,3,0.07692307692307693,69.68716324583505,7,0
44,2,0.044444444444444446,127.51057825353162,7,0
58,7,0.11864406779661017,84.789035677388,4,0
56,8,0.14035087719298245,79.55005484158386,4,0
48,5,0.10204081632653061,126.08302804870142,3,0
43,2,0.045454545454545456,133.55326157624071,4,0
42,1,0.023255813953488372,121.19547912450977,5,0
56,7,0.12280701754385964,115.13342552935342,7,0
58,6,0.1016949152542373,174.86728897311536,5,0
65,7,0.10606060606060606,124.3750879872591,3,0
53,7,0.12962962962962962,144.17074421766748,4,0
53,5,0.09259259259259259,124.28766377069876,7,0
43,2,0.045454545454545456,87.06371135235948,7,0
51,9,0.17307692307692307,136.4966304570605,6,0
55,6,0.10714285714285714,100.32608065590622,2,0
40,4,0.0975609756097561,117.27041585882291,7,0
50,8,0.1568627450980392,129.16208045680278,6,0
62,10,0.15873015873015872,61.75745799340071,4,0
57,6,0.10344827586206896,71.71493628324814,4,0
47,4,0.08333333333333333,147.2837751749269,5,0
41,10,0.23809523809523808,100.08760660203168,6,0
52,6,0.11320754716981132,101.51034032673417,4,0
62,6,0.09523809523809523,124.9931519211246,7,0
54,6,0.10909090909090909,108.42982208634392,7,0
51,5,0.09615384615384616,132.5276514492837,3,0
48,7,0.14285714285714285,118.46634633800868,6,0
50,5,0.09803921568627451,125.95808850541346,4,0
43,6,0.13636363636363635,98.94424829273242,7,0
43,6,0.13636363636363635,125.80784469842783,3,0
54,7,0.12727272727272726,153.15267260506332,2,0
52,6,0.11320754716981132,102.96755351657404,4,0
46,7,0.14893617021276595,147.45954900816454,8,0
43,4,0.09090909090909091,118.45319045032052,6,0
46,2,0.0425531914893617,142.03444967933814,4,0
46,7,0.14893617021276595,123.86313955059333,6,0
61,6,0.0967741935483871,118.9976723970622,3,0
44,2,0.044444444444444446,130.491890462291,4,0
46,2,0.0425531914893617,156.40792686906747,5,0
59,4,0.06666666666666667,127.08291882645227,4,0
42,5,0.11627906976744186,134.35592492725192,4,0
50,6,0.11764705882352941,108.94545259269896,12,0
60,4,0.06557377049180328,167.12659421985077,5,0
61,8,0.12903225806451613,139.21011332789016,4,0
50,4,0.0784313725490196,122.33125380075019,3,0
53,7,0.12962962962962962,116.32038983235977,10,0
46,4,0.0851063829787234,149.3372480781933,4,0
35,5,0.1388888888888889,101.81387768864221,6,0
49,4,0.08,66.51374951186001,6,0
49,4,0.08,122.17198798273365,1,0
42,6,0.13953488372093023,155.7001371934303,5,0
50,2,0.0392156862745098,167.7392643355402,5,0
46,9,0.19148936170212766,116.78118169698361,8,0
37,4,0.10526315789473684,121.3076299182535,5,0
56,5,0.08771929824561403,135.58591297547866,7,0
55,6,0.10714285714285714,112.06951743408705,3,0
49,3,0.06,135.49217845173447,4,0
56,6,0.10526315789473684,117.43794746795196,5,0
47,10,0.20833333333333334,150.3410477157054,5,1
53,4,0.07407407407407407,141.6894153929347,8,0
59,7,0.11666666666666667,144.30683496907298,8,0
56,5,0.08771929824561403,113.84047065593737,3,0
60,7,0.11475409836065574,177.77781961506784,3,0
50,3,0.058823529411764705,134.51735827138415,6,0
37,3,0.07894736842105263,127.41882160460494,6,0
64,12,0.18461538461538463,97.17171058299085,4,0
52,3,0.05660377358490566,117.08784539554338,2,0
39,4,0.1,123.43139282107907,8,0
55,6,0.10714285714285714,96.36968110727099,6,0
46,5,0.10638297872340426,111.23048562692736,3,0
45,5,0.10869565217391304,115.0259994569097,3,0
64,6,0.09230769230769231,121.67761982769655,6,0
48,1,0.02040816326530612,67.11879029875188,2,0
47,7,0.14583333333333334,115.94188377887207,11,0
53,7,0.12962962962962962,108.67961450760205,5,0
34,2,0.05714285714285714,119.373475511253,7,0
51,5,0.09615384615384616,151.05829698540768,7,0
51,7,0.1346153846153846,181.57186476363617,4,0
44,9,0.2,140.35131598933881,2,0
44,8,0.17777777777777778,82.96733483800992,5,0
51,8,0.15384615384615385,109.63779144502396,3,0
61,4,0.06451612903225806,137.87889926493273,3,0
39,7,0.175,134.49871489287068,7,0
63,9,0.140625,149.61977206359222,9,0
50,4,0.0784313725490196,117.07947017128213,2,0
38,3,0.07692307692307693,109.09499266903484,4,0
62,6,0.09523809523809523,172.57272011748117,5,0
53,6,0.1111111111111111,121.76011810108913,3,0
52,4,0.07547169811320754,89.49976871936656,7,0
55,2,0.03571428571428571,164.25400971098765,8,0
49,3,0.06,75.11713525816666,4,0
42,4,0.09302325581395349,15.148643325341837,2,0
46,3,0.06382978723404255,143.0816027411272,9,0
42,6,0.13953488372093023,147.32102913073894,2,0
41,2,0.047619047619047616,132.42038825834072,5,0
44,7,0.15555555555555556,80.92631748023851,2,0
45,7,0.15217391304347827,118.23390434273037,9,0
60,9,0.14754098360655737,111.65494279338387,3,0
52,7,0.1320754716981132,103.88132967322832,4,0
48,2,0.04081632653061224,162.36208292427838,5,0
53,5,0.09259259259259259,88.60001824104933,4,0
45,2,0.043478260869565216,129.483133593192,9,0
39,9,0.225,155.82140950987724,4,1
50,4,0.0784313725490196,131.44324575957114,7,0
44,5,0.1111111111111111,157.23355117486122,4,0
46,6,0.1276595744680851,136.91144167286788,1,0
47,8,0.16666666666666666,132.88049011476087,4,0
61,8,0.12903225806451613,131.0050460649644,5,0
49,6,0.12,138.4032979995045,4,0
60,6,0.09836065573770492,108.43382707763219,6,0
65,7,0.10606060606060606,80.94378444381641,5,0
47,2,0.041666666666666664,148.6213023438993,4,0
51,8,0.15384615384615385,154.852269015173,9,1
48,5,0.10204081632653061,127.55936432718131,2,0
55,2,0.03571428571428571,103.5487314109689,5,0
64,10,0.15384615384615385,73.26848650411085,7,0
44,4,0.08888888888888889,122.57421299770164,4,0
31,5,0.15625,79.53148965846086,6,0
40,6,0.14634146341463414,75.33037492086223,9,0
45,6,0.13043478260869565,119.37805415952921,8,0
44,2,0.044444444444444446,97.08691496435956,1,0
39,3,0.075,130.35928668494313,4,0
44,7,0.15555555555555556,115.22113192314377,7,0
61,9,0.14516129032258066,101.8009630133217,8,0
47,4,0.08333333333333333,68.85254757813104,5,0
48,4,0.08163265306122448,94.41335622508927,8,0
49,3,0.06,95.51590529846729,4,0
65,11,0.16666666666666666,83.24076979455114,8,0
51,3,0.057692307692307696,110.12867114272845,3,0
43,3,0.06818181818181818,85.58244026476045,3,0
42,5,0.11627906976744186,115.08771758126355,2,0
52,4,0.07547169811320754,127.21233641005968,6,0
47,8,0.16666666666666666,95.21490136832466,4,0
51,1,0.019230769230769232,132.76225888255755,14,0
37,0,0.0,79.15926386256889,4,0
57,6,0.10344827586206896,86.63467804811128,7,0
58,6,0.1016949152542373,116.60348107125692,8,0
40,2,0.04878048780487805,140.61123275665915,4,0
46,4,0.0851063829787234,146.021986244678,7,0
57,5,0.08620689655172414,168.37171866472679,4,0
50,8,0.1568627450980392,108.7023337554747,3,0
48,1,0.02040816326530612,116.17496043965086,2,0
41,8,0.19047619047619047,89.01973412946039,5,0
35,4,0.1111111111111111,82.3870100402693,8,0
43,2,0.045454545454545456,126.85716258982575,3,0
47,2,0.041666666666666664,96.72385501661272,2,0
58,6,0.1016949152542373,156.97137600051872,9,0
64,5,0.07692307692307693,76.12842804397827,2,0
51,4,0.07692307692307693,134.59059617474088,4,0
53,4,0.07407407407407407,89.82782283548912,7,0
53,6,0.1111111111111111,95.3865459968375,6,0
35,4,0.1111111111111111,136.17336195756093,5,0
51,2,0.038461538461538464,99.72358691676276,4,0
43,4,0.09090909090909091,104.526477974403,5,0
46,6,0.1276595744680851,95.63524909345294,5,0
41,2,0.047619047619047616,173.55089374840324,8,0
57,9,0.15517241379310345,101.4754106675997,3,0
50,5,0.09803921568627451,121.5465665229829,3,0
54,9,0.16363636363636364,113.94259199156777,2,0
45,2,0.043478260869565216,126.64251185172783,3,0
52,11,0.20754716981132076,101.55789159102194,9,0
45,5,0.10869565217391304,113.9754829637505,6,0
41,4,0.09523809523809523,131.81856026981805,2,0
48,5,0.10204081632653061,94.10978585991025,5,0
60,2,0.03278688524590164,152.67964069884462,5,0
51,9,0.17307692307692307,155.56441557124896,6,1
54,6,0.10909090909090909,138.19477878476218,6,0
40,2,0.04878048780487805,122.0962915078945,7,0
53,1,0.018518518518518517,30.28195655386392,2,0
42,1,0.023255813953488372,132.7287339796339,1,0
64,7,0.1076923076923077,108.26008784313407,2,0
56,6,0.10526315789473684,112.6117676574738,4,0
57,6,0.10344827586206896,63.0786800843155,7,0
52,4,0.07547169811320754,134.8076545762258,6,0
45,5,0.10869565217391304,76.54256859519137,6,0
50,5,0.09803921568627451,123.55273637974183,8,0
47,1,0.020833333333333332,147.13972445729524,5,0
47,3,0.0625,105.92015456047343,7,0
61,3,0.04838709677419355,156.4815517568532,7,0
47,7,0.14583333333333334,97.5902886537846,5,0
53,7,0.12962962962962962,138.01299230193004,5,0
63,13,0.203125,80.85642745624418,7,0
66,5,0.07462686567164178,150.9339130404157,10,0
52,8,0.1509433962264151,146.2797114773787,6,0
60,6,0.09836065573770492,134.05073768891188,1,0
54,5,0.09090909090909091,108.20147590158567,5,0
41,3,0.07142857142857142,77.93998129715663,6,0
60,7,0.11475409836065574,108.28079054341627,5,0
41,7,0.16666666666666666,153.30921527244368,2,1
52,4,0.07547169811320754,123.89885614707346,5,0
45,3,0.06521739130434782,73.40889211462651,6,0
48,6,0.12244897959183673,86.25817081740176,7,0
50,10,0.19607843137254902,157.5945420255684,3,1
62,8,0.12698412698412698,134.63738256383658,5,0
55,4,0.07142857142857142,82.97999637780217,5,0
43,4,0.09090909090909091,67.0250551147622,3,0
54,5,0.09090909090909091,101.24873596199801,3,0
49,7,0.14,64.45923876030241,1,0
56,7,0.12280701754385964,115.32496529978998,4,0
53,6,0.1111111111111111,193.54876115508912,5,0
45,3,0.06521739130434782,72.09131772902484,8,0
40,7,0.17073170731707318,114.41923010381355,4,0
43,5,0.11363636363636363,159.3577972599375,7,0
61,11,0.1774193548387097,142.47263574900285,3,0
55,6,0.10714285714285714,115.53777855602586,6,0
51,7,0.1346153846153846,115.60953989495408,4,0
56,8,0.14035087719298245,85.32270652726262,7,0
54,4,0.07272727272727272,111.9703268998334,2,0
58,10,0.1694915254237288,127.3032214272039,6,0
53,1,0.018518518518518517,153.1534062982227,6,0
54,7,0.12727272727272726,101.39473129455732,4,0
49,9,0.18,114.30494615809613,7,0
49,4,0.08,91.52359557729953,8,0
50,6,0.11764705882352941,126.75975538621516,4,0
57,6,0.10344827586206896,143.5133835092689,9,0
44,6,0.13333333333333333,138.88944040289684,3,0
58,8,0.13559322033898305,84.89438773672934,6,0
50,5,0.09803921568627451,124.40589628369244,4,0
47,7,0.14583333333333334,99.68062415249435,1,0
44,3,0.06666666666666667,150.331500469585,6,0
57,4,0.06896551724137931,115.16061831679386,6,0
45,4,0.08695652173913043,74.41459985276747,4,0
47,6,0.125,113.405918831768,8,0
49,3,0.06,133.75417707596642,4,0
54,6,0.10909090909090909,127.32018189428399,7,0
59,5,0.08333333333333333,104.64611959044059,7,0
41,6,0.14285714285714285,102.44179830386561,4,0
57,2,0.034482758620689655,90.37486805351051,7,0
46,5,0.10638297872340426,108.15751138994081,2,0
50,6,0.11764705882352941,94.32963100422592,9,0
53,9,0.16666666666666666,149.10257958531943,5,0
66,8,0.11940298507462686,92.96587827805152,9,0
70,9,0.1267605633802817,123.66853387086603,10,0
50,8,0.1568627450980392,121.62911709978998,4,0
49,6,0.12,148.37002343654734,9,0
49,4,0.08,152.68104866875112,5,0
55,8,0.14285714285714285,140.87909829843986,3,0
58,7,0.11864406779661017,130.5878502987039,3,0
52,5,0.09433962264150944,88.54061561717826,6,0
47,6,0.125,87.93389736785227,3,0
46,7,0.14893617021276595,94.62927540705152,7,0
43,9,0.20454545454545456,142.55762998883745,3,0
54,9,0.16363636363636364,122.19989784751908,6,0
66,5,0.07462686567164178,146.05971722206687,2,0
59,5,0.08333333333333333,150.08408202960248,5,0
51,3,0.057692307692307696,98.22144299102257,5,0
38,2,0.05128205128205128,120.96222982671561,4,0
49,7,0.14,119.61018963949229,8,0
48,4,0.08163265306122448,110.16636931127354,7,0
57,6,0.10344827586206896,103.95471436425865,4,0
43,5,0.11363636363636363,155.5426651023317,4,0
55,7,0.125,121.55915180146502,3,0
50,3,0.058823529411764705,120.39434365679304,4,0
48,4,0.08163265306122448,95.91666975394213,3,0
55,5,0.08928571428571429,140.25637291240514,2,0
42,3,0.06976744186046512,89.84677497485956,5,0
45,9,0.1956521739130435,133.64716586534047,8,0
40,6,0.14634146341463414,134.46688080165487,7,0
45,4,0.08695652173913043,107.62454852029293,7,0
41,6,0.14285714285714285,129.5295624354954,4,0
59,5,0.08333333333333333,125.57008677133462,3,0
56,7,0.12280701754385964,118.81918125569551,4,0
54,4,0.07272727272727272,120.38831940435698,5,0
48,6,0.12244897959183673,121.85345469580564,2,0
51,5,0.09615384615384616,123.89735018016144,7,0
40,2,0.04878048780487805,121.8072609403112,2,0
53,4,0.07407407407407407,86.88407429363575,6,0
66,6,0.08955223880597014,115.43367146983185,9,0
46,6,0.1276595744680851,127.94845803590616,6,0
46,2,0.0425531914893617,122.91866185617874,9,0
51,6,0.11538461538461539,148.61250778185416,2,0
57,7,0.1206896551724138,138.60259768498364,4,0
55,6,0.10714285714285714,93.88771394840592,4,0
48,6,0.12244897959183673,115.00118675836815,5,0
69,5,0.07142857142857142,110.65990039658436,4,0
48,5,0.10204081632653061,119.86954540118448,6,0
47,8,0.16666666666666666,119.910558004839,5,0
35,4,0.1111111111111111,138.34565007719547,3,0
49,5,0.1,125.3198508942343,6,0
57,7,0.1206896551724138,156.9163501562565,5,0
50,4,0.0784313725490196,127.2300941298708,5,0
53,6,0.1111111111111111,95.08228438988169,5,0
44,7,0.15555555555555556,105.98158139495341,3,0
32,0,0.0,138.11367212195276,8,0
45,7,0.15217391304347827,71.57495206482943,8,0
50,3,0.058823529411764705,79.62358755719865,4,0
59,6,0.1,120.32091621375692,2,0
46,7,0.14893617021276595,148.52766355563497,6,0
47,7,0.14583333333333334,159.21106295864632,7,0
54,8,0.14545454545454545,113.48682758934686,9,0
52,9,0.16981132075471697,151.82486060957652,7,1
43,4,0.09090909090909091,122.16803729306693,5,0
64,7,0.1076923076923077,74.05755053270309,7,0
53,5,0.09259259259259259,119.75770390564891,4,0
41,3,0.07142857142857142,101.43275626135346,8,0
46,4,0.0851063829787234,147.54692641433223,6,0
42,5,0.11627906976744186,119.2297421893654,2,0
47,5,0.10416666666666667,81.66260680330589,5,0
51,7,0.1346153846153846,75.00855567274323,4,0
46,6,0.1276595744680851,119.37060127756646,4,0
59,2,0.03333333333333333,47.39347585620884,5,0
47,5,0.10416666666666667,104.45504130516298,6,0
47,4,0.08333333333333333,126.93090977228525,4,0
52,5,0.09433962264150944,88.28950487833926,6,0
43,6,0.13636363636363635,149.8196147071599,4,0
57,6,0.10344827586206896,155.73019649252075,4,0
39,6,0.15,89.49897141744145,8,0
54,7,0.12727272727272726,111.0586747741054,4,0
53,5,0.09259259259259259,149.84079453964415,4,0
54,7,0.12727272727272726,119.96077397234733,5,0
46,1,0.02127659574468085,78.1656426570294,4,0
44,1,0.022222222222222223,115.70036794306941,4,0
62,3,0.047619047619047616,94.41215033112482,5,0
48,4,0.08163265306122448,153.24593689277657,3,0
52,4,0.07547169811320754,138.17796282973768,10,0
38,8,0.20512820512820512,110.58729164203116,5,0
56,6,0.10526315789473684,124.26444037590122,7,0
57,7,0.1206896551724138,80.75635269082541,3,0
53,4,0.07407407407407407,97.38667624327165,4,0
52,4,0.07547169811320754,166.5983756307748,2,0
47,4,0.08333333333333333,121.60543957739002,10,0
37,5,0.13157894736842105,147.90257414374096,6,0
50,5,0.09803921568627451,126.96039265224086,6,0
50,5,0.09803921568627451,159.42845529088572,5,0
48,5,0.10204081632653061,60.0348740220234,5,0
59,8,0.13333333333333333,114.35347247942981,9,0
52,2,0.03773584905660377,169.34344938649167,6,0
49,6,0.12,148.68520306681933,2,0
37,4,0.10526315789473684,159.76116776370574,2,0
37,4,0.10526315789473684,119.79706219030527,5,0
52,4,0.07547169811320754,103.8868075375985,6,0
56,5,0.08771929824561403,89.18506620936215,7,0
54,4,0.07272727272727272,87.09215725015468,5,0
32,7,0.21212121212121213,144.21181686625556,6,0
42,4,0.09302325581395349,135.39633151262555,10,0
48,11,0.22448979591836735,118.0027965200892,6,0
49,5,0.1,135.24571964555042,5,0
48,3,0.061224489795918366,124.27355277156182,4,0
59,6,0.1,148.8665310419845,3,0
59,2,0.03333333333333333,148.58060264724512,4,0
41,7,0.16666666666666666,88.02377698545473,1,0
43,6,0.13636363636363635,128.2093796240937,7,0
59,7,0.11666666666666667,69.93399749417753,5,0
55,6,0.10714285714285714,123.99062214271788,6,0
57,6,0.10344827586206896,138.12912839104757,2,0
56,12,0.21052631578947367,80.58841965620518,3,0
64,5,0.07692307692307693,107.50611793617503,4,0
49,6,0.12,120.28579131659407,4,0
57,6,0.10344827586206896,127.0174474912017,3,0
42,8,0.18604651162790697,111.64188890325495,4,0
57,8,0.13793103448275862,84.83135542785985,3,0
49,12,0.24,118.37978394242225,3,0
58,6,0.1016949152542373,70.43269299177067,3,0
59,4,0.06666666666666667,113.02075689953566,7,0
43,4,0.09090909090909091,106.75879158909211,8,0
45,6,0.13043478260869565,115.97202979681738,7,0
34,5,0.14285714285714285,103.22034067572952,4,0
57,0,0.0,74.76957485531399,4,0
44,4,0.08888888888888889,109.00970038231463,6,0
50,3,0.058823529411764705,147.92460375111958,7,0
49,7,0.14,157.84382411966413,4,0
52,3,0.05660377358490566,193.180028361578,3,0
42,5,0.11627906976744186,170.74951225192993,6,0
48,3,0.061224489795918366,84.09186219995688,1,0
52,4,0.07547169811320754,107.74687196182022,6,0
42,7,0.16279069767441862,119.31643095486669,10,0
51,4,0.07692307692307693,117.433204972989,2,0
50,2,0.0392156862745098,122.08599989688678,7,0
53,2,0.037037037037037035,192.22774264642675,9,0
45,4,0.08695652173913043,87.53845362622808,8,0
52,6,0.11320754716981132,98.59406591357103,4,0
52,4,0.07547169811320754,169.3147779026728,6,0
56,7,0.12280701754385964,101.52055970745444,5,0
52,2,0.03773584905660377,131.80741951007147,4,0
50,7,0.13725490196078433,151.03972109604626,6,0
52,7,0.1320754716981132,134.5949705019609,6,0
49,10,0.2,125.75296899307477,5,0
50,8,0.1568627450980392,148.15832309081952,10,0
49,4,0.08,93.20794330485089,4,0
47,4,0.08333333333333333,105.10910611511996,9,0
41,5,0.11904761904761904,136.06912765395492,5,0
56,3,0.05263157894736842,57.91682222357247,5,0
56,4,0.07017543859649122,162.4975147003408,7,0
51,3,0.057692307692307696,129.10177125593344,6,0
44,4,0.08888888888888889,124.5909525834345,5,0
41,4,0.09523809523809523,71.08461367076828,3,0
46,3,0.06382978723404255,81.40172623800785,9,0
43,1,0.022727272727272728,108.04249007097415,6,0
68,8,0.11594202898550725,144.22289550886796,1,0
49,1,0.02,57.70151963404244,5,0
53,10,0.18518518518518517,143.65094402332068,3,0
45,3,0.06521739130434782,109.199060276749,5,0
53,6,0.1111111111111111,113.29729581775044,3,0
42,4,0.09302325581395349,127.6077882507242,3,0
51,2,0.038461538461538464,128.07951713539234,3,0
40,4,0.0975609756097561,98.62714230190208,3,0
54,5,0.09090909090909091,138.74730265406527,4,0
54,8,0.14545454545454545,50.41805580310684,1,0
65,8,0.12121212121212122,106.48743340297037,0,0
53,2,0.037037037037037035,124.61045289530712,2,0
67,5,0.07352941176470588,109.65152054356575,4,0
45,3,0.06521739130434782,65.19269088102055,6,0
49,2,0.04,142.74082136281413,4,0
46,4,0.0851063829787234,82.54836563618844,6,0
44,9,0.2,117.97457977415131,2,0
49,5,0.1,124.59103791202868,3,0
59,7,0.11666666666666667,120.59481461296102,5,0
38,5,0.1282051282051282,155.07032777591445,4,0
55,8,0.14285714285714285,118.4021232001894,4,0
39,2,0.05,132.8236621409082,7,0
44,6,0.13333333333333333,118.32287900546277,4,0
57,8,0.13793103448275862,138.38868252498824,6,0
49,3,0.06,161.8048589114257,2,0
42,3,0.06976744186046512,124.12625488416582,9,0
48,9,0.1836734693877551,143.45551072748998,3,0
42,6,0.13953488372093023,163.65986804646593,6,0
62,5,0.07936507936507936,160.71552740922814,6,0
43,4,0.09090909090909091,108.44131789166369,4,0
55,5,0.08928571428571429,151.09297067235502,6,0
46,4,0.0851063829787234,127.46313480141579,6,0
49,4,0.08,153.5168999320174,7,0
49,4,0.08,137.0590375068885,8,0
42,5,0.11627906976744186,128.27004228108564,2,0
51,7,0.1346153846153846,133.01916241039063,5,0
49,7,0.14,127.65713868116794,4,0
54,3,0.05454545454545454,128.8299913540953,5,0
61,8,0.12903225806451613,115.23502918254273,7,0
51,4,0.07692307692307693,112.44826978177448,3,0
51,5,0.09615384615384616,172.89524788118007,8,0
41,7,0.16666666666666666,134.32583733333553,7,0
49,5,0.1,102.800852333058,3,0
52,3,0.05660377358490566,111.67747705711069,2,0
57,3,0.05172413793103448,151.68775360343852,9,0
48,5,0.10204081632653061,97.91439869734141,6,0
57,7,0.1206896551724138,75.53916954566968,2,0
48,11,0.22448979591836735,77.74652578193866,6,0
62,8,0.12698412698412698,68.13073199385636,7,0
53,8,0.14814814814814814,81.03555425206625,5,0
48,6,0.12244897959183673,84.57402180597569,8,0
37,6,0.15789473684210525,161.55712138824416,4,1
56,3,0.05263157894736842,118.61462362022195,7,0
53,9,0.16666666666666666,109.10209382589848,2,0
50,4,0.0784313725490196,76.6976081094428,5,0
62,10,0.15873015873015872,115.70620807585979,2,0
49,2,0.04,67.88015812307422,4,0
48,6,0.12244897959183673,108.91748486140905,11,0
45,6,0.13043478260869565,181.93483169531027,4,0
59,13,0.21666666666666667,139.91410736119096,6,0
54,7,0.12727272727272726,113.70605518936408,7,0
47,4,0.08333333333333333,140.9437081621907,5,0
45,5,0.10869565217391304,104.35370465617295,4,0
60,5,0.08196721311475409,95.97966771362437,7,0
49,3,0.06,171.12388888598525,6,0
59,4,0.06666666666666667,85.7317603823918,8,0
50,3,0.058823529411764705,109.37636292967949,5,0
58,6,0.1016949152542373,129.1809984709053,4,0
48,8,0.16326530612244897,91.91297382727655,4,0
55,9,0.16071428571428573,139.51814860894228,6,0
51,2,0.038461538461538464,110.80216426073243,6,0
50,2,0.0392156862745098,139.9173098270057,11,0
48,3,0.061224489795918366,137.57952539251556,5,0
59,4,0.06666666666666667,112.7096360812251,3,0
49,2,0.04,171.31976017772956,6,0
54,5,0.09090909090909091,100.03992589699675,9,0
53,6,0.1111111111111111,160.4661141164621,2,0
48,5,0.10204081632653061,155.24799727884124,4,0
68,7,0.10144927536231885,173.12646622981322,2,0
50,4,0.0784313725490196,125.22168118029063,3,0
45,5,0.10869565217391304,96.3424286421603,5,0
45,6,0.13043478260869565,182.30389755988642,2,0
54,4,0.07272727272727272,109.95895596070908,6,0
45,2,0.043478260869565216,95.59372281883394,5,0
57,4,0.06896551724137931,114.30639762285561,5,0
52,3,0.05660377358490566,90.54927851528767,2,0
58,5,0.0847457627118644,135.78446475370038,5,0
45,2,0.043478260869565216,101.82994854724463,5,0
51,5,0.09615384615384616,111.37547490285384,7,0
49,3,0.06,149.03336584994886,5,0
55,7,0.125,138.71079630528575,4,0
43,1,0.022727272727272728,120.46753717708975,3,0
44,5,0.1111111111111111,125.12620586240946,5,0
47,3,0.0625,120.36766291894625,5,0
51,0,0.0,107.06534800747906,7,0
42,6,0.13953488372093023,119.92420017456638,4,0
49,6,0.12,134.72524876478832,5,0
51,2,0.038461538461538464,116.21513613063482,4,0
54,6,0.10909090909090909,132.59302890690822,7,0
44,5,0.1111111111111111,94.89993664730858,4,0
65,6,0.09090909090909091,101.88319046562886,7,0
50,4,0.0784313725490196,97.97038490178073,5,0
36,6,0.16216216216216217,103.04605884622781,4,0
41,3,0.07142857142857142,158.61543140118272,7,0
51,4,0.07692307692307693,141.7811637933108,3,0
42,3,0.06976744186046512,87.69230643946963,0,0
46,6,0.1276595744680851,133.12494889225366,8,0
46,8,0.1702127659574468,108.2825306205429,5,0
44,6,0.13333333333333333,99.52846243585303,4,0
48,6,0.12244897959183673,75.4278160283248,4,0
45,9,0.1956521739130435,149.15756081460734,5,0
50,6,0.11764705882352941,79.08410550998585,4,0
49,6,0.12,118.44110465970377,6,0
63,12,0.1875,91.61066262825393,10,0
46,0,0.0,143.27531841209773,6,0
45,5,0.10869565217391304,109.96944521058148,5,0
55,7,0.125,115.96612033438966,2,0
37,6,0.15789473684210525,116.97797211209901,5,0
57,8,0.13793103448275862,129.0771100480735,8,0
53,7,0.12962962962962962,120.39014291949928,6,0
60,10,0.16393442622950818,118.70180433116651,4,0
50,5,0.09803921568627451,104.44794074235666,6,0
60,1,0.01639344262295082,72.75811879973722,7,0
46,1,0.02127659574468085,86.44347121374435,6,0
44,4,0.08888888888888889,141.55439216041935,5,0
59,5,0.08333333333333333,110.82541610021107,9,0
48,4,0.08163265306122448,100.07970666832561,4,0
47,4,0.08333333333333333,77.82815566745865,6,0
42,7,0.16279069767441862,68.41058579728943,5,0
44,4,0.08888888888888889,98.90379359615405,5,0
48,7,0.14285714285714285,146.6415856213577,3,0
48,8,0.16326530612244897,103.28789419133045,6,0
38,4,0.10256410256410256,132.01456575724342,10,0
52,5,0.09433962264150944,101.90820511806126,6,0
49,6,0.12,139.16600088086545,5,0
50,6,0.11764705882352941,109.44747594573992,5,0
41,3,0.07142857142857142,83.04347263348511,9,0
40,2,0.04878048780487805,111.9314079630167,7,0
52,4,0.07547169811320754,175.0200125484122,5,0
44,2,0.044444444444444446,173.69652946652565,7,0
44,3,0.06666666666666667,134.59599908338095,6,0
43,3,0.06818181818181818,115.88823553758893,5,0
50,6,0.11764705882352941,129.1170540628525,6,0
42,8,0.18604651162790697,129.5055701619987,5,0
57,7,0.1206896551724138,118.80339742898695,6,0
48,8,0.16326530612244897,133.2283205976785,3,0
45,6,0.13043478260869565,126.2468058646069,8,0
51,6,0.11538461538461539,110.5208284390706,3,0
65,6,0.09090909090909091,84.14229601849071,3,0
56,4,0.07017543859649122,106.19822273339503,4,0
46,7,0.14893617021276595,143.9855654722079,6,0
51,8,0.15384615384615385,119.05613326513907,4,0
50,5,0.09803921568627451,129.00860674762515,5,0
38,0,0.0,111.50953416886763,6,0
60,8,0.13114754098360656,88.21207484968126,3,0
41,3,0.07142857142857142,112.84110855384532,5,0
49,1,0.02,89.32632297751945,6,0
41,6,0.14285714285714285,87.41132479189346,6,0
40,4,0.0975609756097561,156.1690982660823,8,0
56,7,0.12280701754385964,107.39741985197351,8,0
54,9,0.16363636363636364,97.75545823619899,4,0
48,5,0.10204081632653061,168.53879053142717,5,0
32,3,0.09090909090909091,144.44955106212726,4,0
43,3,0.06818181818181818,108.85472323494486,6,0
58,5,0.0847457627118644,132.82908976657106,4,0
53,7,0.12962962962962962,112.92635045217892,6,0
52,5,0.09433962264150944,99.21960962161201,4,0
52,3,0.05660377358490566,134.24073673455013,5,0
41,2,0.047619047619047616,110.2709434403939,4,0
60,6,0.09836065573770492,122.26494026998209,5,0
53,5,0.09259259259259259,150.64089704699015,3,0
48,6,0.12244897959183673,147.3363931138613,6,0
47,4,0.08333333333333333,103.49720124431771,8,0
55,3,0.05357142857142857,134.58094806861257,3,0
65,6,0.09090909090909091,86.16431261562732,4,0
50,8,0.1568627450980392,133.51242483947115,8,0
62,4,0.06349206349206349,124.45485917403317,3,0
51,6,0.11538461538461539,131.36938087090292,5,0
44,5,0.1111111111111111,111.07665736067302,2,0
63,8,0.125,182.52213820957468,4,0
49,3,0.06,92.96100877139057,3,0
62,10,0.15873015873015872,149.14655132905386,6,0
50,6,0.11764705882352941,89.04905040695004,2,0
43,6,0.13636363636363635,135.13032523887964,3,0
51,4,0.07692307692307693,137.27369931755348,1,0
50,6,0.11764705882352941,121.64927614686856,12,0
59,8,0.13333333333333333,105.14026768368888,6,0
48,4,0.08163265306122448,124.23404672235897,6,0
53,5,0.09259259259259259,128.01031000290524,5,0
62,7,0.1111111111111111,173.69809458918849,3,0
54,3,0.05454545454545454,93.82979144099112,6,0
63,8,0.125,103.32259511057995,3,0
39,1,0.025,128.5420667120801,3,0
47,3,0.0625,112.31838628814245,8,0
52,6,0.11320754716981132,116.998768868082,5,0
57,3,0.05172413793103448,152.11055506091282,6,0
55,10,0.17857142857142858,35.39200489712296,7,0
46,7,0.14893617021276595,102.06151964946567,4,0
45,5,0.10869565217391304,67.72892321246252,7,0
46,6,0.1276595744680851,84.1255068928779,4,0
47,7,0.14583333333333334,192.1387347621741,4,0
56,4,0.07017543859649122,137.94504401858268,4,0
52,7,0.1320754716981132,148.54694775174312,3,0
53,3,0.05555555555555555,117.58411050640706,5,0
55,5,0.08928571428571429,142.7614147449573,5,0
59,6,0.1,67.00306477439253,9,0
38,5,0.1282051282051282,151.14895235308802,6,0
50,1,0.0196078431372549,95.404676443203,4,0
49,4,0.08,104.0605254202226,7,0
50,5,0.09803921568627451,135.15453211363956,5,0
52,4,0.07547169811320754,129.49340275746644,6,0
42,6,0.13953488372093023,122.53860145180646,2,0
52,6,0.11320754716981132,79.10711539259043,4,0
48,3,0.061224489795918366,122.99441006464926,7,0
42,2,0.046511627906976744,148.81684060449686,6,0
52,6,0.11320754716981132,104.02538711700618,2,0
48,4,0.08163265306122448,159.44811136020888,2,0
49,3,0.06,93.81924192257972,5,0
46,4,0.0851063829787234,120.19643675155122,3,0
44,3,0.06666666666666667,166.0598320012984,9,0
45,2,0.043478260869565216,99.55800261901172,1,0
47,5,0.10416666666666667,151.61956450131223,3,0
53,7,0.12962962962962962,179.23957086665428,8,0
52,5,0.09433962264150944,125.13132206772451,0,0
45,6,0.13043478260869565,104.18949037850079,6,0
49,3,0.06,96.81783591149929,3,0
51,5,0.09615384615384616,159.13808110041975,9,0
52,6,0.11320754716981132,158.30082598018947,5,0
51,6,0.11538461538461539,163.47927368606025,9,0
40,5,0.12195121951219512,119.01484948032159,3,0
45,6,0.13043478260869565,151.13420824581314,4,0
48,5,0.10204081632653061,118.5348182662179,2,0
46,2,0.0425531914893617,93.50834635174922,3,0
53,6,0.1111111111111111,153.7253035533706,3,0
56,7,0.12280701754385964,169.01610834834614,2,0
53,11,0.2037037037037037,89.3819408165604,6,0
47,6,0.125,88.8170711129799,2,0
57,7,0.1206896551724138,121.19945802690374,2,0
44,4,0.08888888888888889,148.68385817223,6,0
47,7,0.14583333333333334,85.9854241873814,2,0
46,11,0.23404255319148937,126.81047210867717,8,0
40,5,0.12195121951219512,102.28719137820744,5,0
62,7,0.1111111111111111,141.02487299475007,2,0
55,3,0.05357142857142857,96.06339535512329,5,0
53,7,0.12962962962962962,143.15409000822538,6,0
46,6,0.1276595744680851,115.25355567546876,5,0
50,7,0.13725490196078433,91.88578428956872,7,0
45,2,0.043478260869565216,121.91069866280665,4,0
38,4,0.10256410256410256,61.86080056534942,6,0
44,3,0.06666666666666667,103.2271628368518,5,0
39,5,0.125,130.12203210973985,5,0
45,3,0.06521739130434782,66.84735662904313,6,0
50,6,0.11764705882352941,42.86589440683767,6,0
50,4,0.0784313725490196,49.818980405604975,6,0
51,1,0.019230769230769232,159.8138566650111,3,0
47,5,0.10416666666666667,117.69722961711813,5,0
47,2,0.041666666666666664,104.02603817978438,5,0
49,6,0.12,148.3546420700049,5,0
40,7,0.17073170731707318,107.86650952592667,3,0
55,10,0.17857142857142858,128.05385699600197,7,0
41,3,0.07142857142857142,120.77266052769788,2,0
49,7,0.14,105.87001737741066,3,0
48,4,0.08163265306122448,128.82437651667317,5,0
66,10,0.14925373134328357,143.19783664260433,5,0
57,7,0.1206896551724138,114.45280148949037,7,0
32,1,0.030303030303030304,106.18333280536156,6,0
51,4,0.07692307692307693,109.7246277600164,6,0
59,5,0.08333333333333333,51.062624016428046,5,0
44,6,0.13333333333333333,128.49178639526735,3,0
62,6,0.09523809523809523,83.72666133034346,5,0
56,7,0.12280701754385964,138.89156172356772,3,0
50,5,0.09803921568627451,117.28727697974118,5,0
44,9,0.2,123.15363289591322,6,0
29,6,0.2,141.00987511818607,5,0
60,5,0.08196721311475409,92.20428700977196,4,0
48,6,0.12244897959183673,131.0774533005287,9,0
47,7,0.14583333333333334,128.02863157687995,3,0
56,9,0.15789473684210525,114.4565750207162,3,0
55,2,0.03571428571428571,92.15441397709387,6,0
46,3,0.06382978723404255,137.85715092165492,3,0
46,4,0.0851063829787234,141.10363633257947,5,0
46,4,0.0851063829787234,123.40806077933652,3,0
48,3,0.061224489795918366,87.89092752856065,4,0
44,4,0.08888888888888889,104.17652901223637,5,0
49,6,0.12,118.19001832739801,8,0
50,5,0.09803921568627451,140.65483649946282,4,0
50,6,0.11764705882352941,72.4953179666065,4,0
45,2,0.043478260869565216,103.0858960708687,2,0
64,9,0.13846153846153847,107.91982320173393,6,0
52,9,0.16981132075471697,117.50335261790912,4,0
46,5,0.10638297872340426,80.96024147925459,4,0
41,6,0.14285714285714285,113.4740166488,8,0
41,2,0.047619047619047616,110.68549307062231,7,0
44,6,0.13333333333333333,88.8722438553103,5,0
65,4,0.06060606060606061,116.46097247493948,10,0
51,4,0.07692307692307693,103.76492709643495,4,0
46,4,0.0851063829787234,134.86758427529122,4,0
60,6,0.09836065573770492,93.44017316986984,7,0
53,4,0.07407407407407407,122.69502366385366,6,0
48,5,0.10204081632653061,95.74833488312196,3,0
48,4,0.08163265306122448,102.00737285523562,5,0
44,7,0.15555555555555556,128.91874883116216,4,0
50,6,0.11764705882352941,127.04153198526467,4,0
56,4,0.07017543859649122,107.48933452264919,5,0
53,4,0.07407407407407407,111.91768145001996,7,0
50,7,0.13725490196078433,76.39180664671429,4,0
48,4,0.08163265306122448,162.08292931742102,4,0
68,7,0.10144927536231885,140.62369193634083,6,0
55,6,0.10714285714285714,139.5434415261332,3,0
47,4,0.08333333333333333,72.14903349131355,6,0
48,4,0.08163265306122448,102.1353002253214,2,0
51,5,0.09615384615384616,109.96361913229131,4,0
41,3,0.07142857142857142,62.06815523897963,5,0
42,3,0.06976744186046512,146.6985028822826,2,0
63,3,0.046875,163.6165346564441,4,0
53,4,0.07407407407407407,181.85804868010842,5,0
61,5,0.08064516129032258,88.6234851744679,8,0
56,10,0.17543859649122806,123.5197049050282,5,0
59,6,0.1,159.68454807451263,3,0
45,6,0.13043478260869565,112.39144563159138,6,0
45,1,0.021739130434782608,102.99036258471966,1,0
29,1,0.03333333333333333,64.01946979366528,2,0
45,6,0.13043478260869565,153.97867373315248,7,0
44,5,0.1111111111111111,119.42217731779905,5,0
51,3,0.057692307692307696,98.11974423110813,6,0
48,4,0.08163265306122448,128.5157186948658,6,0
40,4,0.0975609756097561,124.59016119535995,6,0
54,8,0.14545454545454545,125.04777307063775,6,0
55,2,0.03571428571428571,113.48705813019974,1,0
61,7,0.11290322580645161,168.67074476290097,1,0
63,8,0.125,115.99020800212733,9,0
58,11,0.1864406779661017,168.57966228969914,6,1
54,7,0.12727272727272726,136.92350779200592,6,0
65,5,0.07575757575757576,130.53510428285193,1,0
52,6,0.11320754716981132,116.60175740165535,7,0
63,8,0.125,149.21870080637763,4,0
50,6,0.11764705882352941,123.38975302733986,7,0
57,8,0.13793103448275862,92.03606354659405,6,0
36,6,0.16216216216216217,91.03523427005894,7,0
51,2,0.038461538461538464,132.67453865802815,8,0
58,3,0.05084745762711865,92.77863344500513,2,0
39,5,0.125,118.13306829082502,6,0
51,4,0.07692307692307693,151.71553615653272,1,0
48,2,0.04081632653061224,129.11910533683002,5,0
47,4,0.08333333333333333,98.33595389013757,2,0
49,7,0.14,162.2996253484842,3,0
63,4,0.0625,136.43625710984105,3,0
55,6,0.10714285714285714,150.53378961612268,2,0
50,0,0.0,51.973249703720924,5,0
46,2,0.0425531914893617,129.9255863478824,2,0
54,4,0.07272727272727272,145.2647350913968,9,0
50,2,0.0392156862745098,171.00865926893977,6,0
50,7,0.13725490196078433,76.08544247546875,4,0
43,6,0.13636363636363635,156.183437675836,3,0
44,6,0.13333333333333333,169.33140857103734,5,0
56,4,0.07017543859649122,59.481330681630624,8,0
44,4,0.08888888888888889,134.35773329609228,11,0
56,4,0.07017543859649122,138.52862443022104,9,0
49,4,0.08,110.18977012044282,6,0
54,5,0.09090909090909091,105.29716619801131,4,0
57,7,0.1206896551724138,140.03561739863466,3,0
46,2,0.0425531914893617,101.55054739768104,4,0
41,3,0.07142857142857142,113.48252014745707,3,0
46,8,0.1702127659574468,144.37304702471764,7,0
53,5,0.09259259259259259,172.62129150980593,4,0
55,9,0.16071428571428573,136.13952817626054,5,0
45,10,0.21739130434782608,124.00453486243535,2,0
48,5,0.10204081632653061,104.50807546017688,5,0
55,4,0.07142857142857142,89.68199878046832,5,0
58,8,0.13559322033898305,153.28734724502849,3,0
52,3,0.05660377358490566,115.39650446619346,6,0
48,3,0.061224489795918366,154.52109824000186,4,0
50,7,0.13725490196078433,110.11344366013614,7,0
51,5,0.09615384615384616,100.52134015916965,7,0
59,4,0.06666666666666667,132.62396666482547,4,0
65,7,0.10606060606060606,117.703921821948,4,0
45,6,0.13043478260869565,83.83414186167786,4,0
58,3,0.05084745762711865,174.52104989345543,4,0
55,4,0.07142857142857142,101.19048678685087,6,0
44,3,0.06666666666666667,147.8277456352264,5,0
42,3,0.06976744186046512,145.25569888189443,2,0
45,6,0.13043478260869565,82.2161170525693,4,0
54,7,0.12727272727272726,89.92837066150547,7,0
51,6,0.11538461538461539,110.95471980899616,5,0
57,1,0.017241379310344827,94.0306036626505,6,0
53,3,0.05555555555555555,171.79369115636064,6,0
52,4,0.07547169811320754,113.99473089604466,2,0
43,3,0.06818181818181818,146.69247128442206,5,0
56,3,0.05263157894736842,135.40912167000613,5,0
46,4,0.0851063829787234,127.9206734698906,2,0
54,2,0.03636363636363636,121.20963632218763,9,0
49,6,0.12,157.1139212336609,3,0
48,6,0.12244897959183673,95.2472107999495,6,0
46,5,0.10638297872340426,171.79005931369758,4,0
54,3,0.05454545454545454,81.38330458487715,8,0
58,9,0.15254237288135594,143.4453517686727,5,0
53,10,0.18518518518518517,77.84508420180651,0,0
40,2,0.04878048780487805,110.52883343319121,7,0
60,7,0.11475409836065574,122.79929814182901,5,0
38,6,0.15384615384615385,105.39913953511459,4,0
58,6,0.1016949152542373,114.54991291149327,5,0
59,5,0.08333333333333333,78.39088656207619,7,0
50,5,0.09803921568627451,90.37648593829346,4,0
48,5,0.10204081632653061,134.94794121587648,8,0
45,4,0.08695652173913043,120.89015474932334,6,0
51,8,0.15384615384615385,99.28415922535478,8,0
57,7,0.1206896551724138,159.72833289389013,9,0
56,4,0.07017543859649122,83.40207300029353,11,0
37,4,0.10526315789473684,109.15228602407811,6,0
54,6,0.10909090909090909,104.83031165464585,9,0
59,3,0.05,138.45112883283133,5,0
52,4,0.07547169811320754,121.44491073411584,7,0
51,8,0.15384615384615385,116.7550426039621,3,0
62,6,0.09523809523809523,64.67349888398283,0,0
49,3,0.06,145.9510344189628,3,0
44,2,0.044444444444444446,113.4652255550479,8,0
47,5,0.10416666666666667,123.4698305283126,7,0
50,5,0.09803921568627451,97.54310339718369,1,0
54,4,0.07272727272727272,92.82513711548782,1,0
51,6,0.11538461538461539,164.97863275427062,3,0
42,2,0.046511627906976744,66.80284265212762,4,0
44,2,0.044444444444444446,88.37402916651685,3,0
43,4,0.09090909090909091,164.41476458007241,4,0
42,1,0.023255813953488372,139.2223914299596,5,0
56,8,0.14035087719298245,110.23612404772742,5,0
49,3,0.06,157.3978894286596,3,0
52,6,0.11320754716981132,133.40580349188028,6,0
50,4,0.0784313725490196,126.97980275923258,7,0
62,5,0.07936507936507936,126.76686051307253,3,0
52,7,0.1320754716981132,133.95714651643482,3,0
45,4,0.08695652173913043,135.17077503892358,3,0
49,6,0.12,185.8791915868787,5,0
57,6,0.10344827586206896,114.15321564981984,5,0
54,6,0.10909090909090909,115.07858435555389,8,0
46,6,0.1276595744680851,82.89320437287859,3,0
55,6,0.10714285714285714,118.44307839536945,6,0
42,5,0.11627906976744186,175.88660698634456,5,0
44,6,0.13333333333333333,149.5345500730397,5,0
49,9,0.18,103.68996768374016,6,0
46,4,0.0851063829787234,120.90124093563855,9,0
49,5,0.1,81.10684873245016,3,0
41,2,0.047619047619047616,90.92641967105081,4,0
59,5,0.08333333333333333,124.48323457841153,3,0
47,4,0.08333333333333333,105.16636191538642,7,0
53,7,0.12962962962962962,88.66200631864746,1,0
54,5,0.09090909090909091,134.69522294213675,3,0
55,7,0.125,117.53249740040029,3,0
50,1,0.0196078431372549,72.97348884926882,4,0
49,5,0.1,57.74559101496636,3,0
60,9,0.14754098360655737,102.89965504277238,7,0
62,4,0.06349206349206349,72.35204569675417,4,0
45,1,0.021739130434782608,63.93265780588039,13,0
40,4,0.0975609756097561,153.86907604206255,8,0
52,6,0.11320754716981132,117.06867330404121,3,0
61,6,0.0967741935483871,112.03660865323491,7,0
39,4,0.1,114.34782551547752,5,0
50,6,0.11764705882352941,85.8650354762109,0,0
47,3,0.0625,132.32928495042506,5,0
53,7,0.12962962962962962,116.07899019802379,7,0
50,3,0.058823529411764705,97.27774032061764,12,0
67,6,0.08823529411764706,101.77113946425001,7,0
50,6,0.11764705882352941,83.17623860363113,0,0
51,7,0.1346153846153846,107.81271381294496,10,0
47,6,0.125,112.81116357652458,6,0
38,5,0.1282051282051282,107.03150012610108,3,0
45,4,0.08695652173913043,121.6546367202476,3,0
51,3,0.057692307692307696,117.64464885714732,5,0
37,2,0.05263157894736842,126.92305615993821,5,0
53,8,0.14814814814814814,148.29291110764783,4,0
49,7,0.14,137.7907043163924,3,0
51,9,0.17307692307692307,148.63769521531006,8,0
46,2,0.0425531914893617,94.56797310521313,6,0
64,6,0.09230769230769231,104.74155317734028,7,0
37,4,0.10526315789473684,139.60790051837904,9,0
60,7,0.11475409836065574,140.1443301429626,5,0
38,4,0.10256410256410256,99.64138147389355,6,0
47,6,0.125,138.34751777345227,5,0
48,4,0.08163265306122448,91.69403650062175,4,0
53,3,0.05555555555555555,134.43167172425382,5,0
43,3,0.06818181818181818,119.21111397403077,4,0
47,1,0.020833333333333332,78.4669318828099,9,0
46,4,0.0851063829787234,106.97778534721779,5,0
41,2,0.047619047619047616,185.4680342908648,7,0
49,4,0.08,126.08341088414984,5,0
55,6,0.10714285714285714,189.0134993015478,4,0
53,8,0.14814814814814814,76.68220410374892,7,0
40,6,0.14634146341463414,142.52225377991527,3,0
54,4,0.07272727272727272,43.969914245786526,4,0
58,3,0.05084745762711865,119.99293545255651,5,0
54,3,0.05454545454545454,138.93652132953963,3,0
47,9,0.1875,145.13670284988828,5,0
52,5,0.09433962264150944,96.0219082625876,4,0
50,3,0.058823529411764705,151.17271265930208,2,0
48,7,0.14285714285714285,103.98855719865917,4,0
36,3,0.08108108108108109,115.0770824666281,6,0
47,7,0.14583333333333334,107.00033341930099,4,0
55,4,0.07142857142857142,85.90831947803005,5,0
34,3,0.08571428571428572,167.09158762262575,9,0
45,4,0.08695652173913043,121.44053451474231,3,0
41,7,0.16666666666666666,152.61955135975884,4,1
42,6,0.13953488372093023,151.34133725293802,7,0
47,5,0.10416666666666667,90.96179357181052,3,0
50,3,0.058823529411764705,156.48381743014804,2,0
55,5,0.08928571428571429,135.10242730647968,3,0
45,9,0.1956521739130435,88.77294406581333,5,0
50,5,0.09803921568627451,133.46552494024513,4,0
44,6,0.13333333333333333,89.31096345395797,4,0
42,4,0.09302325581395349,168.1937510393592,7,0
53,5,0.09259259259259259,144.4136023476629,7,0
57,5,0.08620689655172414,117.86554313426895,5,0
43,5,0.11363636363636363,157.9441085465155,5,0
54,8,0.14545454545454545,72.54037065889386,1,0
61,6,0.0967741935483871,97.51976099639876,4,0
55,5,0.08928571428571429,112.42740834778886,5,0
49,4,0.08,187.07054044276555,6,0
48,3,0.061224489795918366,87.88551297379783,7,0
48,8,0.16326530612244897,68.7808217477798,4,0
52,4,0.07547169811320754,76.66843456505188,5,0
34,5,0.14285714285714285,147.18647607616805,4,0
42,5,0.11627906976744186,102.1742318838343,5,0
39,5,0.125,115.22740006894159,3,0
45,8,0.17391304347826086,142.88497925023452,2,0
64,7,0.1076923076923077,115.25746116126265,3,0
49,8,0.16,126.12439813524166,9,0
50,3,0.058823529411764705,136.05645442829086,7,0
46,5,0.10638297872340426,107.07970824119354,5,0
47,6,0.125,115.01048820210949,6,0
56,4,0.07017543859649122,127.25866206963035,6,0
52,7,0.1320754716981132,146.0453781915966,4,0
45,6,0.13043478260869565,96.22892207458052,4,0
44,6,0.13333333333333333,29.382722345106615,2,0
50,4,0.0784313725490196,140.3874944815694,7,0
65,8,0.12121212121212122,147.83147756250253,7,0
53,4,0.07407407407407407,126.00102486390516,4,0
51,6,0.11538461538461539,128.04879656869608,4,0
45,4,0.08695652173913043,103.07070317579488,5,0
46,5,0.10638297872340426,135.00550264604772,6,0
34,3,0.08571428571428572,145.59500459052566,4,0
54,3,0.05454545454545454,121.69489024255454,5,0
49,3,0.06,194.737449900218,6,0
48,2,0.04081632653061224,73.08776736985861,5,0
48,5,0.10204081632653061,124.88885012569041,4,0
65,9,0.13636363636363635,84.76941113048056,9,0
50,1,0.0196078431372549,146.3953777187067,5,0
50,2,0.0392156862745098,72.55573715873456,8,0
46,4,0.0851063829787234,79.98235371846904,7,0
51,6,0.11538461538461539,101.00439178352386,6,0
45,2,0.043478260869565216,127.97496509566199,5,0
47,3,0.0625,102.13585834015149,12,0
70,5,0.07042253521126761,102.4367621220272,6,0
48,4,0.08163265306122448,114.57328635221745,3,0
48,3,0.061224489795918366,112.73279522815481,4,0
44,4,0.08888888888888889,164.6234816495557,11,0
51,6,0.11538461538461539,140.57733359006903,2,0
56,6,0.10526315789473684,110.26269780646068,4,0
55,3,0.05357142857142857,182.91035733640842,4,0
47,5,0.10416666666666667,134.7498352456803,7,0
47,4,0.08333333333333333,90.93113834059355,6,0
43,7,0.1590909090909091,127.69541219975532,4,0
45,3,0.06521739130434782,136.06537634595944,10,0
50,6,0.11764705882352941,99.37125842815955,1,0
43,5,0.11363636363636363,88.42473267581883,3,0
42,3,0.06976744186046512,122.59377270127327,6,0
56,9,0.15789473684210525,109.19334686081893,5,0
55,5,0.08928571428571429,164.37383665366326,6,0
57,7,0.1206896551724138,142.23467472254745,6,0
43,2,0.045454545454545456,100.77674177740258,2,0
41,3,0.07142857142857142,132.77814332845765,8,0
49,5,0.1,158.0138442817422,8,0
55,4,0.07142857142857142,78.1858666230105,0,0
54,5,0.09090909090909091,89.31665277036743,6,0
46,4,0.0851063829787234,119.66494148161406,2,0
58,7,0.11864406779661017,121.06805903715103,5,0
45,4,0.08695652173913043,118.43407483611419,4,0
57,1,0.017241379310344827,110.67668463636967,5,0
47,5,0.10416666666666667,110.2181903264394,3,0
50,4,0.0784313725490196,131.52774410464886,3,0
44,3,0.06666666666666667,154.0182766091752,5,0
43,2,0.045454545454545456,105.57141810934719,8,0
63,4,0.0625,193.15198035511963,5,0
60,4,0.06557377049180328,178.8207430722095,1,0
53,9,0.16666666666666666,159.87766888740245,2,1
56,5,0.08771929824561403,138.67450003684687,3,0
42,1,0.023255813953488372,180.23964319410467,4,0
57,3,0.05172413793103448,111.29653905001774,7,0
48,2,0.04081632653061224,95.02186764029297,4,0
47,5,0.10416666666666667,104.22083821788047,4,0
51,3,0.057692307692307696,89.91171590729755,6,0
38,4,0.10256410256410256,123.65403966940109,7,0
50,4,0.0784313725490196,128.99491392383229,6,0
44,6,0.13333333333333333,126.02519516043321,6,0
50,4,0.0784313725490196,119.62705943454601,8,0
63,6,0.09375,123.99463584514847,3,0
48,6,0.12244897959183673,172.08971426549667,7,0
56,5,0.08771929824561403,138.6015560291725,5,0
41,6,0.14285714285714285,147.67526389814464,4,0
51,6,0.11538461538461539,125.72369810060364,4,0
55,5,0.08928571428571429,71.53233904595768,1,0
40,4,0.0975609756097561,65.58352588591467,4,0
44,8,0.17777777777777778,182.48429970625546,6,1
67,8,0.11764705882352941,104.04533174306336,9,0
52,8,0.1509433962264151,101.49745967544203,5,0
47,3,0.0625,127.36989724131747,2,0
53,5,0.09259259259259259,136.51208934989782,4,0
54,8,0.14545454545454545,140.30586412003237,5,0
50,4,0.0784313725490196,173.23255598640011,7,0
49,9,0.18,165.02209147973824,3,1
56,3,0.05263157894736842,95.67200326083535,2,0
48,8,0.16326530612244897,149.06203720265367,6,0
40,4,0.0975609756097561,108.47727245367604,4,0
60,3,0.04918032786885246,115.8747376670767,6,0
55,8,0.14285714285714285,87.18032382145913,7,0
45,3,0.06521739130434782,69.20781438505772,5,0
40,1,0.024390243902439025,119.05314862103134,8,0
58,3,0.05084745762711865,91.32054251666263,1,0
52,6,0.11320754716981132,147.8344103571611,2,0
35,7,0.19444444444444445,111.56765269439636,6,0
59,3,0.05,129.2577065684962,2,0
38,3,0.07692307692307693,161.02577261746296,5,0
46,3,0.06382978723404255,75.44114454653675,7,0
58,7,0.11864406779661017,98.26147834350938,5,0
63,4,0.0625,125.42650873697549,2,0
54,4,0.07272727272727272,129.37574447469783,7,0
48,3,0.061224489795918366,153.10492503816977,4,0
61,6,0.0967741935483871,146.01459387121793,6,0
45,7,0.15217391304347827,122.90800877192218,4,0
45,4,0.08695652173913043,129.10214011791766,8,0
52,2,0.03773584905660377,129.9322767297147,4,0
35,4,0.1111111111111111,75.90862905978733,6,0
55,7,0.125,115.30873567935116,2,0
48,3,0.061224489795918366,127.45419653991277,8,0
47,2,0.041666666666666664,133.75652576355319,5,0
35,2,0.05555555555555555,92.26909679807522,5,0
60,7,0.11475409836065574,81.93606262413327,5,0
43,5,0.11363636363636363,112.96402222445758,3,0
55,6,0.10714285714285714,179.02098333274483,5,0
57,4,0.06896551724137931,95.42257461813995,7,0
55,4,0.07142857142857142,155.2178474206443,4,0
55,10,0.17857142857142858,167.5421892913536,3,1
58,4,0.06779661016949153,121.36399578699582,8,0
41,7,0.16666666666666666,99.60456196039647,2,0
62,7,0.1111111111111111,135.38458690974676,4,0
58,3,0.05084745762711865,125.84970876298487,7,0
42,4,0.09302325581395349,94.22688059429075,6,0
46,8,0.1702127659574468,100.23591520884672,6,0
39,3,0.075,133.60739556435993,4,0
49,7,0.14,148.00321224505643,3,0
40,3,0.07317073170731707,110.31629396053837,4,0
45,5,0.10869565217391304,117.92599305335841,5,0
52,7,0.1320754716981132,140.0591571153324,2,0
51,8,0.15384615384615385,114.82539347478193,5,0
58,6,0.1016949152542373,111.02019080112348,9,0
44,5,0.1111111111111111,97.33977540818323,6,0
46,0,0.0,96.81946129877906,2,0
49,3,0.06,200.06648274669766,5,0
59,4,0.06666666666666667,114.11395019762755,1,0
64,3,0.046153846153846156,160.95174964536673,6,0
45,3,0.06521739130434782,170.51980012557212,6,0
46,4,0.0851063829787234,114.49253131520523,4,0
50,9,0.17647058823529413,131.05289425304306,8,0
50,6,0.11764705882352941,123.07435446099096,6,0
48,4,0.08163265306122448,71.6345294802397,6,0
42,9,0.20930232558139536,73.44080963255513,5,0
55,3,0.05357142857142857,121.46545400712819,4,0
53,5,0.09259259259259259,107.25259384174211,4,0
52,6,0.11320754716981132,176.74741015180768,4,0
50,2,0.0392156862745098,112.90281183916144,7,0
50,6,0.11764705882352941,178.52786991204374,2,0
55,3,0.05357142857142857,105.70825811593367,7,0
55,3,0.05357142857142857,177.36601261826803,8,0
67,4,0.058823529411764705,135.1927349084204,4,0
49,8,0.16,136.8987568731359,2,0
50,6,0.11764705882352941,104.64708129799052,10,0
66,7,0.1044776119402985,137.30751541211066,5,0
47,5,0.10416666666666667,170.7814029924375,3,0
46,3,0.06382978723404255,115.65517517819588,3,0
59,6,0.1,109.81809553900146,5,0
46,4,0.0851063829787234,112.59712383419735,2,0
49,3,0.06,168.6033481501931,4,0
49,6,0.12,145.6605362100326,2,0
48,3,0.061224489795918366,163.43039971413356,4,0
47,3,0.0625,129.40868131452808,4,0
42,6,0.13953488372093023,121.17958070333496,6,0
49,6,0.12,132.71832117211898,6,0
56,6,0.10526315789473684,152.1047560323762,5,0
60,5,0.08196721311475409,112.58645272236406,3,0
63,6,0.09375,161.06030980070358,14,0
50,6,0.11764705882352941,130.9749167119763,6,0
39,5,0.125,47.81165585909466,6,0
42,4,0.09302325581395349,146.50480281315583,4,0
61,11,0.1774193548387097,81.83084960214052,6,0
55,10,0.17857142857142858,145.7751828202196,6,0
53,5,0.09259259259259259,147.045539947145,6,0
53,7,0.12962962962962962,129.89677792143624,11,0
60,6,0.09836065573770492,136.3104269663008,4,0
51,5,0.09615384615384616,152.9661236353196,6,0
62,3,0.047619047619047616,105.13116978567817,3,0
44,5,0.1111111111111111,143.80288979107436,1,0
56,9,0.15789473684210525,154.89069908871107,11,1
44,6,0.13333333333333333,172.80247792615435,6,0
57,7,0.1206896551724138,86.8265914182089,4,0
61,4,0.06451612903225806,132.25548194963304,2,0
50,4,0.0784313725490196,91.15532402815606,5,0
49,3,0.06,89.88233946895507,6,0
50,4,0.0784313725490196,130.7708331721794,7,0
45,5,0.10869565217391304,122.32367444388416,10,0
52,4,0.07547169811320754,154.35004435565955,3,0
41,4,0.09523809523809523,109.61470651217373,6,0
54,5,0.09090909090909091,115.97845691408968,5,0
50,4,0.0784313725490196,126.34512787014555,5,0
64,3,0.046153846153846156,94.14513445690632,4,0
53,8,0.14814814814814814,98.30790464952207,7,0
43,1,0.022727272727272728,153.4829599731766,8,0
52,0,0.0,103.53134876156673,5,0
53,7,0.12962962962962962,155.47429699349055,4,0
55,12,0.21428571428571427,138.21937742004883,3,0
56,7,0.12280701754385964,73.57406923533193,3,0
44,1,0.022222222222222223,135.91136075513364,3,0
47,3,0.0625,135.67439469282382,7,0
58,10,0.1694915254237288,132.68785825533857,2,0
52,7,0.1320754716981132,115.74369820850967,6,0
44,5,0.1111111111111111,91.79797633824444,3,0
54,4,0.07272727272727272,160.3863829833786,9,0
45,1,0.021739130434782608,116.95261233831494,8,0
46,1,0.02127659574468085,93.49781518993896,4,0
45,5,0.10869565217391304,133.72406058264025,5,0
54,1,0.01818181818181818,97.71660087800228,4,0
39,9,0.225,91.52741915144637,3,0
39,2,0.05,108.73582163392683,3,0
39,5,0.125,100.03806707045777,4,0
60,4,0.06557377049180328,92.63273244046277,11,0
50,5,0.09803921568627451,144.19235286785278,6,0
52,2,0.03773584905660377,116.58516556612801,3,0
53,7,0.12962962962962962,157.56839836547675,11,0
32,3,0.09090909090909091,94.36471566810192,6,0
40,2,0.04878048780487805,68.17316887090992,5,0
51,7,0.1346153846153846,124.46311047748249,4,0
63,6,0.09375,175.67936765419248,5,0
53,9,0.16666666666666666,135.92960488086007,1,0
56,9,0.15789473684210525,216.46122588638497,7,1
59,9,0.15,129.96177362847266,2,0
60,3,0.04918032786885246,127.06656633864272,8,0
45,2,0.043478260869565216,55.33911986826247,4,0
57,11,0.1896551724137931,132.83842321765584,9,0
44,4,0.08888888888888889,125.06003280057874,3,0
61,4,0.06451612903225806,107.77736405386389,3,0
51,7,0.1346153846153846,115.89663398822789,3,0
49,3,0.06,117.95698276973462,4,0
62,8,0.12698412698412698,114.60212541203808,3,0
48,7,0.14285714285714285,182.69144889377884,6,0
50,7,0.13725490196078433,108.87413916584973,7,0
50,4,0.0784313725490196,125.07941171561572,5,0
50,4,0.0784313725490196,107.88296749841379,5,0
43,4,0.09090909090909091,143.5029355993164,6,0
56,5,0.08771929824561403,125.3029109991662,4,0
53,3,0.05555555555555555,111.60268280488556,2,0
54,5,0.09090909090909091,62.220961622784515,4,0
48,5,0.10204081632653061,127.2992467586625,8,0
53,5,0.09259259259259259,110.71271179260748,5,0
42,6,0.13953488372093023,118.17778029338696,8,0
53,5,0.09259259259259259,84.52626158263999,4,0
55,4,0.07142857142857142,162.99846518160587,5,0
43,5,0.11363636363636363,145.70229527531615,4,0
50,7,0.13725490196078433,162.92117992921897,8,0
46,4,0.0851063829787234,154.4093790234286,2,0
42,5,0.11627906976744186,137.76951906382385,3,0
56,3,0.05263157894736842,85.73152473820672,3,0
40,3,0.07317073170731707,175.30161492215575,5,0
61,9,0.14516129032258066,92.17094547337469,4,0
53,8,0.14814814814814814,111.94777127775114,5,0
51,5,0.09615384615384616,141.20706841880764,9,0
54,6,0.10909090909090909,142.69622361562216,6,0
70,10,0.14084507042253522,137.16710180833675,3,0
54,9,0.16363636363636364,107.99134556012731,4,0
43,4,0.09090909090909091,101.79205117933576,5,0
50,5,0.09803921568627451,196.03597705818407,5,0
59,5,0.08333333333333333,118.820581845005,9,0
57,3,0.05172413793103448,115.14685846083492,8,0
56,5,0.08771929824561403,98.5933052718374,7,0
58,8,0.13559322033898305,127.34011047212873,5,0
51,7,0.1346153846153846,125.94068401734212,3,0
49,8,0.16,119.51321373887114,3,0
42,1,0.023255813953488372,131.45179940363658,9,0
54,5,0.09090909090909091,172.9061250732706,7,0
64,4,0.06153846153846154,102.14841881127305,7,0
52,3,0.05660377358490566,121.2925122660636,5,0
59,9,0.15,100.56454642348332,5,0
54,5,0.09090909090909091,128.84095082476884,6,0
58,7,0.11864406779661017,102.94591495876743,5,0
49,2,0.04,104.2367102569743,3,0
46,4,0.0851063829787234,76.21429877833123,4,0
48,6,0.12244897959183673,122.93384348459024,4,0
62,4,0.06349206349206349,132.89308865714932,5,0
53,4,0.07407407407407407,175.81429059576885,6,0
47,2,0.041666666666666664,134.08507443569536,1,0
48,5,0.10204081632653061,106.50947630108041,5,0
40,8,0.1951219512195122,79.2096273694173,7,0
48,7,0.14285714285714285,83.36138983003565,4,0
52,10,0.18867924528301888,81.13114981584083,8,0
50,7,0.13725490196078433,176.34126106348143,4,0
46,7,0.14893617021276595,128.6343149077911,7,0
59,6,0.1,102.51101342214322,1,0
61,6,0.0967741935483871,91.20421184540207,4,0
45,4,0.08695652173913043,94.31676478818235,5,0
61,8,0.12903225806451613,101.72101816480864,5,0
61,4,0.06451612903225806,159.4876564876546,6,0
66,3,0.04477611940298507,119.10169658826752,5,0
54,9,0.16363636363636364,76.57600748178153,2,0
49,0,0.0,189.31377824191117,5,0
54,10,0.18181818181818182,85.79516581902308,6,0
51,6,0.11538461538461539,102.27494070228398,6,0
67,6,0.08823529411764706,159.30433162901647,4,0
43,5,0.11363636363636363,132.454488978272,3,0
48,7,0.14285714285714285,105.90231001127371,4,0
50,3,0.058823529411764705,83.05899221718497,6,0
55,7,0.125,90.9992967322492,3,0
38,5,0.1282051282051282,92.80511642770603,5,0
42,3,0.06976744186046512,120.21095393548649,2,0
44,1,0.022222222222222223,125.7318545184391,7,0
47,3,0.0625,115.54036114105972,4,0
40,2,0.04878048780487805,118.82358558227013,6,0
41,1,0.023809523809523808,88.47830414417038,7,0
61,7,0.11290322580645161,128.79408318671668,2,0
50,4,0.0784313725490196,158.41555910510988,2,0
50,8,0.1568627450980392,115.11624954751295,6,0
52,4,0.07547169811320754,114.53139880711579,4,0
40,4,0.0975609756097561,122.49003156158545,6,0
49,6,0.12,153.54614579278174,1,0
56,8,0.14035087719298245,93.15831001684079,2,0
39,4,0.1,163.52542007196405,7,0
57,5,0.08620689655172414,132.6366671830571,5,0
52,8,0.1509433962264151,120.86042087096602,6,0
47,4,0.08333333333333333,156.3971650999296,7,0
50,2,0.0392156862745098,84.53813778370633,6,0
42,4,0.09302325581395349,135.66136608734124,4,0
57,7,0.1206896551724138,132.90928693519854,7,0
56,2,0.03508771929824561,91.93634806818622,3,0
45,5,0.10869565217391304,133.81914368861464,4,0
60,6,0.09836065573770492,128.4991553814146,7,0
60,10,0.16393442622950818,114.63785640930197,3,0
53,4,0.07407407407407407,145.88452665690997,5,0
50,4,0.0784313725490196,102.84737242927005,4,0
50,5,0.09803921568627451,128.10963737530108,4,0
42,3,0.06976744186046512,116.04978652634044,6,0
42,5,0.11627906976744186,101.55909530976997,7,0
73,8,0.10810810810810811,135.08654055356314,11,0
45,6,0.13043478260869565,113.76792757952546,5,0
52,7,0.1320754716981132,75.8098062387136,8,0
44,7,0.15555555555555556,65.96801685846047,8,0
64,6,0.09230769230769231,143.67172404249607,4,0
54,11,0.2,83.38199678319508,2,0
48,3,0.061224489795918366,128.3815348020182,5,0
43,5,0.11363636363636363,121.64855680884452,5,0
52,5,0.09433962264150944,108.94404669087301,3,0
56,8,0.14035087719298245,178.7000537164602,9,0
46,4,0.0851063829787234,125.39022055381338,2,0
42,6,0.13953488372093023,142.66900448046195,9,0
53,9,0.16666666666666666,128.54448646019426,5,0
61,7,0.11290322580645161,113.05381730647557,2,0
45,6,0.13043478260869565,119.42733749292175,12,0
49,2,0.04,163.75628296981452,7,0
54,4,0.07272727272727272,152.6431587780129,3,0
45,9,0.1956521739130435,178.55959295065801,4,1
48,6,0.12244897959183673,126.64926278918652,0,0
57,6,0.10344827586206896,93.69188802897756,2,0
44,4,0.08888888888888889,106.78449166920564,7,0
50,2,0.0392156862745098,84.36665424604226,3,0
42,3,0.06976744186046512,143.01132386625832,6,0
48,5,0.10204081632653061,102.42251051768255,5,0
57,4,0.06896551724137931,28.340461610414692,4,0
51,3,0.057692307692307696,193.9132709498979,3,0
57,6,0.10344827586206896,102.88196584535054,5,0
55,6,0.10714285714285714,102.70227223542571,3,0
45,3,0.06521739130434782,170.14835077981098,6,0
50,5,0.09803921568627451,83.75245647607454,3,0
44,7,0.15555555555555556,154.098176595995,2,1
56,5,0.08771929824561403,102.37672669727935,1,0
53,8,0.14814814814814814,80.28613666209424,4,0
44,7,0.15555555555555556,171.1715328413441,3,1
44,2,0.044444444444444446,147.6929084118758,4,0
52,2,0.03773584905660377,147.60002953545128,3,0
51,5,0.09615384615384616,131.02966640366324,6,0
46,5,0.10638297872340426,137.9730489923304,4,0
31,3,0.09375,83.03525925755869,6,0
55,4,0.07142857142857142,123.34832571733982,5,0
57,6,0.10344827586206896,92.13710998647466,4,0
49,0,0.0,78.33178442810836,6,0
55,10,0.17857142857142858,132.32859992124094,8,0
40,3,0.07317073170731707,154.74448666978634,4,0
46,8,0.1702127659574468,108.49893527315808,7,0
53,3,0.05555555555555555,113.63961322996374,7,0
52,4,0.07547169811320754,85.85548064750881,3,0
55,4,0.07142857142857142,120.21651438263693,8,0
51,11,0.21153846153846154,142.80228337165244,4,0
59,1,0.016666666666666666,143.7458321018332,3,0
48,5,0.10204081632653061,136.35528526892796,6,0
52,8,0.1509433962264151,101.44706498416394,6,0
60,7,0.11475409836065574,100.49612869718545,6,0
55,5,0.08928571428571429,143.862134197228,4,0
66,11,0.16417910447761194,144.35996796650193,6,0
52,8,0.1509433962264151,114.8401504370432,7,0
46,4,0.0851063829787234,107.21484277302943,4,0
51,5,0.09615384615384616,155.017412803371,4,0
39,8,0.2,109.20154005560259,6,0
55,11,0.19642857142857142,142.37796673571344,8,0
61,6,0.0967741935483871,115.89470475425705,5,0
46,7,0.14893617021276595,88.57401656889,3,0
49,4,0.08,168.36936420071106,2,0
52,4,0.07547169811320754,123.60191687194428,1,0
55,3,0.05357142857142857,98.6776806033575,7,0
39,2,0.05,78.27582996674388,7,0
58,7,0.11864406779661017,81.29997605289499,7,0
63,6,0.09375,108.81265787716197,3,0
53,4,0.07407407407407407,177.75386650600777,4,0
46,4,0.0851063829787234,102.46014363977272,5,0
41,3,0.07142857142857142,163.42364497038614,6,0
49,10,0.2,116.07708994190747,8,0
51,7,0.1346153846153846,84.56548826694953,10,0
57,5,0.08620689655172414,105.80366434648812,5,0
56,9,0.15789473684210525,81.5703622878767,5,0
48,4,0.08163265306122448,94.32094644108437,5,0
59,7,0.11666666666666667,93.42755814372248,4,0
51,9,0.17307692307692307,62.88588397556201,3,0
39,3,0.075,165.3838820644418,7,0
43,5,0.11363636363636363,126.33051090666845,6,0
53,4,0.07407407407407407,99.41164783145695,2,0
48,3,0.061224489795918366,126.65273239300167,1,0
53,6,0.1111111111111111,94.93558819073814,4,0
55,10,0.17857142857142858,39.86814103890734,11,0
51,5,0.09615384615384616,208.7007489967965,3,0
41,7,0.16666666666666666,125.68799630031178,2,0
48,8,0.16326530612244897,102.32960882055706,4,0
63,5,0.078125,61.982555649677,4,0
41,3,0.07142857142857142,75.1755061457232,9,0
47,5,0.10416666666666667,169.63475788664715,3,0
52,5,0.09433962264150944,165.058156463954,2,0
58,3,0.05084745762711865,142.59645107996843,6,0
43,10,0.22727272727272727,86.54768884770559,5,0
51,6,0.11538461538461539,165.2992196393103,6,0
44,4,0.08888888888888889,133.49347853833058,4,0
47,5,0.10416666666666667,139.64773345054604,1,0
49,2,0.04,133.3851283332974,3,0
55,5,0.08928571428571429,74.79038446121689,5,0
51,8,0.15384615384615385,84.05517147759338,7,0
49,8,0.16,104.69345500774915,9,0
43,3,0.06818181818181818,139.3091912259934,2,0
60,6,0.09836065573770492,78.58703753270561,5,0
64,8,0.12307692307692308,114.73960755167428,4,0
58,5,0.0847457627118644,114.70171469510848,3,0
47,2,0.041666666666666664,143.78219067982732,4,0
49,5,0.1,140.24014606822988,7,0
49,5,0.1,89.69322212843602,5,0
49,1,0.02,163.40058508461905,3,0
60,3,0.04918032786885246,85.10280513749129,6,0
52,3,0.05660377358490566,152.7671832570225,2,0
54,4,0.07272727272727272,103.49565304954805,6,0
61,6,0.0967741935483871,124.91777860300117,4,0
43,3,0.06818181818181818,126.77962380312916,4,0
59,4,0.06666666666666667,125.93122322126386,6,0
43,7,0.1590909090909091,140.23497595303712,2,0
49,3,0.06,131.74378493800597,4,0
44,4,0.08888888888888889,143.50947389611616,1,0
49,9,0.18,133.93859881035408,7,0
49,5,0.1,82.06634223222468,4,0
57,7,0.1206896551724138,128.09397223673963,6,0
55,5,0.08928571428571429,103.08390292484,3,0
67,2,0.029411764705882353,86.7221256627815,11,0
60,7,0.11475409836065574,111.304803219681,4,0
55,6,0.10714285714285714,125.49706797105272,7,0
43,2,0.045454545454545456,127.49025083963355,11,0
39,4,0.1,151.68074235420804,2,0
53,8,0.14814814814814814,159.21927356914733,3,0
53,3,0.05555555555555555,130.08842492272066,2,0
51,5,0.09615384615384616,135.51319131028228,3,0
64,6,0.09230769230769231,122.85927099526965,7,0
73,10,0.13513513513513514,143.01676390948754,4,0
45,6,0.13043478260869565,134.60964416511194,5,0
54,7,0.12727272727272726,118.36535718426589,5,0
50,4,0.0784313725490196,184.559477010129,5,0
54,2,0.03636363636363636,103.61449909674543,5,0
47,4,0.08333333333333333,163.63370870125013,7,0
42,5,0.11627906976744186,79.37121221019189,6,0
47,6,0.125,144.40849609354365,3,0
56,10,0.17543859649122806,163.09705055180513,7,1
47,4,0.08333333333333333,62.783427869762406,6,0
56,6,0.10526315789473684,124.16851719165282,5,0
44,4,0.08888888888888889,141.4624212373213,2,0
42,2,0.046511627906976744,127.55890812384199,6,0
44,4,0.08888888888888889,131.3446780682089,6,0
49,5,0.1,124.0866948712999,3,0
49,9,0.18,87.17256520915224,11,0
48,4,0.08163265306122448,191.04136776466328,5,0
51,10,0.19230769230769232,104.89386410052603,6,0
42,4,0.09302325581395349,133.02483716336715,7,0
43,3,0.06818181818181818,100.59480968743719,5,0
47,3,0.0625,51.72410429937905,5,0
34,2,0.05714285714285714,92.26461378753093,5,0
54,5,0.09090909090909091,76.57179923174586,5,0
57,2,0.034482758620689655,152.7470261767347,4,0
52,5,0.09433962264150944,101.79395951866636,7,0
50,10,0.19607843137254902,104.57725982460111,3,0
49,6,0.12,88.07007862188792,4,0
49,6,0.12,122.82106196145307,3,0
43,2,0.045454545454545456,98.50624450916158,2,0
46,4,0.0851063829787234,149.77064193740367,4,0
57,4,0.06896551724137931,129.06117969267484,3,0
68,10,0.14492753623188406,102.84522642826656,7,0
62,4,0.06349206349206349,145.50699155511057,2,0
55,5,0.08928571428571429,120.23821569069715,4,0
44,5,0.1111111111111111,120.64490717069853,6,0
55,5,0.08928571428571429,76.12095288804223,4,0
56,8,0.14035087719298245,117.86741601644059,7,0
57,4,0.06896551724137931,129.64633917953995,6,0
42,3,0.06976744186046512,160.00700466595035,5,0
48,6,0.12244897959183673,97.44319110290031,2,0
56,6,0.10526315789473684,188.34325870156533,7,0
47,4,0.08333333333333333,136.70604950486958,7,0
45,1,0.021739130434782608,74.41764371898577,6,0
56,7,0.12280701754385964,94.6440565774333,5,0
53,10,0.18518518518518517,162.62997492650456,4,1
40,4,0.0975609756097561,157.29687428887183,8,0
54,8,0.14545454545454545,120.54280444681508,7,0
60,6,0.09836065573770492,124.49753109173557,8,0
43,3,0.06818181818181818,85.06169178822086,2,0
50,1,0.0196078431372549,159.64328220706025,7,0
67,8,0.11764705882352941,90.36698739676598,3,0
54,5,0.09090909090909091,145.34223333370252,3,0
58,8,0.13559322033898305,160.56127105995415,11,0
44,5,0.1111111111111111,121.44466662658527,9,0
47,10,0.20833333333333334,149.02834098366597,4,0
51,5,0.09615384615384616,175.42919124077082,4,0
53,5,0.09259259259259259,128.03906397632215,3,0
59,5,0.08333333333333333,114.74094550704162,7,0
59,6,0.1,117.9944142734545,5,0
41,6,0.14285714285714285,97.71036291983734,6,0
52,2,0.03773584905660377,97.0324862178938,5,0
64,12,0.18461538461538463,133.2722029147711,9,0
50,11,0.21568627450980393,115.08150533552146,10,0
53,6,0.1111111111111111,129.82707530553796,5,0
45,4,0.08695652173913043,75.30191550442285,6,0
54,4,0.07272727272727272,117.2214352443858,3,0
57,4,0.06896551724137931,150.9035355027139,8,0
66,3,0.04477611940298507,86.43227169071946,3,0
40,4,0.0975609756097561,120.49579242403654,3,0
50,2,0.0392156862745098,64.36172067304767,2,0
36,5,0.13513513513513514,80.83613933180479,2,0
52,4,0.07547169811320754,144.22982663034148,4,0
61,4,0.06451612903225806,110.72147120061152,2,0
49,5,0.1,174.66218596615627,7,0
47,9,0.1875,132.97329331272937,9,0
48,6,0.12244897959183673,135.91786994667973,1,0
50,5,0.09803921568627451,87.70553850315302,8,0
35,5,0.1388888888888889,108.44683869466641,5,0
57,7,0.1206896551724138,98.02091453857163,4,0
59,9,0.15,88.03674781348244,5,0
58,4,0.06779661016949153,139.91679378288404,3,0
52,8,0.1509433962264151,145.9354759730604,1,0
36,3,0.08108108108108109,131.96811582502346,3,0
41,7,0.16666666666666666,95.1579842032204,5,0
50,4,0.0784313725490196,129.9219010529239,5,0
57,9,0.15517241379310345,62.619647956030306,3,0
52,9,0.16981132075471697,159.6902780612412,7,1
49,3,0.06,81.0554947308769,8,0
58,11,0.1864406779661017,86.3862305268461,7,0
59,3,0.05,123.45876808710578,8,0
40,2,0.04878048780487805,126.12478680726137,4,0
52,5,0.09433962264150944,117.81754204644646,6,0
55,12,0.21428571428571427,86.69616177053109,4,0
46,4,0.0851063829787234,154.00043980809878,6,0
55,6,0.10714285714285714,69.42152396792248,6,0
58,7,0.11864406779661017,75.50193028654665,5,0
52,9,0.16981132075471697,116.79051684136556,2,0
59,8,0.13333333333333333,82.07298054466837,4,0
43,3,0.06818181818181818,156.67875828827778,5,0
49,4,0.08,84.65356093761255,7,0
61,3,0.04838709677419355,166.71081456630935,3,0
26,3,0.1111111111111111,151.0536649731472,7,0
52,3,0.05660377358490566,157.0516720652275,3,0
46,3,0.06382978723404255,176.61317948859738,8,0
47,7,0.14583333333333334,122.43683772287297,4,0
42,3,0.06976744186046512,89.61076212540127,5,0
44,5,0.1111111111111111,116.90976372694075,9,0
59,5,0.08333333333333333,103.00003183773111,4,0
48,2,0.04081632653061224,98.72426182458832,6,0
51,4,0.07692307692307693,124.52560310420498,4,0
46,4,0.0851063829787234,110.6488735737676,4,0
50,8,0.1568627450980392,97.4337094704901,2,0
60,5,0.08196721311475409,112.63792822238226,9,0
41,3,0.07142857142857142,136.46935392611115,2,0
53,7,0.12962962962962962,148.6925161977809,7,0
48,6,0.12244897959183673,71.9122826042703,7,0
44,6,0.13333333333333333,110.90396741014374,5,0
55,9,0.16071428571428573,115.75970383575887,7,0
64,8,0.12307692307692308,84.52439933317103,4,0
49,4,0.08,116.40882800877903,5,0
54,7,0.12727272727272726,124.43986828620083,3,0
60,6,0.09836065573770492,135.56503635842972,3,0
46,3,0.06382978723404255,122.31474076895012,3,0
31,2,0.0625,93.57151770007333,7,0
59,4,0.06666666666666667,180.3609008271554,6,0
53,3,0.05555555555555555,144.87380314864794,6,0
58,4,0.06779661016949153,136.581592339496,5,0
59,3,0.05,150.1449377103281,7,0
63,9,0.140625,127.33827515431432,7,0
45,8,0.17391304347826086,158.58902656565866,6,1
51,5,0.09615384615384616,121.70615850857293,4,0
52,7,0.1320754716981132,120.05242380822553,5,0
53,3,0.05555555555555555,139.0568543637361,6,0
54,8,0.14545454545454545,167.2907263887277,2,0
50,5,0.09803921568627451,165.3614584586792,5,0
68,3,0.043478260869565216,137.78542794779986,4,0
48,3,0.061224489795918366,135.49835575730398,7,0
54,4,0.07272727272727272,140.88127233289458,4,0
61,2,0.03225806451612903,149.5686274000979,6,0
49,4,0.08,158.96195818239727,5,0
41,1,0.023809523809523808,112.90247747988451,7,0
58,4,0.06779661016949153,159.54183869512173,3,0
45,3,0.06521739130434782,130.28985342213917,1,0
48,11,0.22448979591836735,139.5279486749985,3,0
52,4,0.07547169811320754,161.45847964601984,4,0
62,4,0.06349206349206349,142.41186750272036,4,0
51,6,0.11538461538461539,147.4798668945852,6,0
62,9,0.14285714285714285,108.31744400152736,8,0
47,4,0.08333333333333333,164.9493463124904,3,0
48,7,0.14285714285714285,140.87060133228374,4,0
53,4,0.07407407407407407,123.78197153521494,5,0
52,3,0.05660377358490566,153.03223160679306,9,0
42,3,0.06976744186046512,197.63491493281498,3,0
56,6,0.10526315789473684,84.93226494534196,3,0
30,2,0.06451612903225806,95.88802131230153,3,0
34,4,0.11428571428571428,200.55915926507652,6,0
50,3,0.058823529411764705,132.80084526913123,2,0
45,5,0.10869565217391304,125.72609035894703,3,0
47,4,0.08333333333333333,116.53842775013504,2,0
46,4,0.0851063829787234,156.2530800291432,9,0
48,5,0.10204081632653061,198.3374192643086,9,0
41,5,0.11904761904761904,100.04434377799963,8,0
47,3,0.0625,117.09369818431999,7,0
55,8,0.14285714285714285,109.47818614296402,5,0
61,7,0.11290322580645161,141.98594930457836,3,0
49,3,0.06,156.67180312951723,2,0
66,12,0.1791044776119403,168.6279835599935,5,1
32,4,0.12121212121212122,143.0015484786084,5,0
49,5,0.1,195.5799837373085,4,0
54,3,0.05454545454545454,102.7574105037776,3,0
45,5,0.10869565217391304,94.96378342701888,4,0
56,3,0.05263157894736842,164.08032879948627,8,0
55,5,0.08928571428571429,123.6849695878901,4,0
56,5,0.08771929824561403,78.72179029754157,6,0
45,6,0.13043478260869565,110.51811085087652,5,0
53,3,0.05555555555555555,127.66975962291822,4,0
51,7,0.1346153846153846,100.61255286277935,5,0
63,5,0.078125,89.56017938716234,1,0
56,5,0.08771929824561403,113.77112590422372,7,0
55,7,0.125,88.06399738914865,3,0
47,5,0.10416666666666667,139.05393116940695,4,0
58,5,0.0847457627118644,61.68585459321461,5,0
49,4,0.08,122.71274783896267,7,0
56,4,0.07017543859649122,135.58529664324908,4,0
46,5,0.10638297872340426,117.28376280754871,1,0
51,4,0.07692307692307693,152.79668691212618,7,0
46,6,0.1276595744680851,78.88316297387593,5,0
44,5,0.1111111111111111,98.96731495871657,5,0
49,3,0.06,110.09896061247332,4,0
47,4,0.08333333333333333,141.3817370822792,3,0
58,4,0.06779661016949153,126.55522758138362,8,0
65,6,0.09090909090909091,184.30097948227254,7,0
53,5,0.09259259259259259,95.82642309078321,4,0
44,4,0.08888888888888889,78.15033304258046,6,0
58,7,0.11864406779661017,173.6726694879918,4,0
46,3,0.06382978723404255,77.07424248202852,6,0
36,7,0.1891891891891892,140.49188134197135,3,0
50,4,0.0784313725490196,90.63989873934092,3,0
58,5,0.0847457627118644,57.92044947456942,6,0
65,8,0.12121212121212122,108.75648618560304,4,0
64,8,0.12307692307692308,146.9849988743148,5,0
53,5,0.09259259259259259,83.3468673458078,13,0
57,7,0.1206896551724138,137.28284184434494,5,0
39,6,0.15,142.88590683559354,6,0
45,6,0.13043478260869565,81.84929575442088,4,0
52,2,0.03773584905660377,113.16716133862889,2,0
43,6,0.13636363636363635,167.3122446698149,6,0
41,5,0.11904761904761904,139.5177785989123,6,0
58,7,0.11864406779661017,112.1552260627194,6,0
50,6,0.11764705882352941,132.4588644376176,5,0
44,9,0.2,99.44210074588656,5,0
52,5,0.09433962264150944,153.41087035155076,10,0
56,2,0.03508771929824561,153.39780193806416,5,0
41,4,0.09523809523809523,123.62717745258163,6,0
53,2,0.037037037037037035,126.92118469373081,5,0
58,4,0.06779661016949153,90.03609374982982,6,0
49,5,0.1,79.43890718796513,4,0
48,4,0.08163265306122448,108.70185768175408,8,0
36,4,0.10810810810810811,117.37794870926466,5,0
48,7,0.14285714285714285,151.87882492163965,9,0
45,4,0.08695652173913043,147.6728325185493,6,0
57,9,0.15517241379310345,125.54498665077278,3,0
40,1,0.024390243902439025,155.7161695311836,6,0
43,6,0.13636363636363635,91.6954146355679,4,0
51,7,0.1346153846153846,152.32010661835108,8,0
49,4,0.08,96.28713856951597,7,0
44,3,0.06666666666666667,157.19083590192727,2,0
42,3,0.06976744186046512,119.59960605690057,5,0
43,6,0.13636363636363635,60.05139970386788,5,0
49,7,0.14,141.90471492094326,6,0
47,4,0.08333333333333333,144.2863727850234,6,0
51,5,0.09615384615384616,106.30259836534253,8,0
60,4,0.06557377049180328,108.8622126481795,5,0
45,4,0.08695652173913043,115.21364160346188,2,0
52,13,0.24528301886792453,62.24544562121186,4,0
54,3,0.05454545454545454,49.0581548071457,8,0
63,10,0.15625,159.04876914391167,4,1
41,6,0.14285714285714285,95.27796997768269,5,0
51,10,0.19230769230769232,175.6579232872909,5,1
41,2,0.047619047619047616,161.11205403416741,4,0
45,3,0.06521739130434782,167.01585942809217,4,0
57,1,0.017241379310344827,100.49103142598535,2,0
45,6,0.13043478260869565,71.74796439208257,7,0
70,8,0.11267605633802817,87.39353080216935,4,0
60,4,0.06557377049180328,106.60635818541265,5,0
65,8,0.12121212121212122,48.8031080144808,6,0
49,4,0.08,105.73722932627498,5,0
52,3,0.05660377358490566,113.94965917466668,6,0
51,5,0.09615384615384616,81.16737085239916,6,0
32,1,0.030303030303030304,88.78544705262503,3,0
49,3,0.06,113.38204436457595,5,0
53,4,0.07407407407407407,130.68859644930905,6,0
49,7,0.14,93.27531995999267,5,0
51,7,0.1346153846153846,128.76757828728807,3,0
67,6,0.08823529411764706,124.10538023963565,3,0
54,7,0.12727272727272726,121.40657577055173,6,0
40,4,0.0975609756097561,100.43957628430269,3,0
49,4,0.08,79.99861211893852,6,0
65,8,0.12121212121212122,170.8935593970222,7,0
52,6,0.11320754716981132,138.90917749372278,7,0
47,5,0.10416666666666667,150.17194959182214,6,0
52,6,0.11320754716981132,117.49110945483233,5,0
44,5,0.1111111111111111,115.07923673219587,2,0
65,6,0.09090909090909091,134.71979042176162,3,0
49,7,0.14,64.95934948643264,7,0
58,4,0.06779661016949153,86.56069591940566,7,0
58,9,0.15254237288135594,96.06675365914882,1,0
60,5,0.08196721311475409,106.36300732374713,7,0
42,2,0.046511627906976744,93.60912961589537,3,0
46,5,0.10638297872340426,129.98421375752238,4,0
59,5,0.08333333333333333,122.44341703388507,5,0
48,7,0.14285714285714285,161.78594069254132,10,0
47,4,0.08333333333333333,194.21277471337686,4,0
47,5,0.10416666666666667,82.11449279554701,3,0
65,5,0.07575757575757576,124.41915641905337,4,0
48,3,0.061224489795918366,124.36577634620923,8,0
45,4,0.08695652173913043,119.57405790706012,5,0
57,6,0.10344827586206896,87.45526287103496,9,0
40,5,0.12195121951219512,92.4840766307235,4,0
55,6,0.10714285714285714,127.21216835748358,4,0
56,11,0.19298245614035087,91.6394978007829,6,0
56,7,0.12280701754385964,124.77815916501024,6,0
44,7,0.15555555555555556,112.62150646363185,8,0
47,2,0.041666666666666664,124.24973709363846,2,0
63,3,0.046875,91.40098588696698,1,0
57,4,0.06896551724137931,124.72407727003609,6,0
62,4,0.06349206349206349,93.5714224957023,7,0
55,6,0.10714285714285714,124.82086825970755,7,0
44,4,0.08888888888888889,160.1818836731747,2,0
48,5,0.10204081632653061,127.82951550048212,7,0
52,7,0.1320754716981132,129.65611147149173,6,0
45,9,0.1956521739130435,144.51619552492645,1,0
53,8,0.14814814814814814,77.89324966580212,6,0
56,3,0.05263157894736842,171.56764721169037,5,0
56,5,0.08771929824561403,88.3323002216289,8,0
46,3,0.06382978723404255,146.3898299210681,6,0
41,2,0.047619047619047616,142.4072996176897,1,0
60,6,0.09836065573770492,92.93500915485718,3,0
58,6,0.1016949152542373,150.26658410300286,5,0
43,3,0.06818181818181818,134.93438299239926,1,0
50,6,0.11764705882352941,176.69935933206773,4,0
40,5,0.12195121951219512,125.8013625402388,5,0
37,1,0.02631578947368421,116.74370005432208,4,0
48,4,0.08163265306122448,104.55712416245387,8,0
63,9,0.140625,67.6993418594648,5,0
56,6,0.10526315789473684,110.45317305746521,4,0
54,4,0.07272727272727272,111.72304817223369,5,0
64,5,0.07692307692307693,127.86174547672304,4,0
58,4,0.06779661016949153,77.30690667352603,6,0
39,2,0.05,112.82963366439363,6,0
43,6,0.13636363636363635,137.28754176066346,6,0
57,3,0.05172413793103448,140.2652902647755,7,0
50,4,0.0784313725490196,64.2055447158802,4,0
60,2,0.03278688524590164,141.19219825959672,4,0
46,6,0.1276595744680851,112.60278260635525,1,0
44,1,0.022222222222222223,114.44967367504339,8,0
50,4,0.0784313725490196,49.06453890432486,8,0
60,6,0.09836065573770492,164.80713487673637,4,0
42,4,0.09302325581395349,125.30396655033886,7,0
48,4,0.08163265306122448,74.05618720431879,7,0
61,5,0.08064516129032258,131.256047247494,4,0
44,6,0.13333333333333333,130.33435322541072,7,0
53,10,0.18518518518518517,156.67632458798968,6,1
54,4,0.07272727272727272,110.70933692127366,4,0
41,1,0.023809523809523808,120.35988206815759,6,0
35,1,0.027777777777777776,100.71576599286277,6,0
54,7,0.12727272727272726,137.93845841978214,9,0
52,5,0.09433962264150944,96.49528974974851,6,0
46,6,0.1276595744680851,93.2102844875931,7,0
52,6,0.11320754716981132,117.96607386660239,4,0
51,8,0.15384615384615385,83.22408686088514,3,0
42,7,0.16279069767441862,168.06393655617703,2,1
47,6,0.125,177.81800183225624,3,0
56,5,0.08771929824561403,106.39229743734553,7,0
64,5,0.07692307692307693,78.40214980328504,6,0
48,5,0.10204081632653061,130.09776116706183,3,0
51,5,0.09615384615384616,105.53692446093228,2,0
35,4,0.1111111111111111,155.24043397584097,9,0
46,3,0.06382978723404255,96.3856021341029,6,0
54,6,0.10909090909090909,136.33539667285328,7,0
51,5,0.09615384615384616,123.4198076817508,6,0
60,7,0.11475409836065574,99.7121546815977,6,0
47,3,0.0625,127.20149485475825,5,0
59,5,0.08333333333333333,146.3559767542455,4,0
55,4,0.07142857142857142,122.6054555716619,10,0
47,7,0.14583333333333334,122.91853995378776,6,0
54,5,0.09090909090909091,93.81649716438976,8,0
54,4,0.07272727272727272,154.32614393712407,3,0
44,1,0.022222222222222223,151.3363973442955,2,0
51,6,0.11538461538461539,107.6832243394051,8,0
40,2,0.04878048780487805,116.27134621551014,9,0
51,11,0.21153846153846154,162.4266201807098,2,1
72,7,0.0958904109589041,85.99287536857634,2,0
61,5,0.08064516129032258,138.12865174076344,6,0
48,6,0.12244897959183673,103.24158680606615,6,0
61,5,0.08064516129032258,173.34233630254923,5,0
52,7,0.1320754716981132,121.90340185996011,3,0
58,5,0.0847457627118644,157.81135554420126,7,0
57,11,0.1896551724137931,97.16017954616615,5,0
49,5,0.1,82.54413953027196,3,0
50,7,0.13725490196078433,112.97221628396665,6,0
51,2,0.038461538461538464,127.8805037384051,4,0
42,3,0.06976744186046512,104.6780495395076,8,0
57,7,0.1206896551724138,142.74922278824903,6,0
52,6,0.11320754716981132,113.70139296568712,6,0
48,3,0.061224489795918366,57.55688514700183,3,0
59,5,0.08333333333333333,136.58435937579003,7,0
57,4,0.06896551724137931,93.52388822558528,7,0
39,4,0.1,109.15207854970444,1,0
45,4,0.08695652173913043,166.59393610618068,4,0
38,3,0.07692307692307693,173.1843517236327,4,0
56,4,0.07017543859649122,102.73519694721566,6,0
53,5,0.09259259259259259,137.3335989189552,4,0
54,3,0.05454545454545454,103.43176528732066,5,0
40,8,0.1951219512195122,111.39381063304191,5,0
60,4,0.06557377049180328,101.82673755304342,6,0
53,8,0.14814814814814814,68.26968958810545,6,0
48,4,0.08163265306122448,122.85165671201128,3,0
56,5,0.08771929824561403,128.644961608385,6,0
49,3,0.06,99.86994764066586,7,0
46,5,0.10638297872340426,152.63375134311326,4,0
59,7,0.11666666666666667,106.91759348714342,3,0
50,5,0.09803921568627451,100.88364525422955,8,0
43,1,0.022727272727272728,135.79509354324318,8,0
48,8,0.16326530612244897,73.71954030082412,7,0
47,9,0.1875,147.20037095108418,1,0
47,4,0.08333333333333333,107.93492527816912,3,0
61,7,0.11290322580645161,149.6785822918227,6,0
46,4,0.0851063829787234,158.64391577487467,11,0
62,5,0.07936507936507936,139.20460327071424,6,0
51,2,0.038461538461538464,95.64080121815067,6,0
36,3,0.08108108108108109,82.47504880546786,5,0
40,6,0.14634146341463414,76.97782009994292,10,0
56,1,0.017543859649122806,153.08732105103934,2,0
47,5,0.10416666666666667,115.9559966339945,2,0
46,7,0.14893617021276595,102.02334616407454,7,0
52,3,0.05660377358490566,116.03753545383324,5,0
50,3,0.058823529411764705,152.41863626862505,4,0
49,6,0.12,143.36219356078652,6,0
45,3,0.06521739130434782,133.15518467126563,2,0
47,3,0.0625,139.13658172279216,4,0
47,4,0.08333333333333333,125.40517066490847,6,0
37,3,0.07894736842105263,129.06339171889275,3,0
60,9,0.14754098360655737,126.6307569345314,7,0
47,5,0.10416666666666667,119.99816263117339,6,0
53,5,0.09259259259259259,142.60121651493844,5,0
56,6,0.10526315789473684,130.83846318601184,3,0
51,9,0.17307692307692307,93.57854906679125,4,0
54,3,0.05454545454545454,135.8662315656796,8,0
46,3,0.06382978723404255,127.41741199137914,5,0
44,8,0.17777777777777778,138.34240406745297,3,0
31,6,0.1875,116.87379259154915,6,0
46,3,0.06382978723404255,144.35220941301475,5,0
51,3,0.057692307692307696,118.15774347401529,6,0
42,4,0.09302325581395349,141.71639059801635,5,0
50,2,0.0392156862745098,106.30585452148468,2,0
65,7,0.10606060606060606,108.38237837703143,3,0
46,2,0.0425531914893617,138.06157569630375,4,0
45,2,0.043478260869565216,110.04679818765767,2,0
45,4,0.08695652173913043,186.17348084244486,4,0
49,9,0.18,136.9933496033708,5,0
61,6,0.0967741935483871,120.74770458462602,5,0
41,3,0.07142857142857142,144.59702330276548,7,0
40,10,0.24390243902439024,105.5795877007045,7,0
41,4,0.09523809523809523,147.69044457699053,7,0
47,4,0.08333333333333333,146.85705649990598,10,0
59,5,0.08333333333333333,157.6060217333865,10,0
54,3,0.05454545454545454,106.77571405954268,6,0
43,4,0.09090909090909091,83.31800237586765,5,0
37,3,0.07894736842105263,101.69536082392355,2,0
44,3,0.06666666666666667,111.5510845208176,4,0
50,3,0.058823529411764705,170.01634802555265,6,0
51,4,0.07692307692307693,185.85036087383247,4,0
43,4,0.09090909090909091,130.33986913931946,3,0
41,1,0.023809523809523808,120.28171824055798,2,0
54,3,0.05454545454545454,109.50276508577366,5,0
46,8,0.1702127659574468,144.74071050632602,6,0
49,5,0.1,185.65744175974552,9,0
53,2,0.037037037037037035,173.57552673564814,7,0
55,7,0.125,154.139298378175,8,0
46,2,0.0425531914893617,153.69907593341568,4,0
57,7,0.1206896551724138,144.96929658762343,4,0
44,6,0.13333333333333333,118.58128062874395,2,0
51,6,0.11538461538461539,97.90355332377612,6,0
55,7,0.125,119.37557732016175,2,0
48,2,0.04081632653061224,132.6701880639406,3,0
61,7,0.11290322580645161,76.39098303845114,3,0
54,3,0.05454545454545454,115.41147811901374,2,0
51,4,0.07692307692307693,95.2220293622618,8,0
49,8,0.16,150.41523483204423,11,1
45,4,0.08695652173913043,103.50874793529869,8,0
44,8,0.17777777777777778,129.84660995942963,5,0
41,2,0.047619047619047616,98.9993912119327,7,0
59,6,0.1,167.93097977882746,5,0
46,2,0.0425531914893617,68.97729190396242,4,0
55,6,0.10714285714285714,134.275211305319,3,0
53,2,0.037037037037037035,81.68226994680202,6,0
59,4,0.06666666666666667,104.72002048545447,6,0
48,3,0.061224489795918366,126.18560111053515,4,0
57,7,0.1206896551724138,127.66071093950512,4,0
49,3,0.06,126.87800523286239,0,0
44,6,0.13333333333333333,124.55247422926502,7,0
41,2,0.047619047619047616,100.74467214379672,4,0
42,1,0.023255813953488372,115.07840030733567,5,0
55,5,0.08928571428571429,120.94902048536744,6,0
43,9,0.20454545454545456,125.86081190276649,7,0
44,2,0.044444444444444446,118.02958581579036,4,0
51,2,0.038461538461538464,141.88771262953364,7,0
56,7,0.12280701754385964,122.80160910452827,3,0
62,5,0.07936507936507936,126.03977902864841,3,0
49,6,0.12,108.52042955065448,7,0
57,4,0.06896551724137931,88.42674220156734,6,0
47,4,0.08333333333333333,124.62086792197411,8,0
42,3,0.06976744186046512,156.22338131888813,4,0
49,5,0.1,133.3158369219124,8,0
51,7,0.1346153846153846,95.47518176355625,7,0
52,7,0.1320754716981132,144.4422007745581,3,0
39,4,0.1,109.9464879661813,6,0
60,10,0.16393442622950818,141.4396194144086,3,0
61,5,0.08064516129032258,108.93612405311517,4,0
45,3,0.06521739130434782,130.59919319482108,6,0
60,7,0.11475409836065574,104.4450799012696,3,0
51,6,0.11538461538461539,105.20842510588997,5,0
51,2,0.038461538461538464,73.01203898712781,7,0
57,6,0.10344827586206896,135.3622445748348,8,0
61,5,0.08064516129032258,131.1050890446101,3,0
56,7,0.12280701754385964,132.79328148782827,8,0
38,5,0.1282051282051282,128.25991683395432,4,0
53,5,0.09259259259259259,97.1324990003009,3,0
46,0,0.0,148.9769779348074,1,0
57,6,0.10344827586206896,149.7833790027681,6,0
53,7,0.12962962962962962,96.35287604488252,3,0
50,3,0.058823529411764705,135.96371974049873,9,0
42,4,0.09302325581395349,146.2497355610393,1,0
55,10,0.17857142857142858,105.89705179968836,4,0
44,3,0.06666666666666667,111.11892932266943,5,0
51,3,0.057692307692307696,136.02340224635358,2,0
54,4,0.07272727272727272,74.69010691757097,4,0
40,4,0.0975609756097561,87.34448335398,5,0
46,8,0.1702127659574468,90.30674976391316,2,0
37,4,0.10526315789473684,66.11050905523514,6,0
54,4,0.07272727272727272,152.5481932256244,6,0
54,6,0.10909090909090909,60.35604557424999,9,0
54,6,0.10909090909090909,130.293319902941,5,0
56,6,0.10526315789473684,144.3505018426566,7,0
48,3,0.061224489795918366,111.19212136760198,6,0
63,7,0.109375,99.94897125806264,3,0
44,4,0.08888888888888889,126.98527352209918,5,0
58,2,0.03389830508474576,120.05499001783444,5,0
46,5,0.10638297872340426,150.10514587249247,6,0
49,10,0.2,41.14436578806128,7,0
54,4,0.07272727272727272,92.43877571555616,8,0
38,7,0.1794871794871795,136.84730651748166,3,0
48,2,0.04081632653061224,121.5134232832338,3,0
57,7,0.1206896551724138,142.56102477590602,5,0
39,2,0.05,127.86059928718987,5,0
39,3,0.075,115.95788810276062,5,0
44,5,0.1111111111111111,110.93134670719488,5,0
46,5,0.10638297872340426,189.7516504762676,4,0
51,7,0.1346153846153846,166.04838822094533,3,0
50,5,0.09803921568627451,134.86515294285667,3,0
46,5,0.10638297872340426,122.35391680345244,5,0
51,8,0.15384615384615385,136.14397648060304,5,0
60,6,0.09836065573770492,144.80504153618725,8,0
45,3,0.06521739130434782,132.56480057113527,1,0
39,2,0.05,97.45859629840325,5,0
48,4,0.08163265306122448,173.53532303173532,2,0
42,5,0.11627906976744186,127.38624683262057,1,0
49,2,0.04,180.41790091169443,9,0
49,3,0.06,125.61442460632001,2,0
41,2,0.047619047619047616,112.63039943623399,8,0
51,5,0.09615384615384616,161.52420372139392,9,0
48,3,0.061224489795918366,129.035608742333,7,0
45,3,0.06521739130434782,124.00267903527869,3,0
39,4,0.1,83.98907383072216,5,0
68,8,0.11594202898550725,139.80653415407485,7,0
76,6,0.07792207792207792,105.20068851132275,6,0
59,6,0.1,106.56626372778078,1,0
64,3,0.046153846153846156,105.28353463784485,5,0
53,9,0.16666666666666666,133.1710150408591,7,0
44,3,0.06666666666666667,73.9387117927293,4,0
51,12,0.23076923076923078,113.67463971822579,7,0
48,9,0.1836734693877551,149.40836973328135,4,0
49,6,0.12,82.62993391979978,5,0
68,2,0.028985507246376812,125.18636882803756,3,0
43,4,0.09090909090909091,101.05801739187497,5,0
42,2,0.046511627906976744,107.889206416031,2,0
48,7,0.14285714285714285,169.6545678116972,4,0
49,7,0.14,70.48532449364976,8,0
55,10,0.17857142857142858,142.9689101451485,4,0
49,5,0.1,105.66215193668361,2,0
50,5,0.09803921568627451,104.17008044562998,8,0
56,6,0.10526315789473684,86.65312972535197,2,0
60,5,0.08196721311475409,142.61698911820906,4,0
44,4,0.08888888888888889,114.25786151147952,3,0
51,6,0.11538461538461539,110.46991758616043,10,0
53,9,0.16666666666666666,123.29510787612224,4,0
58,6,0.1016949152542373,114.89138622774598,5,0
55,8,0.14285714285714285,59.97936360739427,5,0
48,7,0.14285714285714285,105.27527451067925,5,0
57,6,0.10344827586206896,146.86322672844972,5,0
45,4,0.08695652173913043,74.80150607663074,9,0
53,6,0.1111111111111111,87.30186300430937,3,0
55,5,0.08928571428571429,107.19625813804423,2,0
57,3,0.05172413793103448,98.23129744088574,2,0
40,3,0.07317073170731707,119.16343553575176,4,0
66,13,0.19402985074626866,87.20769744963778,11,0
52,2,0.03773584905660377,108.3643642857188,7,0
63,7,0.109375,118.56016405201997,3,0
59,8,0.13333333333333333,139.46821248623914,8,0
49,6,0.12,157.34368158298787,1,0
48,5,0.10204081632653061,112.1535853843968,4,0
43,5,0.11363636363636363,176.64180723737476,7,0
52,5,0.09433962264150944,114.48286258366429,3,0
34,1,0.02857142857142857,144.86625444769592,9,0
37,7,0.18421052631578946,177.94523204180337,4,1
53,5,0.09259259259259259,124.17925227707805,5,0
52,6,0.11320754716981132,78.79420135267394,5,0
45,5,0.10869565217391304,122.72711571622894,4,0
41,1,0.023809523809523808,101.65071335385268,9,0
52,9,0.16981132075471697,111.76703919082644,4,0
55,7,0.125,179.54930647485645,4,0
48,3,0.061224489795918366,83.31709730328373,2,0
46,9,0.19148936170212766,129.01400466917576,5,0
56,7,0.12280701754385964,93.66836159034827,3,0
48,5,0.10204081632653061,110.77026176397257,7,0
40,4,0.0975609756097561,142.34527005613452,4,0
45,2,0.043478260869565216,129.54491830419067,8,0
49,5,0.1,113.24903193115233,6,0
56,3,0.05263157894736842,100.50599024206116,1,0
47,5,0.10416666666666667,129.48234576460843,3,0
46,5,0.10638297872340426,171.23060151460112,6,0
54,8,0.14545454545454545,92.95944172129128,4,0
52,6,0.11320754716981132,177.3499165637332,2,0
45,3,0.06521739130434782,155.98492352175452,4,0
40,6,0.14634146341463414,161.08060102733302,3,0
56,6,0.10526315789473684,129.25297142788804,3,0
54,6,0.10909090909090909,155.13389326529682,4,0
49,3,0.06,89.73506152648122,14,0
27,4,0.14285714285714285,99.95868276454465,5,0
41,7,0.16666666666666666,142.97441441761177,7,0
48,6,0.12244897959183673,128.87535165671449,4,0
41,7,0.16666666666666666,115.54862224506692,4,0
52,4,0.07547169811320754,44.921733281777335,2,0
48,7,0.14285714285714285,106.93577855885486,6,0
47,5,0.10416666666666667,84.77838659105203,4,0
51,3,0.057692307692307696,134.80602933934506,0,0
47,5,0.10416666666666667,114.26494414298293,5,0
59,7,0.11666666666666667,101.15098367500485,2,0
51,4,0.07692307692307693,199.28731447872912,8,0
47,1,0.020833333333333332,151.14523430082704,6,0
53,3,0.05555555555555555,151.67616424068177,5,0
50,4,0.0784313725490196,186.06645434046519,7,0
45,3,0.06521739130434782,144.06575348049327,4,0
51,3,0.057692307692307696,96.87137971581403,2,0
37,3,0.07894736842105263,93.3631094492479,4,0
54,10,0.18181818181818182,148.94708276262705,3,0
50,6,0.11764705882352941,58.2193716067447,3,0
52,4,0.07547169811320754,117.66661106971303,11,0
64,11,0.16923076923076924,54.86626867330655,2,0
46,5,0.10638297872340426,122.9653052516852,3,0
57,5,0.08620689655172414,145.6221075213586,5,0
45,4,0.08695652173913043,128.38246603810896,7,0
46,4,0.0851063829787234,148.14328076911795,5,0
41,3,0.07142857142857142,178.94480824979743,0,0
37,3,0.07894736842105263,115.69384688213974,5,0
61,6,0.0967741935483871,204.22952349836643,9,0
47,5,0.10416666666666667,126.38009868510464,4,0
52,7,0.1320754716981132,148.47495188071076,9,0
53,4,0.07407407407407407,101.66811856304798,4,0
50,6,0.11764705882352941,168.57941938892046,5,0
39,4,0.1,151.25130595627888,8,0
37,7,0.18421052631578946,164.14353907703992,5,1
43,4,0.09090909090909091,121.63513265321865,1,0
56,9,0.15789473684210525,82.33747306850131,3,0
46,6,0.1276595744680851,133.8119231887622,8,0
51,6,0.11538461538461539,69.08940560029453,3,0
40,5,0.12195121951219512,109.91442589134144,6,0
49,2,0.04,125.73241309896751,1,0
39,7,0.175,191.31672877532304,2,1
39,2,0.05,129.55645835825823,2,0
30,3,0.0967741935483871,124.18612407249118,8,0
54,4,0.07272727272727272,118.10902727894121,13,0
56,5,0.08771929824561403,79.73727285704948,4,0
57,6,0.10344827586206896,122.57477520039023,3,0
46,7,0.14893617021276595,123.08648028410317,3,0
51,5,0.09615384615384616,90.94174513638848,3,0
56,11,0.19298245614035087,84.39763156714906,5,0
56,6,0.10526315789473684,105.552879516968,8,0
32,2,0.06060606060606061,121.94798935718079,3,0
52,3,0.05660377358490566,106.27337455855626,6,0
62,7,0.1111111111111111,88.47373651045436,6,0
63,3,0.046875,128.67816756012917,6,0
46,4,0.0851063829787234,136.16600472507687,7,0
55,3,0.05357142857142857,123.63893127666705,4,0
54,5,0.09090909090909091,103.110518583692,7,0
43,6,0.13636363636363635,137.84523063696776,4,0
45,4,0.08695652173913043,114.28388130819057,5,0
56,3,0.05263157894736842,84.3274887796455,5,0
38,2,0.05128205128205128,151.08733065004196,5,0
48,4,0.08163265306122448,130.6052405779947,9,0
45,2,0.043478260869565216,116.42129082912783,4,0
50,5,0.09803921568627451,72.86843385495825,4,0
39,4,0.1,97.65419162594365,4,0
65,3,0.045454545454545456,180.5569713714878,6,0
47,4,0.08333333333333333,74.7497381435791,4,0
61,5,0.08064516129032258,112.45952161074922,7,0
50,4,0.0784313725490196,119.5099271293914,4,0
42,4,0.09302325581395349,129.61430368234664,6,0
52,4,0.07547169811320754,75.08487192520758,4,0
47,4,0.08333333333333333,125.22528769213801,8,0
54,7,0.12727272727272726,69.41683612584961,0,0
48,3,0.061224489795918366,122.92286388586534,6,0
49,5,0.1,100.42806242971253,8,0
41,4,0.09523809523809523,94.02392199246569,5,0
43,3,0.06818181818181818,145.04451476002762,7,0
56,7,0.12280701754385964,112.93181269908354,7,0
62,6,0.09523809523809523,134.21132414722715,3,0
47,4,0.08333333333333333,135.20480734133452,2,0
43,5,0.11363636363636363,158.09860466865305,5,0
57,8,0.13793103448275862,83.75226775136926,8,0
53,10,0.18518518518518517,147.5704698755927,7,0
47,5,0.10416666666666667,120.49384867314141,1,0
49,7,0.14,108.65626258891218,2,0
42,0,0.0,85.52248442429152,6,0
36,4,0.10810810810810811,138.19772584628583,3,0
53,4,0.07407407407407407,92.33326435998345,11,0
44,2,0.044444444444444446,135.53419760931428,8,0
51,5,0.09615384615384616,177.83492318901398,3,0
57,7,0.1206896551724138,149.39931121077984,6,0
41,4,0.09523809523809523,161.74302975451945,6,0
56,6,0.10526315789473684,98.42985668324904,10,0
53,5,0.09259259259259259,142.88199138395984,7,0
52,5,0.09433962264150944,85.6735513459083,8,0
58,4,0.06779661016949153,112.99551292276158,3,0
45,4,0.08695652173913043,172.2381616865736,4,0
34,3,0.08571428571428572,101.76473380720547,1,0
47,5,0.10416666666666667,153.34068552519278,4,0
61,3,0.04838709677419355,150.46940198999144,6,0
36,1,0.02702702702702703,152.24223750662514,3,0
50,6,0.11764705882352941,81.98994071636182,4,0
46,5,0.10638297872340426,135.7560289804704,6,0
50,4,0.0784313725490196,115.3020430224941,5,0
49,3,0.06,152.65490572587333,4,0
56,5,0.08771929824561403,70.34998800819464,3,0
68,9,0.13043478260869565,131.03363667196808,9,0
53,8,0.14814814814814814,126.79125608520201,9,0
58,7,0.11864406779661017,60.296497882531945,8,0
52,2,0.03773584905660377,93.43738931715069,2,0
51,6,0.11538461538461539,65.09543360649447,6,0
55,4,0.07142857142857142,98.20934094231279,4,0
48,4,0.08163265306122448,136.47651253995443,6,0
33,2,0.058823529411764705,125.86096726945823,3,0
53,7,0.12962962962962962,125.08200241780646,4,0
41,5,0.11904761904761904,88.80755673205853,8,0
40,4,0.0975609756097561,153.61351474531597,6,0
56,6,0.10526315789473684,119.4354096491598,4,0
41,3,0.07142857142857142,121.01111436772526,3,0
54,5,0.09090909090909091,148.2119870683839,7,0
49,5,0.1,90.25962756922384,3,0
45,5,0.10869565217391304,126.85643309615769,7,0
60,8,0.13114754098360656,132.7038747480426,4,0
50,4,0.0784313725490196,103.63295549118456,9,0
43,6,0.13636363636363635,139.57120142279328,6,0
58,5,0.0847457627118644,134.313695118887,4,0
62,7,0.1111111111111111,116.96469863167725,2,0
40,4,0.0975609756097561,116.03547329595416,2,0
54,9,0.16363636363636364,135.70642973613917,5,0
46,3,0.06382978723404255,143.6541312003957,6,0
44,5,0.1111111111111111,121.88699752219921,5,0
48,5,0.10204081632653061,153.6056838122054,7,0
42,2,0.046511627906976744,139.7557788729175,8,0
46,2,0.0425531914893617,66.34608150819554,3,0
44,6,0.13333333333333333,77.85309907373573,5,0
51,3,0.057692307692307696,155.46705657064985,6,0
54,3,0.05454545454545454,112.59680605587307,9,0
45,9,0.1956521739130435,124.92527468392421,2,0
54,7,0.12727272727272726,154.17871552977434,4,0
43,3,0.06818181818181818,119.80766347884477,4,0
45,5,0.10869565217391304,121.11802828768046,9,0
44,4,0.08888888888888889,93.93812301624813,7,0
55,8,0.14285714285714285,131.09983521682562,9,0
48,6,0.12244897959183673,137.5953665690047,8,0
44,6,0.13333333333333333,102.66354488991432,6,0
57,4,0.06896551724137931,92.339358650824,5,0
46,5,0.10638297872340426,198.78867765585684,10,0
53,2,0.037037037037037035,117.21274590455151,5,0
57,3,0.05172413793103448,99.48922981172126,2,0
43,5,0.11363636363636363,141.19759335876785,3,0
43,1,0.022727272727272728,118.47617894316325,2,0
42,4,0.09302325581395349,87.42701030213689,4,0
57,8,0.13793103448275862,134.49160714954334,6,0
48,4,0.08163265306122448,94.40637092772545,7,0
53,2,0.037037037037037035,167.293740064669,5,0
52,6,0.11320754716981132,134.83513889257208,4,0
43,7,0.1590909090909091,111.69358726421748,6,0
35,4,0.1111111111111111,123.2804105406634,2,0
41,4,0.09523809523809523,147.0986436329458,9,0
53,4,0.07407407407407407,125.57883760682395,8,0
45,1,0.021739130434782608,183.66328371700644,4,0
38,5,0.1282051282051282,154.07602549186572,3,0
65,5,0.07575757575757576,134.62822102683367,6,0
45,7,0.15217391304347827,91.89042379474547,5,0
52,5,0.09433962264150944,115.59335688294027,6,0
53,5,0.09259259259259259,134.36624910157357,3,0
50,6,0.11764705882352941,95.31415752725584,7,0
45,6,0.13043478260869565,158.8028062488885,8,0
52,6,0.11320754716981132,90.77527974665878,6,0
54,9,0.16363636363636364,100.88322905862293,2,0
60,11,0.18032786885245902,103.13102445315356,6,0
56,9,0.15789473684210525,142.314733818994,9,0
48,7,0.14285714285714285,95.85190898487681,5,0
55,7,0.125,66.00070288742836,8,0
52,6,0.11320754716981132,152.64116507285138,7,0
40,2,0.04878048780487805,106.66841144683315,1,0
52,4,0.07547169811320754,87.9447710354419,3,0
48,0,0.0,97.3542434039238,7,0
44,2,0.044444444444444446,171.5028824755305,2,0
43,4,0.09090909090909091,100.28868908181268,4,0
65,4,0.06060606060606061,116.29895683869296,4,0
60,9,0.14754098360655737,106.59244913141953,3,0
48,7,0.14285714285714285,83.0201236969873,6,0
37,1,0.02631578947368421,97.71844313259109,4,0
54,4,0.07272727272727272,80.96674778980515,5,0
51,7,0.1346153846153846,148.67643827042141,4,0
45,6,0.13043478260869565,123.02637193840788,2,0
49,8,0.16,194.48033286522963,3,1
57,13,0.22413793103448276,98.73267825028233,4,0
52,10,0.18867924528301888,94.23419261563143,3,0
45,4,0.08695652173913043,166.01279305065987,1,0
45,3,0.06521739130434782,151.73931096204404,6,0
61,8,0.12903225806451613,131.54295065313067,4,0
38,3,0.07692307692307693,86.58925454735186,6,0
42,6,0.13953488372093023,172.34988803183802,5,0
55,6,0.10714285714285714,117.83690520688955,5,0
64,8,0.12307692307692308,107.07974614514893,9,0
46,3,0.06382978723404255,154.2887921075484,6,0
47,5,0.10416666666666667,119.3311463623881,6,0
51,5,0.09615384615384616,85.02989743104352,4,0
50,9,0.17647058823529413,121.20907798495746,6,0
36,2,0.05405405405405406,96.55953595287708,5,0
55,9,0.16071428571428573,29.719765719504792,10,0
55,7,0.125,93.54869423549604,12,0
48,6,0.12244897959183673,104.16793287396447,6,0
48,6,0.12244897959183673,85.33064672120855,1,0
47,5,0.10416666666666667,137.25739596342112,3,0
42,3,0.06976744186046512,96.67656728013655,3,0
48,3,0.061224489795918366,134.35278602503368,3,0
45,7,0.15217391304347827,83.00040790895056,8,0
45,6,0.13043478260869565,147.27656763247614,9,0
55,4,0.07142857142857142,81.70552420000524,3,0
51,6,0.11538461538461539,49.75408771826781,3,0
45,4,0.08695652173913043,157.11787755489684,3,0
54,3,0.05454545454545454,94.32318588806486,3,0
49,5,0.1,172.70787174598226,3,0
58,4,0.06779661016949153,136.9377570362421,9,0
46,2,0.0425531914893617,143.7078995514376,3,0
37,3,0.07894736842105263,151.3641750139822,2,0
52,6,0.11320754716981132,123.38038038747207,7,0
46,1,0.02127659574468085,123.72166253515617,6,0
45,4,0.08695652173913043,158.44020072582927,9,0
55,4,0.07142857142857142,123.34075487094294,5,0
55,2,0.03571428571428571,98.1546945961017,3,0
48,2,0.04081632653061224,137.5727568048667,6,0
50,3,0.058823529411764705,56.59069756845143,6,0
53,3,0.05555555555555555,159.58676404680642,5,0
54,7,0.12727272727272726,160.21317407895273,5,0
52,5,0.09433962264150944,155.94500004369237,1,0
50,3,0.058823529411764705,154.79315887133083,4,0
55,3,0.05357142857142857,117.4747402397663,7,0
64,5,0.07692307692307693,116.79952846520932,3,0
50,7,0.13725490196078433,83.11079730687432,5,0
56,5,0.08771929824561403,172.44123755133143,8,0
42,2,0.046511627906976744,105.44945480921166,4,0
49,4,0.08,130.19655929255643,9,0
42,4,0.09302325581395349,127.62135848864334,4,0
53,2,0.037037037037037035,79.7874245518753,3,0
40,4,0.0975609756097561,67.65974927630383,7,0
37,3,0.07894736842105263,120.16759862602045,7,0
55,1,0.017857142857142856,106.38731647165473,3,0
51,6,0.11538461538461539,117.31689422269994,4,0
57,7,0.1206896551724138,151.96246890609697,8,0
51,6,0.11538461538461539,126.74832451611069,7,0
44,3,0.06666666666666667,142.75567622294193,7,0
53,5,0.09259259259259259,133.35984486526732,3,0
45,4,0.08695652173913043,110.50997420280504,7,0
44,5,0.1111111111111111,89.94590498420808,6,0
62,7,0.1111111111111111,127.94153604340406,6,0
53,2,0.037037037037037035,122.51677858038273,2,0
50,6,0.11764705882352941,147.4546901251424,5,0
60,7,0.11475409836065574,115.47299790832521,10,0
39,3,0.075,111.07975364653433,7,0
42,6,0.13953488372093023,113.115018486552,10,0
42,6,0.13953488372093023,92.43820094983663,0,0
53,3,0.05555555555555555,163.40729834461374,8,0
47,7,0.14583333333333334,154.18886263847284,5,0
43,4,0.09090909090909091,83.60910513125859,4,0
41,5,0.11904761904761904,144.1184442591765,5,0
48,7,0.14285714285714285,64.64984808202904,6,0
56,5,0.08771929824561403,149.55867699333066,7,0
46,4,0.0851063829787234,99.10948646676974,5,0
55,9,0.16071428571428573,130.79701673034754,2,0
42,3,0.06976744186046512,62.11470931374984,4,0
49,3,0.06,84.03887304966149,5,0
56,5,0.08771929824561403,134.0610890174823,3,0
41,6,0.14285714285714285,98.9727544985166,3,0
51,9,0.17307692307692307,94.80111388883404,7,0
49,3,0.06,161.87585092356292,11,0
45,7,0.15217391304347827,186.32877633818623,6,1
48,3,0.061224489795918366,148.11041810458448,12,0
58,10,0.1694915254237288,87.24358284794809,7,0
54,6,0.10909090909090909,172.905579984531,3,0
51,1,0.019230769230769232,73.15703221054852,6,0
54,2,0.03636363636363636,110.86525637774022,3,0
57,3,0.05172413793103448,121.6433330096212,5,0
44,3,0.06666666666666667,177.72113531516246,4,0
50,6,0.11764705882352941,147.37977412655175,6,0
45,3,0.06521739130434782,106.0872691560144,13,0
46,9,0.19148936170212766,91.65131187660751,3,0
48,5,0.10204081632653061,150.06577961409764,4,0
41,5,0.11904761904761904,103.99923128338934,5,0
41,3,0.07142857142857142,126.50220263594926,3,0
63,9,0.140625,78.90670532222653,8,0
56,6,0.10526315789473684,137.07773565672602,4,0
47,7,0.14583333333333334,134.66085437242435,3,0
47,8,0.16666666666666666,82.75139815025486,6,0
47,2,0.041666666666666664,150.94869338614922,6,0
46,2,0.0425531914893617,136.64237424728344,2,0
62,8,0.12698412698412698,142.20072758340294,5,0
43,6,0.13636363636363635,108.63963921749608,4,0
59,6,0.1,125.36869233859326,3,0
49,4,0.08,121.90136606595973,3,0
49,6,0.12,115.55488785737309,4,0
38,3,0.07692307692307693,125.11509834497538,11,0
44,3,0.06666666666666667,157.6932892138915,5,0
60,6,0.09836065573770492,152.2485191611178,6,0
46,3,0.06382978723404255,84.5441796759343,4,0
57,5,0.08620689655172414,149.5620545072082,3,0
49,9,0.18,155.73430118244107,6,1
50,7,0.13725490196078433,115.46466979942902,5,0
50,8,0.1568627450980392,135.2534131139333,10,0
47,6,0.125,134.82005001909053,6,0
52,4,0.07547169811320754,94.50100149977096,6,0
47,6,0.125,108.54131137415015,6,0
68,10,0.14492753623188406,142.5243071655482,6,0
53,9,0.16666666666666666,105.12533289505646,6,0
51,6,0.11538461538461539,149.26498677786924,5,0
56,4,0.07017543859649122,159.14917322549286,11,0
51,2,0.038461538461538464,154.31015525941413,6,0
40,2,0.04878048780487805,179.3941380950837,3,0
47,9,0.1875,117.27803153126662,2,0
66,6,0.08955223880597014,125.31603221907189,4,0
53,8,0.14814814814814814,129.6198914328792,9,0
47,4,0.08333333333333333,118.18806225027785,8,0
50,6,0.11764705882352941,136.26536922304933,10,0
60,2,0.03278688524590164,68.66387912964032,9,0
60,4,0.06557377049180328,126.14716166077558,3,0
59,5,0.08333333333333333,78.67690050351312,5,0
51,6,0.11538461538461539,91.12130167177266,4,0
58,4,0.06779661016949153,141.98669433089742,5,0
48,6,0.12244897959183673,114.0265128465294,6,0
35,3,0.08333333333333333,140.92843424147418,6,0
59,8,0.13333333333333333,113.37670189196609,1,0
48,2,0.04081632653061224,153.19218949173467,6,0
48,6,0.12244897959183673,112.8275788313609,8,0
49,4,0.08,61.3524453131063,6,0
53,7,0.12962962962962962,126.76177746033812,3,0
49,4,0.08,54.93420462892347,4,0
51,6,0.11538461538461539,76.41837292402778,5,0
53,9,0.16666666666666666,93.5116041300429,7,0
51,1,0.019230769230769232,89.76871566689438,7,0
42,0,0.0,103.64847586751144,3,0
45,6,0.13043478260869565,88.73796529406683,5,0
45,5,0.10869565217391304,77.82142009242982,2,0
51,4,0.07692307692307693,166.25507234522323,4,0
60,6,0.09836065573770492,99.65566360824312,10,0
49,2,0.04,53.07697040557807,2,0
52,3,0.05660377358490566,109.17244880972228,6,0
48,4,0.08163265306122448,86.25806825917338,3,0
58,8,0.13559322033898305,93.45097118121559,6,0
36,3,0.08108108108108109,141.31027444057455,7,0
48,5,0.10204081632653061,106.55527143644346,4,0
53,8,0.14814814814814814,85.42210196346345,5,0
50,4,0.0784313725490196,133.38760529871735,3,0
57,7,0.1206896551724138,154.49822491827257,8,0
36,6,0.16216216216216217,136.10616487919535,4,0
42,3,0.06976744186046512,46.39333285048724,5,0
43,3,0.06818181818181818,86.55031492808958,1,0
39,8,0.2,121.42345591908615,5,0
47,9,0.1875,112.67101784207954,5,0
65,5,0.07575757575757576,110.1817453818241,4,0
49,2,0.04,90.51729921477498,3,0
61,5,0.08064516129032258,77.8324775076768,5,0
37,3,0.07894736842105263,180.2334515343906,7,0
47,4,0.08333333333333333,120.81332859416736,7,0
54,6,0.10909090909090909,139.26365366602255,6,0
47,7,0.14583333333333334,120.18753520751427,7,0
74,6,0.08,121.39046095913969,3,0
65,9,0.13636363636363635,118.13689800572138,5,0
42,2,0.046511627906976744,86.38662422776704,4,0
51,2,0.038461538461538464,74.56531625897257,5,0
55,5,0.08928571428571429,131.58676121234961,2,0
58,2,0.03389830508474576,125.635272218135,3,0
48,4,0.08163265306122448,148.14842695379122,4,0
52,8,0.1509433962264151,142.06082479926079,3,0
66,5,0.07462686567164178,95.74463421750987,1,0
51,6,0.11538461538461539,153.97773926765615,3,0
32,2,0.06060606060606061,142.95081585463552,3,0
43,1,0.022727272727272728,140.72524709572005,4,0
46,5,0.10638297872340426,187.47980375936424,8,0
48,7,0.14285714285714285,181.31876287524562,6,0
51,4,0.07692307692307693,140.69741299664656,7,0
53,6,0.1111111111111111,136.95591617512588,2,0
48,8,0.16326530612244897,152.44965545309043,4,1
48,6,0.12244897959183673,102.48138690988887,7,0
42,2,0.046511627906976744,102.9051222722685,5,0
63,8,0.125,140.20264221275738,5,0
45,4,0.08695652173913043,94.30571732617283,7,0
57,7,0.1206896551724138,137.78308456569766,4,0
57,6,0.10344827586206896,124.70496499608569,9,0
47,2,0.041666666666666664,94.31429686223643,5,0
52,5,0.09433962264150944,120.77599530864897,4,0
62,6,0.09523809523809523,159.1524477641525,3,0
48,5,0.10204081632653061,122.47111351961513,4,0
42,7,0.16279069767441862,122.59642942853932,5,0
66,10,0.14925373134328357,129.8695583671379,6,0
57,5,0.08620689655172414,133.77565568674825,4,0
45,4,0.08695652173913043,110.07478601756421,5,0
50,5,0.09803921568627451,130.50783143901143,4,0
44,4,0.08888888888888889,88.52788921227801,4,0
47,8,0.16666666666666666,96.02786829498336,4,0
54,6,0.10909090909090909,99.86552675773132,5,0
43,3,0.06818181818181818,134.09288068902325,3,0
42,4,0.09302325581395349,124.8069848266883,2,0
42,5,0.11627906976744186,115.9692126826814,3,0
46,5,0.10638297872340426,140.7230996875586,1,0
43,5,0.11363636363636363,131.36586248227007,6,0
43,2,0.045454545454545456,111.30069660051385,6,0
55,2,0.03571428571428571,88.94307471540564,10,0
48,4,0.08163265306122448,95.40873596319742,5,0
71,7,0.09722222222222222,75.99571603821325,7,0
44,2,0.044444444444444446,124.21708650452477,3,0
39,6,0.15,94.13583652638984,6,0
52,4,0.07547169811320754,105.14031054048388,1,0
46,7,0.14893617021276595,116.17227958113408,4,0
68,4,0.057971014492753624,151.31985573992057,4,0
53,2,0.037037037037037035,147.86371794950458,4,0
36,3,0.08108108108108109,118.35874586238077,7,0
39,2,0.05,157.96510468200898,5,0
42,7,0.16279069767441862,59.62954472037418,4,0
54,1,0.01818181818181818,176.31661649299537,5,0
54,5,0.09090909090909091,140.77499142913754,8,0
52,8,0.1509433962264151,123.08409855059789,8,0
64,6,0.09230769230769231,93.2592095774381,5,0
60,3,0.04918032786885246,106.85797901608606,4,0
66,5,0.07462686567164178,138.28052686734122,9,0
47,5,0.10416666666666667,138.9623815059424,6,0
40,2,0.04878048780487805,140.0518011177236,2,0
65,6,0.09090909090909091,98.14509796900619,3,0
55,8,0.14285714285714285,92.1045686095437,3,0
45,7,0.15217391304347827,125.8561573305752,6,0
44,1,0.022222222222222223,143.0956187331442,3,0
42,2,0.046511627906976744,120.09554548514576,4,0
62,5,0.07936507936507936,164.444527406555,4,0
51,5,0.09615384615384616,120.99412386570334,1,0
51,4,0.07692307692307693,119.97874068501041,4,0
46,7,0.14893617021276595,140.11679973578006,4,0
48,6,0.12244897959183673,156.57690412776117,6,0
51,2,0.038461538461538464,79.52234220586365,3,0
51,6,0.11538461538461539,86.45964875893205,1,0
48,2,0.04081632653061224,110.60215686767886,7,0
44,3,0.06666666666666667,214.76825353765992,3,0
56,4,0.07017543859649122,112.15594312377205,10,0
46,3,0.06382978723404255,116.34651170968294,3,0
39,4,0.1,138.55055789423756,4,0
40,4,0.0975609756097561,149.30786708440422,3,0
50,3,0.058823529411764705,125.09355349364267,2,0
58,12,0.2033898305084746,154.9304248512077,4,1
37,3,0.07894736842105263,84.1808645092224,5,0
51,2,0.038461538461538464,97.01734725771824,10,0
47,2,0.041666666666666664,154.87460851738916,3,0
51,5,0.09615384615384616,120.32829344350422,5,0
50,10,0.19607843137254902,82.12648184974006,5,0
53,6,0.1111111111111111,80.32386205148379,3,0
54,9,0.16363636363636364,95.67177583965886,6,0
46,4,0.0851063829787234,120.0637662647375,5,0
58,5,0.0847457627118644,134.02138709180366,2,0
49,5,0.1,110.12820000167582,3,0
48,6,0.12244897959183673,131.54997567718556,5,0
40,3,0.07317073170731707,106.88800539919154,8,0
33,5,0.14705882352941177,156.71760604850752,11,0
58,2,0.03389830508474576,196.55520283717067,6,0
44,4,0.08888888888888889,108.22161803746728,7,0
44,4,0.08888888888888889,134.39798432396836,10,0
41,4,0.09523809523809523,131.95232472450337,9,0
55,4,0.07142857142857142,124.16086278779777,5,0
46,4,0.0851063829787234,139.59752836023875,4,0
52,5,0.09433962264150944,134.3646356693948,5,0
55,6,0.10714285714285714,105.86839288845316,2,0
47,6,0.125,159.49637317868064,5,0
43,5,0.11363636363636363,126.04998742460327,6,0
39,3,0.075,108.4559874050891,5,0
31,10,0.3125,193.29607571542203,3,1
55,8,0.14285714285714285,116.513598685332,7,0
54,4,0.07272727272727272,127.64831524271248,6,0
42,2,0.046511627906976744,125.2632103374101,3,0
42,3,0.06976744186046512,116.10316167146375,2,0
55,5,0.08928571428571429,133.45994115132046,10,0
51,7,0.1346153846153846,94.65000272725125,6,0
48,6,0.12244897959183673,137.89630159569174,1,0
56,8,0.14035087719298245,67.2493791482271,6,0
52,4,0.07547169811320754,81.05790746228612,4,0
51,5,0.09615384615384616,174.77173641505544,6,0
60,5,0.08196721311475409,82.3145991983464,9,0
45,2,0.043478260869565216,61.201234438894176,8,0
51,6,0.11538461538461539,83.05751492801437,5,0
51,3,0.057692307692307696,172.20171807590202,3,0
46,5,0.10638297872340426,66.24414779181855,4,0
47,5,0.10416666666666667,91.32557452225348,4,0
50,7,0.13725490196078433,76.2542254704904,5,0
51,3,0.057692307692307696,111.77612408729975,3,0
52,7,0.1320754716981132,106.9193730545779,4,0
51,13,0.25,105.57730479818899,7,0
63,9,0.140625,175.6840139821541,7,0
46,6,0.1276595744680851,84.02774047087355,4,0
43,5,0.11363636363636363,116.93436660848667,5,0
50,4,0.0784313725490196,130.15803738962202,5,0
43,5,0.11363636363636363,90.59372213783568,4,0
60,7,0.11475409836065574,134.59769943739806,7,0
54,6,0.10909090909090909,108.00568516340077,3,0
51,7,0.1346153846153846,131.22927198569568,2,0
53,5,0.09259259259259259,116.76002245423041,0,0
50,3,0.058823529411764705,58.48406323301087,10,0
43,4,0.09090909090909091,159.18296138297222,3,0
50,4,0.0784313725490196,182.11374946062216,6,0
48,4,0.08163265306122448,114.6973745419556,6,0
59,2,0.03333333333333333,93.06143844400188,2,0
48,4,0.08163265306122448,165.18038163527063,2,0
58,8,0.13559322033898305,176.71148708602414,5,0
46,5,0.10638297872340426,114.93613765230008,5,0
51,1,0.019230769230769232,113.43958154338456,3,0
51,5,0.09615384615384616,117.60266706985503,4,0
48,4,0.08163265306122448,69.76353332264085,5,0
61,6,0.0967741935483871,111.26622363920316,7,0
59,5,0.08333333333333333,171.44825662647736,3,0
59,9,0.15,114.93934017688319,5,0
45,1,0.021739130434782608,88.79896416383384,9,0
47,6,0.125,134.90056857913441,6,0
46,7,0.14893617021276595,99.98403604517664,9,0
42,8,0.18604651162790697,118.0064362899622,8,0
57,4,0.06896551724137931,81.93453658358163,6,0
59,6,0.1,88.90127516439804,3,0
49,2,0.04,142.12977764590778,5,0
53,5,0.09259259259259259,123.47600338203263,6,0
38,2,0.05128205128205128,96.71827839471551,6,0
55,8,0.14285714285714285,123.58605390914708,3,0
49,2,0.04,101.78559873818223,3,0
52,5,0.09433962264150944,96.48719491889491,8,0
53,5,0.09259259259259259,154.92103191744917,1,0
36,7,0.1891891891891892,143.48632659566314,4,0
44,5,0.1111111111111111,119.36181451106715,3,0
35,2,0.05555555555555555,124.3301201174911,1,0
51,4,0.07692307692307693,119.7480594799697,4,0
33,1,0.029411764705882353,134.61027777520616,2,0
47,6,0.125,96.01495024632916,5,0
45,5,0.10869565217391304,145.8751420010593,2,0
53,6,0.1111111111111111,130.60697513672437,6,0
43,1,0.022727272727272728,112.10830986331345,10,0
40,5,0.12195121951219512,105.36665905474375,4,0
31,4,0.125,145.23392825300425,6,0
62,11,0.1746031746031746,115.48541051549681,5,0
38,4,0.10256410256410256,99.03320712510488,4,0
60,5,0.08196721311475409,108.46290699077029,6,0
63,5,0.078125,143.0761394666748,6,0
58,4,0.06779661016949153,71.6834039626188,8,0
59,7,0.11666666666666667,109.33773283258583,6,0
47,6,0.125,152.11748009027292,5,0
45,3,0.06521739130434782,114.95349683690226,9,0
40,2,0.04878048780487805,128.18450196833524,2,0
45,2,0.043478260869565216,152.60306893611585,5,0
48,8,0.16326530612244897,146.7698896019151,4,0
46,3,0.06382978723404255,106.79823680880234,3,0
59,5,0.08333333333333333,116.08819343388491,7,0
47,3,0.0625,147.1429170518704,5,0
62,6,0.09523809523809523,148.18408461851695,4,0
44,5,0.1111111111111111,117.35849624055176,2,0
48,7,0.14285714285714285,118.3936304312272,6,0
58,4,0.06779661016949153,128.03051083601554,7,0
56,7,0.12280701754385964,161.00702070051878,4,0
60,5,0.08196721311475409,152.0269836197387,3,0
48,9,0.1836734693877551,140.80160111397055,7,0
47,4,0.08333333333333333,87.63992171808326,9,0
53,1,0.018518518518518517,111.7549978035523,6,0
51,5,0.09615384615384616,113.33139978930292,3,0
44,2,0.044444444444444446,162.55455097810417,8,0
42,1,0.023255813953488372,112.83406826461086,10,0
44,5,0.1111111111111111,157.6032846923284,5,0
49,6,0.12,102.87903988406748,5,0
39,4,0.1,105.27348127017723,7,0
48,6,0.12244897959183673,134.44362317439422,1,0
54,5,0.09090909090909091,167.04440116715273,5,0
52,6,0.11320754716981132,113.64668612196368,5,0
51,5,0.09615384615384616,43.11696414416406,5,0
44,5,0.1111111111111111,73.0744979298334,4,0
59,4,0.06666666666666667,128.93884668493368,6,0
45,3,0.06521739130434782,75.75611919654696,7,0
55,5,0.08928571428571429,94.03311520810763,8,0
63,6,0.09375,120.37025851914771,6,0
47,6,0.125,46.518982627606164,4,0
44,4,0.08888888888888889,108.60822632023637,2,0
42,2,0.046511627906976744,85.05574326419193,5,0
51,4,0.07692307692307693,75.02460846297748,5,0
46,3,0.06382978723404255,95.9344668234582,6,0
50,6,0.11764705882352941,87.92373224791706,4,0
55,5,0.08928571428571429,134.08440653976908,7,0
49,6,0.12,155.89580360048652,5,0
45,4,0.08695652173913043,109.06719445166812,4,0
48,7,0.14285714285714285,102.11622662859492,3,0
41,9,0.21428571428571427,107.57384996526304,3,0
51,6,0.11538461538461539,86.75438676184612,5,0
58,8,0.13559322033898305,81.33774313140967,4,0
51,5,0.09615384615384616,70.63336641319988,3,0
62,10,0.15873015873015872,80.1143712504548,4,0
48,7,0.14285714285714285,168.95973021337886,7,0
49,10,0.2,99.28736893909625,7,0
47,5,0.10416666666666667,31.751145847087116,1,0
58,7,0.11864406779661017,102.3882918455698,4,0
49,5,0.1,72.28756389717535,9,0
44,3,0.06666666666666667,121.7845481999149,14,0
52,4,0.07547169811320754,118.54939034288985,3,0
59,9,0.15,121.67656913076164,7,0
47,2,0.041666666666666664,118.77821763764446,4,0
57,6,0.10344827586206896,108.81869086140753,4,0
57,5,0.08620689655172414,76.3231163538004,4,0
43,4,0.09090909090909091,117.76037784085729,6,0
39,6,0.15,150.56773767407083,11,0
36,5,0.13513513513513514,174.41019251385612,7,0
52,6,0.11320754716981132,112.86026018081981,8,0
48,3,0.061224489795918366,116.11170164148945,2,0
44,4,0.08888888888888889,135.0128153726668,5,0
41,4,0.09523809523809523,164.79724678416312,5,0
63,5,0.078125,105.41110168486358,2,0
51,2,0.038461538461538464,140.77953950851014,3,0
46,5,0.10638297872340426,95.31542203426835,6,0
42,3,0.06976744186046512,129.89546970796508,7,0
43,5,0.11363636363636363,149.11812529855112,4,0
46,4,0.0851063829787234,81.27418180356611,5,0
65,6,0.09090909090909091,104.24565833945347,5,0
44,1,0.022222222222222223,148.64349290085005,2,0
62,13,0.20634920634920634,138.48483691544385,3,0
49,5,0.1,151.07838420944566,6,0
51,1,0.019230769230769232,145.453189393622,8,0
43,4,0.09090909090909091,109.76689416249883,8,0
49,7,0.14,185.97570445184073,4,0
47,6,0.125,124.10729972260184,3,0
44,5,0.1111111111111111,28.328731525673987,6,0
51,3,0.057692307692307696,111.52960882868102,6,0
46,5,0.10638297872340426,105.92486229002014,4,0
50,6,0.11764705882352941,143.85747502101833,3,0
40,4,0.0975609756097561,106.46444054405609,4,0
50,8,0.1568627450980392,152.9690998745741,2,1
58,4,0.06779661016949153,136.74298117220124,7,0
49,3,0.06,89.9972861558982,5,0
50,7,0.13725490196078433,115.78879993165725,7,0
43,5,0.11363636363636363,96.73399667173798,5,0
41,0,0.0,125.54275940561008,6,0
53,4,0.07407407407407407,96.55527398294637,5,0
55,8,0.14285714285714285,122.23305691527186,5,0
52,1,0.018867924528301886,111.83082747028766,8,0
50,0,0.0,115.43330235960528,7,0
53,4,0.07407407407407407,181.52821139394297,3,0
53,8,0.14814814814814814,109.18544319878386,5,0
55,8,0.14285714285714285,61.96700737148429,6,0
50,5,0.09803921568627451,150.47478434203043,5,0
49,5,0.1,150.23867705406025,6,0
47,4,0.08333333333333333,60.63179478609522,4,0
43,3,0.06818181818181818,98.97301136375799,4,0
56,8,0.14035087719298245,133.0743167053957,7,0
52,3,0.05660377358490566,135.726097836512,7,0
49,5,0.1,119.85828709641838,5,0
49,5,0.1,120.53476136799853,8,0
60,3,0.04918032786885246,91.84236380750447,7,0
42,4,0.09302325581395349,48.0045385963294,6,0
38,4,0.10256410256410256,181.48521954550608,6,0
47,6,0.125,90.93998166879857,6,0
49,3,0.06,125.29517070193447,6,0
64,5,0.07692307692307693,115.23456013021992,5,0
58,6,0.1016949152542373,146.91592656820637,4,0
57,11,0.1896551724137931,123.44691640446476,5,0
45,3,0.06521739130434782,124.60322859275999,6,0
50,10,0.19607843137254902,40.970452559732124,10,0
56,7,0.12280701754385964,94.9998278237324,3,0
53,7,0.12962962962962962,142.33899139796992,4,0
65,3,0.045454545454545456,139.64004675215787,3,0
44,3,0.06666666666666667,91.45041529148365,7,0
65,3,0.045454545454545456,72.65914251836634,3,0
55,5,0.08928571428571429,123.79737920168792,4,0
49,10,0.2,32.79677853612556,5,0
51,3,0.057692307692307696,85.53977242986713,4,0
48,5,0.10204081632653061,172.80483225465932,3,0
56,1,0.017543859649122806,163.35201986621306,3,0
43,5,0.11363636363636363,134.61748076295436,6,0
51,3,0.057692307692307696,129.22008943443768,6,0
46,2,0.0425531914893617,61.49487646426803,5,0
49,4,0.08,97.7799829005265,3,0
44,6,0.13333333333333333,111.14494206102671,4,0
43,2,0.045454545454545456,98.41758751496434,4,0
47,3,0.0625,109.49269995276407,6,0
55,1,0.017857142857142856,158.97673273038882,4,0
61,11,0.1774193548387097,103.74530816186032,4,0
42,5,0.11627906976744186,109.77182458329703,5,0
45,6,0.13043478260869565,142.18593860051254,4,0
53,6,0.1111111111111111,77.4157284419159,4,0
39,2,0.05,94.7938626348346,6,0
55,6,0.10714285714285714,97.86832236729471,7,0
38,2,0.05128205128205128,121.66776439655243,5,0
44,4,0.08888888888888889,109.65113797519004,4,0
43,5,0.11363636363636363,110.59977271958599,11,0
46,5,0.10638297872340426,100.05438038692515,6,0
43,2,0.045454545454545456,87.87509219355735,2,0
57,2,0.034482758620689655,138.2742877263173,8,0
38,5,0.1282051282051282,109.86587643113236,4,0
56,7,0.12280701754385964,138.57056940442118,5,0
51,2,0.038461538461538464,86.65118008556558,5,0
56,3,0.05263157894736842,100.04273526751072,7,0
48,7,0.14285714285714285,113.36450916459701,4,0
57,7,0.1206896551724138,116.16398889551368,2,0
47,11,0.22916666666666666,142.6310617779663,5,0
45,3,0.06521739130434782,107.08472131222925,6,0
54,5,0.09090909090909091,142.40226728432626,3,0
55,4,0.07142857142857142,131.24832025679083,5,0
44,5,0.1111111111111111,116.79442169751152,5,0
53,3,0.05555555555555555,91.46103610510441,5,0
61,3,0.04838709677419355,142.7062579638996,6,0
60,3,0.04918032786885246,92.20987598059048,4,0
57,7,0.1206896551724138,119.36158859528163,4,0
48,5,0.10204081632653061,118.38178671191761,7,0
45,5,0.10869565217391304,113.78714572148152,7,0
57,8,0.13793103448275862,108.32040831044057,6,0
46,6,0.1276595744680851,95.33769915114986,5,0
52,5,0.09433962264150944,71.49190687889765,3,0
45,9,0.1956521739130435,162.11414198521055,6,1
53,5,0.09259259259259259,105.24829607228253,5,0
42,2,0.046511627906976744,116.15663714647592,6,0
52,11,0.20754716981132076,115.97317848198178,4,0
50,1,0.0196078431372549,152.86813011686246,12,0
48,5,0.10204081632653061,177.9958266455292,5,0
48,4,0.08163265306122448,124.7954225876606,4,0
49,5,0.1,115.28991994629247,8,0
41,4,0.09523809523809523,86.29628978521762,3,0
45,3,0.06521739130434782,76.69234651761705,5,0
48,5,0.10204081632653061,66.78075211067697,7,0
54,7,0.12727272727272726,96.12465121429595,3,0
51,4,0.07692307692307693,57.27435608060655,5,0
41,3,0.07142857142857142,152.36489861220338,5,0
45,3,0.06521739130434782,132.69288731980274,4,0
50,7,0.13725490196078433,112.4507845594566,3,0
46,6,0.1276595744680851,153.2815194228237,4,0
46,7,0.14893617021276595,87.86531767790174,2,0
55,3,0.05357142857142857,95.40056833906335,4,0
57,3,0.05172413793103448,61.98620159094766,5,0
52,3,0.05660377358490566,143.23061085060635,7,0
56,3,0.05263157894736842,95.68976141072179,4,0
53,5,0.09259259259259259,120.47086839827472,5,0
48,9,0.1836734693877551,150.07729201724032,4,1
50,4,0.0784313725490196,161.1255226649826,1,0
50,9,0.17647058823529413,119.12560945528288,10,0
53,2,0.037037037037037035,131.52712308814068,5,0
54,9,0.16363636363636364,92.88449261869017,7,0
43,2,0.045454545454545456,170.501200290226,5,0
51,8,0.15384615384615385,115.01548319101902,6,0
52,2,0.03773584905660377,122.40854855604361,3,0
69,11,0.15714285714285714,107.79440783210322,5,0
45,3,0.06521739130434782,155.9774699524127,2,0
52,4,0.07547169811320754,125.98781769249568,4,0
50,5,0.09803921568627451,142.82803732240873,3,0
62,5,0.07936507936507936,130.61874419936646,4,0
59,7,0.11666666666666667,113.38771850351985,5,0
58,11,0.1864406779661017,147.88405683898776,5,0
52,6,0.11320754716981132,130.35948583726145,5,0
49,6,0.12,91.17062817458299,3,0
57,3,0.05172413793103448,90.3236584857186,5,0
63,7,0.109375,124.46480187094903,8,0
42,4,0.09302325581395349,147.22373707162882,7,0
44,7,0.15555555555555556,169.1826164551921,3,1
51,4,0.07692307692307693,66.68359627257593,3,0
32,4,0.12121212121212122,120.76979547296163,9,0
58,4,0.06779661016949153,134.6894298652499,4,0
47,3,0.0625,128.87007404984288,3,0
52,4,0.07547169811320754,150.27981315101127,2,0
54,4,0.07272727272727272,139.66601929474507,2,0
48,3,0.061224489795918366,90.4349944925898,7,0
41,1,0.023809523809523808,89.55624933927807,2,0
39,6,0.15,129.37364568455172,7,0
38,1,0.02564102564102564,149.71516273267576,4,0
51,8,0.15384615384615385,124.30252658858086,8,0
38,2,0.05128205128205128,72.66200791295165,14,0
53,2,0.037037037037037035,88.58485754051182,4,0
45,5,0.10869565217391304,140.7454756759599,6,0
63,6,0.09375,109.54064727248603,7,0
56,5,0.08771929824561403,123.53871909609865,7,0
56,6,0.10526315789473684,151.9625411745527,6,0
43,3,0.06818181818181818,83.93372857140133,8,0
57,7,0.1206896551724138,107.57272032294138,4,0
52,5,0.09433962264150944,104.31381559878169,4,0
40,3,0.07317073170731707,130.662076095836,3,0
45,6,0.13043478260869565,143.18664534815977,3,0
68,8,0.11594202898550725,75.59197629303655,6,0
40,3,0.07317073170731707,119.83390922501192,5,0
38,6,0.15384615384615385,146.07987312138636,8,0
43,7,0.1590909090909091,64.35640645617494,7,0
59,6,0.1,118.06822675681178,5,0
62,4,0.06349206349206349,83.52646677650316,5,0
48,8,0.16326530612244897,100.75299289351402,5,0
37,2,0.05263157894736842,44.848962315554346,4,0
53,2,0.037037037037037035,161.7820235626508,2,0
48,4,0.08163265306122448,109.32512617789462,1,0
45,6,0.13043478260869565,95.78424407892257,4,0
45,7,0.15217391304347827,129.8480113637145,5,0
65,7,0.10606060606060606,88.73069301938253,2,0
70,11,0.15492957746478872,85.88266413356118,4,0
57,3,0.05172413793103448,165.30987509441184,5,0
47,2,0.041666666666666664,174.25989084980398,6,0
52,6,0.11320754716981132,102.23808983152554,7,0
53,10,0.18518518518518517,152.02064129748538,9,1
36,3,0.08108108108108109,130.68121331964258,5,0
48,2,0.04081632653061224,77.58506124868951,3,0
60,4,0.06557377049180328,92.15604318450644,5,0
51,4,0.07692307692307693,166.53299397590806,5,0
45,4,0.08695652173913043,77.1961490152747,3,0
50,2,0.0392156862745098,188.42998014224577,6,0
53,8,0.14814814814814814,102.85913472264663,5,0
43,4,0.09090909090909091,167.424447188797,12,0
38,5,0.1282051282051282,110.83308616071488,4,0
61,3,0.04838709677419355,143.99710774503453,3,0
53,2,0.037037037037037035,161.85099420362067,6,0
54,6,0.10909090909090909,161.6986145304303,4,0
44,7,0.15555555555555556,102.46903407621089,5,0
50,5,0.09803921568627451,94.27835700302622,2,0
50,7,0.13725490196078433,117.56363970746595,10,0
69,9,0.12857142857142856,80.98561136898066,3,0
57,3,0.05172413793103448,127.17792526831676,3,0
51,3,0.057692307692307696,95.37610043167454,7,0
47,5,0.10416666666666667,152.48129320628746,2,0
41,4,0.09523809523809523,102.89662751345585,5,0
52,4,0.07547169811320754,67.73223091559939,3,0
46,4,0.0851063829787234,162.0274432850789,1,0
43,4,0.09090909090909091,125.5010400999559,5,0
43,7,0.1590909090909091,120.8740467126022,5,0
55,3,0.05357142857142857,152.83184354838627,3,0
67,5,0.07352941176470588,146.14729506894471,9,0
48,5,0.10204081632653061,97.14439367968723,6,0
54,6,0.10909090909090909,106.50655181921519,3,0
54,6,0.10909090909090909,86.61134249821986,4,0
45,8,0.17391304347826086,76.06643834625555,6,0
56,7,0.12280701754385964,137.3577760474617,2,0
51,5,0.09615384615384616,131.76552930125044,5,0
57,4,0.06896551724137931,142.8248763456755,5,0
58,5,0.0847457627118644,158.4481632448783,4,0
43,5,0.11363636363636363,143.2342438477702,4,0
45,6,0.13043478260869565,145.90378428915776,4,0
47,9,0.1875,57.66116225483589,5,0
53,6,0.1111111111111111,110.79044274225018,4,0
53,5,0.09259259259259259,148.9372948400996,3,0
54,1,0.01818181818181818,84.9537379138435,8,0
54,2,0.03636363636363636,122.75014148513291,3,0
53,3,0.05555555555555555,135.58393321840518,4,0
49,2,0.04,133.2856048151546,6,0
54,5,0.09090909090909091,131.063889238749,8,0
46,4,0.0851063829787234,137.96738157136724,3,0
54,6,0.10909090909090909,125.42231684784657,5,0
47,5,0.10416666666666667,76.1121537782696,3,0
51,5,0.09615384615384616,135.2086660621048,3,0
50,5,0.09803921568627451,128.54239681661232,5,0
53,4,0.07407407407407407,76.5075464743364,4,0
41,8,0.19047619047619047,161.39205633259712,6,1
53,2,0.037037037037037035,136.01513099244121,7,0
48,8,0.16326530612244897,78.58955037067625,10,0
60,5,0.08196721311475409,95.48324508083549,2,0
59,6,0.1,103.07843874761461,5,0
40,2,0.04878048780487805,103.05709683598054,8,0
55,2,0.03571428571428571,128.79150566455326,6,0
50,4,0.0784313725490196,90.70944746825215,5,0
46,6,0.1276595744680851,153.84410241365805,3,0
42,3,0.06976744186046512,151.37410354103974,1,0
56,6,0.10526315789473684,138.5795192879877,2,0
54,4,0.07272727272727272,121.32725326181553,5,0
63,6,0.09375,148.12342545454612,3,0
46,7,0.14893617021276595,111.72156831587972,4,0
38,6,0.15384615384615385,98.26533415850372,6,0
39,4,0.1,155.7032893685922,5,0
59,4,0.06666666666666667,129.52628271057029,6,0
51,3,0.057692307692307696,99.47827078255825,9,0
49,9,0.18,107.46772898875263,6,0
46,3,0.06382978723404255,97.90716048704196,8,0
48,7,0.14285714285714285,180.66524576485813,6,0
50,4,0.0784313725490196,120.12295312351574,6,0
39,8,0.2,124.73313933761006,5,0
42,3,0.06976744186046512,141.63657143585823,8,0
55,5,0.08928571428571429,83.53917052178983,5,0
49,6,0.12,152.8964179885867,4,0
56,10,0.17543859649122806,101.7646160763644,3,0
57,11,0.1896551724137931,174.90048858345446,5,1
49,6,0.12,110.6202380995622,10,0
63,8,0.125,151.12920044289558,2,0
45,5,0.10869565217391304,45.096056486427386,8,0
48,6,0.12244897959183673,84.7460077174209,11,0
38,6,0.15384615384615385,111.19178523007122,6,0
44,4,0.08888888888888889,59.07651005625327,4,0
49,5,0.1,138.02653346524212,5,0
50,5,0.09803921568627451,129.38874376308746,3,0
50,5,0.09803921568627451,90.27517050420369,6,0
39,6,0.15,119.52124110406504,9,0
64,5,0.07692307692307693,144.19431689769374,5,0
50,3,0.058823529411764705,56.90851449390078,3,0
58,5,0.0847457627118644,81.7953295129603,8,0
56,4,0.07017543859649122,109.94735102329967,7,0
39,4,0.1,120.71170879897427,6,0
50,8,0.1568627450980392,118.24165735195369,7,0
46,5,0.10638297872340426,146.67884356307133,3,0
41,6,0.14285714285714285,134.3163373696619,7,0
49,3,0.06,140.89904521713177,2,0
49,8,0.16,78.30372801586904,7,0
55,6,0.10714285714285714,124.3447156439814,3,0
66,2,0.029850746268656716,110.78572472286169,3,0
61,7,0.11290322580645161,163.86215645006303,2,0
50,9,0.17647058823529413,125.231869121337,9,0
42,2,0.046511627906976744,99.92838195851913,2,0
43,5,0.11363636363636363,145.5750382786512,5,0
43,7,0.1590909090909091,136.89893387593943,7,0
57,1,0.017241379310344827,95.3519498207856,5,0
60,7,0.11475409836065574,109.54530891692475,3,0
54,5,0.09090909090909091,110.05660621174916,10,0
49,4,0.08,156.82383276838613,7,0
37,4,0.10526315789473684,126.09725621635326,4,0
56,2,0.03508771929824561,141.80347435680517,3,0
56,7,0.12280701754385964,105.20184836609752,3,0
44,0,0.0,130.04400873418325,4,0
56,4,0.07017543859649122,159.10082708788974,7,0
57,6,0.10344827586206896,109.16769704248057,4,0
50,4,0.0784313725490196,123.45464411513329,5,0
42,3,0.06976744186046512,79.10081231287178,8,0
38,6,0.15384615384615385,97.03325730269917,8,0
49,8,0.16,109.9667132400653,8,0
41,6,0.14285714285714285,88.17482073144836,9,0
43,4,0.09090909090909091,159.6592103256554,6,0
44,7,0.15555555555555556,94.8597893927546,3,0
53,8,0.14814814814814814,143.60395776351737,8,0
56,5,0.08771929824561403,125.6050871259443,8,0
40,3,0.07317073170731707,120.92555845531389,2,0
60,3,0.04918032786885246,164.58490934895474,7,0
41,4,0.09523809523809523,52.18199109217261,6,0
53,9,0.16666666666666666,114.11385309530685,2,0
48,5,0.10204081632653061,87.58858990303673,4,0
46,5,0.10638297872340426,61.15738772600887,6,0
41,2,0.047619047619047616,84.15804798726926,8,0
40,2,0.04878048780487805,120.51712605009213,3,0
46,4,0.0851063829787234,98.23958612380663,7,0
47,8,0.16666666666666666,146.89840769475444,4,0
46,4,0.0851063829787234,113.58462456176008,1,0
41,6,0.14285714285714285,110.25784935837171,4,0
43,2,0.045454545454545456,110.39157148481722,1,0
41,5,0.11904761904761904,117.04516781611383,5,0
45,5,0.10869565217391304,107.44564395171741,6,0
39,6,0.15,94.4623890730751,11,0
53,0,0.0,149.67554651928108,2,0
37,2,0.05263157894736842,101.27714848833162,5,0
59,4,0.06666666666666667,108.49420150961443,7,0
56,9,0.15789473684210525,132.88215240270932,5,0
62,4,0.06349206349206349,129.56223738471758,8,0
58,2,0.03389830508474576,93.1968581296185,1,0
46,5,0.10638297872340426,142.6494583233224,6,0
64,6,0.09230769230769231,136.13011019515213,7,0
46,7,0.14893617021276595,125.33924502561763,2,0
57,10,0.1724137931034483,107.06049448255524,6,0
47,5,0.10416666666666667,107.79807928435774,2,0
38,7,0.1794871794871795,113.94608690995172,2,0
50,6,0.11764705882352941,83.04504176616703,6,0
63,5,0.078125,118.82194654209131,5,0
56,9,0.15789473684210525,146.76306121340997,5,0
51,6,0.11538461538461539,146.2911356950207,2,0
57,5,0.08620689655172414,108.5744468617064,6,0
51,6,0.11538461538461539,151.9224981817661,4,0
52,5,0.09433962264150944,177.17713663588336,10,0
52,3,0.05660377358490566,110.51377394211518,1,0
55,7,0.125,140.74544119296505,8,0
71,9,0.125,52.11570111927624,5,0
66,8,0.11940298507462686,82.25559815454027,1,0
54,4,0.07272727272727272,122.7336308800056,1,0
47,8,0.16666666666666666,89.79800812444836,5,0
54,2,0.03636363636363636,181.17606134167346,6,0
51,4,0.07692307692307693,137.9363906188966,10,0
62,5,0.07936507936507936,148.9749494057439,2,0
55,2,0.03571428571428571,119.12920781518238,4,0
53,5,0.09259259259259259,89.90375940409044,5,0
46,5,0.10638297872340426,104.43569153475359,3,0
41,6,0.14285714285714285,127.63141438879079,4,0
47,10,0.20833333333333334,100.86253984772966,4,0
60,8,0.13114754098360656,140.13575975181598,7,0
51,5,0.09615384615384616,141.34244907613916,4,0
60,7,0.11475409836065574,120.14943911818764,6,0
47,7,0.14583333333333334,65.23094738949001,6,0
43,4,0.09090909090909091,171.44354800997877,4,0
55,7,0.125,113.61981429931447,1,0
44,4,0.08888888888888889,201.2782994541311,3,0
46,4,0.0851063829787234,139.57607089056586,3,0
52,5,0.09433962264150944,113.70134769803829,6,0
48,6,0.12244897959183673,133.4346562949401,3,0
45,6,0.13043478260869565,59.42143448764164,6,0
38,3,0.07692307692307693,150.784272097079,4,0
37,4,0.10526315789473684,197.00823712588428,2,0
43,7,0.1590909090909091,57.322995784698634,4,0
59,11,0.18333333333333332,111.37772970522877,9,0
44,3,0.06666666666666667,116.83985631625421,4,0
55,4,0.07142857142857142,146.25685887489192,5,0
56,7,0.12280701754385964,183.1792702249661,7,0
47,4,0.08333333333333333,131.48646367786694,2,0
34,0,0.0,184.25375472646581,7,0
60,5,0.08196721311475409,125.11297430653987,3,0
63,8,0.125,133.5427145638869,5,0
63,8,0.125,129.84706698480764,5,0
39,4,0.1,156.60899349015259,9,0
48,5,0.10204081632653061,107.3303682566939,3,0
50,5,0.09803921568627451,144.54860276284526,6,0
67,5,0.07352941176470588,83.07610181230719,5,0
60,6,0.09836065573770492,111.46487686045772,6,0
50,1,0.0196078431372549,100.89769131183576,4,0
48,5,0.10204081632653061,122.63884675853826,2,0
58,5,0.0847457627118644,110.51760751788655,6,0
36,4,0.10810810810810811,153.96401077370925,4,0
56,6,0.10526315789473684,93.63995714485073,6,0
52,4,0.07547169811320754,68.06052192566962,7,0
59,1,0.016666666666666666,79.28148540865328,5,0
46,3,0.06382978723404255,149.82504138903957,4,0
43,5,0.11363636363636363,90.91327970051334,4,0
48,2,0.04081632653061224,131.93533246562126,4,0
50,2,0.0392156862745098,111.15637490255762,9,0
51,6,0.11538461538461539,144.72732164259764,6,0
46,6,0.1276595744680851,113.07702884650169,1,0
45,3,0.06521739130434782,202.9304554835141,5,0
50,5,0.09803921568627451,176.94351047455513,5,0
53,9,0.16666666666666666,110.54369458782922,6,0
55,9,0.16071428571428573,106.43596232715042,4,0
49,4,0.08,213.96978452425384,4,0
49,7,0.14,87.63447116014231,4,0
56,6,0.10526315789473684,118.34929356244953,6,0
51,10,0.19230769230769232,120.67346759116282,5,0
47,4,0.08333333333333333,119.92986306556277,5,0
41,5,0.11904761904761904,67.83864838408421,7,0
50,6,0.11764705882352941,134.8980722902782,3,0
49,5,0.1,90.88949725823049,6,0
56,7,0.12280701754385964,163.07967372507213,8,0
52,4,0.07547169811320754,76.32104872696135,6,0
57,3,0.05172413793103448,121.78397782126429,5,0
50,4,0.0784313725490196,53.51638059144335,7,0
42,7,0.16279069767441862,55.368488809778285,5,0
38,4,0.10256410256410256,94.81944125122102,5,0
56,6,0.10526315789473684,99.05369752988915,2,0
50,6,0.11764705882352941,163.97179238968306,5,0
48,3,0.061224489795918366,118.78224491214306,6,0
54,5,0.09090909090909091,158.7722070273466,6,0
51,6,0.11538461538461539,108.6064021596997,4,0
44,8,0.17777777777777778,138.18255548640994,5,0
56,3,0.05263157894736842,98.23574049243297,6,0
60,5,0.08196721311475409,96.19580792704197,2,0
47,2,0.041666666666666664,65.37449583246317,6,0
49,3,0.06,130.07261981553825,5,0
46,4,0.0851063829787234,127.8625024410045,4,0
53,5,0.09259259259259259,143.31938661857558,2,0
60,4,0.06557377049180328,126.44754861424185,9,0
43,3,0.06818181818181818,180.78587931581902,4,0
52,7,0.1320754716981132,125.28082910032529,7,0
45,8,0.17391304347826086,149.75480143014363,14,0
54,4,0.07272727272727272,110.27672751002692,7,0
51,6,0.11538461538461539,92.74589897095834,5,0
56,4,0.07017543859649122,141.53085510559907,6,0
56,9,0.15789473684210525,117.32556036538978,6,0
60,7,0.11475409836065574,144.9612913778886,2,0
57,8,0.13793103448275862,130.58809625534042,2,0
44,1,0.022222222222222223,96.20960019629531,9,0
47,5,0.10416666666666667,152.23013633031087,7,0
49,5,0.1,93.86430138645997,3,0
54,4,0.07272727272727272,138.75978789886514,7,0
58,4,0.06779661016949153,158.4483333457756,4,0
46,5,0.10638297872340426,108.46215484754526,3,0
41,5,0.11904761904761904,154.67983361016945,3,0
41,1,0.023809523809523808,131.92850502159578,2,0
53,6,0.1111111111111111,145.5583133518879,3,0
50,3,0.058823529411764705,94.89732926692241,0,0
40,2,0.04878048780487805,126.42900696161243,10,0
42,5,0.11627906976744186,77.7575606992649,7,0
43,3,0.06818181818181818,171.3390154593139,4,0
48,4,0.08163265306122448,59.58005035246479,8,0
50,4,0.0784313725490196,109.3574454111345,4,0
55,6,0.10714285714285714,92.04874217401134,6,0
56,5,0.08771929824561403,140.24101245606712,5,0
47,9,0.1875,177.71837837789755,3,1
67,6,0.08823529411764706,139.64745296062577,4,0
58,7,0.11864406779661017,208.83851090854054,3,0
57,4,0.06896551724137931,78.6617947032348,3,0
43,4,0.09090909090909091,80.96447602414304,2,0
41,4,0.09523809523809523,93.20657305153799,2,0
43,3,0.06818181818181818,123.63734085887718,7,0
51,5,0.09615384615384616,89.19232874150251,3,0
62,5,0.07936507936507936,97.45011737084923,6,0
51,1,0.019230769230769232,138.61450571781864,5,0
45,3,0.06521739130434782,82.82484350658547,3,0
48,6,0.12244897959183673,86.00411961089695,6,0
51,7,0.1346153846153846,108.04383741029784,5,0
51,4,0.07692307692307693,110.86670787482036,5,0
63,6,0.09375,150.30047151663948,7,0
43,1,0.022727272727272728,92.98080756065639,5,0
52,4,0.07547169811320754,98.39160047637307,6,0
47,6,0.125,137.4501034883702,9,0
52,6,0.11320754716981132,144.04182971350147,7,0
71,5,0.06944444444444445,162.86173401379764,6,0
42,3,0.06976744186046512,134.07361064594264,4,0
51,7,0.1346153846153846,123.9109217988548,6,0
59,4,0.06666666666666667,137.25115220238462,2,0
60,5,0.08196721311475409,111.97761582334357,6,0
57,7,0.1206896551724138,111.75697216873564,7,0
40,4,0.0975609756097561,66.7766906316374,10,0
49,5,0.1,146.80247870068,5,0
44,7,0.15555555555555556,126.34376835155241,4,0
50,3,0.058823529411764705,143.31117799104916,7,0
49,6,0.12,35.52568516568118,4,0
50,3,0.058823529411764705,118.58694876319362,5,0
55,6,0.10714285714285714,94.32355480867102,3,0
51,8,0.15384615384615385,165.040875144607,4,1
63,6,0.09375,138.42650746451488,3,0
43,5,0.11363636363636363,127.0270623243168,1,0
49,7,0.14,107.04201091976927,9,0
58,3,0.05084745762711865,131.9162493039494,9,0
45,5,0.10869565217391304,92.15443111865687,7,0
50,8,0.1568627450980392,117.00823956942703,6,0
60,6,0.09836065573770492,102.64909839037739,5,0
49,3,0.06,187.99468964945075,4,0
55,3,0.05357142857142857,164.09843268572521,3,0
49,3,0.06,151.89142451948493,4,0
53,3,0.05555555555555555,75.29066933537527,4,0
43,4,0.09090909090909091,145.92471336852162,5,0
45,2,0.043478260869565216,125.63000025425812,6,0
48,3,0.061224489795918366,156.7038041854844,2,0
64,6,0.09230769230769231,129.6718528538082,8,0
37,3,0.07894736842105263,119.79847001885089,6,0
45,5,0.10869565217391304,127.01352889009677,9,0
45,5,0.10869565217391304,65.83100125132366,3,0
50,2,0.0392156862745098,96.97790183496608,7,0
52,2,0.03773584905660377,131.20006616109816,6,0
49,2,0.04,154.18165075219747,4,0
46,4,0.0851063829787234,103.48520651063646,2,0
46,1,0.02127659574468085,118.77579360408198,6,0
48,6,0.12244897959183673,71.9702266597383,3,0
50,3,0.058823529411764705,163.77932440061278,4,0
53,9,0.16666666666666666,153.41225196699364,5,1
49,5,0.1,139.56307855701596,4,0
57,5,0.08620689655172414,132.20418562892672,6,0
54,7,0.12727272727272726,166.57647195440393,10,0
48,6,0.12244897959183673,95.84967026055848,3,0
42,5,0.11627906976744186,92.60515331020024,5,0
44,8,0.17777777777777778,151.84559358769286,2,1
44,4,0.08888888888888889,149.82940145124374,7,0
57,8,0.13793103448275862,84.19513241732544,8,0
52,4,0.07547169811320754,104.05920355269402,4,0
58,8,0.13559322033898305,170.67279393232167,4,0
55,4,0.07142857142857142,132.35001984647712,6,0
49,4,0.08,143.61484554054516,5,0
50,6,0.11764705882352941,85.2286037241193,5,0
52,3,0.05660377358490566,139.69933573611536,7,0
45,3,0.06521739130434782,77.41375362687359,8,0
40,3,0.07317073170731707,60.60535903197945,4,0
55,6,0.10714285714285714,141.80471880542603,8,0
54,8,0.14545454545454545,163.03335508903467,4,0
40,5,0.12195121951219512,112.38641772752497,4,0
43,6,0.13636363636363635,103.60347954436625,2,0
48,5,0.10204081632653061,171.32545968739112,7,0
56,2,0.03508771929824561,114.15649892656177,4,0
54,3,0.05454545454545454,118.02693829328221,4,0
57,6,0.10344827586206896,170.81871679321006,3,0
52,4,0.07547169811320754,109.3924556091537,4,0
48,3,0.061224489795918366,100.37917171965401,1,0
49,5,0.1,144.46524672411263,6,0
54,6,0.10909090909090909,98.64431536862652,6,0
39,3,0.075,115.66195385633453,4,0
37,5,0.13157894736842105,80.42524194863402,4,0
51,6,0.11538461538461539,125.56191265129539,6,0
41,5,0.11904761904761904,122.04292461609279,6,0
37,8,0.21052631578947367,149.04060824169431,6,0
55,4,0.07142857142857142,145.71769609985193,7,0
49,6,0.12,136.54554025408746,4,0
29,5,0.16666666666666666,131.8276707834304,3,0
45,5,0.10869565217391304,117.80237658742976,3,0
55,7,0.125,138.28667906987408,6,0
48,4,0.08163265306122448,86.63003478993039,2,0
56,6,0.10526315789473684,49.53101784437072,4,0
55,2,0.03571428571428571,154.8575301363868,4,0
62,12,0.19047619047619047,140.2248138674374,6,0
50,7,0.13725490196078433,116.19040697160256,4,0
64,9,0.13846153846153847,152.23675825337958,4,0
41,5,0.11904761904761904,98.05507749160418,8,0
41,2,0.047619047619047616,98.83522403750548,3,0
51,2,0.038461538461538464,94.67586828917499,10,0
56,8,0.14035087719298245,137.02865925347655,7,0
47,4,0.08333333333333333,72.5112576835574,5,0
50,4,0.0784313725490196,96.99115179653876,6,0
40,4,0.0975609756097561,128.69145069708406,5,0
34,3,0.08571428571428572,83.87546772232167,4,0
49,6,0.12,100.19068783016444,5,0
51,5,0.09615384615384616,53.65297268656309,5,0
56,7,0.12280701754385964,138.1741994820461,7,0
52,7,0.1320754716981132,99.36494419973164,7,0
60,4,0.06557377049180328,87.02156249576538,5,0
52,4,0.07547169811320754,81.14931822124274,5,0
50,5,0.09803921568627451,107.453594633847,8,0
60,10,0.16393442622950818,72.59533239325681,8,0
48,4,0.08163265306122448,178.27139031446004,3,0
49,4,0.08,48.457661484930426,6,0
48,6,0.12244897959183673,106.4814255064053,5,0
43,4,0.09090909090909091,123.20720787873765,9,0
51,9,0.17307692307692307,96.73862987590337,2,0
54,8,0.14545454545454545,126.36395211879346,7,0
45,4,0.08695652173913043,96.01195275161515,3,0
56,6,0.10526315789473684,165.9028339101945,6,0
57,2,0.034482758620689655,86.4336895767067,4,0
53,6,0.1111111111111111,49.463281759550426,6,0
64,8,0.12307692307692308,81.04500448640036,4,0
44,4,0.08888888888888889,131.59484324441138,5,0
56,4,0.07017543859649122,116.46226861353406,3,0
42,7,0.16279069767441862,142.5639872394635,3,0
54,5,0.09090909090909091,135.052338501329,6,0
50,6,0.11764705882352941,100.91158950824388,6,0
51,2,0.038461538461538464,105.32749518613359,5,0
43,4,0.09090909090909091,108.44013673040322,6,0
45,6,0.13043478260869565,176.5303825048996,9,0
50,4,0.0784313725490196,140.72466944062108,5,0
37,4,0.10526315789473684,176.75060697535517,4,0
50,3,0.058823529411764705,145.2233811702544,3,0
43,4,0.09090909090909091,118.09249815235346,9,0
45,8,0.17391304347826086,89.41915539043005,1,0
38,4,0.10256410256410256,126.04559013446232,8,0
46,7,0.14893617021276595,118.17392483351308,3,0
50,8,0.1568627450980392,117.19058143985359,4,0
52,9,0.16981132075471697,113.7270276930225,5,0
47,7,0.14583333333333334,58.42611877271333,9,0
59,1,0.016666666666666666,157.82519449603967,2,0
51,8,0.15384615384615385,118.48639532348048,7,0
42,2,0.046511627906976744,77.57240651914074,5,0
55,2,0.03571428571428571,134.45288127220937,6,0
41,1,0.023809523809523808,94.32491494180415,2,0
47,4,0.08333333333333333,136.86421868912348,5,0
59,6,0.1,146.44969381537382,6,0
49,4,0.08,150.58909472007954,7,0
41,1,0.023809523809523808,115.17249820035539,6,0
44,4,0.08888888888888889,107.58666815944449,5,0
39,3,0.075,101.23384919205989,3,0
39,5,0.125,98.32331734618509,4,0
63,5,0.078125,119.48309807367248,3,0
52,3,0.05660377358490566,113.71970812824782,7,0
63,5,0.078125,95.24088552533503,4,0
33,2,0.058823529411764705,85.68645738591286,10,0
37,4,0.10526315789473684,116.73731723224253,4,0
54,5,0.09090909090909091,106.97407146168509,10,0
47,4,0.08333333333333333,85.75899080154403,4,0
44,4,0.08888888888888889,144.91713040264221,5,0
57,5,0.08620689655172414,173.16278252475746,4,0
52,10,0.18867924528301888,148.87764641952674,5,0
44,3,0.06666666666666667,98.39435964971867,7,0
49,7,0.14,118.4931094623019,6,0
52,6,0.11320754716981132,166.21286855062382,4,0
46,0,0.0,84.78901071667521,5,0
54,11,0.2,143.47785380055677,4,0
49,6,0.12,76.5575037556803,4,0
43,5,0.11363636363636363,170.52112882293986,6,0
37,3,0.07894736842105263,107.0905642574703,6,0
52,5,0.09433962264150944,186.8713117357144,2,0
56,4,0.07017543859649122,171.8419139592549,2,0
61,2,0.03225806451612903,116.80708471255836,4,0
44,6,0.13333333333333333,98.41783880668768,2,0
35,6,0.16666666666666666,125.84326415672741,2,0
51,3,0.057692307692307696,114.59523100060309,4,0
50,7,0.13725490196078433,107.95299109243221,3,0
43,5,0.11363636363636363,70.25660236265108,9,0
53,3,0.05555555555555555,104.56339249036239,5,0
59,5,0.08333333333333333,86.6856263473128,7,0
61,6,0.0967741935483871,136.54943119275708,6,0
56,7,0.12280701754385964,149.73213949792273,5,0
45,6,0.13043478260869565,142.2205201177079,6,0
55,3,0.05357142857142857,130.27125268882523,5,0
54,6,0.10909090909090909,94.41278798577295,4,0
64,8,0.12307692307692308,126.1620231780573,4,0
54,7,0.12727272727272726,143.78295430933127,4,0
67,4,0.058823529411764705,102.41293276800809,4,0
50,5,0.09803921568627451,123.56959264185019,10,0
44,7,0.15555555555555556,115.6361523219023,4,0
45,3,0.06521739130434782,169.87100008831453,3,0
49,4,0.08,145.54644405793573,4,0
49,7,0.14,138.27478835245174,7,0
46,2,0.0425531914893617,68.49918798103695,4,0
34,5,0.14285714285714285,125.1851198030275,5,0
52,4,0.07547169811320754,115.3495971322629,5,0
42,0,0.0,115.09028668290381,4,0
55,4,0.07142857142857142,73.09759581775079,9,0
66,3,0.04477611940298507,87.36694133107292,3,0
46,2,0.0425531914893617,117.95947536282652,4,0
50,6,0.11764705882352941,153.43067334571384,7,0
40,2,0.04878048780487805,102.2842629048173,6,0
56,9,0.15789473684210525,108.00183818687198,1,0
48,5,0.10204081632653061,173.43275985858622,2,0
43,4,0.09090909090909091,111.09532832496491,4,0
45,4,0.08695652173913043,116.13631428439258,1,0
44,5,0.1111111111111111,116.54265653844777,7,0
43,4,0.09090909090909091,79.63484560786469,3,0
53,3,0.05555555555555555,137.15394370245343,7,0
49,7,0.14,100.41371644246983,4,0
50,4,0.0784313725490196,119.09788148880786,9,0
57,3,0.05172413793103448,133.33118893253393,6,0
41,4,0.09523809523809523,178.27672767106176,4,0
61,7,0.11290322580645161,80.46689866361271,4,0
59,4,0.06666666666666667,145.94946555198672,4,0
50,7,0.13725490196078433,146.06169768521903,13,0
59,7,0.11666666666666667,100.8535568166218,4,0
44,5,0.1111111111111111,137.98511544155946,4,0
41,4,0.09523809523809523,169.30308453875676,0,0
43,8,0.18181818181818182,97.05086372362675,8,0
62,5,0.07936507936507936,127.24409391405464,7,0
39,4,0.1,132.14404091819355,7,0
47,4,0.08333333333333333,136.0253656486065,4,0
49,6,0.12,143.07875282148038,3,0
49,2,0.04,124.98914484756523,5,0
42,1,0.023255813953488372,135.40308559044007,2,0
57,8,0.13793103448275862,92.6557904962883,6,0
57,5,0.08620689655172414,124.92010480918672,8,0
43,3,0.06818181818181818,105.70976202958457,7,0
56,6,0.10526315789473684,83.10513284537737,6,0
57,7,0.1206896551724138,104.72566351689298,4,0
54,4,0.07272727272727272,128.08369176594175,7,0
51,3,0.057692307692307696,133.0739182911058,3,0
53,9,0.16666666666666666,81.94622637231686,3,0
43,5,0.11363636363636363,91.86969849825388,4,0
44,4,0.08888888888888889,141.73968839079663,7,0
47,6,0.125,135.2444427784759,8,0
47,5,0.10416666666666667,146.6130798613906,7,0
48,3,0.061224489795918366,161.03491281529682,4,0
47,3,0.0625,136.13661328771795,5,0
62,5,0.07936507936507936,107.55577118487383,10,0
51,7,0.1346153846153846,123.44548374245751,4,0
54,2,0.03636363636363636,169.79691302782146,7,0
47,3,0.0625,202.9334699335616,7,0
54,8,0.14545454545454545,133.89289097227078,5,0
46,2,0.0425531914893617,136.0666241643392,2,0
61,7,0.11290322580645161,141.77125100992248,6,0
53,4,0.07407407407407407,120.7137853745809,2,0
44,5,0.1111111111111111,154.91561707027873,4,0
53,5,0.09259259259259259,150.24135878198553,6,0
52,3,0.05660377358490566,130.6312934144645,7,0
58,6,0.1016949152542373,110.45940281983154,6,0
42,5,0.11627906976744186,74.37910837868588,7,0
42,5,0.11627906976744186,141.97240642842752,6,0
56,6,0.10526315789473684,126.38574945678312,4,0
56,5,0.08771929824561403,97.86696808037696,4,0
44,4,0.08888888888888889,86.10239205016119,4,0
53,6,0.1111111111111111,139.84298548149755,6,0
52,6,0.11320754716981132,71.96291035149105,6,0
50,6,0.11764705882352941,128.98923562331416,3,0
49,5,0.1,145.3065122750668,3,0
54,3,0.05454545454545454,136.4967865924987,4,0
45,3,0.06521739130434782,108.2778067692468,3,0
55,4,0.07142857142857142,82.51876546575258,7,0
48,8,0.16326530612244897,137.6105771938557,6,0
44,6,0.13333333333333333,156.0156927586026,4,0
53,5,0.09259259259259259,102.81799935770877,1,0
47,3,0.0625,135.20724600878577,7,0
52,3,0.05660377358490566,167.44545356195428,2,0
48,8,0.16326530612244897,130.1654128932483,6,0
60,9,0.14754098360655737,108.09359565366637,6,0
41,2,0.047619047619047616,151.22560620189475,9,0
58,8,0.13559322033898305,97.87317077526563,3,0
59,5,0.08333333333333333,81.0542395484093,10,0
43,3,0.06818181818181818,144.3696357343794,2,0
54,7,0.12727272727272726,107.8151320954931,4,0
58,6,0.1016949152542373,110.50436957988947,8,0
58,8,0.13559322033898305,101.19178093346785,5,0
60,3,0.04918032786885246,105.81547813337748,8,0
64,5,0.07692307692307693,162.09100282580596,6,0
44,3,0.06666666666666667,169.87496297351,9,0
49,4,0.08,173.8493590843383,8,0
45,4,0.08695652173913043,152.70361863532537,1,0
62,5,0.07936507936507936,133.98813779319713,4,0
47,4,0.08333333333333333,77.0314322420066,3,0
51,4,0.07692307692307693,114.3742589129895,7,0
53,7,0.12962962962962962,184.70263465871062,4,0
58,6,0.1016949152542373,106.93135263742037,4,0
63,7,0.109375,165.42433424316823,6,0
55,4,0.07142857142857142,121.65107457091635,3,0
46,4,0.0851063829787234,39.65572842440562,6,0
55,1,0.017857142857142856,139.2145669100689,7,0
60,3,0.04918032786885246,157.98764088534935,8,0
54,4,0.07272727272727272,118.53012094078366,9,0
41,1,0.023809523809523808,156.99153013456242,1,0
50,5,0.09803921568627451,69.9651745674874,5,0
46,11,0.23404255319148937,78.43307208301891,6,0
44,2,0.044444444444444446,126.14592924257063,9,0
64,9,0.13846153846153847,134.31344183452595,7,0
52,3,0.05660377358490566,160.69736605776836,3,0
59,7,0.11666666666666667,139.16773400245683,3,0
52,6,0.11320754716981132,84.19112731904872,4,0
49,8,0.16,126.39136866223157,6,0
57,3,0.05172413793103448,138.02182335864447,6,0
54,4,0.07272727272727272,63.77298003908613,3,0
59,3,0.05,118.69099590785954,7,0
50,4,0.0784313725490196,109.93252368185325,5,0
49,8,0.16,100.35920778762764,3,0
49,6,0.12,134.96331155258017,7,0
49,6,0.12,85.50955420326228,7,0
51,5,0.09615384615384616,132.50638536010948,4,0
43,7,0.1590909090909091,136.78473387626684,2,0
59,5,0.08333333333333333,152.5128993078292,8,0
54,3,0.05454545454545454,86.29742211622187,4,0
42,6,0.13953488372093023,74.84297344936358,5,0
47,3,0.0625,128.36710822017037,5,0
58,2,0.03389830508474576,111.41186298396894,2,0
61,3,0.04838709677419355,207.0795078748116,3,0
55,6,0.10714285714285714,133.75495428728797,4,0
52,6,0.11320754716981132,121.74485135112545,2,0
50,4,0.0784313725490196,114.81516132970754,1,0
55,7,0.125,83.45814463681654,4,0
66,8,0.11940298507462686,136.9164465886379,4,0
52,8,0.1509433962264151,117.62564921187607,7,0
52,6,0.11320754716981132,117.65058949711695,7,0
55,7,0.125,122.83329976495966,5,0
59,7,0.11666666666666667,126.63637589751737,3,0
47,3,0.0625,67.82233062247434,6,0
50,4,0.0784313725490196,145.11069019112796,4,0
51,5,0.09615384615384616,94.60666875552232,5,0
48,1,0.02040816326530612,115.85903407594118,5,0
48,4,0.08163265306122448,158.57714761995868,3,0
47,4,0.08333333333333333,173.38345776810343,2,0
53,3,0.05555555555555555,68.98516684120825,4,0
56,3,0.05263157894736842,120.90734483023947,4,0
49,5,0.1,128.1873955549811,2,0
45,6,0.13043478260869565,74.77409921425661,6,0
60,8,0.13114754098360656,144.07774093254494,0,0
49,5,0.1,123.48788032242518,7,0
35,3,0.08333333333333333,125.8247878708499,6,0
49,4,0.08,92.47341244974196,6,0
47,3,0.0625,132.38659930144044,7,0
51,3,0.057692307692307696,145.1467186916981,3,0
57,7,0.1206896551724138,123.818936511778,3,0
50,5,0.09803921568627451,104.5819229711084,8,0
38,5,0.1282051282051282,106.91792045860907,7,0
61,7,0.11290322580645161,126.61187121377897,6,0
45,3,0.06521739130434782,121.46392135141888,1,0
45,4,0.08695652173913043,147.14466357358185,3,0
51,5,0.09615384615384616,105.59225137427502,7,0
48,4,0.08163265306122448,83.44858191777524,4,0
55,6,0.10714285714285714,130.7815823196151,4,0
53,10,0.18518518518518517,105.6741044100389,3,0
50,7,0.13725490196078433,143.510458471091,1,0
39,6,0.15,120.22615891372801,5,0
47,1,0.020833333333333332,139.64439613094467,5,0
62,4,0.06349206349206349,89.57048859807637,7,0
50,2,0.0392156862745098,124.30158789689463,4,0
57,4,0.06896551724137931,99.02210377848252,5,0
45,4,0.08695652173913043,83.3887904077134,6,0
50,6,0.11764705882352941,94.16676365786954,5,0
42,4,0.09302325581395349,103.66568724672423,5,0
59,9,0.15,157.34083581071556,7,0
60,10,0.16393442622950818,102.87178801522022,5,0
42,2,0.046511627906976744,81.85379249165331,7,0
49,7,0.14,123.94432267490006,1,0
57,5,0.08620689655172414,120.87541982033024,6,0
65,6,0.09090909090909091,105.23840963969405,5,0
43,6,0.13636363636363635,115.1632960246162,4,0
40,2,0.04878048780487805,149.28681257989712,6,0
43,7,0.1590909090909091,140.1211729619753,5,0
40,5,0.12195121951219512,137.52690620621195,1,0
53,8,0.14814814814814814,84.48963646439309,8,0
54,12,0.21818181818181817,206.5964418514597,7,1
40,4,0.0975609756097561,151.53756630822664,5,0
41,2,0.047619047619047616,135.51085689572616,8,0
55,3,0.05357142857142857,85.07064676808372,3,0
47,4,0.08333333333333333,148.43190338202322,2,0
52,3,0.05660377358490566,104.96614469102016,3,0
45,6,0.13043478260869565,114.17187586092103,7,0
56,4,0.07017543859649122,69.5766217182215,8,0
54,10,0.18181818181818182,82.75550742178473,5,0
51,6,0.11538461538461539,133.15639496481404,4,0
45,3,0.06521739130434782,150.1870402581147,2,0
59,6,0.1,140.54713259385105,6,0
51,5,0.09615384615384616,139.52456990228848,6,0
48,5,0.10204081632653061,118.0570062912088,7,0
57,6,0.10344827586206896,107.79878953901364,7,0
49,1,0.02,128.6668543069618,1,0
52,6,0.11320754716981132,144.6422496930082,7,0
60,6,0.09836065573770492,120.14586764800774,8,0
48,6,0.12244897959183673,156.30756059740213,3,0
48,7,0.14285714285714285,113.54792208551977,8,0
51,3,0.057692307692307696,90.59163194111846,7,0
58,2,0.03389830508474576,119.68913273876997,5,0
49,6,0.12,123.17916834778705,5,0
61,11,0.1774193548387097,117.53909798170771,1,0
57,5,0.08620689655172414,158.41966682646785,4,0
43,3,0.06818181818181818,144.15905942172117,6,0
56,3,0.05263157894736842,77.07177034134871,6,0
55,4,0.07142857142857142,166.03101042594858,4,0
48,4,0.08163265306122448,37.75748817512482,6,0
44,4,0.08888888888888889,184.53073118557492,3,0
46,5,0.10638297872340426,111.38083459329371,3,0
50,4,0.0784313725490196,114.31296790045499,4,0
54,2,0.03636363636363636,118.1995128307908,4,0
51,4,0.07692307692307693,131.55616298520542,3,0
52,7,0.1320754716981132,119.99210396199472,4,0
52,5,0.09433962264150944,115.99814433488199,6,0
43,8,0.18181818181818182,159.26754928068556,3,1
61,6,0.0967741935483871,136.9678823925255,4,0
46,3,0.06382978723404255,91.23588436887715,2,0
62,4,0.06349206349206349,142.22021743007173,5,0
57,7,0.1206896551724138,135.72321009550018,6,0
56,6,0.10526315789473684,103.64178823256343,4,0
63,7,0.109375,143.76415279086484,4,0
44,6,0.13333333333333333,115.27282196330881,2,0
42,5,0.11627906976744186,113.34979583624698,5,0
51,2,0.038461538461538464,112.53260647701197,7,0
45,6,0.13043478260869565,47.156458291428024,11,0
59,6,0.1,104.19902001196195,3,0
52,4,0.07547169811320754,141.39519726376804,5,0
46,5,0.10638297872340426,119.3276627128871,4,0
48,5,0.10204081632653061,81.44440710432751,5,0
43,2,0.045454545454545456,148.93893765576112,9,0
48,4,0.08163265306122448,111.04199521369813,4,0
52,4,0.07547169811320754,83.3527352801543,12,0
38,3,0.07692307692307693,186.18037385013045,4,0
39,2,0.05,88.40482216536734,5,0
47,3,0.0625,146.3847453385713,2,0
48,3,0.061224489795918366,96.92057697436186,7,0
56,5,0.08771929824561403,124.07480503721466,7,0
62,9,0.14285714285714285,92.93457109895473,3,0
50,3,0.058823529411764705,82.82087456179025,6,0
48,4,0.08163265306122448,135.66607634014227,9,0
56,4,0.07017543859649122,132.158716354032,8,0
62,8,0.12698412698412698,154.33948332657195,3,0
50,2,0.0392156862745098,118.9685420911241,8,0
45,3,0.06521739130434782,186.61055382379476,4,0
47,3,0.0625,128.05040002311108,3,0
48,10,0.20408163265306123,137.00324043711638,4,0
62,6,0.09523809523809523,79.24712264678314,3,0
49,3,0.06,101.57747054632408,6,0
53,4,0.07407407407407407,135.59039101547933,5,0
39,2,0.05,117.47316712759252,4,0
49,3,0.06,125.63049405103908,2,0
46,6,0.1276595744680851,95.5051873285742,4,0
61,6,0.0967741935483871,123.65840920414864,6,0
53,6,0.1111111111111111,123.55637674775208,3,0
40,3,0.07317073170731707,84.58694940344283,1,0
40,4,0.0975609756097561,139.2764953404177,5,0
51,4,0.07692307692307693,68.99805159246094,4,0
41,3,0.07142857142857142,125.52714241793052,7,0
53,6,0.1111111111111111,172.967780814765,4,0
51,3,0.057692307692307696,140.41651613457248,7,0
47,5,0.10416666666666667,140.2289773811131,3,0
44,6,0.13333333333333333,93.07719975153945,6,0
62,3,0.047619047619047616,173.0718615945858,6,0
39,6,0.15,161.30154283806866,3,0
44,2,0.044444444444444446,94.69229931313299,8,0
53,4,0.07407407407407407,105.7571027455537,8,0
44,5,0.1111111111111111,157.63968134780063,4,0
47,5,0.10416666666666667,173.88442134950273,5,0
57,3,0.05172413793103448,82.05941894729136,5,0
43,6,0.13636363636363635,89.88867690826271,5,0
42,8,0.18604651162790697,115.68639730733491,4,0
47,3,0.0625,54.86717911672454,5,0
41,7,0.16666666666666666,120.5713548062827,3,0
50,5,0.09803921568627451,155.57230542089954,4,0
51,9,0.17307692307692307,76.84088951292752,5,0
49,3,0.06,123.81320894925261,6,0
41,6,0.14285714285714285,102.5468788501406,5,0
60,3,0.04918032786885246,169.19837846261754,6,0
40,6,0.14634146341463414,102.90624413600847,8,0
52,6,0.11320754716981132,165.5697926324575,4,0
47,4,0.08333333333333333,102.07634787566317,6,0
36,2,0.05405405405405406,143.1352741600239,8,0
37,5,0.13157894736842105,127.55836855088097,5,0
57,6,0.10344827586206896,115.85182000457095,4,0
38,3,0.07692307692307693,96.28414292838073,4,0
46,4,0.0851063829787234,129.6928626395368,2,0
45,6,0.13043478260869565,106.78394212545264,7,0
55,4,0.07142857142857142,99.30701325575586,4,0
49,2,0.04,164.1816822412716,8,0
57,9,0.15517241379310345,136.4259068247968,1,0
61,5,0.08064516129032258,139.30916855721608,6,0
64,5,0.07692307692307693,108.25204444163212,2,0
52,3,0.05660377358490566,114.42064958750086,4,0
46,7,0.14893617021276595,112.54269997946665,10,0
55,4,0.07142857142857142,130.1171673750293,2,0
41,5,0.11904761904761904,139.25410355527518,8,0
42,7,0.16279069767441862,119.09245889065285,12,0
42,1,0.023255813953488372,96.22065017458077,8,0
44,6,0.13333333333333333,142.81711371079646,4,0
58,5,0.0847457627118644,121.00211604625008,5,0
52,6,0.11320754716981132,76.77490863687058,14,0
51,4,0.07692307692307693,55.94115749760935,5,0
59,7,0.11666666666666667,128.9369152638142,4,0
46,3,0.06382978723404255,95.11578603366888,8,0
53,1,0.018518518518518517,132.93186388189358,4,0
49,8,0.16,96.73145073408197,8,0
42,1,0.023255813953488372,123.99557317485022,5,0
37,5,0.13157894736842105,108.64795416113725,2,0
46,3,0.06382978723404255,172.55762430819914,11,0
55,5,0.08928571428571429,148.50946973455933,3,0
54,7,0.12727272727272726,160.4189070056349,5,0
50,3,0.058823529411764705,120.72143307357197,5,0
59,8,0.13333333333333333,144.67082817344644,9,0
45,4,0.08695652173913043,122.74950232803425,4,0
32,2,0.06060606060606061,164.0877410230118,1,0
46,5,0.10638297872340426,117.8231380423118,6,0
45,4,0.08695652173913043,78.07531978917618,4,0
43,3,0.06818181818181818,60.041354242381836,4,0
63,8,0.125,170.04933358693546,5,0
43,3,0.06818181818181818,134.35513422452578,5,0
63,4,0.0625,136.32770550125224,6,0
57,8,0.13793103448275862,164.68943526874745,4,0
58,8,0.13559322033898305,70.44795168822134,3,0
45,4,0.08695652173913043,109.24196354304576,8,0
57,6,0.10344827586206896,112.91790511154899,5,0
44,5,0.1111111111111111,142.26825699621045,7,0
42,4,0.09302325581395349,99.22079324697351,6,0
46,4,0.0851063829787234,83.95878769455629,5,0
32,8,0.24242424242424243,83.6895404700868,5,0
60,4,0.06557377049180328,154.4825422881606,6,0
48,5,0.10204081632653061,97.72403718590647,5,0
47,7,0.14583333333333334,103.43947547034566,5,0
49,6,0.12,139.03494452183713,5,0
52,8,0.1509433962264151,99.031637752953,7,0
45,4,0.08695652173913043,68.85154731733076,4,0
44,3,0.06666666666666667,72.54896478825303,4,0
50,7,0.13725490196078433,118.29577809853625,7,0
65,6,0.09090909090909091,134.91985291095665,5,0
46,6,0.1276595744680851,113.9326426844874,7,0
56,3,0.05263157894736842,132.91328111427208,10,0
51,7,0.1346153846153846,71.61487421977093,7,0
51,5,0.09615384615384616,73.64089377095675,3,0
51,4,0.07692307692307693,187.61807748882723,6,0
53,5,0.09259259259259259,156.9835281641004,3,0
51,6,0.11538461538461539,143.06915675695552,4,0
47,1,0.020833333333333332,100.20825987796682,6,0
60,7,0.11475409836065574,112.85981427808647,4,0
63,6,0.09375,119.94968048599199,4,0
54,4,0.07272727272727272,159.4303834114957,3,0
49,6,0.12,132.08348299335276,5,0
42,3,0.06976744186046512,135.77741403863405,6,0
53,4,0.07407407407407407,114.970351946475,5,0
60,6,0.09836065573770492,143.77995200520255,6,0
50,6,0.11764705882352941,129.0696824229382,8,0
55,9,0.16071428571428573,121.3206819823704,4,0
52,3,0.05660377358490566,97.70747483441187,4,0
64,6,0.09230769230769231,116.59284773695103,6,0
51,2,0.038461538461538464,87.61401888660133,4,0
49,6,0.12,118.79582982039136,5,0
49,4,0.08,122.66734073894698,6,0
50,6,0.11764705882352941,47.86444846181058,11,0
33,2,0.058823529411764705,113.0898138269849,3,0
48,7,0.14285714285714285,84.72359386186221,7,0
43,4,0.09090909090909091,134.95917976550083,5,0
50,9,0.17647058823529413,139.11479230652984,4,0
40,1,0.024390243902439025,107.20980547004048,5,0
57,6,0.10344827586206896,136.47066261365748,2,0
54,7,0.12727272727272726,137.73200809005183,6,0
49,5,0.1,113.10852481764695,3,0
59,2,0.03333333333333333,166.02860925910974,10,0
55,10,0.17857142857142858,98.24775188980496,6,0
47,4,0.08333333333333333,164.14097109759498,5,0
52,4,0.07547169811320754,113.24401712450384,1,0
40,4,0.0975609756097561,94.70020940322098,9,0
47,5,0.10416666666666667,109.45354572586854,3,0
62,8,0.12698412698412698,87.0183231681203,4,0
51,4,0.07692307692307693,143.5367360216761,6,0
56,5,0.08771929824561403,71.91693065774172,5,0
53,5,0.09259259259259259,161.68825661306477,2,0
58,5,0.0847457627118644,91.92398394760619,8,0
49,8,0.16,145.09960115537862,6,0
47,7,0.14583333333333334,120.72677583181404,3,0
40,4,0.0975609756097561,128.12445849148787,4,0
35,0,0.0,102.29869886167909,3,0
37,6,0.15789473684210525,130.58424000999398,5,0
39,2,0.05,124.04922865652593,4,0
45,3,0.06521739130434782,76.26266795492018,8,0
59,4,0.06666666666666667,91.12499991200227,5,0
45,3,0.06521739130434782,103.7726366697058,5,0
56,7,0.12280701754385964,97.35010445620651,5,0
51,5,0.09615384615384616,157.58432836150953,6,0
51,9,0.17307692307692307,120.21042551542499,3,0
45,3,0.06521739130434782,96.63985957080354,2,0
54,5,0.09090909090909091,105.27690527990882,4,0
50,10,0.19607843137254902,104.866107493588,7,0
49,7,0.14,111.35851583984802,3,0
53,7,0.12962962962962962,87.74011785841202,5,0
51,3,0.057692307692307696,95.58206668208044,4,0
56,7,0.12280701754385964,142.99820733492632,6,0
49,4,0.08,125.5602931010074,5,0
33,3,0.08823529411764706,115.429873603794,6,0
48,5,0.10204081632653061,120.07868451945299,6,0
64,7,0.1076923076923077,118.63317730273768,5,0
46,6,0.1276595744680851,113.72606685805069,4,0
58,7,0.11864406779661017,135.51314516122437,3,0
44,2,0.044444444444444446,133.29479957543776,6,0
50,5,0.09803921568627451,72.84711080318354,6,0
60,7,0.11475409836065574,116.0531344227227,0,0
61,5,0.08064516129032258,74.82541801977705,3,0
61,5,0.08064516129032258,139.0673161036712,5,0
43,2,0.045454545454545456,143.0299967055085,3,0
49,4,0.08,101.67663307074912,2,0
65,12,0.18181818181818182,116.49723133995852,5,0
49,4,0.08,56.656791086332625,7,0
49,5,0.1,149.1836944227608,7,0
56,7,0.12280701754385964,141.29021220754206,4,0
47,1,0.020833333333333332,154.5025578521258,3,0
51,8,0.15384615384615385,164.59632421011298,8,1
52,4,0.07547169811320754,83.27672121069673,5,0
46,7,0.14893617021276595,146.64132604915324,5,0
44,1,0.022222222222222223,164.3791333325538,6,0
51,3,0.057692307692307696,75.16266386912292,7,0
52,4,0.07547169811320754,114.86366364462859,4,0
48,4,0.08163265306122448,109.09794050311727,6,0
49,7,0.14,145.66385592574494,4,0
51,1,0.019230769230769232,48.1817680096776,6,0
51,6,0.11538461538461539,174.47873088696582,2,0
49,3,0.06,116.6238880741622,5,0
41,6,0.14285714285714285,147.48283206051437,3,0
46,6,0.1276595744680851,118.19288286925227,3,0
54,5,0.09090909090909091,134.76375152939022,3,0
51,3,0.057692307692307696,50.3574522415155,8,0
63,7,0.109375,108.4535288159787,4,0
54,3,0.05454545454545454,145.43283634031036,11,0
53,3,0.05555555555555555,128.66197040141083,5,0
56,6,0.10526315789473684,70.89476721819727,3,0
64,13,0.2,121.84274681629839,7,0
54,8,0.14545454545454545,95.43773022415485,7,0
71,8,0.1111111111111111,92.83742246479686,2,0
50,5,0.09803921568627451,74.37917180049847,9,0
46,11,0.23404255319148937,138.5610786572139,3,0
41,4,0.09523809523809523,153.39043331806906,9,0
59,5,0.08333333333333333,183.60429402488535,4,0
46,7,0.14893617021276595,75.77854824771215,2,0
38,2,0.05128205128205128,143.02116483679427,6,0
42,2,0.046511627906976744,144.99514111262724,3,0
55,6,0.10714285714285714,102.58485968345975,6,0
55,3,0.05357142857142857,92.47264843772007,8,0
40,3,0.07317073170731707,87.4277303709921,3,0
49,4,0.08,104.17940269619355,6,0
50,5,0.09803921568627451,126.0786478756785,7,0
46,10,0.2127659574468085,160.80336031520437,3,1
51,3,0.057692307692307696,153.1601501403035,1,0
48,4,0.08163265306122448,71.53749167194013,6,0
54,3,0.05454545454545454,96.33470254198464,5,0
47,5,0.10416666666666667,158.98921122928414,7,0
39,5,0.125,98.06721502214796,5,0
55,5,0.08928571428571429,118.29257509769472,5,0
49,3,0.06,68.84133196157744,5,0
62,7,0.1111111111111111,154.59100246538844,10,0
43,4,0.09090909090909091,62.617553824458355,11,0
67,4,0.058823529411764705,70.71568257640143,3,0
54,5,0.09090909090909091,151.52451182510111,8,0
47,4,0.08333333333333333,177.60185038699672,4,0
63,12,0.1875,111.28166745825256,3,0
57,8,0.13793103448275862,118.59411564411525,5,0
43,5,0.11363636363636363,147.24838679348966,4,0
42,7,0.16279069767441862,128.68343444092147,8,0
45,6,0.13043478260869565,108.80345461870007,10,0
57,9,0.15517241379310345,105.43639135842922,6,0
42,1,0.023255813953488372,72.9960612754505,4,0
31,3,0.09375,126.9882531636066,4,0
46,6,0.1276595744680851,117.24249533791571,5,0
45,5,0.10869565217391304,106.86461462661958,6,0
50,3,0.058823529411764705,89.94555613312835,5,0
48,4,0.08163265306122448,92.98407440119708,5,0
48,4,0.08163265306122448,138.55130761520098,1,0
53,4,0.07407407407407407,146.4499094522714,6,0
45,4,0.08695652173913043,110.1865153112815,3,0
47,5,0.10416666666666667,107.02561280260862,7,0
31,5,0.15625,94.3905586015739,5,0
43,5,0.11363636363636363,148.10460130722774,5,0
48,7,0.14285714285714285,120.92987308967722,1,0
44,7,0.15555555555555556,131.03702937981794,4,0
61,5,0.08064516129032258,130.75410390280388,6,0
43,3,0.06818181818181818,110.7689513839819,8,0
43,1,0.022727272727272728,85.03919700469736,3,0
47,8,0.16666666666666666,90.11600532942242,3,0
51,2,0.038461538461538464,153.83656597942354,6,0
55,7,0.125,98.22947055448284,6,0
47,4,0.08333333333333333,107.68913040754948,8,0
47,8,0.16666666666666666,85.96828393886369,8,0
51,5,0.09615384615384616,83.51800443220779,4,0
38,5,0.1282051282051282,96.92505008913832,4,0
35,2,0.05555555555555555,170.65221552733377,8,0
47,4,0.08333333333333333,139.74112173577288,4,0
47,5,0.10416666666666667,104.19633385729131,9,0
59,13,0.21666666666666667,152.48630383655984,5,1
53,5,0.09259259259259259,115.43103380110661,4,0
49,8,0.16,160.63020140975516,7,1
52,7,0.1320754716981132,186.3519105118864,8,0
48,6,0.12244897959183673,150.84485217798573,4,0
38,3,0.07692307692307693,122.83652865667732,6,0
42,4,0.09302325581395349,140.97929620549078,2,0
51,3,0.057692307692307696,120.45213657846637,7,0
37,7,0.18421052631578946,64.92004908074873,4,0
50,9,0.17647058823529413,100.36123757363868,4,0
59,7,0.11666666666666667,91.45225213040348,6,0
47,4,0.08333333333333333,99.69626874507381,3,0
44,3,0.06666666666666667,173.81014297918333,4,0
52,11,0.20754716981132076,153.66449228563977,6,1
48,2,0.04081632653061224,133.22654404324942,2,0
49,7,0.14,144.37028851354074,7,0
52,4,0.07547169811320754,63.23659542282432,4,0
48,4,0.08163265306122448,141.8455113926859,5,0
44,6,0.13333333333333333,148.18872948606503,8,0
50,2,0.0392156862745098,52.807584369381516,5,0
46,4,0.0851063829787234,142.95710261338198,4,0
54,9,0.16363636363636364,77.27779071998745,6,0
51,6,0.11538461538461539,60.899839306619036,7,0
55,7,0.125,159.78954650578734,4,0
54,7,0.12727272727272726,89.78852857162974,6,0
44,2,0.044444444444444446,98.52159781846868,8,0
50,3,0.058823529411764705,149.68813628272036,3,0
45,4,0.08695652173913043,110.84285183242797,8,0
49,4,0.08,114.59503878812752,10,0
45,4,0.08695652173913043,113.93739280686212,7,0
57,7,0.1206896551724138,130.42796312924358,4,0
46,1,0.02127659574468085,113.20996750827972,6,0
54,6,0.10909090909090909,123.42378223077301,3,0
54,0,0.0,104.89325623761883,1,0
48,2,0.04081632653061224,130.55458769638085,3,0
42,4,0.09302325581395349,129.41529095713702,1,0
39,6,0.15,176.93657513052545,2,0
61,4,0.06451612903225806,108.56247150978894,5,0
58,6,0.1016949152542373,114.47503446585061,6,0
54,6,0.10909090909090909,127.16472977811124,7,0
44,3,0.06666666666666667,148.9330693294416,1,0
42,4,0.09302325581395349,87.25244540468397,7,0
44,7,0.15555555555555556,123.10729565325204,4,0
50,5,0.09803921568627451,44.76521891834798,5,0
55,3,0.05357142857142857,111.85404249832814,3,0
47,5,0.10416666666666667,152.18181090298083,4,0
45,5,0.10869565217391304,98.21572690958045,4,0
57,2,0.034482758620689655,125.30512845855935,3,0
38,1,0.02564102564102564,104.13283276849192,3,0
48,3,0.061224489795918366,94.21793406798952,6,0
47,2,0.041666666666666664,149.14457994804303,5,0
47,3,0.0625,88.64223930463038,4,0
48,4,0.08163265306122448,128.78895881589278,6,0
39,3,0.075,129.25054862298478,3,0
46,7,0.14893617021276595,94.44601448884129,6,0
46,5,0.10638297872340426,124.67055770872885,4,0
46,7,0.14893617021276595,91.95156487596068,7,0
52,5,0.09433962264150944,135.65375624727474,9,0
44,2,0.044444444444444446,80.55162856071318,9,0
52,5,0.09433962264150944,109.81183490424476,2,0
43,6,0.13636363636363635,112.41685021026301,1,0
60,4,0.06557377049180328,153.3886601463201,2,0
53,3,0.05555555555555555,124.20129215135677,8,0
59,5,0.08333333333333333,148.65040470336177,9,0
50,4,0.0784313725490196,136.64073145469638,2,0
55,4,0.07142857142857142,136.44909002687277,9,0
42,2,0.046511627906976744,110.04200429309796,7,0
58,4,0.06779661016949153,150.6271765057466,3,0
51,6,0.11538461538461539,109.31488772093992,8,0
49,4,0.08,68.10523560209677,9,0
55,6,0.10714285714285714,113.55638494599322,4,0
46,5,0.10638297872340426,133.60429213932204,3,0
48,5,0.10204081632653061,71.8012284386156,7,0
53,4,0.07407407407407407,93.44692923838844,5,0
52,5,0.09433962264150944,83.08234679467932,4,0
56,2,0.03508771929824561,143.60151314126892,2,0
53,5,0.09259259259259259,170.18587911037486,5,0
50,5,0.09803921568627451,113.70902537360351,3,0
42,2,0.046511627906976744,135.94591089204778,4,0
65,5,0.07575757575757576,135.1655809769917,9,0
53,4,0.07407407407407407,166.61390839319884,5,0
57,3,0.05172413793103448,100.4234128814218,5,0
55,5,0.08928571428571429,113.40363105725027,8,0
50,10,0.19607843137254902,109.77694051727825,9,0
46,4,0.0851063829787234,122.26101720120789,4,0
60,6,0.09836065573770492,195.12950406350427,6,0
55,6,0.10714285714285714,120.9243334559194,6,0
34,4,0.11428571428571428,94.3586804217882,4,0
54,9,0.16363636363636364,85.36508319320643,9,0
53,8,0.14814814814814814,157.57935021939142,4,0
47,6,0.125,94.22236488065764,2,0
42,8,0.18604651162790697,139.90760877597285,4,0
33,2,0.058823529411764705,99.60926012224115,2,0
47,5,0.10416666666666667,81.99921790250484,3,0
53,8,0.14814814814814814,138.15598800905462,0,0
53,6,0.1111111111111111,101.07765399709405,8,0
42,8,0.18604651162790697,132.7627691771668,12,0
53,3,0.05555555555555555,134.9784882253813,3,0
48,4,0.08163265306122448,136.38795735037405,2,0
43,9,0.20454545454545456,111.9555394817044,5,0
43,4,0.09090909090909091,140.58550669514122,0,0
47,6,0.125,92.32361014655751,4,0
44,1,0.022222222222222223,46.37729246807598,4,0
51,6,0.11538461538461539,141.20676519360325,5,0
43,7,0.1590909090909091,124.96771514512409,5,0
52,4,0.07547169811320754,101.69765267958087,8,0
48,1,0.02040816326530612,75.86541714074865,4,0
50,1,0.0196078431372549,58.90265103493971,5,0
50,8,0.1568627450980392,121.55230044626916,7,0
51,6,0.11538461538461539,169.46357897189858,4,0
41,2,0.047619047619047616,115.84327750707061,9,0
50,2,0.0392156862745098,109.15993839925363,6,0
48,7,0.14285714285714285,119.2689647251247,4,0
58,8,0.13559322033898305,185.3761533572631,5,0
47,2,0.041666666666666664,142.557126799594,7,0
53,4,0.07407407407407407,91.99274244898832,7,0
58,8,0.13559322033898305,120.8431171170631,9,0
65,7,0.10606060606060606,129.97310733464823,5,0
41,8,0.19047619047619047,88.30983400263466,6,0
29,3,0.1,142.7740986702768,4,0
48,6,0.12244897959183673,95.46573608566939,5,0
59,6,0.1,74.67162697979788,7,0
51,9,0.17307692307692307,122.28400661519335,3,0
43,4,0.09090909090909091,117.53532421528934,0,0
56,4,0.07017543859649122,119.96934293391917,4,0
59,5,0.08333333333333333,97.06066147011637,2,0
44,6,0.13333333333333333,101.24662146386876,3,0
53,5,0.09259259259259259,153.85339981107333,4,0
55,5,0.08928571428571429,133.23256845002246,4,0
52,5,0.09433962264150944,91.29761770268145,3,0
52,3,0.05660377358490566,61.479093167396776,4,0
52,1,0.018867924528301886,92.56750793663369,5,0
63,5,0.078125,124.71897216480572,5,0
45,5,0.10869565217391304,101.04204844936675,3,0
46,6,0.1276595744680851,98.71049384469538,5,0
51,7,0.1346153846153846,102.3251868320801,3,0
55,9,0.16071428571428573,117.81877311791136,2,0
56,5,0.08771929824561403,143.53883738875047,6,0
56,7,0.12280701754385964,119.98742388162921,5,0
54,2,0.03636363636363636,121.85811064552952,9,0
53,2,0.037037037037037035,113.25418908351539,4,0
58,3,0.05084745762711865,105.01929503535783,8,0
41,4,0.09523809523809523,146.82722613959788,7,0
55,4,0.07142857142857142,142.2720620353259,8,0
52,4,0.07547169811320754,181.35839752998152,3,0
55,6,0.10714285714285714,138.3169289516776,5,0
50,4,0.0784313725490196,105.04757034577611,7,0
45,5,0.10869565217391304,92.8604607266943,6,0
46,4,0.0851063829787234,148.5883578213485,5,0
46,3,0.06382978723404255,95.5503934706967,5,0
52,2,0.03773584905660377,144.29210059566213,2,0
55,4,0.07142857142857142,97.20258018322158,6,0
29,1,0.03333333333333333,130.4747515136184,7,0
56,6,0.10526315789473684,88.20746355400914,1,0
52,7,0.1320754716981132,143.39656062996244,6,0
45,4,0.08695652173913043,82.98985033472252,2,0
50,4,0.0784313725490196,128.18871988520104,5,0
58,8,0.13559322033898305,114.06480197318965,5,0
50,3,0.058823529411764705,123.0541931167878,8,0
44,2,0.044444444444444446,108.12588497515098,3,0
58,6,0.1016949152542373,107.42220157887027,5,0
57,6,0.10344827586206896,124.64343612029315,6,0
57,6,0.10344827586206896,89.93584865730445,6,0
43,5,0.11363636363636363,89.7593381499997,3,0
54,2,0.03636363636363636,109.24351501084764,5,0
48,4,0.08163265306122448,108.07589580842978,7,0
50,3,0.058823529411764705,89.83810608586876,4,0
42,5,0.11627906976744186,147.72644078743994,7,0
57,8,0.13793103448275862,109.96579744705186,4,0
50,4,0.0784313725490196,113.20013391011666,7,0
56,3,0.05263157894736842,80.1741502209136,5,0
53,4,0.07407407407407407,182.14907563836357,7,0
51,3,0.057692307692307696,192.8120218666474,5,0
53,4,0.07407407407407407,96.58804264786956,2,0
48,5,0.10204081632653061,156.78259143507293,2,0
48,9,0.1836734693877551,117.24559848787229,3,0
37,3,0.07894736842105263,168.1130877843932,2,0
50,3,0.058823529411764705,130.0869925920116,2,0
47,3,0.0625,122.99286506302197,6,0
52,3,0.05660377358490566,45.021913811442545,4,0
46,3,0.06382978723404255,93.6418207971995,6,0
41,5,0.11904761904761904,120.61562008724827,5,0
51,2,0.038461538461538464,125.95998758111936,6,0
49,12,0.24,83.55498858187846,4,0
55,5,0.08928571428571429,98.13685413971163,6,0
54,6,0.10909090909090909,136.6034105175246,8,0
61,5,0.08064516129032258,78.50367810799926,10,0
52,6,0.11320754716981132,124.01189171170618,1,0
46,4,0.0851063829787234,157.13860594467167,4,0
50,4,0.0784313725490196,131.56408887335462,7,0
43,3,0.06818181818181818,130.0646022949793,8,0
43,7,0.1590909090909091,59.39545652466709,2,0
50,4,0.0784313725490196,95.34261670746312,8,0
52,5,0.09433962264150944,181.6260550077312,5,0
40,3,0.07317073170731707,102.02514247362203,5,0
52,2,0.03773584905660377,157.93428628641203,7,0
51,3,0.057692307692307696,101.67477331931151,5,0
55,4,0.07142857142857142,111.6653849547161,3,0
52,6,0.11320754716981132,135.46760536060555,6,0
61,5,0.08064516129032258,123.02079047982029,4,0
58,8,0.13559322033898305,131.44537353003238,2,0
53,6,0.1111111111111111,95.44829235819039,2,0
57,4,0.06896551724137931,85.9118943159373,4,0
46,5,0.10638297872340426,93.42385156828496,9,0
61,8,0.12903225806451613,104.030455756129,6,0
54,6,0.10909090909090909,113.12155853827767,3,0
58,6,0.1016949152542373,151.11826141919462,7,0
49,6,0.12,122.62024368075144,5,0
45,2,0.043478260869565216,134.53791307525756,1,0
47,6,0.125,124.24803037740396,5,0
57,4,0.06896551724137931,86.53697239413671,3,0
43,5,0.11363636363636363,120.51808578016947,3,0
50,3,0.058823529411764705,123.92346330574608,6,0
39,6,0.15,142.79769664023922,4,0
44,4,0.08888888888888889,87.94235791069605,5,0
50,6,0.11764705882352941,58.78767404554918,8,0
55,7,0.125,125.28791445511492,5,0
51,8,0.15384615384615385,130.6155000476514,7,0
45,6,0.13043478260869565,114.61845581048857,4,0
52,3,0.05660377358490566,120.84062702180373,7,0
54,8,0.14545454545454545,146.36317135748413,7,0
37,4,0.10526315789473684,106.23583270417474,6,0
45,5,0.10869565217391304,111.64077473524263,7,0
49,8,0.16,122.37109333841497,6,0
47,3,0.0625,83.40555962491972,5,0
61,4,0.06451612903225806,115.44308324856738,6,0
66,7,0.1044776119402985,118.08770047997382,7,0
64,8,0.12307692307692308,169.11126642960824,3,0
49,4,0.08,111.05653027114619,4,0
53,6,0.1111111111111111,126.00033719833401,6,0
55,5,0.08928571428571429,147.55852816169227,3,0
48,5,0.10204081632653061,94.87545824068715,6,0
42,6,0.13953488372093023,161.272211606285,6,0
52,3,0.05660377358490566,172.91610696171833,7,0
42,5,0.11627906976744186,119.13311137053974,3,0
42,6,0.13953488372093023,103.8172181562186,3,0
44,4,0.08888888888888889,168.81358273171165,4,0
59,5,0.08333333333333333,143.86892618304444,7,0
55,1,0.017857142857142856,122.45907613991508,5,0
47,6,0.125,162.80531458847108,8,0
43,3,0.06818181818181818,159.62976565647958,4,0
38,3,0.07692307692307693,109.91229138125331,5,0
68,6,0.08695652173913043,127.4618955989745,4,0
42,4,0.09302325581395349,137.3037746377787,8,0
52,6,0.11320754716981132,120.86190089663553,2,0
55,7,0.125,78.27388227287159,8,0
58,5,0.0847457627118644,91.8522148890526,1,0
51,6,0.11538461538461539,79.25211643619318,5,0
55,7,0.125,134.78772909072012,5,0
45,3,0.06521739130434782,84.46943048628768,2,0
42,2,0.046511627906976744,125.7725421245229,6,0
39,6,0.15,174.95711478825473,9,0
57,7,0.1206896551724138,162.8331055473644,3,0
45,5,0.10869565217391304,64.87750059198063,6,0
46,2,0.0425531914893617,81.63895587686982,3,0
37,5,0.13157894736842105,96.70450727460424,4,0
51,5,0.09615384615384616,84.92928932341897,5,0
47,7,0.14583333333333334,70.385568680348,1,0
51,10,0.19230769230769232,119.67478980824278,5,0
54,9,0.16363636363636364,141.15301648249692,6,0
57,8,0.13793103448275862,148.62102116168663,1,0
60,1,0.01639344262295082,105.76571487768572,1,0
60,9,0.14754098360655737,111.84288899053226,2,0
49,2,0.04,130.67031735374266,10,0
63,9,0.140625,116.74543314482553,4,0
63,5,0.078125,144.31820328287407,6,0
52,6,0.11320754716981132,132.9109458850354,7,0
46,1,0.02127659574468085,108.71086729457913,3,0
54,7,0.12727272727272726,64.3009106503967,6,0
45,2,0.043478260869565216,164.9709481644598,3,0
49,4,0.08,99.41753131667035,8,0
56,8,0.14035087719298245,130.7267593719078,11,0
53,6,0.1111111111111111,62.50224993842707,4,0
50,1,0.0196078431372549,119.66050249842586,2,0
47,4,0.08333333333333333,123.00785882586597,7,0
50,2,0.0392156862745098,124.45806217642986,4,0
39,5,0.125,210.41379848153989,2,0
50,9,0.17647058823529413,101.06644878619701,5,0
43,5,0.11363636363636363,144.6199268087008,5,0
38,2,0.05128205128205128,135.69697356628132,5,0
51,4,0.07692307692307693,99.64083021997241,2,0
50,10,0.19607843137254902,144.1700820954279,7,0
51,3,0.057692307692307696,115.07037189207593,5,0
43,4,0.09090909090909091,146.25729652730155,8,0
50,4,0.0784313725490196,178.82887870265142,5,0
49,6,0.12,124.523966719023,7,0
55,8,0.14285714285714285,111.56624312794646,3,0
44,3,0.06666666666666667,151.5466855143124,4,0
60,7,0.11475409836065574,161.89959497803025,6,0
57,6,0.10344827586206896,93.50227381823852,5,0
51,4,0.07692307692307693,106.41128731385774,4,0
55,4,0.07142857142857142,140.26269815523784,3,0
47,5,0.10416666666666667,116.03903968755841,5,0
52,3,0.05660377358490566,91.37003961039639,6,0
51,7,0.1346153846153846,136.22084483686183,3,0
41,1,0.023809523809523808,140.14469147120317,6,0
49,2,0.04,109.96842732309074,6,0
51,4,0.07692307692307693,121.8404629599371,5,0
57,3,0.05172413793103448,102.70280793161643,4,0
38,4,0.10256410256410256,87.14287722264082,3,0
69,6,0.08571428571428572,105.08806180115441,3,0
55,7,0.125,122.21797050527721,4,0
46,8,0.1702127659574468,75.74732335592111,7,0
53,7,0.12962962962962962,107.27961206243523,6,0
55,3,0.05357142857142857,122.63490391778217,3,0
55,9,0.16071428571428573,155.83979730374602,7,1
48,4,0.08163265306122448,110.62222935598406,6,0
53,5,0.09259259259259259,82.62292949672334,5,0
38,3,0.07692307692307693,113.71019961906813,3,0
51,4,0.07692307692307693,103.0029208772973,6,0
44,7,0.15555555555555556,136.5653566517209,2,0
42,3,0.06976744186046512,109.86284020913313,6,0
50,5,0.09803921568627451,38.68300135262187,6,0
41,3,0.07142857142857142,230.74873503593415,4,0
48,6,0.12244897959183673,124.27089874772788,7,0
56,7,0.12280701754385964,122.67574530925738,6,0
52,4,0.07547169811320754,73.75770084008904,4,0
51,6,0.11538461538461539,76.06292202115165,4,0
57,7,0.1206896551724138,117.24153126980903,5,0
52,5,0.09433962264150944,130.0851399693492,4,0
58,6,0.1016949152542373,141.06342417530257,7,0
55,6,0.10714285714285714,127.12312971954782,6,0
47,2,0.041666666666666664,84.42173390495597,3,0
50,6,0.11764705882352941,44.86600172759853,4,0
56,5,0.08771929824561403,116.99332951865384,5,0
58,5,0.0847457627118644,103.98075988172616,7,0
54,8,0.14545454545454545,82.12284827663146,4,0
51,1,0.019230769230769232,144.84174672316877,5,0
52,4,0.07547169811320754,72.73269752460035,7,0
58,3,0.05084745762711865,138.5090651836975,8,0
48,1,0.02040816326530612,77.69586074947556,10,0
48,3,0.061224489795918366,124.02266056749993,4,0
49,10,0.2,148.01922966055866,5,0
44,3,0.06666666666666667,109.86200053193178,2,0
43,5,0.11363636363636363,170.69759503520464,3,0
47,2,0.041666666666666664,177.5365897678051,6,0
41,4,0.09523809523809523,127.11525000058967,2,0
39,8,0.2,136.2415611177082,6,0
39,3,0.075,151.82126598949557,4,0
51,7,0.1346153846153846,136.33279117456468,3,0
48,11,0.22448979591836735,133.1172965279563,6,0
39,4,0.1,104.27791791671737,5,0
50,4,0.0784313725490196,69.37931474466863,8,0
55,6,0.10714285714285714,78.29713760251569,3,0
55,8,0.14285714285714285,191.47102076284557,5,0
52,3,0.05660377358490566,129.67376873415003,8,0
54,5,0.09090909090909091,112.62949555826005,6,0
41,3,0.07142857142857142,157.89981777353728,7,0
52,4,0.07547169811320754,97.51626081414511,6,0
62,9,0.14285714285714285,137.49324802239565,4,0
72,7,0.0958904109589041,122.31576100680114,9,0
51,4,0.07692307692307693,133.80082503310808,5,0
50,5,0.09803921568627451,109.9077039211843,2,0
52,3,0.05660377358490566,91.05917078128859,3,0
55,4,0.07142857142857142,95.31386780581073,3,0
56,6,0.10526315789473684,96.48347393219109,9,0
44,4,0.08888888888888889,119.91089063033533,6,0
38,3,0.07692307692307693,73.31594458578172,3,0
46,2,0.0425531914893617,82.57714154933721,5,0
50,5,0.09803921568627451,124.06572892587607,6,0
42,6,0.13953488372093023,116.16974866758255,7,0
48,7,0.14285714285714285,125.70694602770095,8,0
51,3,0.057692307692307696,118.64869397000673,3,0
57,6,0.10344827586206896,195.56850620664642,6,0
56,8,0.14035087719298245,123.8021530197262,2,0
55,5,0.08928571428571429,108.62761051538172,5,0
61,10,0.16129032258064516,123.03395356084529,8,0
45,7,0.15217391304347827,150.5986512753099,5,1
46,3,0.06382978723404255,118.51114831867605,2,0
50,4,0.0784313725490196,140.54185075908737,3,0
50,3,0.058823529411764705,131.8813789320665,6,0
44,3,0.06666666666666667,111.28753269472067,5,0
50,8,0.1568627450980392,123.32627396645856,9,0
40,7,0.17073170731707318,167.96766342576228,5,1
47,2,0.041666666666666664,127.29234885113893,5,0
48,5,0.10204081632653061,90.41936927486789,5,0
46,5,0.10638297872340426,110.41468718601374,9,0
53,5,0.09259259259259259,56.57258250801584,5,0
55,6,0.10714285714285714,124.1219612025864,5,0
49,8,0.16,159.36187031348442,8,1
44,2,0.044444444444444446,79.75782695598437,4,0
51,3,0.057692307692307696,124.49198203524148,3,0
59,2,0.03333333333333333,149.5629541760786,8,0
52,4,0.07547169811320754,152.73415899589452,5,0
49,4,0.08,158.39403516827494,8,0
36,3,0.08108108108108109,63.95238505963489,6,0
58,6,0.1016949152542373,135.1479286383543,3,0
42,5,0.11627906976744186,74.83304444716184,3,0
52,4,0.07547169811320754,90.05003590282587,6,0
56,5,0.08771929824561403,144.6336677882552,5,0
50,7,0.13725490196078433,124.74141365554851,5,0
50,7,0.13725490196078433,141.79008222718122,4,0
61,4,0.06451612903225806,92.12650185594904,4,0
48,4,0.08163265306122448,164.2080933048863,6,0
52,7,0.1320754716981132,140.65001801523152,5,0
50,2,0.0392156862745098,146.6789435788038,2,0
51,4,0.07692307692307693,87.59499671654592,6,0
56,5,0.08771929824561403,155.14203720637855,7,0
55,4,0.07142857142857142,110.51515270078791,6,0
43,2,0.045454545454545456,101.66321189563828,5,0
55,5,0.08928571428571429,138.76390620136985,10,0
57,7,0.1206896551724138,137.49635324363817,5,0
49,7,0.14,94.59543456727987,5,0
49,10,0.2,181.6890303057756,2,1
53,2,0.037037037037037035,174.43051729169323,6,0
56,4,0.07017543859649122,138.1510542243531,7,0
53,7,0.12962962962962962,132.91210268195064,7,0
45,5,0.10869565217391304,129.89358678780889,6,0
45,3,0.06521739130434782,73.50010121943986,3,0
57,4,0.06896551724137931,123.38422163764389,2,0
51,4,0.07692307692307693,122.98624745687245,4,0
62,6,0.09523809523809523,102.71964941284857,3,0
53,3,0.05555555555555555,110.71952483995247,11,0
43,8,0.18181818181818182,48.56122815853581,4,0
45,2,0.043478260869565216,87.08181209625026,3,0
47,10,0.20833333333333334,147.6547887452187,5,0
70,10,0.14084507042253522,171.93590704918083,4,0
55,5,0.08928571428571429,91.69857944112687,2,0
44,6,0.13333333333333333,125.48545964927817,2,0
47,6,0.125,152.9514698819195,2,0
53,4,0.07407407407407407,104.39354922315738,6,0
56,5,0.08771929824561403,140.28744531703848,5,0
47,5,0.10416666666666667,118.9863091325952,6,0
54,6,0.10909090909090909,155.71205965276047,7,0
56,6,0.10526315789473684,81.5264778099413,10,0
45,4,0.08695652173913043,86.8627011369704,7,0
40,4,0.0975609756097561,128.38617506828433,6,0
44,4,0.08888888888888889,122.8861829970131,3,0
42,4,0.09302325581395349,118.3102831052001,8,0
51,5,0.09615384615384616,137.2750248061345,5,0
51,8,0.15384615384615385,92.08051306326792,1,0
62,7,0.1111111111111111,78.91693165135715,5,0
46,6,0.1276595744680851,104.99675675913824,12,0
47,5,0.10416666666666667,108.35164323905704,5,0
41,5,0.11904761904761904,111.48758456826266,4,0
52,5,0.09433962264150944,158.0713713406163,3,0
38,1,0.02564102564102564,143.11251740397628,6,0
48,13,0.2653061224489796,135.99719607466287,5,0
49,1,0.02,126.65998783887933,5,0
51,4,0.07692307692307693,106.97434632853334,6,0
61,3,0.04838709677419355,94.38164529649666,3,0
44,2,0.044444444444444446,84.08527737923937,5,0
41,6,0.14285714285714285,99.16479448587974,5,0
46,4,0.0851063829787234,118.71234034917035,6,0
51,7,0.1346153846153846,85.35047399452,5,0
46,3,0.06382978723404255,125.08559273209828,4,0
65,5,0.07575757575757576,114.16685618293064,5,0
36,2,0.05405405405405406,108.08104765370392,9,0
41,5,0.11904761904761904,154.84598703634913,5,0
52,7,0.1320754716981132,46.18144133331806,5,0
49,5,0.1,108.4881136414521,3,0
48,4,0.08163265306122448,49.42687663111566,5,0
56,10,0.17543859649122806,127.15688018788327,7,0
49,2,0.04,142.86544749596777,9,0
47,4,0.08333333333333333,79.46681387358595,9,0
47,4,0.08333333333333333,83.30827248325829,9,0
54,3,0.05454545454545454,69.05100504868633,3,0
52,4,0.07547169811320754,121.90925978139504,4,0
54,2,0.03636363636363636,109.77635171387918,2,0
59,9,0.15,111.6403580882522,7,0
49,5,0.1,108.96085081542356,6,0
63,8,0.125,90.79202806896183,3,0
62,6,0.09523809523809523,153.9562207168811,7,0
45,5,0.10869565217391304,128.17022040394883,5,0
50,6,0.11764705882352941,84.46009389667188,4,0
50,8,0.1568627450980392,98.98359552502495,7,0
44,2,0.044444444444444446,93.83793676597573,5,0
62,5,0.07936507936507936,162.17783710419184,2,0
52,6,0.11320754716981132,141.33657818048596,7,0
50,9,0.17647058823529413,116.20531629232342,5,0
41,8,0.19047619047619047,171.21663554861578,4,1
37,4,0.10526315789473684,163.5613078559755,5,0
55,4,0.07142857142857142,113.0786731757469,7,0
63,4,0.0625,107.68304033628571,2,0
51,9,0.17307692307692307,109.12908132307955,4,0
48,4,0.08163265306122448,91.41760212093207,4,0
43,3,0.06818181818181818,172.01923345401488,4,0
60,10,0.16393442622950818,89.80762490823368,5,0
53,3,0.05555555555555555,146.0491294628232,5,0
49,6,0.12,140.71629392726487,4,0
63,7,0.109375,110.85402065329302,3,0
41,2,0.047619047619047616,174.30135310993353,2,0
65,5,0.07575757575757576,73.22711036755416,3,0
50,3,0.058823529411764705,117.60926097063329,4,0
49,5,0.1,105.32879505178487,9,0
57,5,0.08620689655172414,148.8177945081256,2,0
59,1,0.016666666666666666,130.60697593125505,6,0
48,9,0.1836734693877551,68.18114464000521,3,0
48,4,0.08163265306122448,157.18438331239358,1,0
62,5,0.07936507936507936,134.56385168773704,5,0
47,3,0.0625,88.93524414111208,4,0
53,3,0.05555555555555555,109.50962685640822,6,0
51,13,0.25,81.00345255083754,9,0
55,4,0.07142857142857142,114.8748592315056,4,0
53,5,0.09259259259259259,124.50353902079469,6,0
56,8,0.14035087719298245,109.96058524098154,1,0
52,6,0.11320754716981132,106.48606500381437,9,0
49,4,0.08,71.61778892846463,7,0
27,5,0.17857142857142858,130.11724384509625,2,0
37,5,0.13157894736842105,62.266362094111415,10,0
50,3,0.058823529411764705,120.93238554711786,3,0
39,4,0.1,66.02532527902616,6,0
46,8,0.1702127659574468,121.5151467145886,8,0
53,5,0.09259259259259259,119.81642986236754,7,0
47,6,0.125,132.10034903035623,11,0
45,9,0.1956521739130435,145.8685715040478,8,0
44,5,0.1111111111111111,151.42765266752815,4,0
56,3,0.05263157894736842,71.6987220187221,8,0
43,3,0.06818181818181818,118.2538184060076,7,0
58,6,0.1016949152542373,180.32822653680162,8,0
46,3,0.06382978723404255,123.57301705493121,6,0
40,7,0.17073170731707318,95.0595557909606,4,0
37,3,0.07894736842105263,117.60896620681991,6,0
48,4,0.08163265306122448,108.49002179057817,2,0
33,4,0.11764705882352941,84.70625528603537,3,0
56,6,0.10526315789473684,146.07312564621023,11,0
55,5,0.08928571428571429,137.53057674826087,7,0
48,2,0.04081632653061224,79.96472783663616,1,0
66,7,0.1044776119402985,117.20176248549294,11,0
50,7,0.13725490196078433,103.00609052453632,9,0
53,6,0.1111111111111111,71.952224564251,6,0
53,5,0.09259259259259259,77.55541627572043,9,0
55,3,0.05357142857142857,82.02120528599005,5,0
49,7,0.14,118.24710739671609,4,0
49,8,0.16,106.2614099938993,5,0
50,4,0.0784313725490196,91.2243611371226,4,0
45,6,0.13043478260869565,108.24350911137147,4,0
47,4,0.08333333333333333,142.42604915536432,4,0
38,4,0.10256410256410256,130.70088291816168,4,0
46,7,0.14893617021276595,150.05606422865708,6,0
51,2,0.038461538461538464,113.15061405842253,2,0
43,4,0.09090909090909091,168.07671572044933,10,0
50,3,0.058823529411764705,130.44239651095475,7,0
53,4,0.07407407407407407,105.33247729975828,2,0
50,6,0.11764705882352941,122.78855429071108,8,0
50,1,0.0196078431372549,82.55772142230549,4,0
55,6,0.10714285714285714,110.81444591256692,4,0
51,4,0.07692307692307693,132.89922690679822,2,0
54,6,0.10909090909090909,138.35008524295768,5,0
53,3,0.05555555555555555,107.6951333150641,9,0
50,6,0.11764705882352941,202.01671282567904,5,0
54,6,0.10909090909090909,114.83376770534134,6,0
42,8,0.18604651162790697,69.6481787357054,4,0
54,8,0.14545454545454545,156.39801576025494,3,0
45,3,0.06521739130434782,138.2138191154903,7,0
61,2,0.03225806451612903,126.9506646286575,11,0
36,4,0.10810810810810811,106.05237326724667,4,0
40,4,0.0975609756097561,131.80039548079324,7,0
53,2,0.037037037037037035,168.57048737992892,6,0
56,3,0.05263157894736842,126.04898812020438,4,0
47,5,0.10416666666666667,75.89899239567222,5,0
48,8,0.16326530612244897,16.39937750436701,6,0
55,9,0.16071428571428573,131.53678681915156,4,0
60,4,0.06557377049180328,90.42259376219675,9,0
41,3,0.07142857142857142,117.00861847812588,6,0
59,2,0.03333333333333333,95.72767130959802,5,0
45,4,0.08695652173913043,93.57273047410206,4,0
47,6,0.125,97.04177600141199,5,0
44,6,0.13333333333333333,99.75373920250303,8,0
61,6,0.0967741935483871,143.28707965448507,2,0
43,2,0.045454545454545456,137.20931379409754,6,0
42,3,0.06976744186046512,83.7603353156648,6,0
51,8,0.15384615384615385,87.84795820898975,10,0
50,3,0.058823529411764705,131.37365713408118,4,0
42,3,0.06976744186046512,151.57507096306566,5,0
53,7,0.12962962962962962,151.11424079742378,6,0
54,7,0.12727272727272726,89.91273477659306,6,0
46,7,0.14893617021276595,149.67934295700675,3,0
48,4,0.08163265306122448,66.7119109704345,5,0
54,5,0.09090909090909091,113.91346748969883,6,0
47,4,0.08333333333333333,134.6107932782596,6,0
40,7,0.17073170731707318,57.63584960875046,6,0
55,7,0.125,182.78570772256387,4,0
51,7,0.1346153846153846,159.80085548929847,6,0
40,2,0.04878048780487805,139.41011917081767,3,0
55,7,0.125,91.04915377305235,3,0
40,4,0.0975609756097561,117.95689126268601,2,0
53,1,0.018518518518518517,143.71260509289067,5,0
47,2,0.041666666666666664,86.32015299000558,6,0
42,5,0.11627906976744186,114.58577306285949,8,0
48,4,0.08163265306122448,147.31151549432946,7,0
54,8,0.14545454545454545,75.1621499468085,6,0
45,6,0.13043478260869565,129.97274133061364,5,0
58,2,0.03389830508474576,67.35691111136458,5,0
47,6,0.125,91.6845973326404,10,0
38,2,0.05128205128205128,104.86222182971717,4,0
48,4,0.08163265306122448,135.40666838156335,2,0
44,5,0.1111111111111111,98.97632692481389,5,0
40,6,0.14634146341463414,123.76645173987453,6,0
44,4,0.08888888888888889,99.38315586575301,8,0
61,8,0.12903225806451613,104.08149683654544,6,0
48,6,0.12244897959183673,157.51984523358448,4,0
61,5,0.08064516129032258,85.49315465273284,4,0
49,5,0.1,142.77461921841552,8,0
46,6,0.1276595744680851,119.96808343575054,7,0
45,1,0.021739130434782608,102.73338933276028,2,0
67,10,0.14705882352941177,83.47431502769646,6,0
43,6,0.13636363636363635,85.61291078702726,8,0
45,3,0.06521739130434782,97.8406492572616,4,0
60,11,0.18032786885245902,115.49836778336574,3,0
36,2,0.05405405405405406,138.10528908469203,7,0
52,8,0.1509433962264151,110.99282220232912,6,0
49,4,0.08,113.00067444353343,3,0
58,7,0.11864406779661017,117.48029330033086,5,0
57,5,0.08620689655172414,134.30333074316187,6,0
54,7,0.12727272727272726,139.3440845758953,4,0
40,2,0.04878048780487805,78.39103573284456,4,0
44,3,0.06666666666666667,111.53775870770065,3,0
47,2,0.041666666666666664,156.82212052043764,7,0
44,7,0.15555555555555556,80.51640138840136,5,0
48,4,0.08163265306122448,122.22938671346877,5,0
35,4,0.1111111111111111,114.87467988609657,5,0
56,8,0.14035087719298245,102.99973230190166,5,0
59,9,0.15,167.72347953130074,1,0
70,4,0.056338028169014086,121.10507426603624,4,0
49,8,0.16,165.3343521583294,6,1
47,3,0.0625,120.1688161573323,9,0
52,6,0.11320754716981132,133.80767667953194,5,0
51,6,0.11538461538461539,102.68335473219058,2,0
48,1,0.02040816326530612,103.0171897410674,7,0
65,5,0.07575757575757576,132.2804259074658,6,0
45,4,0.08695652173913043,132.83092372900774,2,0
57,5,0.08620689655172414,137.93961199775563,4,0
38,6,0.15384615384615385,131.30034860863725,3,0
50,4,0.0784313725490196,79.90737218987746,7,0
66,10,0.14925373134328357,95.80893969862753,6,0
55,5,0.08928571428571429,145.49828658446086,5,0
44,8,0.17777777777777778,61.24603903789988,2,0
50,6,0.11764705882352941,128.7782172451681,4,0
45,6,0.13043478260869565,116.64359702792456,1,0
50,2,0.0392156862745098,145.4874560241708,4,0
43,5,0.11363636363636363,132.49863558212266,9,0
46,2,0.0425531914893617,100.08059160874615,5,0
56,4,0.07017543859649122,98.71949885095009,3,0
47,5,0.10416666666666667,104.31649581009242,4,0
64,8,0.12307692307692308,137.40189142111882,4,0
41,1,0.023809523809523808,50.93358961334266,5,0
50,5,0.09803921568627451,124.72138333071184,4,0
35,4,0.1111111111111111,93.50896238317898,7,0
61,3,0.04838709677419355,125.72505893421771,6,0
49,5,0.1,130.33493359510106,7,0
48,6,0.12244897959183673,70.13020251213939,7,0
52,2,0.03773584905660377,113.19400718998106,6,0
42,5,0.11627906976744186,124.6671107040074,9,0
52,5,0.09433962264150944,122.63850285825443,2,0
39,6,0.15,116.33397140652106,3,0
47,3,0.0625,83.37337440557965,3,0
45,6,0.13043478260869565,87.94115908060374,0,0
51,2,0.038461538461538464,78.65858031738449,2,0
47,4,0.08333333333333333,136.6213671251926,5,0
42,3,0.06976744186046512,116.53287474580196,7,0
48,7,0.14285714285714285,118.4474028212186,8,0
56,7,0.12280701754385964,68.83519668465317,2,0
51,1,0.019230769230769232,118.99191608216384,6,0
58,1,0.01694915254237288,139.00911215948048,5,0
53,4,0.07407407407407407,64.74481276277163,10,0
53,3,0.05555555555555555,103.93781223765089,3,0
52,6,0.11320754716981132,72.88952605365583,4,0
48,6,0.12244897959183673,107.39153775810338,3,0
48,8,0.16326530612244897,92.97024307287231,10,0
48,8,0.16326530612244897,131.4272650092481,3,0
56,6,0.10526315789473684,125.07718690279175,9,0
37,0,0.0,158.74513216902133,8,0
60,5,0.08196721311475409,118.37766452098519,3,0
46,5,0.10638297872340426,130.15463406312819,7,0
44,4,0.08888888888888889,103.26877555054567,7,0
49,5,0.1,86.90806046314263,1,0
51,9,0.17307692307692307,145.0428730407026,6,0
58,9,0.15254237288135594,157.2976516064124,5,1
48,2,0.04081632653061224,141.16967097714758,3,0
36,2,0.05405405405405406,123.93684369388598,5,0
51,7,0.1346153846153846,90.77719336544172,4,0
51,7,0.1346153846153846,154.24884520280838,6,0
49,4,0.08,137.38527946911037,3,0
49,6,0.12,180.74635827988337,6,0
55,6,0.10714285714285714,85.3672814928028,6,0
55,5,0.08928571428571429,145.8769950374214,1,0
49,3,0.06,136.47319514624394,6,0
54,8,0.14545454545454545,109.73918399255832,2,0
46,5,0.10638297872340426,160.91504640609313,6,0
55,3,0.05357142857142857,132.07035445273644,4,0
56,7,0.12280701754385964,91.89320914615038,4,0
54,7,0.12727272727272726,116.44982951176772,7,0
53,8,0.14814814814814814,91.53423578690662,7,0
49,3,0.06,105.94452853843458,4,0
59,12,0.2,141.114784606192,6,0
47,3,0.0625,149.67822135702647,10,0
52,6,0.11320754716981132,126.63637001368096,4,0
58,7,0.11864406779661017,97.49775370231404,6,0
50,4,0.0784313725490196,131.4482526118607,6,0
46,4,0.0851063829787234,141.70198913872912,6,0
49,8,0.16,60.83664764280847,8,0
54,6,0.10909090909090909,123.49436325092752,7,0
49,5,0.1,114.29430604802006,5,0
58,3,0.05084745762711865,148.61133766228716,5,0
50,1,0.0196078431372549,131.57067494584496,5,0
54,3,0.05454545454545454,134.53055104418357,4,0
49,9,0.18,105.54267100857113,5,0
55,7,0.125,120.04955151397309,6,0
51,9,0.17307692307692307,148.31054909411665,6,0
49,1,0.02,118.0536080108917,2,0
58,7,0.11864406779661017,125.24008667194722,5,0
58,2,0.03389830508474576,73.92128104673802,10,0
41,6,0.14285714285714285,117.94379891018353,4,0
58,5,0.0847457627118644,59.64000095681672,6,0
41,2,0.047619047619047616,104.5156539192523,3,0
60,6,0.09836065573770492,121.90546673180698,4,0
48,4,0.08163265306122448,143.01092383453712,7,0
52,6,0.11320754716981132,90.02520169644072,9,0
43,5,0.11363636363636363,131.21052430410307,7,0
53,6,0.1111111111111111,164.05480213086383,5,0
52,11,0.20754716981132076,100.77768402853133,1,0
46,4,0.0851063829787234,73.58841234832028,4,0
58,5,0.0847457627118644,128.69519871171266,5,0
48,7,0.14285714285714285,84.24008980391122,3,0
47,5,0.10416666666666667,95.4300427957944,6,0
41,1,0.023809523809523808,147.70010825107457,8,0
51,7,0.1346153846153846,176.30697826130043,4,0
45,1,0.021739130434782608,89.97929650975544,4,0
37,2,0.05263157894736842,97.8774077995376,3,0
41,2,0.047619047619047616,106.80393112773542,4,0
47,2,0.041666666666666664,103.56575839423719,5,0
40,1,0.024390243902439025,177.99877541436103,6,0
48,2,0.04081632653061224,104.0829651093664,3,0
50,5,0.09803921568627451,108.36744256421613,8,0
44,3,0.06666666666666667,168.48532419524477,3,0
48,2,0.04081632653061224,137.30028934617903,2,0
55,6,0.10714285714285714,149.57697698847733,7,0
56,4,0.07017543859649122,92.81661380932826,5,0
47,1,0.020833333333333332,104.09460950472793,1,0
49,4,0.08,88.80844926963118,5,0
50,4,0.0784313725490196,144.03784638107447,5,0
48,4,0.08163265306122448,156.75729623350333,9,0
47,4,0.08333333333333333,102.00676892455462,5,0
59,7,0.11666666666666667,109.07276031287171,3,0
44,5,0.1111111111111111,110.38529804884026,8,0
47,8,0.16666666666666666,73.58328020165473,3,0
55,5,0.08928571428571429,99.78533766721038,6,0
35,3,0.08333333333333333,143.19798644290802,9,0
55,4,0.07142857142857142,93.73744486664718,3,0
53,7,0.12962962962962962,122.78945586614964,10,0
49,3,0.06,80.7594307660753,4,0
46,4,0.0851063829787234,115.67997266613396,4,0
55,5,0.08928571428571429,103.10036536241977,5,0
46,5,0.10638297872340426,83.34985548648697,2,0
54,9,0.16363636363636364,143.71158288465335,1,0
57,10,0.1724137931034483,145.39882083603055,5,0
54,3,0.05454545454545454,90.91383863292074,5,0
43,3,0.06818181818181818,113.51449607418819,3,0
42,6,0.13953488372093023,121.32956049217347,3,0
45,4,0.08695652173913043,65.55714638616452,6,0
53,5,0.09259259259259259,78.08721820817904,2,0
60,7,0.11475409836065574,158.58853309100343,5,0
31,3,0.09375,88.04619310492288,6,0
45,9,0.1956521739130435,157.74549324755088,5,1
47,5,0.10416666666666667,79.63758976850008,8,0
44,4,0.08888888888888889,139.7648333142121,10,0
51,5,0.09615384615384616,110.66090677468995,3,0
56,8,0.14035087719298245,114.87701192536899,2,0
54,6,0.10909090909090909,175.67807740601893,11,0
60,7,0.11475409836065574,82.37440097043955,2,0
33,7,0.20588235294117646,137.84394588783212,4,0
51,6,0.11538461538461539,136.60468990673465,8,0
51,4,0.07692307692307693,220.63720167499133,5,0
45,5,0.10869565217391304,87.68607539304342,6,0
35,4,0.1111111111111111,101.2204561948969,5,0
54,1,0.01818181818181818,144.47766857497663,4,0
52,5,0.09433962264150944,113.9920842239441,7,0
39,5,0.125,106.10847129804752,2,0
47,5,0.10416666666666667,148.72534464969496,1,0
42,6,0.13953488372093023,112.00294691088838,4,0
55,5,0.08928571428571429,93.24422788855748,3,0
56,11,0.19298245614035087,141.78630464285942,4,0
43,3,0.06818181818181818,131.2586402408358,1,0
55,3,0.05357142857142857,110.6146021318207,3,0
39,3,0.075,109.19095443719935,7,0
46,5,0.10638297872340426,92.5528018517831,5,0
41,3,0.07142857142857142,141.75290565346026,3,0
52,4,0.07547169811320754,109.19676548236876,5,0
45,5,0.10869565217391304,96.9046228927899,1,0
39,3,0.075,81.43334498424437,3,0
40,5,0.12195121951219512,131.7646307372651,6,0
42,6,0.13953488372093023,104.74251063261008,4,0
54,7,0.12727272727272726,59.61974058032786,4,0
58,5,0.0847457627118644,83.90193631067861,10,0
41,4,0.09523809523809523,112.99209193023052,5,0
56,5,0.08771929824561403,113.83387005248497,8,0
48,7,0.14285714285714285,112.69373248888049,7,0
51,8,0.15384615384615385,108.51731665297316,3,0
53,4,0.07407407407407407,75.72438831790765,5,0
38,1,0.02564102564102564,93.76354427552846,3,0
42,2,0.046511627906976744,155.51330959452304,5,0
53,4,0.07407407407407407,151.08684380559197,3,0
54,6,0.10909090909090909,137.33855347032153,3,0
41,5,0.11904761904761904,134.68507812122004,2,0
66,5,0.07462686567164178,147.14267724196475,4,0
38,4,0.10256410256410256,86.376157875237,1,0
59,10,0.16666666666666666,120.98785100270847,3,0
58,7,0.11864406779661017,86.39198548059119,1,0
62,4,0.06349206349206349,86.9125659070418,11,0
47,5,0.10416666666666667,131.04194813240824,3,0
58,6,0.1016949152542373,148.40251317407626,5,0
41,6,0.14285714285714285,114.18452596732386,5,0
53,4,0.07407407407407407,169.47001296628505,7,0
48,4,0.08163265306122448,126.3535298113661,7,0
50,5,0.09803921568627451,96.69643402750465,1,0
50,5,0.09803921568627451,87.39814344378985,2,0
47,6,0.125,150.5439445255415,5,0
49,2,0.04,123.85377347219445,4,0
54,6,0.10909090909090909,140.28142134508445,9,0
44,2,0.044444444444444446,40.26110218640275,9,0
56,4,0.07017543859649122,127.34016103040815,5,0
45,5,0.10869565217391304,104.64677434511289,8,0
52,3,0.05660377358490566,78.18721392249407,7,0
39,3,0.075,118.11952971154724,7,0
56,7,0.12280701754385964,152.75440600963367,5,0
47,5,0.10416666666666667,187.98684859259157,1,0
48,2,0.04081632653061224,127.26457221967532,4,0
56,6,0.10526315789473684,98.72560230115432,2,0
48,3,0.061224489795918366,96.91492330444599,5,0
52,4,0.07547169811320754,148.89397086195598,2,0
57,5,0.08620689655172414,90.09377642541324,7,0
50,2,0.0392156862745098,138.6728213858329,5,0
55,12,0.21428571428571427,128.81043569878852,8,0
67,4,0.058823529411764705,125.49304175648638,6,0
45,6,0.13043478260869565,72.95644230357624,3,0
36,5,0.13513513513513514,109.29125393321026,4,0
41,10,0.23809523809523808,76.25526625927162,6,0
42,4,0.09302325581395349,102.35257796049703,5,0
47,7,0.14583333333333334,147.51415984561538,5,0
46,8,0.1702127659574468,156.93173710066696,3,1
64,4,0.06153846153846154,126.41845948472655,2,0
46,4,0.0851063829787234,102.88978462698044,7,0
53,2,0.037037037037037035,167.64297997081255,3,0
58,6,0.1016949152542373,102.4922809873146,4,0
53,6,0.1111111111111111,85.92940524572987,5,0
35,2,0.05555555555555555,140.8944890375035,6,0
68,9,0.13043478260869565,133.7320212770912,10,0
47,1,0.020833333333333332,103.72272267222478,5,0
50,7,0.13725490196078433,123.00675688708702,3,0
55,2,0.03571428571428571,133.2647996655532,5,0
44,5,0.1111111111111111,126.1103652315545,2,0
40,1,0.024390243902439025,133.76816864893743,6,0
47,3,0.0625,104.82855415320077,4,0
58,7,0.11864406779661017,135.78735132718796,2,0
57,4,0.06896551724137931,120.52673512749845,6,0
35,3,0.08333333333333333,105.8456843539094,2,0
47,8,0.16666666666666666,112.62345713300176,0,0
44,1,0.022222222222222223,117.06294492226746,3,0
51,7,0.1346153846153846,76.63864988816164,1,0
52,2,0.03773584905660377,100.90022260290215,5,0
44,2,0.044444444444444446,121.94716546778358,2,0
52,3,0.05660377358490566,79.47026893833443,5,0
47,10,0.20833333333333334,101.40229014556257,7,0
64,4,0.06153846153846154,191.53934935115615,8,0
55,8,0.14285714285714285,86.12224905536418,4,0
47,10,0.20833333333333334,108.48558262048712,10,0
49,4,0.08,94.98848164413806,7,0
48,5,0.10204081632653061,116.4938998813999,7,0
55,7,0.125,95.55244970595061,7,0
46,4,0.0851063829787234,112.70270630122701,5,0
43,2,0.045454545454545456,98.44358894550321,6,0
42,4,0.09302325581395349,151.65383449109476,7,0
53,7,0.12962962962962962,122.4491111315864,1,0
59,8,0.13333333333333333,89.91082029110339,5,0
44,3,0.06666666666666667,145.22389571498078,5,0
49,3,0.06,91.25200151909661,4,0
41,7,0.16666666666666666,73.07759433265046,5,0
52,2,0.03773584905660377,119.90872537701577,8,0
47,6,0.125,177.21793273019938,8,0
51,2,0.038461538461538464,65.17007613252338,2,0
47,7,0.14583333333333334,80.07036235292709,7,0
50,8,0.1568627450980392,142.57576989482533,5,0
49,4,0.08,100.73035801164119,9,0
61,3,0.04838709677419355,138.3584570173963,4,0
51,5,0.09615384615384616,94.87533279174158,6,0
52,4,0.07547169811320754,124.25886532227528,5,0
60,5,0.08196721311475409,172.33421776156464,6,0
51,6,0.11538461538461539,84.16231058934387,6,0
43,3,0.06818181818181818,150.71282430411912,2,0
56,5,0.08771929824561403,140.3912038989626,9,0
60,8,0.13114754098360656,75.32267246703273,8,0
50,6,0.11764705882352941,136.7670157122532,9,0
50,4,0.0784313725490196,122.18418386587818,4,0
41,5,0.11904761904761904,122.73282029741188,5,0
54,7,0.12727272727272726,130.0955269935511,2,0
55,6,0.10714285714285714,109.48902466752585,4,0
53,4,0.07407407407407407,122.10296876827194,3,0
51,0,0.0,127.24357275120865,4,0
38,5,0.1282051282051282,142.38173816656587,5,0
51,7,0.1346153846153846,74.18516899865756,4,0
57,7,0.1206896551724138,158.7265768947331,6,0
55,2,0.03571428571428571,85.3412897082236,7,0
44,5,0.1111111111111111,142.84885392439162,6,0
37,5,0.13157894736842105,122.3833529781834,5,0
49,4,0.08,81.56530971603908,8,0
46,3,0.06382978723404255,135.84436409112013,4,0
44,5,0.1111111111111111,91.63780082414488,5,0
50,7,0.13725490196078433,152.0638666547292,7,0
33,1,0.029411764705882353,98.67495484496268,2,0
49,5,0.1,75.15041707183867,2,0
55,6,0.10714285714285714,166.01535315108885,5,0
42,5,0.11627906976744186,125.43971013710727,0,0
45,5,0.10869565217391304,146.01573377283947,3,0
50,6,0.11764705882352941,94.45584363739898,7,0
46,2,0.0425531914893617,63.245683898753974,7,0
49,3,0.06,170.2560727226333,2,0
59,6,0.1,119.80719563463154,7,0
50,1,0.0196078431372549,134.7405568249064,5,0
40,5,0.12195121951219512,139.69787341794807,8,0
56,6,0.10526315789473684,109.93826840952931,5,0
40,3,0.07317073170731707,126.7868864284655,6,0
55,6,0.10714285714285714,167.81857777516333,3,0
53,5,0.09259259259259259,119.0267631336201,8,0
41,3,0.07142857142857142,148.26303949258727,5,0
41,4,0.09523809523809523,60.26259059908135,9,0
42,7,0.16279069767441862,153.71281890957644,5,1
54,5,0.09090909090909091,74.3398710598208,6,0
41,5,0.11904761904761904,150.28226472100502,4,0
46,1,0.02127659574468085,131.71893661353815,6,0
40,1,0.024390243902439025,117.12237971778366,8,0
56,3,0.05263157894736842,117.0123533637621,6,0
55,7,0.125,112.41806719927996,8,0
55,5,0.08928571428571429,95.3799144166931,6,0
42,3,0.06976744186046512,113.82071164109861,3,0
47,6,0.125,186.24177232527268,2,0
35,2,0.05555555555555555,159.0692013235419,5,0
54,4,0.07272727272727272,93.86990464432698,1,0
46,4,0.0851063829787234,128.03062206981863,0,0
39,3,0.075,122.87937489709294,2,0
46,5,0.10638297872340426,115.73119670970985,4,0
58,5,0.0847457627118644,89.91667330087563,3,0
63,6,0.09375,133.37693954419956,6,0
62,9,0.14285714285714285,145.3821488974391,3,0
52,8,0.1509433962264151,94.98303944799659,6,0
56,8,0.14035087719298245,178.66624251867623,8,0
50,7,0.13725490196078433,165.66009747706664,10,0
47,5,0.10416666666666667,136.44496676853697,5,0
52,6,0.11320754716981132,83.0484089199356,6,0
49,5,0.1,132.04225877953687,3,0
40,5,0.12195121951219512,128.45934004693396,7,0
62,6,0.09523809523809523,135.39465828655491,4,0
55,3,0.05357142857142857,167.71392816869206,7,0
45,6,0.13043478260869565,114.72077836150139,6,0
53,7,0.12962962962962962,181.4347973896723,4,0
58,8,0.13559322033898305,132.1951303798125,3,0
50,3,0.058823529411764705,111.28610473016205,4,0
58,4,0.06779661016949153,191.98131620119233,5,0
44,3,0.06666666666666667,144.8967570006027,10,0
41,4,0.09523809523809523,106.35798339127581,7,0
46,2,0.0425531914893617,122.52649766839328,7,0
56,5,0.08771929824561403,139.056990655636,4,0
58,4,0.06779661016949153,115.47416919643975,5,0
48,3,0.061224489795918366,124.0172360713485,6,0
40,5,0.12195121951219512,95.48389189011836,8,0
49,7,0.14,69.44416407576276,2,0
44,1,0.022222222222222223,123.19257968234136,5,0
54,6,0.10909090909090909,124.20083466677661,6,0
42,1,0.023255813953488372,135.81358774673564,2,0
52,2,0.03773584905660377,102.7143087868141,2,0
40,5,0.12195121951219512,79.78337116378006,5,0
55,7,0.125,91.04026590757954,0,0
49,7,0.14,151.66901270519475,4,0
51,5,0.09615384615384616,100.00166063377286,11,0
54,8,0.14545454545454545,106.73757042588714,2,0
49,3,0.06,110.62759308506665,6,0
59,4,0.06666666666666667,101.42171492139629,2,0
45,2,0.043478260869565216,99.203675174015,4,0
47,6,0.125,93.86629306098568,7,0
46,3,0.06382978723404255,162.019697237046,3,0
33,2,0.058823529411764705,140.40302050028788,7,0
47,5,0.10416666666666667,157.43462319450714,4,0
58,3,0.05084745762711865,163.48019269382513,5,0
38,1,0.02564102564102564,49.50360607701057,6,0
51,3,0.057692307692307696,130.3036392608423,7,0
63,0,0.0,102.41464098305043,4,0
29,4,0.13333333333333333,153.50428933060044,3,0
44,5,0.1111111111111111,97.75586390272315,4,0
58,4,0.06779661016949153,88.3755073090887,1,0
52,4,0.07547169811320754,76.97862418040694,5,0
50,7,0.13725490196078433,110.91975267063594,7,0
49,5,0.1,147.44835787584933,5,0
62,7,0.1111111111111111,127.68501650583936,1,0
50,5,0.09803921568627451,83.92055204591568,2,0
42,3,0.06976744186046512,184.57977271085673,5,0
34,7,0.2,139.48615918474704,4,0
46,5,0.10638297872340426,143.3223034727306,6,0
56,3,0.05263157894736842,158.55086482042975,2,0
44,4,0.08888888888888889,70.79353234122661,3,0
52,4,0.07547169811320754,92.65697584236352,4,0
49,3,0.06,144.69034070772818,8,0
60,10,0.16393442622950818,95.6778501593557,9,0
53,8,0.14814814814814814,111.74959583234855,5,0
54,4,0.07272727272727272,117.667780415061,10,0
52,4,0.07547169811320754,81.67783834110247,5,0
55,7,0.125,109.1754845359908,4,0
46,3,0.06382978723404255,147.43509652055496,10,0
43,5,0.11363636363636363,141.88361669453525,9,0
49,6,0.12,153.39043985902404,7,0
39,5,0.125,150.2962762137239,9,0
60,7,0.11475409836065574,132.17621777107752,5,0
52,6,0.11320754716981132,129.80035494929098,6,0
40,8,0.1951219512195122,127.59992280319854,6,0
54,4,0.07272727272727272,101.18858498238117,0,0
50,8,0.1568627450980392,89.1016582883816,3,0
48,1,0.02040816326530612,99.312079616403,3,0
44,3,0.06666666666666667,110.21912050327593,4,0
52,2,0.03773584905660377,100.32522165771671,5,0
44,5,0.1111111111111111,132.41495215451747,4,0
50,2,0.0392156862745098,126.05685648192754,4,0
45,7,0.15217391304347827,129.27970496160654,2,0
44,5,0.1111111111111111,130.5422419774734,8,0
67,2,0.029411764705882353,155.86991813353598,4,0
49,6,0.12,119.74281322838699,4,0
54,8,0.14545454545454545,150.25108301503835,2,0
54,6,0.10909090909090909,135.49756073937502,9,0
60,2,0.03278688524590164,153.88900609905255,3,0
60,8,0.13114754098360656,168.43889503159716,4,0
45,6,0.13043478260869565,137.2994873993721,4,0
51,4,0.07692307692307693,123.11304749015996,5,0
65,5,0.07575757575757576,122.91923452329924,7,0
60,6,0.09836065573770492,105.89501761314484,7,0
53,8,0.14814814814814814,104.88683560271832,8,0
56,4,0.07017543859649122,147.06351489934605,5,0
75,4,0.05263157894736842,91.08989122657333,5,0
41,6,0.14285714285714285,168.44317906686678,6,0
48,1,0.02040816326530612,115.44830241287941,8,0
46,7,0.14893617021276595,205.86233679368442,9,0
45,3,0.06521739130434782,99.20653719511148,12,0
35,3,0.08333333333333333,127.50566759941003,6,0
55,3,0.05357142857142857,109.44452189254743,3,0
44,7,0.15555555555555556,96.20747725370185,8,0
39,5,0.125,151.91401052636155,5,0
54,9,0.16363636363636364,86.83337416806582,5,0
46,5,0.10638297872340426,99.71776479077296,3,0
53,3,0.05555555555555555,137.58959126744733,6,0
58,5,0.0847457627118644,142.34882432848215,4,0
47,4,0.08333333333333333,78.24343736317437,4,0
64,7,0.1076923076923077,137.45030655646121,5,0
46,8,0.1702127659574468,123.86699740249017,4,0
50,4,0.0784313725490196,92.4682992641541,8,0
46,6,0.1276595744680851,96.33355393993338,8,0
53,9,0.16666666666666666,58.996457161547966,4,0
40,2,0.04878048780487805,171.52333283392733,4,0
47,7,0.14583333333333334,150.4626124493102,3,0
62,6,0.09523809523809523,81.32564969465344,3,0
57,7,0.1206896551724138,143.96723018375388,1,0
50,4,0.0784313725490196,102.77932968151,2,0
49,4,0.08,147.444316090491,3,0
54,2,0.03636363636363636,105.11779292522753,7,0
47,9,0.1875,109.09937714676124,7,0
49,7,0.14,111.34958196727005,4,0
54,3,0.05454545454545454,100.2793397501606,2,0
44,12,0.26666666666666666,161.97814125699912,3,1
55,6,0.10714285714285714,146.95580979244437,5,0
48,7,0.14285714285714285,123.29845614999837,4,0
50,2,0.0392156862745098,150.73704491957432,3,0
44,4,0.08888888888888889,71.18784854263623,9,0
54,6,0.10909090909090909,83.14623664346902,3,0
48,2,0.04081632653061224,134.23664287073888,3,0
49,5,0.1,142.06609667423666,4,0
52,5,0.09433962264150944,128.38222638767255,1,0
72,5,0.0684931506849315,63.51915974765044,5,0
60,5,0.08196721311475409,88.12996426986757,6,0
45,8,0.17391304347826086,132.49775599512506,3,0
48,4,0.08163265306122448,192.79416867723802,1,0
48,3,0.061224489795918366,156.53737995175283,8,0
53,5,0.09259259259259259,167.3191289541232,6,0
53,6,0.1111111111111111,130.19176266570898,7,0
48,6,0.12244897959183673,129.9747294236813,3,0
51,6,0.11538461538461539,88.99543598231772,4,0
50,2,0.0392156862745098,148.55466159154852,8,0
54,5,0.09090909090909091,117.80454892376991,6,0
47,6,0.125,140.78197126391157,5,0
53,8,0.14814814814814814,120.92059058642805,4,0
45,5,0.10869565217391304,128.37355274252218,7,0
59,2,0.03333333333333333,117.36815651104133,2,0
40,3,0.07317073170731707,126.73874093468679,13,0
53,2,0.037037037037037035,150.00229672635692,7,0
59,7,0.11666666666666667,82.01311412792329,9,0
48,2,0.04081632653061224,75.2123272105467,8,0
48,3,0.061224489795918366,132.77593732916696,3,0
61,5,0.08064516129032258,163.2172289372285,3,0
58,5,0.0847457627118644,170.78233850403245,4,0
44,4,0.08888888888888889,83.26769346869784,4,0
48,4,0.08163265306122448,107.9137849379288,4,0
48,6,0.12244897959183673,75.62354236665271,7,0
36,3,0.08108108108108109,103.4816512083864,1,0
56,6,0.10526315789473684,153.68544285148084,8,0
55,4,0.07142857142857142,119.61324649324801,4,0
41,3,0.07142857142857142,108.78377761128637,6,0
56,6,0.10526315789473684,136.3525726923363,5,0
47,5,0.10416666666666667,96.14843730571587,2,0
48,6,0.12244897959183673,167.78935094645573,5,0
52,5,0.09433962264150944,120.2185491672442,7,0
47,6,0.125,107.94617271120302,1,0
43,4,0.09090909090909091,137.60547704386835,6,0
41,4,0.09523809523809523,148.1785848063314,9,0
63,7,0.109375,167.87925720447777,7,0
63,4,0.0625,113.70093281225508,4,0
46,4,0.0851063829787234,152.58169568081152,2,0
54,6,0.10909090909090909,123.03634835699991,4,0
63,2,0.03125,101.65859937078915,7,0
54,5,0.09090909090909091,96.69565412987296,4,0
42,5,0.11627906976744186,87.09049669100988,1,0
50,9,0.17647058823529413,97.74918003332658,5,0
43,7,0.1590909090909091,153.4711986528025,4,1
48,4,0.08163265306122448,141.20128805358112,4,0
41,4,0.09523809523809523,82.76365032174151,3,0
54,2,0.03636363636363636,67.60827239355194,7,0
53,4,0.07407407407407407,86.63120532610768,3,0
61,8,0.12903225806451613,96.69791375258555,4,0
34,1,0.02857142857142857,110.90202868268975,5,0
36,2,0.05405405405405406,155.18590569026142,8,0
48,8,0.16326530612244897,103.56849423301,7,0
42,6,0.13953488372093023,170.41499880531822,6,0
47,6,0.125,69.59400323035896,8,0
48,7,0.14285714285714285,109.54102437713081,5,0
64,8,0.12307692307692308,143.56646007409205,3,0
39,2,0.05,145.416157570993,3,0
50,5,0.09803921568627451,109.92858130834821,1,0
43,4,0.09090909090909091,150.0526030135259,6,0
62,5,0.07936507936507936,144.36589327520647,9,0
57,8,0.13793103448275862,99.53656022062468,5,0
41,4,0.09523809523809523,129.44785405333266,5,0
52,2,0.03773584905660377,141.10839852230535,4,0
53,4,0.07407407407407407,101.68395697281525,6,0
40,3,0.07317073170731707,170.8297635080749,5,0
62,9,0.14285714285714285,94.93914160147071,6,0
52,6,0.11320754716981132,124.32278649883537,4,0
49,5,0.1,82.50668050741476,2,0
