amount,time_gap,device_risk,is_fraud
93.85361799537182,5.002740220250082,0,0
602.0242861835042,6.413817504585445,0,0
263.34913870908986,19.279049719064467,0,0
182.58851075519064,4.155220895290387,0,0
33.924974092469256,20.37529720593822,0,0
33.919258382921036,0.9226270215932828,1,0
11.967753721736136,14.996800467460467,0,0
402.2461728959879,18.809030796253467,0,0
183.8164307254529,2.0067004893021863,0,0
246.25001234091806,5.627270545611838,0,0
4.159861599827725,1.809222658547063,1,0
700.7114950316624,12.262324862905412,0,0
357.285908670935,7.664660415073957,1,0
47.7375250497894,10.087441994171233,0,0
40.13579774993267,2.187618735953728,0,0
40.52228456645141,2.379347310336946,0,0
72.55074589209542,0.423829262133264,0,0
148.7855661721709,3.8870760543632024,0,0
113.10741335606733,8.204004052368134,0,0
68.8445985107883,19.514699742606403,0,0
189.27417477995974,10.993949372336555,0,0
30.046905745467733,5.716312513167016,0,0
69.10310240048045,30.601665738643476,1,0
91.2554436441694,12.702735904993084,0,0
121.78693757195501,26.616228671122755,0,0
307.5872022061824,7.499037362026554,0,0
44.547172425738054,2.996254782146343,1,0
144.40583100662553,0.5427318919853095,1,0
179.5009442619521,12.949368975022342,0,0
9.51276995128171,1.293151483508853,0,0
187.066604129922,3.606472922375769,0,0
37.39225039548329,7.602937030641939,1,0
13.452786175860847,8.310689689508559,1,0
594.7375587013862,9.177497882472496,1,0
674.1260684922345,1.8182807499576956,0,0
330.46631456257535,4.776123500007623,0,0
72.65757199375166,9.602275388403696,1,0
20.55546300050125,35.00538206528463,0,0
230.55015261973236,13.005980199765297,0,0
116.01816851707967,25.588170408302258,0,0
26.030446790889727,14.363760038083516,1,0
136.70944562683002,8.957946413840688,0,0
6.998744288695817,2.1322214307774274,0,0
480.08457747860473,10.98669245967685,0,0
59.89155536813722,9.76517404963692,0,0
217.25115971299607,9.224827892971913,0,0
74.70931633152473,6.729247746933954,0,0
146.8221791818457,7.521683720353625,0,0
158.2447595963595,4.071302844221822,0,0
40.87771990158115,7.325383089290653,1,0
698.5614265472453,2.2009309080150055,1,1
298.44907542762815,16.356504660217094,0,0
561.0188838583165,2.0552093908722244,1,1
450.4303995068393,0.8879437273439632,0,0
182.210882476655,5.731373395996819,0,0
509.887075853881,10.738438921378872,0,0
18.531091790623126,5.757496857634068,0,0
43.62693892625349,3.2400604817547656,0,0
9.256393137366391,8.16832765791855,0,0
78.70641736061737,4.261817261473234,0,0
98.42605835884372,27.01089832665207,0,0
63.31208864176514,25.593518675257073,0,0
352.91157304818677,6.979021072718165,0,0
88.24539990597403,3.9732432540845726,0,0
65.96056802684984,13.361048487108292,0,0
156.4814166415492,0.3740382591535727,0,0
30.37962956412577,6.439171246687819,0,0
324.09671915494624,4.0996028771175075,0,0
15.495173762261802,25.324497441644933,0,0
866.8292679174639,0.12075645280140085,1,1
295.89675524830227,8.047826218231986,1,0
44.30788810117719,13.496291453419673,1,0
1.107484075187095,6.636233061595189,0,0
337.9793554972252,0.8927178086526871,0,0
245.41918147740893,35.92166260009256,1,0
261.1325817575998,7.298328070248495,0,0
295.0429052087027,9.524005241928169,0,0
15.38585310275927,2.6998595340795934,0,0
88.7785344832465,6.606762829884718,0,0
24.63002092088993,5.606279108861615,1,0
397.7059143316445,0.7784894456788227,0,0
195.26023834247482,1.1222888628088814,0,0
80.3637602502602,18.169081814715252,0,0
13.133613160956578,2.741999687679879,0,0
74.49767008207074,2.1686116625938237,0,0
78.66284263682627,7.030186460483493,0,0
261.5751567915482,14.6424349774768,0,0
202.977871785204,0.6394831516097644,0,0
436.45038248030295,8.599291123141334,0,0
127.81322667526196,1.2693654972997868,0,0
25.47447872310038,0.37142367269751364,0,0
249.82526886331988,0.5418584447695962,0,0
286.0785506153728,17.96756583281812,0,0
164.77749897716575,1.2553202576137343,1,0
294.7779933442729,0.4620244783014457,1,0
136.1629463020556,5.760753081965301,0,0
147.9357677554534,18.578574260826592,0,0
111.56283878168547,3.0436496321598088,0,0
5.149554798022746,5.476843323612204,0,0
22.833487038373168,0.4074130252984888,0,0
6.386736258610765,5.961629738751385,1,0
202.3459101855099,8.618335144870423,0,0
75.47934175901997,8.460817256006495,1,0
142.08743542683803,4.041060702801168,0,0
476.2531059691951,3.791151097355419,0,0
57.347764596659665,1.1274730754879738,0,0
105.65639497653451,4.569662988092903,0,0
281.7498295077167,1.0479919419815873,0,0
51.961031383478804,14.549841844393697,0,0
16.020855710035274,33.894950542195915,0,0
68.42806077741142,35.09042871201905,0,0
35.16167170001257,20.030073013188275,0,0
530.990017176125,9.18273068755283,0,0
330.1774160969139,12.068626333420971,0,0
200.69883810410622,3.3576061363750065,0,0
410.3039461041626,9.963366608537275,0,0
325.5937881481113,6.0816202895230065,0,0
41.299095271727815,6.5781351175577925,0,0
446.1626810471122,14.178946745737333,0,0
155.0199803932344,3.3117200553116595,0,0
329.46965826071323,3.8278370448899897,0,0
452.84852985724626,25.855024166270127,0,0
76.5461432836637,0.5786674154582667,1,0
23.318432024770168,6.6482078482397045,0,0
51.73734922787627,24.3956012709857,0,0
111.41153854972288,9.425397625891,1,0
340.765945327789,7.905551223959676,0,0
394.26899437596666,2.8734103625037783,1,1
1.3952818363301294,4.204906620785936,0,0
142.97523186771116,19.108701925534536,0,0
108.05466418373426,8.192051557654432,1,0
50.2334676551649,7.230749700078633,0,0
25.536078309129362,1.048936397058432,0,0
82.38171597248649,0.16157996622941762,0,0
572.6242245382299,33.15529595780795,0,0
78.07676057629487,4.731865570492681,0,0
146.2905611520304,9.243558227107894,0,0
242.81739537617096,0.8307195382984446,0,0
90.39489979339247,11.492140928944558,0,0
713.5596276583399,26.96616446896824,0,0
656.4019729082796,8.572326375919161,0,0
58.012258998441055,1.348068598304307,0,0
137.53185569276945,8.716078660550046,1,0
71.58609201580936,14.539190822571562,0,0
67.04993527621635,5.215774456268805,0,0
7.516895553104506,21.18912348977063,0,0
188.09841419651863,10.460661964280916,0,0
139.7039265659277,22.951023416293836,0,0
10.570217476078495,9.768513387403301,1,0
65.32518420207387,1.4074359184092333,0,0
477.77219021786806,3.706169856744946,1,1
54.77211042841541,2.253897574630221,0,0
31.30617219709395,23.94990969259302,0,0
134.45442189472726,14.287846935734477,0,0
848.8073965230519,11.282420533593477,0,0
55.42896271194524,3.580563542633727,0,0
223.03100205945867,2.0339579323191286,0,0
286.7775252478926,14.124374859492196,0,0
54.266634467161154,6.42754388673347,1,0
260.5497856984632,2.5591154590333423,1,0
91.7045598528608,9.58733774388437,0,0
200.10074954635425,0.4116981764792729,0,0
200.76756542752764,3.947778025434058,0,0
153.47704999046977,6.3215932042349685,0,0
18.92583176232419,1.601198497211068,1,0
360.7289588492594,41.769315472305344,0,0
77.36205873347932,2.3458040929594244,0,0
41.286421321511305,1.3966804633328538,0,0
8.325951958869041,2.2757193450381825,0,0
178.75568091891668,14.656022491982919,0,0
226.37034685346978,5.542650325196402,0,0
3.345389511694124,8.333658886675275,0,0
143.52611690989767,0.21232989903297278,0,0
51.36482941099153,0.35038033681934044,0,0
207.22486830953838,5.902757497939404,0,0
38.32084450782675,16.963869815555796,0,0
234.8425055135438,21.64902517156557,0,0
97.79174019622036,0.9069805637095328,0,0
552.0687635608614,7.729766321930503,0,0
29.58888268785579,24.444907236395437,0,0
83.42648679903435,4.909784785030483,0,0
24.088857007399284,17.694061649017577,0,0
517.2380794301447,1.4351899382185629,0,0
419.6667414321988,27.39455572571274,0,0
59.66547401229778,13.920038996839228,0,0
215.7525478087829,28.359016316428004,0,0
339.89681452784424,11.289186219185964,1,0
162.02647213730162,4.516199407153104,1,0
150.85588203878922,27.83547309211879,0,0
55.37540908758063,3.223656902879484,0,0
19.545228094988147,4.037254053615224,0,0
455.02464503890457,12.06671168310167,0,0
461.35488552968536,14.495166268767568,0,0
200.53398389657696,26.507744820058047,1,0
82.80930196226478,2.2916465314160703,0,0
85.91352316232879,15.994778549907307,1,0
258.8930859454236,13.414971234034583,0,0
454.81946982145047,0.6592033540715676,0,0
436.2265138793226,4.897544243402848,0,0
302.7124383861806,3.3235237480264863,0,0
205.462138713541,3.631104997105856,0,0
17.578345239216812,40.71422074678638,0,0
35.2588429366823,10.293961998398009,0,0
457.64610003550115,12.64700490305277,0,0
186.4987893931179,37.55773272227464,0,0
1.8479211221988818,4.735327010328741,0,0
21.399380287189864,16.186813438862043,0,0
217.8324774580482,5.700997387791121,0,0
1.0148874103594006,20.366401070834076,0,0
35.06316322083981,1.9925314004922976,0,0
159.13956922778632,29.504946419583877,1,0
235.46305733096253,2.468878650835111,0,0
211.08829642704973,3.948523832916688,0,0
50.7899734616049,14.113752089015922,0,0
249.08345777970777,5.00471317699037,1,0
54.164751810561185,9.37032811071555,0,0
78.72698178361689,5.8801899381336185,0,0
274.4715103331581,13.562305877172879,0,0
209.75476286055363,2.5919990441900524,0,0
378.3912154926802,0.6023630865893053,0,0
214.3626576339525,3.565740882720736,0,0
168.0088611174515,6.430410538271562,0,0
19.671412289682095,1.8394693964449016,1,0
91.68326144140401,4.381907319593558,0,0
61.63202957176623,5.107973213224561,0,0
55.940040732484256,0.5910461153638691,0,0
722.4618812325851,8.754061349555618,0,0
99.87749940800475,21.571300650389247,0,0
445.2110422497046,1.6457152044913623,0,0
199.46687714729663,9.108257257642823,0,0
316.76505053767994,10.928465572219721,0,0
139.6870648777541,5.435807301359345,0,0
172.031180528317,12.076381380094311,1,0
135.6586866683387,5.288734156216517,0,0
43.4429790650477,7.024650331840619,0,0
256.3523606131608,0.07380211441347014,0,0
65.91547367325259,11.767471883030112,0,0
4.9232962161377225,10.827665352018027,0,0
207.39375725905478,0.39157627562617364,1,0
38.986714044964536,4.592617027101013,0,0
564.2166294546606,38.64750220070523,0,0
615.5124825576047,5.4599791795618575,0,0
492.7019769267683,6.970455797169077,0,0
92.45747929947335,24.071698891524832,0,0
3.1154630743888765,12.632341661615545,0,0
527.104691466378,8.724416383427991,1,0
111.78765541061226,15.985211246967781,0,0
680.1684032244112,19.977971619660014,0,0
662.7470952260411,6.104398508926483,1,0
383.4774034358838,6.445634470898362,0,0
69.75521363443205,4.878433113638046,0,0
97.25838641973871,34.02382283935487,0,0
380.94533049561596,11.945713180879817,0,0
76.22924628614342,0.8689109281468552,0,0
37.14372325915096,19.8747967623259,1,0
162.74739841204556,6.550038568828441,0,0
550.2586941614084,0.7123170411325996,0,0
238.16511955158742,7.978795716699965,0,0
168.8224672871311,5.398499144592432,1,0
20.445639469864577,21.01682282439618,0,0
190.90614310354354,2.281493137755422,0,0
922.1139495692635,17.51373720524144,0,0
30.18411732845283,8.157413262354238,0,0
146.09906499630074,0.5615805894076391,1,0
419.72172758015887,35.70041022711964,1,0
270.006849670734,7.187014146510949,0,0
238.8148850603346,3.4372607815508744,0,0
242.45751124489797,6.337597321774265,0,0
89.09846846298983,19.50927198047229,0,0
69.51241685341904,3.637040537571317,0,0
331.47490145194246,2.1403069541003954,0,0
332.26563981740577,1.381951044775152,0,0
403.590009473583,3.536216078176968,1,1
488.92319236732726,15.143463339760519,0,0
143.21864738658076,6.379516038605493,1,0
139.23687551023986,2.5809945650484005,0,0
320.1899864616975,1.8174372330358521,0,0
209.94381497756004,4.045597328496305,1,0
242.1101297023034,28.121510585578065,0,0
317.72389499084096,4.20111919756408,0,0
441.4646952693534,44.33242117742316,0,0
82.49648142753084,6.640359653935747,0,0
94.18735774551126,1.9743184633364994,1,0
19.73920783747211,22.17693469201768,1,0
172.68280532188695,6.1684445446344816,0,0
7.3208208421714,12.367416994390526,0,0
125.32138963642193,41.173010501123215,0,0
156.4589171374252,0.5147789070858623,0,0
67.5261320629045,1.0169453224685197,0,0
178.72650602923505,12.745982272098729,0,0
6.195012420294909,3.3104201163002145,0,0
7.612699856557876,2.03710351255344,0,0
345.87027390762717,0.4015750682000012,0,0
89.31700484154894,0.2208888501872862,0,0
27.177808259485598,14.893712778192283,0,0
147.73071765580312,1.4437098920670433,1,0
293.92958808914705,6.305867695387049,1,0
48.62360068598067,9.311425135641063,0,0
195.04392373129858,5.592315127740618,0,0
17.842205797979457,0.27480814660305225,1,0
10.613019182061882,15.30171671923533,1,0
151.5817881251042,0.1056887890164542,1,0
155.58208853894843,14.35022083624277,0,0
202.9074896409232,22.377762376637058,1,0
258.99211258333685,5.67113688923094,0,0
744.7114017399986,7.668851632250164,0,0
145.25822384607125,6.481420613442204,1,0
78.00394282119576,4.9299981612267185,0,0
317.13079594653726,21.84131485513303,1,0
63.170293087227456,22.436891236837578,0,0
115.59668625466027,4.091966084663726,1,0
16.34103371673398,9.546931403682532,0,0
5.1355219082948755,26.160303669054812,1,0
657.4759846537204,32.717097512450295,0,0
361.5535284230125,7.112277339379046,0,0
238.1285465598683,6.029862449957474,0,0
105.17192889302838,3.2669225918819262,0,0
38.06130722842175,31.91063040942742,0,0
34.02414831457083,1.5410070296113458,0,0
57.60119782531672,8.670948786926992,0,0
159.35812966266292,3.3205239306205243,0,0
250.76985755535514,3.2712764016523215,0,0
215.8780699393597,5.191410805043449,1,0
65.68245227779919,67.19564161523772,0,0
619.6206997112613,0.5653469798623354,0,0
267.80348097504526,8.640347192819105,0,0
161.64609638626627,0.8618134850617397,0,0
189.206094407487,1.6785174724564293,0,0
108.80757310641027,5.790383385345262,0,0
56.932258454812704,7.1428937261925,1,0
88.00282586462248,2.9947454226575405,0,0
283.6363695513426,3.8046590477678084,0,0
2.899615944160855,0.9098327664737925,0,0
24.67607844799521,3.6128524627551957,0,0
9.418875390504105,33.979558226125086,0,0
8.316290383458485,28.951158634953238,0,0
386.8406067231317,4.077852327224315,0,0
243.24812234013766,8.459579431278556,0,0
128.5569188825785,24.03460029597596,0,0
20.59138368956265,0.06203021661939663,1,0
135.30359315944665,16.643354328668572,0,0
128.29006641887423,29.636437182826345,0,0
38.038942560044994,0.9576859262634184,0,0
113.77982626046477,1.7607830972219596,0,0
101.66732291664138,32.377096422818276,1,0
191.3444865826269,7.711955228569481,0,0
201.62290720818243,0.14298370709509134,0,0
9.272464804106946,2.9791020022182573,1,0
93.87680093101231,5.977345955789542,0,0
196.6249989565457,11.806108686439714,0,0
139.88789052155795,13.211074682337152,0,0
388.26989063508773,53.863866684970496,0,0
214.99495281099956,3.389910853962133,0,0
35.57057375346147,7.726669123908865,1,0
14.636487251248168,7.621190833944656,0,0
205.67882942177823,5.20278931558436,0,0
5.373814533478885,1.8532032120778896,0,0
176.26947556145814,37.92311305678069,0,0
563.4510910774304,19.19482755887859,0,0
171.35648911550888,6.898187824161011,0,0
98.26013844478145,9.244373826138894,1,0
206.16543156899638,2.5781400225812767,1,0
122.59119481021825,7.8479562756010175,1,0
157.76287211526403,11.873455829771036,1,0
567.6254292465999,7.239508357859227,0,0
97.58550547003743,46.34101755230337,0,0
649.8183723013508,9.450546149855406,1,0
471.51523675398386,4.635822307736845,0,0
43.57925218809,14.790766602183062,0,0
14.376831060631403,1.8688697637845186,0,0
21.245067096326043,4.8534602614303335,0,0
3.6779775694467407,4.2611528855376966,1,0
19.84100233115083,5.652942966301168,0,0
229.77497451543343,15.222507530684267,0,0
14.769925389285405,6.619839033874896,1,0
76.8314376589737,15.799492595751158,0,0
372.7052080194554,8.59175562493918,0,0
4.709400636142302,4.186558770205241,0,0
336.9061012371917,16.60619337729086,1,0
66.2166933679259,2.72188940651747,0,0
25.15002396582153,2.540964112951039,0,0
238.6310816879827,7.021938264501641,0,0
198.27983528664404,3.0225338149362373,0,0
419.88316281738935,0.09128573888656558,1,1
265.6587157528801,10.449697088155181,1,0
325.39916119879564,7.155846718672418,0,0
66.26677246134771,5.897205998370383,0,0
39.06665920808939,34.10294069906828,1,0
277.75127920108497,8.467627661557925,1,0
328.8418366486839,19.909295283305287,1,0
931.4009780280461,1.501838337478074,1,1
106.415870830521,8.421263364341424,0,0
93.04878239234654,20.247990253577083,0,0
299.5909006687174,8.74922703929043,0,0
83.34673418615063,12.658984863540612,0,0
534.0275848798652,4.65284490417675,0,0
390.96783143324984,0.9700608578105192,0,0
112.07112188843193,6.123053371304392,0,0
277.95694329909225,5.016666799684821,0,0
280.9265973710034,20.178587522588206,0,0
21.767503761343605,2.797076890024286,0,0
465.6891361735264,34.03226264506965,0,0
140.74149795135088,31.733796466924385,0,0
350.266511504666,2.845292386217832,0,0
77.14708523290166,4.277904065455159,1,0
451.75810290918525,22.59101755380312,0,0
98.59769081203424,33.9986489669791,0,0
2.1793613230350957,5.859786853873907,0,0
471.58145939249073,3.8712980038857356,0,0
19.145122109695052,7.467463171522045,0,0
76.93072667700778,11.640126414462555,0,0
599.3944766376571,3.1948171795659257,0,0
601.5899080207979,13.336001120802155,0,0
170.39945821105275,0.5303940438718154,0,0
199.84601607810492,0.505509308122376,1,0
119.00293272457152,4.882290358062499,1,0
69.4045557492394,4.3614061536654,0,0
79.69726691007794,3.7926127023876854,0,0
223.26471598570126,6.753460896468937,0,0
279.16757473261544,3.8674186064988443,0,0
313.6390832442297,2.1351247744299524,0,0
311.7662063697483,3.702952073058832,0,0
19.12738930806389,36.85057678818887,0,0
136.40991931467119,5.295216724374391,0,0
11.856341289747558,5.882697799283968,0,0
159.49226313907857,8.593080041840839,1,0
116.51105499745671,40.94790766610068,0,0
437.32373284416025,2.7654601110677484,1,1
86.43832389357702,11.4344892650929,0,0
24.901195510490172,12.587271462934224,1,0
30.861530908423873,9.347714960388029,0,0
286.68610941581875,0.9274963440079735,0,0
192.581135949607,11.29707603047288,0,0
21.32174244907709,0.662409946287563,0,0
17.571104333721017,9.066935563182682,1,0
241.44169433061995,13.45464087165402,0,0
15.109217905159428,2.3695079741946246,0,0
345.03717076171625,18.42770745761794,0,0
244.999950626001,0.30824021993599404,0,0
16.969750116062414,18.56700398734173,0,0
17.73077355556134,6.167956781969939,0,0
863.0917124116185,2.453737461825311,0,0
93.76751651045791,1.4361421961938277,1,0
92.61105209506249,30.641646075080182,1,0
335.11508065653544,0.754410315239231,0,0
588.4329075926487,2.220109678489743,0,0
853.7547879203968,4.274382809073824,0,0
279.97984602326835,9.682022408988972,0,0
94.40419992382513,7.8702078034706355,0,0
17.43879873959145,1.342670830781798,1,0
300.24850809092516,3.42107260823604,0,0
163.4720815122986,2.72795786510522,1,0
110.40662506099474,2.4021704555933256,1,0
473.6475350956181,5.295741788075499,1,0
23.576041594376047,12.17502089059536,1,0
135.70102187459085,2.452012078556946,0,0
2.2837178865083336,4.567776864231982,0,0
126.47087391658525,4.95801432353727,0,0
11.590086213185154,37.48906755366757,0,0
25.298199186234243,30.937058483875916,0,0
25.005246401491256,16.101260629157196,0,0
209.5136772813943,2.766220220129904,0,0
274.11954351929455,0.7046250167707582,1,0
175.1107554405737,3.8112007453192884,1,0
654.9440418204754,3.103293291023623,0,0
93.95931558405344,7.050695709406195,0,0
67.29383148411175,15.038530172563103,0,0
405.90050763404594,19.54205028797643,0,0
50.61641354637067,18.634536779680218,0,0
660.5740212503822,4.4578029548790035,0,0
2.4457888717938614,11.623010700110076,0,0
700.5053845758963,3.7517967311876155,1,1
8.823799723700379,0.6283921189922631,1,0
443.54424583200176,12.092040152918223,0,0
150.02865006987807,0.09876161699253505,0,0
991.3657215852065,5.26248255940149,0,0
15.332275190890988,3.9955153177151197,0,0
161.42193274666977,11.821380553414716,0,0
696.715044251201,14.534837431308587,0,0
148.0887866362088,3.625415991157512,0,0
198.52565807623748,16.69331315894135,0,0
237.98024762335484,3.4802214547138766,0,0
121.22555113539018,5.911798632695978,0,0
197.53483460160442,12.983513506207151,0,0
175.56517236115113,11.806477254887483,0,0
462.8465538965295,43.7155939286399,1,0
9.302292348696195,2.551000443984755,0,0
65.96854517975169,10.856503987174065,1,0
600.7992011721863,9.407932524898305,0,0
441.9351656906972,24.662629819439505,0,0
121.635052391924,1.7003195424467847,0,0
193.58660574779546,13.935130073144775,0,0
64.97468397902603,8.399516810523487,0,0
41.6808322872129,3.2112286103701893,0,0
124.61171976081975,6.432812412387728,0,0
87.19070692334667,4.061302248539729,0,0
175.2487412013286,8.658671471970726,0,0
16.18445688663696,21.98230580519771,0,0
732.9920245045134,8.423550598058522,0,0
856.7731151105077,9.989183271273994,0,0
239.57277638255786,7.313639198622727,0,0
153.61568688241798,0.5252089647272541,0,0
74.075860310872,2.650840837639221,0,0
336.18143349759936,6.772772358033138,0,0
230.86591672976314,3.7140473047581497,0,0
35.49473082009767,2.006039838399916,0,0
483.6602183998255,7.014472145775823,0,0
345.79890227345425,3.8980309050500237,0,0
598.3477050066872,2.98551118000952,0,0
258.72080083922685,6.235939120134725,0,0
190.08080391827457,1.430442199540243,0,0
108.34050131862267,26.27563895953608,0,0
539.8036723094236,20.22699065275232,0,0
402.078476009384,12.297029562543074,0,0
9.254587730624557,1.1228871316461362,0,0
5.344163373302273,14.955614060910039,0,0
94.46955231665257,16.50037682215909,0,0
332.72954459921726,14.600038428355447,0,0
872.8550936440336,1.2099982699549117,0,0
32.60190198689594,10.32566033985309,0,0
180.34482604314715,17.977260081696055,0,0
95.89473995161923,8.612189130065929,0,0
700.7417108751926,10.39609805981671,1,0
369.18264148672694,6.131601287606566,0,0
364.43800929397145,7.522759764356404,0,0
126.4831142279547,0.34981643404519636,0,0
107.1669872654698,10.187748936881086,0,0
63.87777843001224,0.8495590498342367,0,0
11.605392768967244,5.7095537885997505,1,0
400.0852280006621,3.462368928147022,0,0
335.22348784998456,7.88398852541655,0,0
1634.4891195636164,1.4319661998462756,0,0
1138.9746801488666,11.764983799247519,1,0
162.1303185282788,15.848015791272337,0,0
293.05661804125214,1.7835477457975988,0,0
579.2343365748872,1.101643549194253,0,0
378.95440294184914,1.572568957098479,0,0
56.83048891622931,20.966085503639164,0,0
119.7653654799729,7.5117735210724055,0,0
27.65926886261773,6.29723648305585,0,0
616.0447572883418,1.1284603919401595,0,0
186.36954051772364,10.48554376308141,0,0
51.92074508369674,20.24950264696681,0,0
222.76590783465005,17.613420220777932,0,0
192.53408694861434,9.836457729649995,1,0
88.68409245942121,0.7826290217339418,0,0
24.107824279693855,1.1923073864586062,1,0
222.68825670382043,0.5056617681195948,1,0
146.92208483720754,2.977044174410967,0,0
295.961416192103,1.4579076650342595,0,0
146.861972084703,3.011700141513138,0,0
382.3540222616968,4.862274151745636,0,0
160.5508238042975,28.644020229109,0,0
164.62291619602942,9.42573260902678,0,0
418.5517286459543,18.016509430520838,0,0
103.3294627976234,12.390871625761168,0,0
28.77759107805979,1.1935028499273859,0,0
5.841004286418936,13.315047302673324,1,0
281.4114905325171,3.2172002178661305,0,0
193.67979341213592,10.191761104201651,1,0
243.5330695595753,4.1697404302297745,0,0
47.896298698688696,60.628588417014804,1,0
29.32251024565573,3.0591594300613956,0,0
2.9302952531337563,3.2729711615012036,0,0
86.33745230301385,26.689101002710668,0,0
178.27947513298892,0.24953161282464986,0,0
99.59637351223014,11.929965572421173,1,0
115.06391256568624,12.921717616131733,0,0
469.0123045962883,18.10199918461819,1,0
85.62052288502234,36.66699679510805,0,0
144.30500561446422,37.132508037375295,0,0
306.1743475439403,0.6750479090661371,1,1
101.01602625983594,17.250694546982118,0,0
194.61809507061707,10.393342681449662,0,0
396.62812873686136,10.422569112326949,1,0
597.2380830749336,1.3736722760166387,1,1
31.816375862967195,10.503570288077782,1,0
522.3325526084158,40.44559498914576,1,0
135.50055619910611,24.283588771318346,0,0
59.74709087027915,5.782673075469969,1,0
122.9173934741395,0.4076780149507192,0,0
782.7306195161183,4.498771171513195,1,1
135.69825853347194,17.509456695605756,0,0
79.72320642009996,12.089823359870628,0,0
200.69725479153192,6.149714248845541,0,0
54.92569354312059,0.5667780187349984,0,0
15.779060995247008,5.56685858065787,0,0
27.595043942483173,6.330402262968448,1,0
27.403684813401423,26.388348148913995,1,0
32.951980311334594,10.246727621079945,0,0
29.89201321350331,3.7346208665024316,0,0
204.8168102151613,7.451107299407692,0,0
40.149271406896325,0.683380585903191,0,0
84.82786315896105,35.96053654181279,0,0
454.19482502567155,4.463807037756296,1,1
128.47622832931873,6.498336140180051,0,0
220.25781673047612,4.389453292684805,0,0
37.8257034226433,11.473144065797577,0,0
42.71019619901901,10.85396478458099,0,0
8.34544254351306,12.563976528167407,0,0
37.00946881311617,3.121704530352204,0,0
65.3096237262291,3.793128021166588,0,0
38.96236349662159,1.338185551045303,0,0
18.577181572073513,10.656901347996492,1,0
25.711242698670507,0.40610691154355255,0,0
123.52586867307582,9.1051329227412,0,0
46.218441269019316,20.37884213244392,0,0
90.5962231021837,22.14868657271723,1,0
140.00103694286608,5.960890027945429,0,0
234.49148680250843,6.1489750379938,1,0
8.021146020003085,0.8009265717967772,0,0
321.2988487652239,11.109835747623668,0,0
197.71873807345926,17.21819800183335,0,0
17.05908607526685,2.8058075275334198,0,0
413.6269396976181,5.4697259387570885,0,0
507.3387092757856,18.253535032869074,0,0
12.60456551203268,20.965508154354602,1,0
64.83536862573015,2.7862980845511034,1,0
328.18703664532853,7.997765776660357,0,0
275.8714480428617,2.1380374173656467,0,0
40.795926412360096,1.0745021326639204,0,0
46.97980623630665,24.204737748903188,0,0
92.55702200487394,17.176218782347263,0,0
132.53251293372287,14.272617903951584,1,0
192.6003668117104,0.4999552507890129,1,0
92.06251260007024,18.56162272921303,0,0
124.17822184418353,5.763318590419014,1,0
275.2457880779685,4.191510193550425,0,0
7.474590464295693,7.907078851523114,0,0
58.187324376479445,0.9579886618797855,0,0
249.89837499120515,14.132403630308566,0,0
451.1533508661227,8.733152423216204,0,0
143.35582244168017,2.0652011060546265,0,0
151.90590047061377,2.085409400216103,0,0
22.672267708132676,2.036456905191743,0,0
118.62864921671017,0.5869152822031951,1,0
152.121359811058,8.862428486980283,0,0
55.53856065213066,18.34759944844268,0,0
62.73492237570877,0.17653117415832129,0,0
94.7329969604944,0.5024610075075022,0,0
4.055072150062903,8.50433416712856,0,0
77.74495225122715,17.120005978165093,1,0
47.51138712472597,3.9562204622884996,0,0
79.34984604639654,4.301898593818507,1,0
25.51262065695625,9.071984360990504,0,0
442.41597998860493,3.2049854286752937,0,0
180.07976277591195,0.26968776316331805,1,0
227.32659157860633,13.288881574772894,1,0
311.34180647555826,9.825638577462422,1,0
138.00728436977704,8.69302187398866,0,0
18.18641890349117,13.535721366789987,1,0
154.05167265896452,11.246406184348823,1,0
176.78461157427472,2.305231992809348,1,0
273.64332976168185,4.346072147068758,0,0
113.00692987659642,1.3480093149507733,0,0
27.296933345862445,1.390977284446424,1,0
66.75243605234078,11.276161011866513,0,0
90.22296509492469,19.56163282114705,0,0
207.64492232437232,32.89635896070803,0,0
169.15634424028391,9.897949720207693,0,0
88.04135193036123,2.0346510251334675,0,0
861.2391544339624,1.1165846779993756,0,0
186.16660169344186,16.75850035864825,1,0
54.15890575135999,8.645441715821153,0,0
21.46860092497737,9.63081077175991,0,0
33.17765851796518,15.207957726536277,0,0
56.46136987902819,12.149570028020225,0,0
35.032974990858804,17.985318673707038,0,0
41.29834909091608,0.578557332799298,0,0
67.1211696430893,13.764257632959037,0,0
38.0804867325774,19.02821255098704,1,0
454.1502898711831,3.370614696265288,0,0
16.727142518400033,10.228944477442631,0,0
148.68247002254054,3.771139238267266,0,0
105.66111129786047,31.693970046019153,0,0
807.7284332031841,0.33994906828486743,0,0
23.76546913948098,8.670074603329944,1,0
101.45159874848608,1.8212583240863993,0,0
697.811932825343,12.455596926124358,0,0
401.24881239363094,1.9345160674555428,0,0
339.73260680723587,2.683805666415673,0,0
59.65501670670093,6.819517064981525,1,0
37.47990655729751,24.631641405374737,0,0
220.9119197363567,2.3789478290788644,0,0
530.077018991991,1.557653406618626,0,0
162.73008438094845,14.228622167262348,0,0
169.5455122917173,6.943870135031269,0,0
65.69500616213017,24.279795363560048,0,0
293.4947516824177,1.5854396621277056,0,0
41.41559642921417,10.38254694565454,0,0
78.21756262384653,2.6511092308046225,0,0
110.82891001396611,1.705041723289947,0,0
141.6969925289397,11.502090453818122,1,0
55.52251671392116,9.006256226776637,0,0
24.396654428827087,14.057930647238663,1,0
188.6399314858713,3.702851098406572,1,0
68.11267368730836,5.941558868895468,1,0
174.09061365848873,5.199869211441635,0,0
33.53295055413596,41.40773745591833,0,0
131.22427560570551,3.4566288093877775,0,0
152.10944962581556,3.4929827337824992,0,0
10.642930291424266,4.378047559594562,0,0
82.07672027608464,8.314765365449189,0,0
28.86986536638632,2.907838704087679,1,0
13.094451754504977,24.685209167173447,0,0
920.2402622790648,3.0881795635781097,0,0
77.82600450388405,22.61594135726668,0,0
332.01412275397973,1.0922917109409775,0,0
58.77776685868028,10.687507237191177,0,0
228.8282702040703,23.750000822335053,0,0
285.6132445656417,1.8482401140114892,0,0
181.08931883382795,34.522894362762614,0,0
127.57132880905435,6.030932642193319,1,0
106.15156270107555,29.135093309244205,0,0
85.80866034079496,11.295459704403559,1,0
530.5112096441562,3.5894447433786594,0,0
355.1214142283596,2.0862757587292684,0,0
670.6352778831383,3.6202501037717134,0,0
26.54570836722111,0.9763202338712916,0,0
262.5102726921015,1.5533066980890384,0,0
557.2254530522481,1.105522363989297,0,0
39.991161940159536,5.498151727917913,0,0
13.762063494499374,15.875706349446999,0,0
270.2786306377244,1.5243296918962812,1,0
170.88542883973395,1.3963044916895553,0,0
368.8154282642956,10.312217588937724,0,0
30.11164928283852,2.1962846393892854,0,0
317.2100222063736,1.027085220912049,0,0
45.03595461340459,1.825398744702175,0,0
35.7430397931036,25.734939047536727,0,0
35.88893131199014,17.230056418565404,0,0
337.02065651280174,4.370557219201942,1,1
218.84272780319378,10.66592732084178,0,0
148.07519126920886,7.706238097116965,0,0
88.89228033561363,11.304877464462068,0,0
419.44053345886647,11.47816668870851,0,0
99.66254993948898,9.908365327146969,0,0
339.21653256961395,3.0938436417915725,0,0
115.65497622277607,0.3978755136904316,0,0
94.62391316354743,6.080099924140657,0,0
124.23221197992052,22.161678354565492,0,0
71.72905508612841,8.428015870012388,0,0
275.3554625873879,17.861216418966364,0,0
139.7205631391192,47.82425751957565,0,0
52.848506199413045,1.7866768528615342,0,0
459.6679699101167,11.769338056519867,0,0
96.86634847174226,11.21758836160869,1,0
156.8564764355527,39.097978508358096,1,0
473.8991217419253,42.40578042643612,0,0
195.75986077146615,11.605258156366965,0,0
24.862923171555952,2.79204498156098,0,0
562.1233367864418,16.022430483087756,0,0
197.61538578696525,1.132013237341953,0,0
81.56526311026188,15.173114506113388,0,0
29.995364123285164,24.101271436331906,0,0
316.0002791360534,4.826162668403628,0,0
193.55510151257047,9.959707625687814,0,0
152.48277160980564,5.6236935669807036,0,0
448.6606661072891,5.75835464825132,0,0
310.7980027392144,3.716013463532872,0,0
32.898264025268176,14.360293774129016,0,0
74.7125102791601,27.51634823268175,0,0
57.133923709767586,28.260040009194945,0,0
272.47361237368233,1.921068185401972,0,0
6.821507971567586,20.773928389576504,0,0
168.7427112772286,13.372430555351212,0,0
287.48274317195575,2.914724477772956,0,0
418.7334688771876,0.6965517603524845,0,0
83.73491870901854,3.1197103126328503,0,0
344.3615927082006,24.32787595743212,0,0
23.448777019755468,10.028804020557985,0,0
374.7487914423375,12.767394335517256,0,0
27.275926105614168,2.9726430388876834,0,0
101.26292624197286,12.707829011384241,0,0
319.201072665298,0.28524488794425845,0,0
32.48435798408323,4.705179147046566,0,0
52.078604488950184,9.855158139154206,0,0
256.2086195289811,1.5793716599131582,0,0
254.61923439833893,17.316257412276723,0,0
204.96884174747817,2.6792035947221264,0,0
236.8003418175234,10.563609211055278,1,0
156.49382023912764,5.195252603984794,0,0
58.01673985188198,9.064483164417831,1,0
84.83663875865268,1.1367336364613478,0,0
40.08025490330637,0.17057454652931803,0,0
478.17522786473035,24.031175865554864,0,0
175.1218109273197,3.142040359331152,0,0
102.44913189580447,17.13005607158773,0,0
123.98150126423266,73.39000566875333,0,0
588.5647473994422,2.3753569565479,0,0
33.293910025700136,3.081171076850762,0,0
176.48892182171082,10.872563747276573,0,0
140.99888815863545,33.65308210030412,1,0
189.06886360061455,24.747307783204615,0,0
3.655236081299447,6.989148216013418,0,0
411.3387045081393,15.852834081430325,0,0
537.9977073382504,1.458884019274092,0,0
166.54309278867953,37.91496368180414,0,0
238.57414810519165,33.34096852533761,0,0
511.49387156912525,1.7880250537994093,0,0
245.67949067850364,3.558511759046725,0,0
33.102101824824345,1.0553274994126225,1,0
171.74042997051205,3.1706639240307894,0,0
186.644171406803,16.925792753171912,1,0
110.37490078456422,4.753227220355632,1,0
266.6980607766784,0.9255065465997541,0,0
544.735377152495,4.188931492316493,0,0
519.5752426108235,39.83698090905679,0,0
119.87285926072353,9.933974908264565,0,0
24.035740910356836,5.381299272979129,0,0
837.8347978241413,1.8216778481419555,0,0
365.1436221636886,42.81406742462024,0,0
26.62919194341268,17.195263050378628,0,0
507.2615881926552,3.30557983775405,1,1
407.88478624537265,0.7264456192996025,0,0
146.31027719372983,0.5829199921078438,0,0
178.94275736581497,1.282631792111805,1,0
101.83296868180271,8.693322051155537,0,0
11.263629848658757,26.417488453732034,0,0
81.65297726014823,6.866551554436495,0,0
324.7615822132357,18.51162288407666,0,0
0.928556813268577,5.903859558815344,0,0
81.14277931803375,12.330019206786895,1,0
101.55561897093564,13.162935503107585,0,0
154.17660482477635,1.9111656684213845,0,0
504.7850952306083,4.481890022431437,0,0
85.03542217815802,10.141851785009315,0,0
85.22129719169905,0.7332001456471235,1,0
267.50179033311315,4.486965463877523,1,0
120.37555469846788,7.652867110493617,0,0
50.87649474054508,55.79220612486673,0,0
120.45647011523101,6.4346895868278065,0,0
30.36398438627741,16.931280315353632,0,0
38.81090064161935,5.657523269022081,0,0
137.97760856056354,15.915524286430596,0,0
108.5752432512014,9.048929382595185,1,0
492.65854705056256,21.7679369010487,0,0
90.00691660794566,5.292315658763624,1,0
173.7804767570544,9.271101002803286,0,0
200.0781545035696,9.943027627774297,0,0
2.6361889651318453,5.40225155449243,1,0
217.8536394071978,1.5584950631825147,0,0
39.21172803984964,0.9822978531124464,1,0
649.1996544544853,0.16812085040206676,0,0
32.18938086203602,20.677838711032667,0,0
107.10022290732138,2.698092959748756,1,0
17.842687530100626,2.3763143226281565,0,0
1153.6163230301518,13.319402773500023,1,0
139.50937313164522,3.856861768094852,1,0
180.96386481778916,7.053102363562191,0,0
13.886410165650833,1.773472276656689,0,0
277.22725104319983,32.125389816854025,0,0
47.12056765005264,19.0771861929179,0,0
456.66297136232606,19.935546984847477,0,0
45.91776563216667,5.221794157730675,0,0
42.31408596176317,14.370034628429897,0,0
7.446868371534434,1.5534023502232128,0,0
127.75715865909278,0.08656361011053938,0,0
166.4088207352361,0.2017508788060096,1,0
13.593388035831294,8.833438344635727,0,0
298.80051871967447,6.0769434375123925,1,0
120.76693005872434,7.298430096471216,0,0
148.63153091851936,0.07491128991723804,0,0
116.23629435751606,5.4937003973264815,0,0
102.41964025498427,12.66089943645751,0,0
164.03269142757495,5.846402834969434,1,0
33.7406013521911,13.1758656716264,0,0
40.1610172417251,2.6529320334016115,0,0
395.78986565922804,16.774063328595236,0,0
584.182341852937,8.877791779354787,0,0
93.46043749502772,2.3668874899555976,0,0
63.1462731385332,2.701309659716003,0,0
206.56465301889142,9.889433220666193,0,0
105.09791352144926,17.71601571003615,0,0
5.142829746529406,5.3721713964212015,1,0
33.956720659902125,2.988110088127895,0,0
251.7366519706091,20.17493424573146,0,0
215.12995646350714,11.064477813737863,0,0
5.493971576888019,5.943621129648129,0,0
50.198594773341,6.692357418441129,1,0
52.5523157901862,2.284783409540003,0,0
222.88294456557037,9.85647857367232,0,0
3.981476258427881,4.443242031000813,0,0
21.987211720274562,54.36471237663443,0,0
321.8036854592483,6.5427944366062185,0,0
39.33554189035707,6.653094822375598,0,0
211.53981778411537,8.343692995187888,0,0
54.40972444179904,24.859792622560963,0,0
20.948006696974264,16.135368007096595,1,0
55.723903282289456,5.998937868504367,0,0
256.2189626194064,12.683309540791225,1,0
387.1672674907859,8.824583046410202,0,0
354.65019999511287,6.779966293726646,1,0
101.22849789501768,2.1358410474777547,0,0
220.575355680919,6.235022135159872,0,0
45.878682065796156,2.8212233914808724,0,0
69.38671772250336,24.632486841282002,0,0
453.3197257261809,4.085801751399959,0,0
2.6174376792570007,30.42069753215484,0,0
17.877427926089826,7.615444225294775,0,0
46.61005604796304,9.984350052052564,0,0
5.378107044863377,7.8294157817454115,0,0
40.04060065805455,1.38550386117638,0,0
174.95374574887333,4.71318443648194,0,0
109.43726367356008,1.0441220131407043,0,0
446.3726041643655,9.75388200245351,0,0
340.1391806038957,5.921698082161454,0,0
83.6545610338064,15.050102037746925,0,0
60.06525042945571,2.4906472205362644,1,0
95.50796162170755,1.7980399861983345,0,0
178.46355002866105,5.214354274792678,0,0
62.41234196305457,26.116322244729954,0,0
195.71244910941752,12.393299493894105,0,0
105.32720785596223,5.428730760242369,1,0
160.61347330296888,7.283022826106168,1,0
114.58507901822242,0.8797148630394105,0,0
69.75999505246662,41.718238227828515,0,0
593.0534442304407,10.978345053047816,0,0
288.4509007465272,3.36038026752755,0,0
30.19089962460417,8.814265963178634,0,0
405.70098554386476,1.1595237416773536,0,0
133.6640659323833,33.76602397473874,0,0
449.90789805794867,1.9211130585570826,0,0
321.7428907859801,10.442102379321902,0,0
110.75132385172147,2.8163964810765982,0,0
4.545117895508024,12.64294035716798,0,0
62.580109555297334,14.997827844207869,1,0
156.01755113595925,11.190795072251305,0,0
200.73946638690728,9.53212685863501,0,0
59.650935985787775,22.299769746132633,1,0
30.014883766143107,0.8189001647048278,1,0
360.27741743247833,4.018438215585191,0,0
832.1248326374467,2.854013148656487,0,0
149.1789093944174,44.24012812043892,0,0
37.67097273201478,4.932964606407559,0,0
63.575294345786574,13.19057106991787,0,0
3.7123774821532014,11.543105249436946,1,0
491.3777055387114,2.3836028768413504,0,0
25.0562087692406,2.7311887278285205,0,0
171.84813377363116,3.3028977644847473,0,0
64.05626572055859,5.29545210803004,0,0
161.56710308139705,2.6699756700097925,0,0
210.7777267972054,0.19847140688670828,0,0
354.087838484472,21.15218424266621,0,0
46.24050550090717,33.699845514061636,0,0
2.211345926339439,4.1789765346116905,0,0
29.441614137478105,4.1325569521736885,0,0
460.55430577063635,0.07117079205984536,1,1
414.1202704106245,11.40217991239729,0,0
181.9688620392985,17.45486159673842,1,0
183.51674370106937,1.585366345000549,0,0
218.7468458815025,1.7395626287471564,0,0
38.56440572771043,15.610442552986116,0,0
491.6419121542603,9.578701703549253,0,0
108.52192686926361,0.4589793620499067,1,0
96.62215986557369,9.743091960868718,1,0
146.3433865245362,3.6949639261205762,0,0
9.620932858395443,4.6001394149711325,0,0
36.372341009854466,14.685089048092959,0,0
267.90781808479267,16.65665426785749,1,0
17.285655134368717,5.114201785450442,0,0
184.8404437970231,29.40353121782458,0,0
56.300006720088156,5.21655249638398,0,0
98.62845138503768,14.776907647600527,0,0
68.1304383908292,6.614106824130387,1,0
87.9096955445707,22.78207910849886,0,0
253.91279732773734,23.833748858765222,0,0
70.51430792111017,0.9147602822482632,0,0
167.12870614114044,27.566103598609697,0,0
129.27195733805235,17.46030222148782,0,0
217.93318461853568,15.669088045621532,0,0
552.3843295025938,2.2428337527370283,1,1
263.7810542510086,16.353672343018978,0,0
48.39912264880946,18.980052745393984,0,0
6.335935764851569,3.4129431239945185,0,0
60.833860401117576,30.419872995123423,0,0
180.81213037461944,0.5114609090584548,1,0
10.559055619954936,1.6241217431059465,0,0
137.18119120523778,7.712841710448314,0,0
181.68576799751204,8.575324885939446,0,0
81.36637558762007,10.360603487607946,0,0
294.72999182934694,0.17114754765994378,0,0
22.543782952935597,32.280874878124834,1,0
15.622101158449404,0.4561271498288456,0,0
260.52948204327856,1.5438965322309528,0,0
136.83404533261373,0.14113648145154342,0,0
233.2085311466282,8.366906605206099,0,0
114.12479982577146,26.921800594457327,0,0
56.579250751706326,10.964561131275943,1,0
341.96473971423916,17.296722101825026,0,0
321.304312792038,0.13370187395304686,0,0
237.28976394182428,7.809194982199996,0,0
63.53072299760642,6.153771658155213,1,0
178.43217594469286,6.910851963529034,0,0
89.56199511596441,0.7495329816360979,1,0
19.210146921330644,11.53391740233651,0,0
498.5399687075283,6.996088419178134,1,0
29.426089763904006,14.4880336918778,0,0
600.0981306245525,6.641528756009293,0,0
118.12020255817444,1.6179170719559097,0,0
40.946056382693165,10.448543531271234,0,0
156.1339692303473,1.8920885439824713,0,0
412.62835885641175,20.588123020419104,0,0
263.52155582609475,9.496309904213051,0,0
328.5587652147515,1.7103020498506682,0,0
215.04754303408055,32.791051766586826,1,0
235.71076722830645,7.305696752151296,0,0
378.3543976100559,0.75692174509366,1,1
57.44790310802402,9.857289822107594,0,0
134.44353323424826,2.9195640375486147,0,0
50.00262582122447,16.280778205245575,0,0
879.1116834810658,17.027714516941884,0,0
576.6927574640829,38.60729114137212,1,0
8.045020241075818,6.968932503752249,0,0
244.54631263914578,6.068903676830766,1,0
518.7167114950511,14.002943266900159,1,0
39.83056507757,1.421059421907458,0,0
167.84058352918046,7.9167666712083085,1,0
494.173052825106,7.902036044492414,0,0
6.907104708842363,0.9373186109627052,1,0
239.08209137857708,5.412574871347138,0,0
70.57899294904256,19.19261976619523,0,0
516.4497342711352,19.390093682703647,1,0
708.4939845244506,1.0451383521476147,0,0
577.4347362481949,0.9510317225448017,0,0
128.57228103969166,3.0475427946301186,0,0
396.1621413470716,20.775717911851803,0,0
372.2854546598158,1.3800146575840964,0,0
76.86810430390688,12.72954256690394,1,0
353.11950827893065,1.0665648797073595,0,0
7.541959053781945,9.75875818212531,0,0
181.40172805756137,4.40161060076273,0,0
52.27524823945714,15.554894701613511,0,0
25.69555349432881,2.6616907706852944,0,0
16.01506866087655,10.194365611778085,0,0
238.3355899376474,2.687720454647362,1,0
83.06520261371341,12.5057635177767,0,0
258.0272874440755,20.689213499470284,0,0
13.517987097894865,1.3559271469184235,1,0
75.75207628353564,20.143708266488368,0,0
155.0847028800099,9.003564948429716,0,0
312.8194666675975,1.3594629571954329,0,0
76.76592140803179,5.578156560250175,1,0
196.64181728043252,1.7537807086470178,0,0
434.272331744854,12.051331067717733,0,0
191.35130181441724,14.224113350374882,0,0
53.0431285931699,1.1182192374809163,0,0
4.940682748831045,7.055029044960639,0,0
408.1963372748363,16.853747807542533,0,0
4.299772832052263,27.51422970318241,0,0
415.41155332083406,7.205551030906233,0,0
150.5527440939109,30.01332397244468,0,0
559.5983685585326,7.672006290284822,0,0
320.67450460462504,5.011896898549628,1,0
1236.4388821694652,18.85212023935859,1,0
86.37572336965674,6.792101743118284,0,0
291.50505182229153,6.3847437323723035,0,0
102.80980052458817,6.739574653890302,1,0
130.73746085703826,18.75913127444893,0,0
197.5065815256231,17.834433939625093,0,0
413.782812806478,5.167095542509633,0,0
828.0794073682617,4.054148991744415,0,0
292.439422067845,6.771321564776775,1,0
108.17683871822837,8.50438643540198,1,0
109.41391516380483,2.722513548749383,0,0
267.5635551947331,15.796610985976002,0,0
54.56582401191886,6.664716878250678,0,0
23.413333916132295,4.065340018014807,0,0
87.5838663188233,1.129682623868175,0,0
67.72182128356519,2.729184732281616,0,0
70.2829379464611,29.814580715645057,0,0
53.21223319189935,3.639868779777241,1,0
8.600956187469464,1.8495617158605895,0,0
3.607120566389812,6.174328266877547,0,0
879.9955958224605,3.668519016038897,0,0
111.64394937842039,0.35792217449236685,0,0
97.00774549106357,3.9029853022980534,0,0
227.66652972528942,7.855007082379247,0,0
49.245051188186665,8.02320225837003,0,0
598.9912507479552,4.409248197386067,1,1
308.67855637511724,5.929449070426362,1,0
18.73272772820139,33.67315458987348,0,0
108.11295480667795,4.73768270190911,0,0
422.5885920281707,2.9871176079183073,0,0
579.1123206241664,2.7900918301027677,0,0
125.99748862027846,6.120550779169815,0,0
190.0788345152873,14.251189713947634,1,0
36.55247785135971,2.3065693647100898,0,0
945.8889372185625,12.354501489768733,0,0
52.70763300353666,0.21376685292130954,0,0
572.0018662987776,5.4288917247334965,1,0
209.762611893712,14.955070210020512,0,0
187.1644445744388,4.1359752037536195,0,0
143.77035051848824,8.295102390152554,0,0
52.44700561039253,2.2938704243742594,0,0
38.845154004673454,13.547778303680309,0,0
49.81697972410135,0.5369523280581069,0,0
41.266692710910036,19.142162628048737,1,0
302.4481515145593,2.2089157195134463,0,0
86.19512821461487,20.74637353958813,1,0
11.916601666553696,4.34681646737881,0,0
695.4168433053549,12.82596094340716,1,0
430.46419400520006,3.8452386132376466,0,0
525.5309107613509,23.63521270206953,0,0
1056.0099538099414,1.3540414572486228,0,0
38.206739315237066,1.966474309886321,0,0
100.91637097877614,6.793036956154765,0,0
283.96069509625414,0.8549083073875873,0,0
238.1590804842675,2.1813136421354478,0,0
33.42257695870137,28.782405196407158,0,0
338.38260059726304,37.50315003428418,0,0
50.83413344811726,4.720205888706231,0,0
50.67355079392861,25.67671331856038,0,0
153.9945968581674,7.8707260606076845,0,0
179.7589048373838,3.143580205799249,0,0
173.5411691058935,12.120006785882092,1,0
19.18918059420275,10.75584885891871,1,0
419.8649622582847,45.21318045769716,0,0
61.74029953340311,3.079491184502587,0,0
27.740932193880063,11.149230976089497,0,0
439.1916196960067,0.5342583508901313,0,0
623.1352705506558,1.206389033008978,0,0
396.28535689499245,0.03926071895142886,0,0
331.6374939467225,75.25203436032187,0,0
212.982500239724,16.20871513383434,0,0
160.08295631397976,15.451635577488867,0,0
18.200979350470163,7.1279101405241505,1,0
105.00289998205297,3.567707812530381,0,0
93.26241572612322,1.6400743025106448,0,0
60.15448469525689,3.350179290243876,1,0
257.0511159994137,4.7155879297284145,0,0
136.98649678353073,14.11858751217078,0,0
16.90388944711171,7.757938181417403,0,0
49.739252236083296,0.806501542336196,0,0
229.9340255194498,0.1819351175536264,0,0
15.836968038982462,1.0795518950794378,0,0
381.03972460884097,5.284783769839866,0,0
136.69740886241567,27.059461718602286,1,0
131.01102748711818,10.144618235122163,0,0
179.49761531761496,16.186093410817165,1,0
348.2295825888953,6.280611740158921,0,0
85.48362678904304,4.488937519811548,1,0
226.65077958457022,1.1473809550171603,0,0
166.81866820699472,20.869337155425406,0,0
62.12962912021415,15.285956584578503,0,0
421.7822870880717,1.8406479246399878,0,0
319.3300267505465,7.1797395809636475,0,0
214.85331387697522,6.682103205735585,0,0
380.2011437083213,9.810734233162785,1,0
403.92412764410597,29.222382353711627,1,0
246.44906418186218,8.669565294405698,0,0
362.8173701241865,7.7700122016074324,0,0
239.11593287439678,0.5163328158155662,0,0
227.974858345773,0.6497325670727883,0,0
192.78728380443764,2.07450818033424,1,0
279.44407832521284,0.3300964439678932,0,0
34.5388350922558,13.600532722136844,1,0
425.50926361043065,12.849309175001373,0,0
410.9006644285871,1.4624759844401152,0,0
5.936702308604403,18.083700693350846,0,0
349.5294752550627,1.6816547047814727,0,0
27.59278148075113,3.583557657247977,0,0
81.62939650186172,2.8631886758637757,1,0
272.1317606321483,4.657042425851867,0,0
35.051686945912635,2.9391984146417465,0,0
340.71348443171445,6.712896590224158,0,0
356.9180594024448,5.2324894355089935,0,0
141.6390610619194,43.10226352511046,0,0
1.2812697234830335,0.5755109694799061,0,0
67.66546854237102,1.5336259623197113,0,0
191.90589887274768,0.5427235254511537,1,0
794.6326935948816,9.830749593433282,0,0
199.83314981781268,0.5605120310915178,1,0
60.16793940202341,18.105737778139797,0,0
201.02750558831008,7.173141242363849,1,0
155.29940135553426,7.486760102428195,0,0
302.6850460258931,8.246110153980522,0,0
22.62940345916581,1.8731042811116805,1,0
286.28169614729654,2.2026058993695665,0,0
155.8572038139779,3.8392476045383312,0,0
659.3242555535331,9.001625328667256,0,0
83.67121799782224,2.358714281037408,1,0
200.27273946900462,1.2367354370907595,0,0
537.7321951137103,35.10461721282547,0,0
21.630599533054923,0.22227014856001653,0,0
553.6507853677537,16.230167151835854,1,0
232.8771767115938,15.513348179386242,0,0
14.04953005822166,3.5270300517747204,0,0
71.61048328564796,1.4575044613225283,0,0
246.3181990242625,1.5738933978565648,0,0
13.945185478952263,11.954479683386385,0,0
174.53634581899274,10.294778822389869,0,0
84.89382630227223,15.266866036488427,0,0
193.99923809496696,27.722875259896007,0,0
9.36424785559097,11.774196902628969,0,0
410.42256897538255,1.6942689529567185,0,0
726.0388750288682,2.789768950487199,1,1
693.9671328983502,18.463871430522527,0,0
276.980531392246,2.3484433405544216,0,0
27.872239766761155,0.752865461964761,1,0
283.981146232072,12.149665279329646,0,0
4.978844456502262,5.150451057562609,0,0
4.4743895468947725,25.262294265025247,0,0
78.19715404344603,10.505511647372622,0,0
134.137534984336,0.9477120065051476,1,0
294.28978451677136,29.53757035544998,1,0
229.95714537816377,2.991573471431959,0,0
118.08299747914171,4.113008385172028,0,0
63.938232511681406,5.146000942652068,0,0
1170.305752331396,0.5258285857531576,0,0
111.08835802200683,6.862021973434834,0,0
120.07240968490858,1.3161151228938672,0,0
35.73535849091114,5.124441440107727,0,0
316.7633401274617,4.318754942649553,0,0
236.62644760731476,14.821010312317478,1,0
49.88970589063519,16.254174663241876,0,0
17.19461138047574,1.6654216762942924,0,0
228.19916414744807,4.565760833998401,0,0
212.5590188846286,4.673721522712178,0,0
63.83716973474793,1.6417965354404886,0,0
602.6308812770219,16.017351800499128,0,0
32.75285663893017,12.283622513549934,0,0
113.24469450068233,2.1119248353923976,0,0
575.1136865599309,4.568456303954298,1,1
108.85142853871001,1.118314345857824,0,0
203.51300354602054,9.894169475129024,0,0
101.36486060182793,1.293935931918604,0,0
64.10034601337625,42.64006729289723,1,0
826.7541058263548,15.17232888129288,0,0
105.30091516908465,4.946874631923913,0,0
449.05050136962643,8.640871910500847,0,0
52.26116249677809,24.22966935059001,0,0
47.93201627577158,8.07658953525891,0,0
6.325809819111,1.9176418206573729,0,0
210.91917177519792,4.759466228302757,0,0
91.93981083444027,18.52432606785986,0,0
399.54761176535874,10.334230867400066,0,0
128.19062294056275,10.518939387495529,1,0
689.6164682401602,20.160648378543687,0,0
41.04243565216768,22.440620422850014,0,0
405.9371009459821,25.231391471947113,0,0
299.7554609348595,0.9965371187533156,1,0
294.7384087780073,7.855388277457019,0,0
372.5865221629178,13.490352676786701,0,0
286.2784225207454,14.143928320876784,0,0
196.81775008471277,9.33223795333167,0,0
28.138797185516495,1.8246636949921733,0,0
6.613382669997142,15.96623143161346,0,0
507.2766603628528,12.733633745807946,0,0
191.76153788615605,0.9007326511467504,1,0
318.4545077863279,6.232663761276579,0,0
131.37167205395892,1.911331444817253,0,0
24.955832834801605,4.117000737415673,1,0
26.74874982326768,0.18246552658334125,1,0
231.39576298894227,5.113755556354032,0,0
112.53114398483805,7.982342250726595,1,0
44.75993497832722,9.664861891767073,0,0
135.2952026818662,10.891284382694685,0,0
13.272610158691933,18.0966673005368,1,0
174.44108646499012,2.4266142593283737,0,0
62.66655932249148,1.283810469549652,0,0
319.4614580063924,19.074206678845616,0,0
74.31767943603876,1.7032913210886145,0,0
121.4747018390625,36.79328463826016,0,0
2.3377172101861805,18.485725765198076,0,0
15.041044461339572,6.949019310135927,1,0
99.67849941714344,39.85746239712025,0,0
130.76176975600254,1.024500098564475,0,0
183.26842069838267,3.6106422156098716,1,0
68.96694301489164,10.167311904444862,0,0
237.47682287783718,4.307934830300976,0,0
393.39750088062044,26.36276926252649,0,0
302.69012773951414,0.6787858700878611,0,0
8.085003279540631,7.972015097862858,0,0
130.98036830042165,8.937132017998028,0,0
22.170710161909227,10.576473008502889,0,0
55.42625655694364,2.9526572019694037,0,0
863.4365310458867,4.534477217780776,0,0
30.745780434611724,18.558534790312862,1,0
138.18519124180148,2.168419096436577,0,0
192.5484869922573,17.537000869278753,0,0
242.44466297154764,8.270338886506579,0,0
164.03648480762212,14.362727779971749,1,0
1.9637790769126453,12.50391564420102,0,0
79.04196719957203,2.32577278553416,1,0
145.84261871453666,8.412127970078872,0,0
18.393783420810145,20.228582254819823,1,0
86.34957821673652,5.658385234599873,0,0
6.753369141104811,33.98923076555259,0,0
16.36753792161745,6.018725875234385,0,0
101.14217070711898,1.540672594193694,0,0
28.477701184932275,4.93369997015077,0,0
167.65348078362413,30.303735413150065,0,0
233.8917126316868,3.8525204937380675,0,0
322.47514382215184,20.256972683862262,0,0
44.66627485156944,21.30740576562935,0,0
36.66022702701539,4.3106991778420936,0,0
22.089763457015135,0.8692882554323832,0,0
202.35682294082608,12.893778690672981,0,0
245.1589879023199,3.732578244646098,0,0
6.419149347206423,15.275059793523484,0,0
550.4388108897817,5.84570568956086,0,0
10.674097135801606,6.641064587952706,0,0
155.8701776191244,15.046699026416272,0,0
246.92800081224783,4.818549087530512,0,0
409.54071049095216,5.854186923446787,0,0
250.41349457440526,4.719101956202916,1,0
323.6231745193452,4.578229404056283,0,0
82.93654982928672,7.464352566790663,0,0
337.2909138695847,16.54432373040347,0,0
16.701289951632532,4.490539141026324,0,0
450.41006375704325,7.42872695162486,0,0
158.63433657578588,11.108690734334095,0,0
339.97952193310374,3.1394315773425765,1,1
120.41219438700928,3.2506942337244356,1,0
206.32780034401773,27.092478233173118,0,0
149.47956279175392,12.856695050099072,0,0
263.04756699738414,8.608245122926814,0,0
17.030979977791233,10.433291195260189,0,0
12.450006263803015,0.2973724455794852,1,0
56.76543150798328,9.626042500641285,0,0
34.76229730303001,7.1234809030182,0,0
410.80711140047964,7.891068667626502,0,0
49.49083163611079,4.453872370520719,0,0
744.8205618868187,0.8498495634527712,1,1
82.16462486628586,2.14852062921371,0,0
40.207420795770574,30.107385711896026,0,0
311.84261951886947,5.254310358730866,0,0
215.00324106830374,6.286395770831904,1,0
137.90902174468675,0.5414978063461413,0,0
162.09965982312414,0.3829002510353262,1,0
254.02378794579326,12.629497426093293,0,0
51.871989137341345,7.723953095904596,1,0
1121.7262464095409,7.107125202527044,0,0
736.127995578019,2.7855654425901073,0,0
210.15061802651135,13.655146882682956,0,0
44.51435569377867,1.8420722848603805,0,0
228.02955905507375,2.106404711792508,0,0
14.987474366858658,6.175058456833166,1,0
6.2264233047238955,3.372643572226335,0,0
59.59575062777931,2.843050891945535,0,0
124.21106037468779,10.363071349461798,0,0
405.4039850381681,10.52602400797549,0,0
259.7805957635778,17.40213504623909,1,0
271.5075809498644,5.4078421254846765,0,0
110.84871588148278,0.7589350945912952,1,0
84.90970653789653,3.1974584480500132,1,0
92.73713010945941,39.12296202583937,0,0
878.8127783033009,9.069806436372655,0,0
8.187148408785735,12.369681625845129,1,0
403.52859835114776,0.07385031969425601,0,0
172.8703482705325,7.3023808630369125,0,0
115.46981620693191,0.38250987322470087,0,0
258.3843134977741,8.42181466362131,0,0
133.3668607198428,25.35410987728715,0,0
413.38126825355334,34.55203737297697,0,0
461.9256959240749,7.777309800773883,0,0
109.53974027080496,6.128672184221816,1,0
64.82158141702838,29.007329465774735,0,0
179.46942438818186,11.196617788847723,0,0
486.9111879047198,0.6710103307627977,0,0
47.31217979000491,6.268456725239999,0,0
195.0842915399151,2.7475929039765354,0,0
199.69560004510868,6.345091357614874,0,0
264.1860030253711,6.078241099695139,0,0
28.213125940532084,8.726203246911183,0,0
251.63298182542198,4.412536827376751,0,0
479.450641257849,1.7945022237007116,1,1
39.61291215602891,7.006138561116622,0,0
54.241918337432395,17.731509919733245,1,0
710.8354077723023,10.906805127395165,1,0
39.92861095103158,4.130455662061055,0,0
385.3579535513316,27.41447060897155,0,0
135.5641885107098,24.3278001496574,0,0
56.799393998874095,2.3489786258445373,1,0
409.2012003489698,0.4021549631119339,0,0
117.86746511199115,13.521198523233412,0,0
144.64597382022362,17.579974431107004,0,0
89.01799183556157,34.37795993212773,0,0
179.7642685370157,22.057886916943296,0,0
35.71145952352627,9.176285468657426,0,0
99.21418127269472,7.5513395050536305,0,0
697.4316083642287,0.28235960383236114,0,0
59.71717608480124,2.832339093406837,0,0
213.85147690342055,6.154729710720278,0,0
78.66484087778541,9.902169130855343,0,0
296.97833814143297,8.14754143080812,0,0
28.05335592202735,13.572638136490333,1,0
700.12209088488,3.281804122525437,1,1
120.95018443294757,8.323003059024982,0,0
53.85070869954405,0.9227126970243187,0,0
15.267544511187413,5.338648733691773,0,0
37.207588020918784,13.869378999650051,0,0
146.6996690859163,11.822140960742074,0,0
82.19701596103333,46.71602464184588,0,0
353.0819768244315,3.2557935642692977,0,0
112.73543813711848,6.895323203947223,0,0
57.1938473951702,3.9977693713109668,0,0
192.01978331469357,5.80896065014139,0,0
245.36452139186898,19.445619673465355,0,0
36.554389537169364,11.526749147124844,0,0
36.69305402615214,21.408165714363392,0,0
7.472145601896547,2.2754209615977765,1,0
266.66602415796683,20.664156903706218,0,0
218.0125050294198,0.6162253588162449,1,0
128.73083392705854,21.94621492238292,0,0
371.79849813523003,3.9909610254281986,0,0
327.6396642338703,3.7773462683026224,0,0
176.0662027271843,7.1762139923226576,0,0
405.40212530580055,28.249805182559133,0,0
46.09437007411471,0.489606116102474,0,0
23.738604278056915,4.342210891811812,0,0
62.87356114562158,19.419220329561004,0,0
11.756221345992541,5.04271279544665,0,0
151.50280856678876,2.2209022825010862,0,0
551.6762410803933,5.5302735672140955,0,0
8.027683281876447,4.870317913667741,1,0
26.04677599662335,24.700125374083306,0,0
120.36864966038618,14.352089111459303,0,0
543.2417307751989,7.03430989613681,0,0
76.0051222113574,44.54216042922717,0,0
141.54450075426902,6.260074167319419,0,0
8.49234660021034,0.6000251061428592,1,0
32.11433026728378,3.0418323325927004,0,0
862.9502169066758,5.728260002207045,1,0
671.1608615639818,1.7067281655523159,0,0
0.9904445947655232,29.481833808536816,0,0
606.5281597357631,14.560685283865173,0,0
203.84192271370017,3.123671923215122,0,0
404.86691339530216,8.935623239443268,0,0
121.2984538184019,12.781546765266114,0,0
144.9672137395542,28.349566541541908,0,0
134.217099901772,21.33985158334065,1,0
219.84104741311668,7.2400280916214115,0,0
30.083490841891436,14.901121553535596,1,0
6.086396183994254,8.258669114197817,0,0
73.61361760275618,8.04534465307152,0,0
243.93966950816787,1.2187610397398967,1,0
45.092610887322074,1.348324191825476,1,0
223.82368186639582,7.540307678277603,0,0
700.726078045842,3.131524322137328,0,0
19.72127874435739,0.21261331197272668,0,0
223.31581678090723,12.831574498797453,0,0
117.3075679514347,0.33026000623942625,0,0
405.2063244387033,9.045520038896955,0,0
38.996219811728764,7.747777020854885,1,0
235.93797527607077,34.678081469049495,1,0
364.17417231952913,6.620616595849093,0,0
578.6864774760546,0.6571407730269342,0,0
229.92724699692442,8.022657885790043,1,0
137.5025225223079,18.394561063975754,0,0
192.3869711101883,57.60125639712095,0,0
406.3665818735823,5.62721158567536,0,0
169.07781841380117,3.8610190454554534,0,0
6.17166354678104,23.71434727796992,1,0
534.5811014598346,2.1225570100557,0,0
233.93150720223005,9.55626630746666,0,0
225.71950877589782,5.203953077789556,0,0
48.58639960360479,0.41950094080730316,1,0
215.10739873361774,4.266200150101238,1,0
100.13031297917176,3.081957430830057,0,0
210.67022713744728,11.586526344019273,0,0
22.54261375653921,29.718301722020076,0,0
214.49846369317132,3.120392307307135,0,0
1488.3445819408812,16.684765942617595,0,0
9.882599778860138,0.569511826603641,0,0
755.9726225124457,7.724523487022353,0,0
104.48113649091945,0.7316233417478717,0,0
409.2066922031506,27.18600527545924,0,0
305.0060113868585,14.539364905157763,1,0
167.4110211853105,10.727980941774218,0,0
268.2253571705317,17.366827164148866,0,0
421.59382019166793,10.427608159525663,1,0
103.55001572974054,34.71976041608512,0,0
79.2118449582013,12.516164435330733,0,0
220.27926343446137,25.857256216489148,0,0
329.8915685942147,7.280117309645197,0,0
287.3366737641024,1.2450302892333251,0,0
319.7130952895551,7.511528927398087,0,0
114.3924993483773,1.3567406142994551,1,0
340.56762127717263,8.976983444081588,0,0
25.61419253071429,6.5873234432414005,0,0
157.26712566885658,9.743844595999843,0,0
1.155061103250771,0.10097792590495576,0,0
78.48583818863757,2.1671487418012996,0,0
91.28691252583722,6.7595665184858165,0,0
100.89340703773348,30.058545632917646,0,0
237.79530040622885,4.838738420213381,0,0
98.3870685422813,5.522937055209992,0,0
119.09291711278568,12.542003125027056,0,0
54.242129746395584,9.258178644358017,1,0
93.44208011013524,3.551420481359635,0,0
51.565019506609765,5.290174216094635,0,0
15.202617651077443,2.4551672317395816,0,0
184.98991906369125,33.820261045140306,0,0
220.6522950142138,1.3999150751418268,0,0
193.24874602968364,4.649552490941316,0,0
124.53552300338949,0.26178662741660264,0,0
95.53806895597998,2.50745365570939,0,0
398.042544378951,15.162715670931853,1,0
146.4116109603187,2.246136717730347,0,0
130.4708783030499,0.8345052710620731,1,0
5.195310788402894,6.433159962391616,0,0
83.48157628215954,0.10019260310612232,0,0
95.67027297976104,0.8857567742582315,0,0
101.77310283959984,16.483132069787295,1,0
173.58221097305412,14.761024227580853,1,0
152.54342087057378,24.66738538820195,0,0
187.25027165496394,19.276852867320713,0,0
289.5346257573762,11.49407485778765,0,0
335.31408029703294,0.5375195367858119,0,0
253.25694876627819,15.271605556957812,0,0
622.5597450008411,18.676311581706283,1,0
3.6801689165400053,16.048591398903223,0,0
43.57598214250259,7.10250685793965,0,0
1.5183237062831378,2.6514050490345293,0,0
208.52658528155033,18.664613067505318,0,0
456.6164020132954,12.988800343725943,0,0
55.8058688555547,39.50824874529127,0,0
523.5538332447437,1.6923863003010058,1,1
12.431980387744128,2.5575014403376577,0,0
544.9457846000236,2.3800106695362913,0,0
86.65649586130768,15.728156088659846,0,0
21.388092278387372,2.069101494282347,0,0
133.05650977988233,0.6898554632446562,0,0
59.351712615634376,65.43672451233795,0,0
67.05899851833239,0.2513035011474158,0,0
73.42875743225572,18.032900525854966,1,0
324.9366039930847,4.547081502536261,0,0
154.94142762765208,18.427294038461078,0,0
74.5921391506905,8.08828531528699,1,0
188.49295219090249,23.190318981262067,0,0
251.86234492962026,26.06301516859094,1,0
63.662348441609204,0.09139822497407572,0,0
106.73326679182043,0.7840723644484237,0,0
25.995791904280107,2.8816049297110307,1,0
39.970713544427745,11.065902774487231,1,0
228.58673852523404,21.91689691718487,0,0
40.041312296729444,6.160786475974977,0,0
148.95689994642,9.338772630256832,0,0
246.9181998879371,2.088707106295546,1,0
22.606176704094086,16.345856522227816,0,0
167.54777451362938,34.21240245228931,1,0
59.29419201849683,3.12793314305106,0,0
658.9725943615852,6.8285225878909985,0,0
132.15367426536142,0.9005175116264825,0,0
327.9717434870718,8.19020330158421,0,0
159.80224999872223,6.98729617097775,1,0
8.876609855973225,1.5599494428554044,0,0
200.56119671487048,5.835149851435856,1,0
604.8401040249465,4.066227560538971,0,0
184.0656845507649,7.377907917161199,0,0
342.06044294154583,8.810547149463606,1,0
431.1893060308067,0.08531871735415614,0,0
51.774813167300046,14.313167606257016,0,0
47.66281883603115,12.483228618901174,0,0
188.82541294190608,4.56158139857578,1,0
105.87548646671546,0.5438853820967644,1,0
366.3429964337848,14.062217585225419,0,0
460.56327074257115,31.04992839600694,1,0
87.21209568470294,2.746363340482561,0,0
54.06552292168861,3.9085921597561235,0,0
303.30385915848973,2.0311164819812078,1,1
64.26322454683316,8.602321026954753,0,0
345.885785103807,1.6823097059608423,1,1
110.23866015108203,4.403577526770249,0,0
220.25310064107404,11.940654246732532,0,0
20.08240345822516,8.212441845663424,0,0
195.55841381307485,4.885139968524393,0,0
120.21122759255701,5.4515761601196155,0,0
176.67202081332096,8.257895573292908,0,0
36.78798298463158,0.05881992940075646,0,0
267.0242609497065,0.8176321104909191,0,0
397.25885264237553,21.308027774322888,0,0
48.85806533770787,0.8107881576375628,0,0
20.122042252560192,12.269125744285759,0,0
4.784491986314798,25.26205809496616,0,0
205.42853760991747,3.1564762782648637,1,0
186.83699466478362,4.6281582282538185,0,0
158.23908267671314,8.414648524741814,1,0
52.779332588257766,21.346073319931122,0,0
99.15653301304104,28.45685786020836,0,0
180.5152095078644,13.453952423210584,1,0
137.3403429983832,0.9060301285840527,0,0
881.0266326762653,11.061027387808258,0,0
29.338322523065465,5.281476574635663,0,0
237.58351248409272,6.362017884461855,0,0
103.60992016207989,0.5039726472645016,0,0
111.79306513034315,2.1203317494335385,0,0
252.88457228381057,15.630964941573577,0,0
235.81451506396292,6.050609087312271,0,0
947.877361572874,3.590523987477106,1,1
27.48362482731662,4.845392801568471,0,0
21.98745000813108,19.268888006817328,0,0
257.7165531347084,13.822984251367282,1,0
172.73345009359608,3.1788756254620107,0,0
64.08531849000522,1.2499857540334465,0,0
16.550137469559495,2.9034992352929843,0,0
17.910174212781587,25.352292708595755,0,0
449.2237024931178,8.712906884079192,0,0
42.605806371992806,7.624548346102644,0,0
78.12659858951616,9.073151325819923,1,0
51.40636601912666,4.557509087351677,1,0
87.69984696208415,16.45619753301989,1,0
14.390272146325966,7.408390715827052,0,0
146.40246440510697,1.2414461829769188,0,0
14.001369275488273,1.3818807510768476,0,0
322.2444084318504,7.69724051944379,0,0
53.239461536841205,27.5782178131858,0,0
155.31093822971894,3.6867829922359565,0,0
424.18456329794833,20.366975721761563,1,0
210.46640808205282,14.443285838790793,0,0
152.26712651494634,2.847695751020076,0,0
78.4112084968292,0.370175202151218,1,0
80.99362024476936,1.0741514178209675,0,0
221.42183011394724,13.037707967543994,0,0
1027.899334941461,2.227308090548245,0,0
216.84674539304623,4.640548312913647,0,0
163.19110219359624,6.965513000185243,1,0
262.34910483856225,12.926880628254265,0,0
125.17458559648178,1.2017101076727734,0,0
12.40536869664351,5.214929938474136,0,0
165.2428520287922,6.637299594914071,0,0
632.240685459067,7.783283729338986,0,0
38.54783258814071,17.057321038928244,0,0
234.23975169365158,1.8835354677357126,0,0
44.86226874845159,16.493824369740896,0,0
153.4998852052893,11.80511608794534,0,0
20.33489674047218,8.116397998589237,0,0
119.70233156917614,12.024002760720883,0,0
282.2513317084913,5.310584998237119,1,0
85.41075229709082,1.4896135134272794,1,0
218.6722545752177,10.959116594483147,0,0
317.38852858327004,7.437508321439221,1,0
523.9469385408418,10.199160886323018,0,0
53.48233754311112,4.124878817001322,0,0
101.93722658290696,23.737221616993832,0,0
33.073069064480556,8.852036528378234,0,0
978.130992409611,0.8927118402130035,0,0
523.4618194317145,5.974806837066781,0,0
155.28711975982455,14.12047360170218,1,0
369.0741984123943,15.80532535921241,1,0
147.19339105965724,6.823992525526813,0,0
195.41296972434617,22.51393726698347,0,0
18.66979590860436,3.1152191292121847,0,0
281.5202870311478,5.286479983624694,0,0
27.32746704578142,22.886517205275506,0,0
349.81774698706784,22.658358590423234,0,0
304.677813403733,11.57447962235766,0,0
246.7110138187218,19.588574344478836,1,0
7.3660736103106235,0.9296352899619693,0,0
72.23080801031003,20.024432879603733,0,0
61.0640278358255,3.865745238765916,0,0
89.3000524039034,1.9641826506420756,0,0
18.344728114475526,2.7360802655942322,1,0
552.7902601784148,5.412307227728146,0,0
161.3986037526363,2.892726762642045,1,0
72.91962438952044,3.86497514674119,1,0
101.16148622131982,1.4500090076607333,0,0
118.55272044852605,3.512280417935832,0,0
183.5555340441584,8.492954214491728,1,0
145.00165040908792,5.831341790820542,1,0
503.6314093035293,4.257475551903927,0,0
137.41850258415792,13.722026329787393,0,0
969.6526530720471,22.39703926322313,0,0
381.3330226656561,14.138268161482529,0,0
46.767736767886376,4.034681565204138,0,0
533.5598921177708,13.643065459790492,1,0
24.742555901988588,1.648512737393055,0,0
340.14591480214517,1.3962763769942,0,0
95.80832373341943,4.24077810311421,0,0
420.7047536486472,16.487109459851663,0,0
405.07658383112533,2.8282488403640627,0,0
327.9025316714895,0.6534248038480917,1,1
312.1585387128522,1.4122898344117474,0,0
72.67637391835736,19.571882885604794,0,0
16.87626584014989,10.045300026367599,0,0
103.16099294845993,2.9195942512239332,0,0
38.117004673331515,8.103459938958355,0,0
237.4566301954948,7.498860593177868,0,0
84.96008524262128,10.654753667251665,0,0
742.7180604254165,2.6551303740195493,0,0
204.87102290722484,19.980679331757038,0,0
345.7350350819875,3.701489724443733,0,0
28.43364175331189,11.846005113627028,1,0
396.1213086672902,0.1625606309609855,0,0
512.1602897232266,4.662620455388791,0,0
133.52002810964987,4.334168710756764,0,0
186.4093099649981,7.8413246908639636,0,0
289.47214686636755,0.7551724662858018,0,0
38.43526169091586,15.612735331991676,0,0
139.6585096432789,2.4562027306978025,0,0
101.71996313391357,11.30220036551281,0,0
31.652422209052204,16.25628898111523,1,0
91.62589649134631,8.252554862338087,0,0
14.121472540822042,13.504763796278157,0,0
5.230175993762529,10.842961914043325,0,0
29.043606465712717,4.393266906460824,1,0
659.9906679954215,16.547414917369082,1,0
159.49255331162456,3.4913397704343008,0,0
675.2355663768212,8.467947950326739,0,0
113.30215820164997,13.680527128571722,0,0
74.73984566614081,4.7635320087733195,0,0
141.10139495545994,3.606365057405852,0,0
115.78937812530967,6.149757799319291,0,0
22.334900119678387,17.035480315197645,0,0
204.78984087949854,26.58142991712515,1,0
48.67899239966613,7.87641201804054,1,0
193.30005690115274,10.83131355050817,0,0
210.07936786492394,23.358691343917,0,0
32.98079031088928,1.0374720819725698,1,0
12.662441790106277,2.640678659988968,0,0
303.519098644786,12.34088449706281,0,0
123.16332441827727,17.358204160092264,0,0
11.984780020763171,19.45113664647295,0,0
1054.386395347333,5.363266568340012,0,0
11.903416284884736,0.9358556033682709,0,0
237.51180270003024,5.758646742356842,0,0
823.0596155313906,2.623192327506039,0,0
54.6717233914294,3.4417687828817494,0,0
30.688372246716987,14.795838340133233,0,0
25.881681204801872,0.7853152661107237,1,0
72.27294118822196,17.578289793591594,0,0
21.3046407103123,5.580379335948477,0,0
235.63589398563667,9.06498658841598,0,0
12.863292759905418,0.9392858899982766,0,0
142.43425048692737,4.11522031828191,0,0
1142.575977359987,0.9398207304500105,0,0
336.3697553353431,32.582333422876076,0,0
191.01641532397474,16.464217058553917,0,0
73.12976661739705,6.155062860514277,0,0
195.57782856380473,2.5309070992305367,0,0
149.74951117590683,27.09878450079134,0,0
111.05423226333914,4.22504348539536,0,0
28.015785172069023,1.7552601689134826,0,0
435.3742119624095,8.281983296099348,0,0
119.48910595855644,28.783781359913114,0,0
43.28883641228272,0.038376448485142114,0,0
91.69703667658705,2.7197257300945896,0,0
106.9313869240268,27.878670909436366,0,0
351.5155502181067,1.8763882868982011,0,0
264.5620645718557,1.2018480068109656,0,0
293.3316652340383,8.444055506832912,0,0
2.2185120043067728,19.79370518477036,1,0
107.62360528819508,6.483838134355818,1,0
131.30294420763212,52.147590031835236,0,0
3.87576789328926,11.368491884830137,0,0
60.17054080436526,0.769619409238167,0,0
285.6649363428756,49.38146974289549,0,0
29.493543466777854,5.2407000596735624,0,0
153.27700905297164,3.3883858159202846,0,0
48.46575121537875,8.161720939335726,1,0
2.438966049755524,3.6284765860434165,0,0
55.203792370059865,0.9042538768343309,0,0
744.8910046285756,0.014293641335457467,0,0
323.43063159230945,5.970797473993517,0,0
641.6695100382467,18.13167528567636,1,0
133.82912482223358,8.493687697106218,1,0
23.2474908390385,71.40064385260752,1,0
158.7966954003389,3.380587984511671,0,0
121.1655262173857,3.2913630117893518,0,0
372.03817747996186,1.7405516998967725,0,0
20.646463217324765,1.79202731308679,0,0
133.98034712596925,3.3573374378824994,0,0
32.51523674358489,15.74264055970239,0,0
78.51251900274089,23.618765044427654,0,0
267.3919756049582,36.923723354350265,0,0
129.25963865832355,2.6434277074625907,0,0
94.28517928431852,21.31135300361176,0,0
100.33230803171564,3.9787660766311364,0,0
123.03243218338464,1.1973054340060432,0,0
307.4388403788928,20.404125816805205,0,0
445.2817032647493,10.10891658527921,0,0
621.7116126044599,1.800013259099305,0,0
309.2019260911395,5.6182292251370045,1,0
75.78612512081025,3.3863534728701272,0,0
233.0367869362041,13.348204441443306,0,0
115.10949867297877,6.040676997165763,0,0
58.78580804979554,45.35639002679546,1,0
367.60874523811566,0.5630052785130967,0,0
7.836823348751211,4.385286308947556,0,0
464.07241860807443,6.575873277053132,0,0
123.78518696785592,6.994340108252935,0,0
202.78152626691147,3.797035388394732,0,0
215.38224714325244,13.065233793361259,0,0
450.98337961180414,20.774201739326415,1,0
202.48857840085424,27.92290362914006,1,0
190.3491728221744,16.352346904884286,0,0
13.795440156381082,19.009954669185515,0,0
146.13160839784362,7.997202101713468,0,0
32.5435547513243,17.48057809145918,1,0
267.450383828549,3.616930983379011,0,0
143.57894646508566,5.082934359766163,1,0
228.02926933430166,3.8113306854357187,0,0
8.513223883270872,6.299608271541199,0,0
17.720786933695706,3.3628371712622056,1,0
251.98407599658532,32.59995839168159,0,0
14.962885926925267,3.75194852221932,0,0
14.784585373802416,1.031901372017269,0,0
2.436476001959194,7.482734240583433,0,0
627.0052972439578,0.587940691487775,0,0
267.5072086031322,1.17144301787453,0,0
87.15952714673983,2.476788311897125,0,0
70.34759624601976,6.242747827763235,1,0
86.06529013337601,5.678386346051642,1,0
298.0232399463301,16.078984080932212,0,0
216.56980352570065,13.45055124572193,0,0
40.96143102199993,5.556805556127367,0,0
38.25857629100438,4.060215742701892,0,0
20.715898238867897,3.804829531389874,0,0
215.94008200670257,14.87198542308982,1,0
289.10075984474315,0.5347715751459102,1,0
61.589589910718054,0.12904556288872815,0,0
4.233483690323025,15.874044024994951,0,0
17.148981491387218,6.484537316983861,0,0
687.5310005674686,1.4027538350010933,0,0
70.03771306072507,2.686195027143175,0,0
293.26080866080406,26.956862472242822,0,0
195.9865010976076,19.625689692575076,0,0
96.23383116586515,12.371334244349832,0,0
46.05560379118071,6.582149388799056,1,0
25.882017811420233,7.346436237016018,0,0
190.9091256958961,36.98709017731688,0,0
298.00571166818355,33.74665794221674,0,0
206.5111267127418,2.424143534314121,1,0
151.1331255372945,16.665616779024653,0,0
8.571317461821808,2.1970281016762696,0,0
691.4823059507108,2.4021020909272757,1,1
320.605889768872,11.272989469063656,0,0
69.29458572752945,5.191957198038394,0,0
782.1081145434437,26.81570022864904,0,0
184.201160893896,0.932230677243988,1,0
174.65710040897008,7.164682977397193,0,0
275.72332564100293,25.074164708524794,1,0
334.0179067687754,23.44591752280767,0,0
213.70117814960992,1.7023001116521344,0,0
27.41513239607699,4.567126668517998,0,0
82.57877846310166,9.652745899236132,0,0
526.4503012848412,1.736332712183605,0,0
50.879277574188784,34.42712492761554,0,0
93.09622188253593,24.6215928868717,0,0
113.1538453437462,1.8266182952151633,0,0
115.75130818466658,1.2914725844162753,1,0
189.83489611044638,0.8927774268449328,0,0
573.2070767560391,24.017831251142358,1,0
55.06974485483729,2.1520490813697255,0,0
25.908187600990466,5.383423065546909,1,0
43.99733037877295,5.957507523986222,1,0
435.9406162201104,9.138213937345665,0,0
207.58481621524555,0.7443839692750986,1,0
67.34835557580368,2.571640118702838,0,0
338.5062375549441,26.807812066102812,1,0
395.1893478399391,23.904343547500375,1,0
374.82962559621507,15.200115877222132,0,0
502.47990865484644,0.19591920027095308,0,0
58.13491448292309,3.9602000658872933,0,0
281.3336441646111,9.887505043633197,0,0
123.43714157042285,3.2184601961701094,0,0
369.03021741469036,24.03363843805057,0,0
260.75176038695133,10.048199743274278,0,0
299.62175077311855,0.7462303111460601,1,0
213.51683813684184,23.969571901282695,0,0
39.06403952478917,31.645452792866116,1,0
157.50340483844093,0.8089819342151181,1,0
835.585319003389,7.600570120703897,0,0
554.1598776014865,3.6149264790904208,0,0
8.826689223517214,4.989614101781276,0,0
36.020360230150985,1.980256852000364,0,0
28.250228030537052,8.629208373933091,0,0
258.9107708120774,31.695941921770817,0,0
340.51395613916924,6.993113405610428,1,0
48.03540167001057,0.865546610033257,0,0
140.9843227679058,9.675875354189374,0,0
367.39701409556073,4.158533714334153,0,0
263.95272372943526,19.374225975811324,1,0
156.280828990759,5.703600610266976,1,0
178.48930091400646,2.1423288069852813,1,0
142.0019300136812,2.1208693001607015,0,0
70.6357700003241,14.643172265073257,0,0
166.4919614936311,3.086845529820538,1,0
233.5187262193625,14.577190191153024,0,0
413.2228150214905,2.305299018188907,0,0
202.28043097497087,3.8814551496387395,0,0
286.3600759171052,6.2639917545522135,0,0
34.887734097824755,28.681458871471484,0,0
123.8149037332752,26.843057171680567,0,0
1.8750864328912313,2.317705009433573,0,0
56.65273347157338,4.435082192461452,0,0
259.26273712225714,1.6181257720421236,0,0
960.9670881772278,7.1331943796045,0,0
20.889541942218553,6.1726551932748706,0,0
102.66385134428387,23.10215757108007,0,0
321.95856378034966,26.593368654707664,0,0
45.64017225231275,4.838062746111397,0,0
161.97438246952314,6.767581042149468,0,0
264.1547365136271,22.656385903032362,0,0
191.41496743295315,16.43552285435986,0,0
41.65708012669001,0.03663011989054854,1,0
87.82027410459814,3.8575007903621836,0,0
306.3026749787975,5.477909016825844,0,0
161.58886703923528,2.609963692510864,0,0
1.0486671668489953,2.226082145024576,1,0
286.25061336552477,0.38516847784146235,0,0
7.189975462310841,10.310556783058766,0,0
273.87469227060876,3.045031440630217,0,0
45.249813730374434,0.5376706577671819,0,0
634.3673439119572,2.626374054535768,0,0
91.75442825792068,16.190537610551267,0,0
79.18166886067127,19.070974725278724,0,0
32.24232166702378,6.598405465197246,0,0
72.94263726977145,5.379753144501063,1,0
418.54712243532776,38.10084545911345,0,0
1121.7492461418112,2.2384962501067225,0,0
91.87115365375602,2.4252935113465908,1,0
119.0628121020739,3.451235998277374,1,0
256.0778742489819,1.8965717873642416,1,0
434.65513589260286,4.770130953817323,1,1
179.81020573572334,24.17258023679405,1,0
99.36011989118629,9.554158352324917,0,0
106.41728863006745,5.3093743149436285,1,0
237.89445375116887,27.243441479626284,1,0
0.644690670446925,0.4967800228068653,0,0
193.30078377851706,2.3607198692353397,0,0
87.85392234594991,8.344541075434664,1,0
316.16749762215915,9.55948360763483,0,0
19.520501797971207,0.4036117005221759,1,0
177.44459787556735,5.159030888144763,0,0
131.15983237872229,10.474077979914792,0,0
205.62639929492894,11.975618862576379,0,0
13.410435702136372,10.164976128949627,0,0
173.49239341762885,3.864910951370395,0,0
164.8720641205761,0.9818644825913088,0,0
164.4963786201368,5.570658230948124,0,0
185.00962654148233,1.3783141002574544,0,0
225.6914115647508,29.493002880972853,0,0
326.93986202319854,6.446825284545378,0,0
62.893037225249856,3.8163995607761994,0,0
348.6503377622462,14.537344578667664,0,0
137.9329232519219,6.8905275931885015,0,0
16.037837492673827,3.7111299276958913,0,0
12.067005215011521,16.711417478432217,0,0
81.36470167205097,20.18550798108914,0,0
307.32763787940166,11.178200817565918,0,0
245.98187680415685,0.4810304381874897,1,0
310.81479929471953,8.354549852772783,1,0
145.65916664303762,14.409402671177357,1,0
116.03478237958065,1.4676486962798696,0,0
31.90527684537657,2.5963995556916464,0,0
79.55676306647305,21.412752872710517,0,0
113.83908344384663,0.20326921004244553,0,0
18.554774320512347,13.972628469338988,1,0
49.8492443961226,6.420231562751738,0,0
182.3727560917522,5.919853529807079,0,0
266.1061813819402,0.07121832648240707,0,0
1281.0945761268285,17.114608427343395,1,0
540.9511208808631,4.460135472927275,1,1
205.7604619605745,7.781945920487244,0,0
109.37626198971955,11.31034306780091,1,0
202.2177591559709,12.127766999281809,0,0
308.03052694861856,31.231125392334715,1,0
25.188892897206806,7.578776203508225,1,0
105.49431023394578,5.103583179277531,1,0
366.2693023676061,30.726916469124014,0,0
96.84743405698264,10.275302590639477,0,0
169.66673924200902,3.5403608062685876,0,0
177.23445650634778,1.3520621767970853,0,0
40.78494759007019,18.48675921651239,1,0
89.95721890978608,4.497016800340854,0,0
81.446720817727,10.801921499938887,0,0
5.309191042933922,6.364198739911916,0,0
4.897838254106063,2.2180667008207906,0,0
356.3979224278279,9.205161680201927,0,0
63.78524128600701,0.6260233696652104,0,0
145.99491874370412,5.333140363376775,0,0
70.97119801597862,7.910134917464005,0,0
564.9592072317046,5.727843183969591,1,0
60.03104364011887,13.809971173267419,0,0
112.30340328371808,17.598245865414892,1,0
412.2892866231186,14.750952978342713,0,0
368.94797419642566,0.3958624567642893,0,0
41.18390253811239,2.158313140605728,0,0
324.5485154497588,7.691808718276629,0,0
122.566829296491,27.306339108157363,0,0
131.9304395107585,18.01547870008433,0,0
28.65401137958053,18.485489453688622,0,0
16.807128414664675,3.6126861263995624,0,0
260.3460202902878,5.611507853290849,0,0
137.21888291937,6.362111363723994,0,0
114.84210082822625,1.712292050473263,0,0
261.5027202630076,0.3156097941302429,1,0
290.07093979347707,29.356329560012963,0,0
34.61088615207989,2.7537489825065316,0,0
188.4372025833694,2.743696160191357,1,0
29.087039905574947,0.8706125507216742,0,0
278.3619775654699,26.38166253954023,1,0
213.9788201231888,8.668748466988824,0,0
627.5265571920648,10.99723477185524,1,0
14.290181501706456,24.256218872119707,0,0
11.749405364967492,4.240673146159763,1,0
66.30925871897281,9.715585223759579,0,0
60.682546271276635,0.3957220783834393,0,0
56.732379259145446,2.0674441549546723,0,0
473.43449484326186,17.79312090812204,0,0
57.41543771272133,14.557231404794571,0,0
63.477035130838956,4.317721613221278,0,0
284.9224507194322,4.729048381239846,1,0
119.47281977301141,7.6261395050527705,0,0
299.85727965169195,0.0024103373143063377,1,0
13.520087752385033,2.7607547177701965,0,0
133.71869842074736,2.3348661764573158,1,0
6.838304987589966,2.883262088627874,1,0
12.940390302126383,16.394118898961732,0,0
473.8250236290968,3.280511925163256,1,1
29.989159809289006,2.126009726691307,1,0
152.03725621244197,7.017106643321684,0,0
105.89828438371227,20.072699991079944,0,0
85.34081111890731,2.762143506300231,0,0
460.18398740176536,0.8179183286036086,1,1
4.413009871000306,4.406852222652279,0,0
218.0036761665379,13.769454965171413,0,0
661.5109958936733,8.000434186021822,0,0
164.27257205617042,16.97140635117269,0,0
552.3612905838238,32.08731146793607,1,0
10.73456765916481,15.734072665217713,1,0
108.52977045945921,9.258439156811297,0,0
60.26366931013774,6.799182461512898,0,0
262.4757126146281,0.40893962055967215,0,0
795.8152357683365,41.554954718988306,0,0
59.28538951673028,4.836663365302977,0,0
212.36425196600632,1.6514379959455376,0,0
44.15368302685593,10.987388628676559,0,0
166.63374842959166,3.3447783150357697,0,0
124.69903363446437,8.813538710660051,0,0
715.148226181623,8.837458773871456,0,0
187.56788560754666,5.901030232149898,1,0
86.00475535058212,18.086123783591816,0,0
24.229288715124035,3.078399665631455,0,0
32.79737274428726,5.95353889171855,1,0
51.06025502817646,7.7152422150727915,0,0
57.794357112273964,10.89527839812185,0,0
380.2470988526221,15.323465580557293,0,0
164.7526970233589,5.022083309775147,0,0
148.2117289570887,10.385909850842662,1,0
24.38130126825958,1.6323795625147108,0,0
393.4222328310175,26.97824173739173,0,0
256.6135223747721,4.829815698637975,0,0
14.013338543903261,13.075623778295352,0,0
246.08738012049085,0.20550810635365685,1,0
156.85006012347677,2.296485919189662,1,0
17.051749093933655,6.676403518721713,0,0
122.60882412134049,21.05805786073696,0,0
132.599763682987,7.491994651056074,0,0
36.250315524363295,26.574114935976905,0,0
582.6393854798991,6.612549796715198,0,0
379.391161646937,6.742255230389045,0,0
221.14087805204358,1.2754567255889255,0,0
124.08924793377713,16.228081173648153,1,0
106.12593435136881,2.836441192584618,0,0
210.5214668628117,22.98717475600946,0,0
157.68149486075848,24.171458046343446,0,0
12.859306005425312,28.70159424084981,1,0
143.69408438680708,7.344494760376783,0,0
328.39595767362647,11.303933532880814,0,0
122.95589902644602,15.074043853476805,0,0
10.670994701689866,1.4042897624082702,1,0
308.6160213622474,9.186865871384102,0,0
44.9699467371748,0.34899878772847936,0,0
59.848618149674046,6.882911569282987,1,0
35.994388683480324,1.6823249335612498,1,0
80.15972209434284,2.020218507039656,0,0
282.7343495633032,4.542051910725283,0,0
146.53810670480857,5.664038163132389,0,0
45.852766957417685,9.75967555656707,0,0
420.46848025309754,0.7734380629496311,1,1
423.35701021596685,7.005580961586938,0,0
408.93603602048734,2.0165745245608653,1,1
54.570833281384154,8.532576598372877,0,0
120.0185792864586,10.144677007124553,0,0
839.8031449859902,8.13529418461669,0,0
295.6928744365557,13.405393143708233,0,0
5.508655727376305,4.088848150076158,0,0
13.485517563822103,14.48623449154724,0,0
124.69861955421257,5.66985268967653,0,0
479.86370993073615,6.620061323273184,0,0
154.7421172007841,10.444142797455358,0,0
137.75634780977842,0.18528990395313996,0,0
22.292194903320883,10.612998029663263,0,0
213.87678862619248,9.638676486402549,0,0
345.3102901260399,3.7084213601103935,0,0
95.74269239343684,0.896996616267741,0,0
298.87558366767433,0.9533917512903047,0,0
667.5130324104197,25.668598921792295,0,0
45.57254862268262,11.68860909361214,0,0
148.18601554042715,1.3593727159832372,1,0
67.69347337781078,4.411801175497202,0,0
314.8666886434948,8.976726144151883,0,0
172.35736818792898,18.05280701015106,0,0
201.3429035666552,0.4464275173533945,1,0
319.81254389021325,2.7001653949492783,0,0
100.82643918435608,22.049956063785704,0,0
493.2328425225931,0.09207812273984886,0,0
152.29756749107622,2.2489396087992746,0,0
34.38432231786368,31.947730440716246,1,0
238.0791568992776,9.503694885311887,0,0
315.259969184791,3.033662508402645,0,0
76.18230895914206,0.6934053305263878,1,0
389.2329961026725,0.28596346211614393,0,0
473.1971292062333,2.8069994385664,0,0
64.84279191409289,21.327226596499784,0,0
821.1394244563477,5.377064548526818,0,0
30.330118076101105,12.741569893093647,0,0
45.13326326293516,25.04518128404936,0,0
40.72330005351434,5.243169937359697,0,0
448.8438228368265,2.1229927737175647,1,1
212.43247770694066,7.279828184071109,1,0
32.999525250060756,23.868767578633445,0,0
116.07923897797438,16.315527228689483,0,0
191.05726710959237,0.6809667679278766,1,0
17.43080506673147,11.795169679846264,0,0
428.12108806845464,8.483926785528503,0,0
325.5239768907216,23.801486201298154,0,0
140.72306561636722,1.3065714648777504,0,0
683.0183846100175,7.636471440068045,0,0
108.17484540587895,21.157959765551347,1,0
828.4170752902348,5.276730594065331,0,0
220.4758743269378,6.577702254442733,1,0
201.3915418987042,0.7306616789239413,0,0
36.29355914132695,3.2592910787226863,1,0
427.2917248176111,3.9231196495963703,0,0
111.54490627004505,29.026509165470152,0,0
35.40314889653688,3.3221561366619436,0,0
2.5375338245871246,6.177962039001495,0,0
164.08508834277512,11.126232561581626,0,0
149.90102293170062,1.7695602393408305,0,0
254.13196894941882,6.663930594939735,0,0
441.9247211470856,13.414702971609447,0,0
16.547360036109897,20.163181190249947,0,0
262.9782587521185,9.841929697354473,0,0
41.50619883105383,11.057985943710282,0,0
390.63517051371167,1.3499929527759378,1,1
341.9218429222009,29.146408343857196,0,0
155.6511668598201,1.4222516272016772,1,0
247.7423886624125,14.902023197243553,0,0
75.4776301222793,3.076349086472661,0,0
127.41685735789233,27.119549703191673,0,0
344.78678119179256,12.728211840004732,0,0
122.9652636848165,14.01666765314154,0,0
88.57055923731126,2.472558977745158,0,0
136.32771081697285,5.852618129683499,0,0
352.34219905348476,9.618457705068076,0,0
81.65622809286674,14.695612731873183,0,0
38.17438378825912,1.0976952765151158,0,0
248.96869634705672,32.79829219047757,0,0
349.7149546569796,22.092830240458916,0,0
21.213815219617683,3.15188380116098,0,0
54.85424366162705,17.302519038565503,0,0
30.62370681216703,7.304834303530148,0,0
85.52417231121123,6.195370837979302,0,0
119.69506958404243,3.775106588685586,0,0
276.32213889676456,8.69809389630641,0,0
210.6212651071003,13.089227291158704,0,0
194.00612306978618,5.292151883424053,0,0
86.8886742813942,9.921442077096243,0,0
368.33396900686165,12.016851601646552,0,0
127.46196880878522,12.417501918945476,0,0
773.6484833189782,0.5336501590154146,0,0
201.10207540195452,19.643130889624516,1,0
26.99557143620505,6.129567572093029,0,0
225.51198890215107,3.043754097109155,0,0
78.63933938392205,2.767612654414295,0,0
231.8809728049773,6.597397024167972,0,0
14.436981013908865,21.78877769250996,1,0
38.4456380918243,4.753741554317399,0,0
387.22381020362604,13.851979495329774,1,0
51.54170866135698,1.0183200483296393,0,0
362.8514824225664,6.463718107281922,0,0
65.49982787574946,47.898313245987666,0,0
205.93775355004698,14.71581274400505,0,0
236.93247368592773,2.3639153009279372,0,0
143.7564962577099,6.960342916530159,0,0
72.85811003779642,2.660833644975274,0,0
47.81505203293716,5.268888277747552,1,0
6.750523842112144,15.145097316501335,0,0
72.46572238024186,14.750154837956146,0,0
211.77994921844402,2.589007606007266,0,0
557.1098891818748,25.53913611936712,0,0
409.90585321927983,8.978816799690035,0,0
290.5422049494756,4.779136970463945,0,0
310.6562686827403,6.970258544615065,0,0
218.71593678433464,9.290499188029527,0,0
60.298562659454035,8.207317917536649,0,0
475.4510184390181,6.663203310473193,0,0
222.17684348401377,7.030617763122079,1,0
164.39649757727608,1.9408476535595274,0,0
23.52923957685293,16.752193619788795,0,0
118.49954467678742,7.803629128454571,0,0
123.3699649605991,1.4050405863573356,1,0
399.85063837139285,14.531057633824503,0,0
158.21737979715286,26.947980753565094,0,0
95.7364112895157,29.432707473173515,0,0
752.7234320704678,4.6047751891372295,0,0
23.4687599253517,1.456234923381761,0,0
109.826139730267,7.306406097242572,0,0
8.586651661376282,1.194698405300208,0,0
269.34098993262916,27.17909926526325,0,0
500.39400623277555,2.0282589411373513,0,0
65.71118298280388,2.9137670246777283,1,0
390.86745910256593,5.219481282693781,0,0
69.12389358365986,4.831528522947882,0,0
483.3079569227942,15.831022231065468,0,0
280.4537783224339,6.093885925002235,0,0
326.85555343528773,1.8725562129893858,0,0
3.6341292828328924,3.1089596937888597,1,0
658.3449944872795,7.115421049175391,1,0
259.4158104329366,1.5952801548030724,0,0
72.6970722795446,9.458628989934953,0,0
353.68047432098155,8.341286713496942,0,0
66.12381552146383,12.542221399062552,0,0
412.3263594828833,27.758679390689384,0,0
23.887468496218844,24.333153963478317,0,0
243.26710000883733,29.201725484106426,0,0
155.60967419345107,2.8066090798014938,0,0
20.303464305301905,1.4106289087706942,0,0
55.38636697766027,3.5993267386392076,0,0
2.496321695005604,22.54606427203371,0,0
126.5112753320564,35.77462402797173,0,0
71.69681896743889,19.613026658432425,0,0
182.4385700831144,1.1655372783344813,0,0
70.54734398904733,29.45571583456669,0,0
71.31187912493482,5.505337030708926,0,0
271.88624456540526,0.09353902421948293,0,0
9.868058647991072,5.8410219425484105,1,0
466.39247243823576,0.4716411506336734,0,0
382.46550632281526,7.849947885455507,0,0
220.4064359026824,4.133269728927252,0,0
179.89732801526804,6.413803721265602,1,0
445.6857780886112,9.497708915111678,0,0
40.99447521679775,20.310407547770005,1,0
16.452352064820484,10.844182320177909,0,0
54.758508006863785,5.692475445739293,1,0
316.5380471725468,17.11624878411772,0,0
7.057108699065301,23.60025003107047,0,0
174.84118784391342,1.275606432856505,1,0
1077.9776217720166,7.591437829608314,1,0
387.16674876715376,3.347903953488741,0,0
147.39711440176356,0.4820459342024752,0,0
13.151246430506303,11.042683393502855,0,0
356.01383086534787,19.861025940902906,0,0
182.7480515087411,1.778149123609272,0,0
24.418385460563456,16.735160468933532,1,0
19.7116926148923,19.200183872036877,0,0
480.7615461568678,24.57374474523459,0,0
221.24842213761022,3.0827273132032706,0,0
353.554063904481,23.42918302717068,0,0
422.3580741509883,3.866375954000039,0,0
169.62006741298404,8.037168256615598,0,0
145.73263526231574,0.5182761693587673,0,0
112.57380841891487,0.44872989114329254,0,0
76.23644402267664,12.742994675327362,0,0
114.04293797662677,5.878506273076939,1,0
297.33758493334517,2.9610729903179376,1,0
184.22218156342205,2.112316505791246,0,0
446.0962211258672,11.085216976620192,0,0
117.1745047843888,0.004016246657298495,0,0
186.83472575305777,16.39336293689872,0,0
199.55849193818528,0.8256629588613756,0,0
179.1492261319026,2.1256175515955382,0,0
242.55816251059557,4.881454336002854,0,0
54.21310394332255,6.633141241161319,0,0
143.63711938048277,4.384973898335494,0,0
22.013158695666167,3.867103310628451,1,0
97.06774749981193,33.21906059773446,0,0
133.75612173375063,10.260489065290672,1,0
211.23948618385765,0.23711872924350014,0,0
601.2820262463886,5.624275770896227,0,0
183.58394486662004,20.795111420536475,0,0
272.1985652713184,3.587573769991073,0,0
141.15169777113545,0.9933022863546512,0,0
201.08124494348033,14.20408783409194,0,0
14.714715699226009,9.31439476737203,0,0
58.71094477702782,8.446970969015554,0,0
89.8373521418981,0.5506519866970182,1,0
127.91876331344174,1.5140330208952713,0,0
9.344696800468242,9.743155697504486,0,0
30.17018210759944,2.329714894994462,0,0
64.81785082066823,7.013206520549274,0,0
711.7997798463182,7.87197863128681,0,0
80.4980097288224,3.3338706703424243,0,0
131.5718605257502,29.647212358605444,0,0
43.6555100891286,18.481019535726798,0,0
188.7221450279832,12.81478621303555,0,0
65.89068558228242,0.8120340296329898,0,0
46.38453970985004,1.1219494985408802,1,0
145.37083786488412,6.788130978780174,0,0
1.1042023874619544,1.7520297316816424,0,0
1.5387104540800602,38.288527411766175,1,0
49.45364737348612,1.7259331083039562,0,0
7.482513167639166,6.6839180986860995,0,0
22.863603832553245,4.527470747049149,0,0
82.75812868100617,10.199483134978466,0,0
324.4901218851292,1.3815510425410578,1,1
169.74914851826256,5.626742092155651,0,0
143.7618201976125,3.2117685556851954,0,0
69.48325140732948,21.87040335273295,0,0
536.9264687172432,0.4143229752422672,1,1
101.17260531493366,24.502443180537973,0,0
18.224202023315115,17.89726368696292,0,0
191.9787952419908,3.53210546813885,1,0
24.171188974132583,15.572756054636328,0,0
84.69215548465311,0.31711083887815655,0,0
141.61640594394922,34.07181761196985,0,0
414.6482004597833,7.4780389879453,0,0
136.0645849311906,3.6137314330720742,0,0
242.30610241850204,4.50331540029558,0,0
987.2031483956221,0.6871293223841802,0,0
28.195033183196312,45.42149758012238,0,0
64.24267660938034,0.40084709247155814,0,0
100.36527296729498,10.639416899137455,0,0
109.5768371042928,5.847160539286126,0,0
105.87297548125656,29.742882135324656,1,0
476.3494765423829,2.8236256655354426,0,0
250.37552323388508,7.594725215107503,1,0
187.25033352635052,6.584679346268399,0,0
74.03099796587978,12.135735579236947,0,0
347.21619877554224,0.704334428465315,0,0
620.4876787596312,2.1540994541223712,0,0
344.29556217301325,2.415173454971552,0,0
0.31326624960834965,13.399863409863624,0,0
202.34093701342425,2.0965825839069323,1,0
10.497829499008912,8.521236013130038,0,0
59.57536464449513,2.4238220880997376,0,0
12.273978716393263,19.777875272233448,1,0
185.1649336257584,28.50514882534567,1,0
232.0485530889521,7.308344579069631,1,0
24.3177722913626,4.343413694369421,0,0
96.84935922987209,2.6664853639093082,0,0
121.84817715415785,0.510627962417038,0,0
92.10668962374787,3.1265816268805424,0,0
25.799764732823462,10.619981811422068,0,0
108.58293283677615,7.627479467257419,0,0
278.2035379456148,28.831409722071474,0,0
14.730958101447222,5.04640230300641,0,0
16.715459112951958,11.837236830249843,0,0
87.63008774728607,6.720174880772028,0,0
568.5188611055681,7.1862134112402,0,0
220.8693277681835,3.1166649915727636,1,0
227.05730233993657,6.068791706761914,0,0
89.85831945796112,6.363604968270752,0,0
180.11339571468923,12.26363351345916,0,0
2.0365707505086172,28.241346664119924,0,0
202.1730619852085,3.994650606714626,0,0
489.03017190796254,0.43116780300411384,1,1
189.64580877856864,6.857647488912941,0,0
413.8168226475087,7.862746748844335,0,0
257.45135858143215,1.8445248697211332,0,0
25.69362740519941,14.290540913214883,0,0
465.4848231963548,41.94990106945152,1,0
13.75083235802742,29.146080034439223,0,0
152.69996917856938,2.195326270847633,0,0
30.66220204150312,20.823516912665546,0,0
2.355134522896405,12.1906490738202,0,0
109.64813712874752,6.04855324046922,0,0
69.92304383807553,7.778579209349946,0,0
133.10659484463184,18.94458030914269,0,0
172.1711514184815,6.541860003869983,0,0
8.944893251182512,4.6713952527826335,0,0
26.250408776936297,6.797325465009147,1,0
163.57996794564934,8.654308159647343,0,0
84.06520323821158,2.0958298010258862,0,0
261.2553677122917,23.11703845401038,1,0
211.27824425034203,11.21431524775562,0,0
373.6473798994736,10.031264443050404,0,0
235.8513728205395,1.0480092357050805,0,0
112.39960172080123,9.267804020304151,0,0
223.53860822112298,1.2892562944110644,1,0
64.42190399602585,0.8196703947457973,0,0
73.14702957619889,7.4931739125268715,0,0
311.1653631700635,5.154789906474706,0,0
118.26962578313504,8.887005412139429,0,0
320.2744460538693,0.9345628419419755,1,1
345.66948684437455,5.638450787737912,0,0
389.7701664515891,1.921133988418684,0,0
496.9059101986354,43.505346284209246,0,0
112.76977413996185,8.235980940165314,0,0
76.79948482862943,11.629487852247962,0,0
174.54988597001665,3.9366245527291257,0,0
92.779636594518,0.9953188493148786,0,0
183.79595221505267,37.24335155622101,0,0
244.5535744738922,3.372351771227728,1,0
233.21021413481745,5.513146618709518,0,0
93.85770084815597,10.494334049244218,0,0
36.510765160963274,0.2500739225655671,1,0
112.60960271957221,16.62095982532317,0,0
30.768778997220103,7.691176029826712,1,0
441.63148810741336,3.260309984573633,1,1
84.89211523478801,0.6358749115528052,0,0
33.55590070503998,1.7733212331388915,0,0
5.1554308793353325,22.541174460985467,0,0
207.59135160412146,11.584394423424584,0,0
202.61667659936398,2.875510432190056,0,0
83.28625342214832,0.6785148555687162,0,0
14.882625955254905,11.731698326516984,0,0
105.40078962234925,8.495851682072132,0,0
74.56594510565667,5.183866773879795,0,0
226.0953046317403,4.519459732366915,1,0
186.16884920116712,2.4438541562489986,0,0
90.69813731177835,11.074853073391695,0,0
49.152629844849656,35.29077156312417,0,0
885.170061872906,1.9323923332935975,1,1
121.02785449305875,9.091081386049115,1,0
233.12628770386493,5.519689472436302,0,0
30.29321641893651,5.918345456687275,1,0
132.94681645378412,2.932271247143336,0,0
5.5845924845850625,17.43740320279735,1,0
140.8234738941404,6.640848202578184,0,0
664.9439977024297,7.839603618723551,0,0
96.9687889589484,3.6349948221178305,0,0
7.955344154956627,2.006588202367116,0,0
6.289008945167307,0.8982666879216906,0,0
98.20027252601629,12.521801316149912,0,0
34.87661477022617,2.184474474011309,1,0
4.7258154162401125,11.714260890795774,0,0
282.2925808285821,4.949136369817238,0,0
122.69094089076307,5.374687557404199,0,0
68.28543456586712,6.333275812147372,0,0
460.68345386430866,4.584047698479597,1,1
24.69108469957306,1.0604961661401748,0,0
624.3445096281949,3.70530215017796,0,0
75.36582709810526,10.898538382002938,0,0
438.5734271136216,10.9596898966969,0,0
184.73502413695445,3.371865217981344,1,0
350.5547102752768,6.163762066663546,0,0
827.1979192000565,2.149859502183439,1,1
68.04939297972233,2.361934337496321,0,0
649.534733191931,0.23316825037002553,0,0
98.68946593832437,22.70568632762163,1,0
97.39314464199204,2.3661724658939094,0,0
83.22042752609592,2.581671248112702,0,0
155.91869937877604,3.279506543623965,0,0
33.48147598237732,1.362872685020726,0,0
161.35792845831347,10.19605794180303,1,0
156.04835761790255,0.7811609738863186,0,0
287.0144276612991,1.441041463879206,1,0
358.7322095416907,10.349524469909284,0,0
116.1213863090131,4.1500136473128615,0,0
72.00274496578933,12.308228169935942,0,0
60.04134180842746,8.15144760452116,0,0
43.289165422024375,2.9574270297000576,1,0
11.87519156167616,10.521904997131024,0,0
83.84627968339795,1.236078573698223,0,0
63.01002134103379,7.687555644024446,1,0
678.7493564859321,5.747387494730084,0,0
163.15736993082308,3.118020788628684,0,0
85.32049910342016,9.263536883615895,1,0
173.72290472451454,20.50532211194819,0,0
29.977851500428955,68.16726764325567,0,0
117.41313468858058,9.358884404633397,0,0
196.82524115640226,5.186996667182299,0,0
134.23715419589502,2.5515951142546403,0,0
102.7589389711504,2.971885688661107,0,0
1018.2082527884921,6.528788973570614,0,0
424.57800004935933,4.577236597024536,0,0
195.31749676136155,24.512535914335803,1,0
168.50462407622737,4.593335062666052,0,0
193.86472866399086,4.6751806665004185,0,0
44.95700651715701,4.8375293918396265,0,0
100.55090433803937,18.116777906666115,0,0
8.051833273152042,10.520770101203691,0,0
129.0795258087159,9.52355441279677,0,0
156.62513675059492,4.066803798275884,0,0
51.68932109178914,17.032222295376588,0,0
665.0075943799553,0.39119134122534915,0,0
480.3808034797286,20.463718019452124,0,0
256.12990670475904,7.189777349381096,0,0
152.4508526131865,5.079135926196764,0,0
407.9967246365241,6.8749773023388325,0,0
28.002433815246185,11.00861407642541,0,0
312.615658285647,0.1284760468362241,0,0
26.665325910404768,20.522300083002293,0,0
316.18045343483374,5.919263672187146,0,0
64.52857995826852,4.200203024352991,1,0
419.26152519008986,1.4878492782997363,1,1
576.6311092700328,5.788642620326716,0,0
32.220685042921914,6.858196352817866,0,0
124.23065589182332,5.169219930759947,0,0
792.5304426285942,11.352558183533512,0,0
132.10015849747623,5.462741105691283,0,0
398.3557750530425,32.54958490856672,0,0
177.70180938484998,9.144861556606642,0,0
94.10632425607284,16.47544511832584,0,0
67.31384381201518,1.158103736323103,1,0
45.436110581677276,5.063212718510272,0,0
286.9274058433911,4.1075060393476495,0,0
97.72820856047518,8.427670456993338,0,0
143.1912531228124,19.740983706146906,0,0
135.5829490817818,0.8157695326880186,1,0
172.20859223471,0.7534313254465395,0,0
401.3529635826294,18.99240285519407,0,0
789.9381582671365,2.3933656082514148,0,0
104.70930804973338,11.04891726484123,1,0
351.49354837947067,7.8280525484299845,1,0
289.23247930051724,17.89124513099422,0,0
170.44215916893256,1.336330090288986,0,0
624.9275330395869,1.390126337579949,0,0
44.747374340890026,8.137755710278991,0,0
23.1414855639529,29.25808031949795,1,0
384.7776381785572,5.361395999127575,0,0
115.66029238949528,3.959239207269732,1,0
375.4227622065186,9.33155453200115,0,0
447.1539678574234,26.656892392483506,1,0
12.89865773751668,18.13562432872746,0,0
429.9123176140646,54.00042439159688,1,0
118.95707973368495,0.22827151427937548,0,0
142.84658164922115,1.1975038241641474,0,0
197.01699841706042,9.402447609114905,0,0
521.7747919129552,17.180060076229353,0,0
3.8602338731171684,3.358145321856739,0,0
129.57491278756464,2.733993420346303,1,0
232.77231962673167,15.463495017981055,0,0
256.5360835090209,0.5803370087179582,0,0
235.8771331422216,4.610560149370293,0,0
28.874591119061865,7.048336472616727,1,0
71.16237426195481,8.217733079230124,0,0
88.85642448186694,13.042173798349461,0,0
326.3747525573043,4.3826580230776875,0,0
65.3566298353264,9.485152715758279,0,0
47.323018247249706,8.8038180141024,0,0
631.4057737900017,7.932241247937975,0,0
1.7805595344570473,10.229946304174327,0,0
1225.7645987808173,3.0036100626345323,0,0
225.90997088735065,0.8844741150431102,0,0
352.598603287674,1.2700606841010331,0,0
69.80355170098413,2.5435353367055207,0,0
2.8837459476023044,6.935431299831438,0,0
267.7825756869401,18.35352490411513,0,0
359.32778729868016,12.082932643813793,0,0
269.7813207096188,15.56089601000968,0,0
30.828536342044337,4.322850035474703,0,0
280.0201847208508,5.186120958927265,0,0
293.0006695456033,5.003504900363955,0,0
214.9052494663762,2.1303628278197464,0,0
290.58594513848266,0.6317055924404736,0,0
374.058534935761,8.938349919684612,1,0
190.1785648625861,45.297551003910456,0,0
18.55571447898315,1.8251722187543364,0,0
133.74079675752444,0.47809705870031904,0,0
16.165959314865066,15.12001276159639,0,0
104.69540696506705,2.9113603944710165,0,0
104.54809461012621,17.69863771303441,0,0
13.657876114710152,12.171818848236033,1,0
85.79399945987613,29.127438236266208,0,0
23.5311809756145,5.25816148607665,0,0
330.29714201509603,10.84620155085518,0,0
590.1059970123997,6.2521713118648234,0,0
15.012926746491154,9.958446142528844,0,0
620.7312468137371,5.971080047336873,0,0
147.87030987775222,2.0903387071022874,0,0
71.21093525572041,7.090680801656102,0,0
15.995324947914416,7.520147749081377,1,0
138.87929935427871,16.63914416600045,0,0
316.47697803952354,13.29992313521503,0,0
245.57557155672995,10.90024144401978,0,0
10.306245899209292,1.2034680179467097,0,0
15.139164811650495,12.75169139742147,1,0
103.12518624321754,6.937576795855877,0,0
69.99392187600981,22.45255645894845,0,0
52.89321834651191,25.24116620948151,0,0
65.98003569110233,0.5673606955938906,0,0
325.40100623134316,17.183690192639183,0,0
529.6585189086856,0.3842631481079194,0,0
103.87329683550672,4.575528638308111,1,0
473.12841364857803,7.815412780585681,1,0
77.57289281144992,1.6028706739959624,0,0
129.41957719790486,13.71657258356797,0,0
51.24417419455772,0.08389800328416323,0,0
204.5948923943089,1.8464310762977918,0,0
772.4667935952644,8.693995836314652,0,0
185.0123651620192,12.531194991754015,0,0
88.57548572133683,24.846239220862376,0,0
208.72112369509676,12.224649073120752,0,0
26.231568850462132,11.140689403916667,1,0
439.03168713326124,5.014383992007869,1,0
139.86683644064692,0.012852511082760289,0,0
119.33108238122037,1.2801436372392159,1,0
176.31255210799208,7.64760363686965,0,0
196.05061063036538,11.243298252853062,0,0
14.896397451132994,5.403373144728948,0,0
229.52934590487598,13.118513450622387,0,0
55.39635317830209,7.378565029000956,1,0
250.3195722539067,0.7707133846051177,0,0
345.7961427963438,2.132133332473975,1,1
325.8857891990959,18.325703590846103,0,0
160.8161806149805,12.906669466377693,0,0
146.86463600932603,22.515307037607613,0,0
30.83452699285018,1.250613638040742,0,0
298.63890152748564,46.27674991619463,0,0
63.3286538217213,2.3497162037662496,0,0
137.31195417994454,0.11849808769170841,0,0
66.89159933274841,59.611056974379686,0,0
28.73443898145924,3.299966879393366,0,0
198.61151469518447,11.026789036875222,0,0
11.172751945183274,1.94413143281258,0,0
276.1779855836161,8.680448400777337,0,0
76.4239865107793,23.437715961745038,0,0
0.026940415280534744,3.859289389976945,1,0
143.13138256088905,11.094325452113408,0,0
9.596998472250435,2.0813621286178843,0,0
64.63962198195594,9.80283798382421,1,0
245.5004851186646,4.1015160030399285,1,0
12.948160931765356,2.372529455608322,1,0
365.6911128429573,3.7568601562302826,0,0
0.7654474392792113,1.970386054481221,0,0
56.691234618299106,23.21932124036366,0,0
270.1113692622208,5.061480578498503,0,0
76.03847902394995,2.814075385413299,1,0
21.4930765487587,5.9494634820378725,0,0
89.3305335129616,3.864512724240954,0,0
63.04992769775121,13.642168872242078,0,0
369.93522742740583,35.480715158700065,0,0
75.18550905876795,5.7631331824412655,0,0
311.11543154627014,19.735216622952034,0,0
444.88818154080565,8.343952959304305,1,0
113.76773450865927,1.7106791533506651,1,0
481.4628146322393,11.731938473628784,0,0
94.7438821119032,7.203837453624749,0,0
665.2833904337432,10.515565513251069,0,0
18.706048362472302,22.04437239303356,0,0
232.32272893199766,5.805948155402273,1,0
136.17023364623066,23.144312142180233,0,0
98.08986275250263,13.88974005288231,0,0
200.32173348106554,6.706128483145469,0,0
243.38262852702485,9.243786905558201,0,0
0.8745632983492825,3.939038959939744,0,0
36.5330644742418,41.103093076305754,0,0
249.68670625373326,11.006678891189939,0,0
219.55377703349447,0.4483718262753379,0,0
676.5585882081083,3.9544830285260018,0,0
286.2899715513481,9.763444813417175,1,0
602.2614176753758,0.5798222368907986,0,0
242.4954405754175,0.24174043172858026,0,0
70.77924980065296,5.978810735955458,0,0
22.26787564240718,4.045008427005238,0,0
304.49051522289614,5.767849013146609,0,0
206.64875949040498,3.047513402178592,1,0
9.877130890308399,1.7998558363654733,0,0
89.27319174155141,11.684234279959815,0,0
628.3821025088229,7.2272248244927715,0,0
138.7899587976701,2.2333633395729797,0,0
113.3836750145098,3.8505887810498933,0,0
122.38703940999977,8.960174008256985,1,0
46.86181185051916,0.7497071927568316,0,0
91.99709051183403,1.595269502481864,0,0
92.34781689040747,0.7606669362010111,0,0
10.755068147219562,16.730026822966664,0,0
291.83119432261,13.959780297071188,0,0
107.74368453275396,13.996346762745924,0,0
345.3965679565796,12.599272731140589,0,0
379.8885375477715,11.068020040344111,0,0
47.649928870812495,6.481583568687649,0,0
214.2111846942619,10.27999587633613,0,0
127.83857155214864,0.39116735538634473,0,0
424.31410786047195,9.714452148991834,0,0
48.603109393259444,15.045271728263058,0,0
226.52475567668895,6.938641582958457,0,0
187.17225956861802,4.424092070617669,0,0
69.9970390780318,3.2493645901694936,0,0
29.375648496137508,10.294651695317697,1,0
210.90363271708569,11.802601795062994,0,0
268.3387507570942,20.476917423005666,0,0
75.85053813203535,4.190582006971966,0,0
207.03321253609963,14.68686491865232,0,0
100.5486441162735,8.24066728027723,0,0
249.7988341665501,21.441848042284413,0,0
44.4326251412142,7.503782969627992,0,0
441.8462790545983,7.290434688100399,0,0
67.76969854692375,8.624587311524273,0,0
91.70546303766778,13.835595247660255,0,0
11.969524568741218,33.43602629837865,0,0
23.64687527134227,0.7640961575208148,0,0
145.07701759768122,0.5491521657386788,0,0
62.28369344514492,27.733944452648338,0,0
360.94490154940127,7.54757992728456,0,0
2.9604811388883414,9.542600662026532,0,0
95.31513113094144,6.58598134970175,0,0
82.3003222683286,0.9833795676655568,0,0
3.9033703339754227,14.614032333489657,1,0
26.56196466091774,13.752541099450799,0,0
106.7651810951491,3.7353531523643566,0,0
135.7954438467984,3.6562811166817646,0,0
103.60017664794438,18.191802925722246,0,0
151.40392750266452,0.7510859633258703,0,0
180.83867759270336,21.295157761098807,0,0
1.9946780916305435,2.966040080112051,0,0
124.75973399332378,8.989046194394787,1,0
662.0844442019277,27.487812466612244,0,0
146.39102431696512,11.335842453780183,0,0
226.3566426447793,5.351692268984365,0,0
74.75371593797607,11.696815572865837,1,0
297.4364261341995,4.21563448319192,1,0
296.491885297936,3.247035430503171,0,0
147.33458524055132,57.08778313507593,0,0
746.0555169071689,13.89460292114004,0,0
26.832081456874977,10.348490043353156,0,0
3.41858401169344,4.389541222984246,0,0
294.07281679195654,0.5041034656919646,0,0
329.17426161318923,0.3154936441274069,1,1
25.61377737569413,8.078428119174566,0,0
61.73561286960697,14.356220981197229,0,0
3.5416465412930003,7.708475462878866,0,0
69.43224317033132,18.375002407412463,0,0
296.6860904256224,0.33997969868477945,0,0
145.945855114414,4.568932691044495,0,0
85.57146861866832,2.705895077519065,0,0
92.96001263187308,5.9289101263097255,0,0
0.27090853886956295,0.7512922458664466,0,0
71.27800478224141,30.819797584795985,0,0
207.9510173121035,2.526436841536394,0,0
731.433090857036,25.55000097189736,0,0
375.5429997249382,5.549397589335895,0,0
4.7755566831033,42.35272378574325,0,0
457.6587498444518,8.07567240150137,0,0
305.75453814203047,26.712294450021243,0,0
303.1677696697999,0.053633457543027584,1,1
122.4962905712892,13.792742843437589,1,0
101.50132519903914,23.33566633804206,0,0
72.1697939964626,1.504980203928479,1,0
13.590438126854174,1.0106514479934616,1,0
51.8151300866055,5.526422224388531,1,0
56.63276170018666,27.132472745175228,0,0
132.35957691187338,7.817304691346432,0,0
275.22477652134313,7.496253960215274,0,0
128.41851772313098,1.5213318768305817,0,0
11.916978012496816,0.007898229212405355,0,0
633.0186808793513,16.614687984884704,0,0
571.9758324704087,0.9164890972579918,0,0
307.59984714558357,10.047116984193948,0,0
949.5288966719887,24.606018725738977,0,0
157.26415532925796,2.3401734879397855,0,0
658.11921595658,10.944395155187756,1,0
15.723170689833966,0.8196801799436331,0,0
91.04057992925537,9.257229351685648,0,0
51.07686587971821,1.7904499573158055,0,0
43.58968491046164,13.316302841661905,0,0
30.351397474217002,3.584354853454127,0,0
194.79119447839622,6.224855852693554,1,0
304.03085822463197,9.148680993648819,0,0
172.69146453916534,1.8786498604544335,0,0
31.790403133565032,13.533928746642413,0,0
333.33266916293087,3.6045399074517204,0,0
202.0953976434794,10.858101663950313,0,0
98.25875895555617,1.72311485981935,0,0
224.2515314134136,11.651292751384503,0,0
60.19533891974342,1.3718155816390767,0,0
84.68270689879257,5.540054239732568,0,0
498.95708039254095,2.83963758940748,0,0
68.6402265780928,13.798163862921516,1,0
126.97122742597884,3.038588870877084,0,0
441.7117608523501,21.346778111374167,1,0
246.00953036874645,22.239607267523837,0,0
12.844402494814549,2.1870506003449512,0,0
31.870212680931154,9.51518882941395,0,0
1.574499544794723,0.9180573344780919,0,0
199.3493413602983,4.968193373559306,0,0
118.72315740204675,12.49394700737991,0,0
28.8375601180207,10.771147657250166,0,0
633.7036686630445,9.800313565001147,0,0
150.85977092569254,3.3203928580987805,0,0
55.38622606184095,4.74855298678322,1,0
138.87101041050312,1.0863937937254957,0,0
227.64970525465125,12.69481824453701,0,0
15.860426954010162,7.009551773686839,0,0
64.23503531701857,12.336269488324906,0,0
328.9772604701704,2.8627443004121678,0,0
123.11314431146944,3.922106803668539,0,0
158.1860255211607,4.067889899433012,0,0
113.41430336046226,0.2607954392604194,0,0
8.978541780031406,4.1710439177790075,0,0
36.24437948503873,16.26098805092992,1,0
117.95271348445522,22.7592851512216,0,0
46.9383616498048,7.302642045424847,0,0
10.25424390722537,6.078904499642351,0,0
371.13120927748616,0.31309691414143165,1,1
794.700220639048,21.136549012898634,0,0
315.1453873135485,0.13095587551408344,0,0
384.5353204538956,28.958883903538677,0,0
55.40834454184227,6.718089656039678,0,0
646.9348709717576,4.184507987741728,0,0
43.861609368275644,25.799002196416588,1,0
604.9490636404104,0.2469338052851552,0,0
1052.562786397859,8.708989424757013,0,0
248.7665563369364,7.961383375868713,0,0
794.1819778852893,2.4759045814479714,0,0
168.58007251188124,5.60168945761876,0,0
60.0972144984639,10.563117248883726,1,0
114.89366859856192,12.98764173969264,0,0
180.06425275232357,0.007171157726430868,1,0
15.177940442768776,27.622967482248143,1,0
194.7539206789902,1.797552993225995,0,0
794.5440415750777,2.6602552319201394,0,0
42.170788223066744,3.058099890027934,0,0
314.616487231249,0.385538775516863,0,0
476.97344779025144,1.3130772234466574,0,0
575.4178071784992,42.94010112250766,0,0
644.4543388896398,3.786528957168575,0,0
147.40294441139088,1.2250790693285698,1,0
757.1477569718712,1.131589122348449,1,1
283.1942447448347,12.71038846448485,0,0
35.269034896171256,19.28051221508926,0,0
129.59656642766407,2.969950364710894,0,0
253.40465578425037,0.2113121205612556,0,0
56.82841999595918,2.5243078918109263,0,0
204.67231049227058,0.5817554472703613,0,0
219.68274910379256,1.0913979997587562,0,0
35.51450875970192,5.647682488269562,0,0
166.5210775417316,2.6125875788525885,0,0
295.3549264082792,7.255585572885687,0,0
138.1881890319872,2.9235129399663173,0,0
2.4353911775400667,28.224060723135885,1,0
1.815912770180857,23.638645884099564,0,0
88.33123836402135,8.365698567765499,0,0
521.2632354104803,4.376123250270115,0,0
51.92955419278339,4.798873236872913,0,0
201.223225011044,5.307771434917429,0,0
50.225255946101946,13.004077976573376,0,0
77.62427370931114,6.008214416246606,1,0
376.83034035082505,19.430239436972748,0,0
261.0250611252794,28.840976282221654,0,0
20.052324607333798,4.093920384848343,0,0
111.96887015603572,8.2256016576581,0,0
5.920731960450428,0.9988280887183774,0,0
131.12795092716115,2.2373003296890794,0,0
217.19885337910912,5.3352424381136725,0,0
25.226650687391682,2.3092716003204448,0,0
68.18420646540689,20.920040468644743,0,0
101.44529685657007,1.7231529410986957,0,0
503.976713659422,6.081827366230906,0,0
999.7912151804702,9.306413118003238,1,0
9.190212436336548,11.772137369778182,0,0
286.2649760601149,4.829986920726029,0,0
92.9551648610978,20.333144916892106,0,0
99.66685537683462,8.400687394105782,1,0
280.7002901990684,5.7893991782862635,0,0
501.2499985674345,0.6960802571127356,0,0
602.8957573174412,6.249082676593252,0,0
172.13458868909274,17.1889481135695,0,0
88.3598001298828,9.53320494289243,0,0
309.80886191541975,17.84758753894771,1,0
57.80362845575456,6.812416743861647,1,0
166.0565681903547,1.26086835200115,0,0
88.81368237533071,0.1373372315865824,0,0
213.78996459755876,3.6128490595928575,0,0
54.99237377770193,11.972967107731872,0,0
42.53791345688852,15.618861525884448,1,0
500.79119635793734,3.5062589725374753,0,0
21.473323740758357,6.844925816430612,0,0
141.02691168196353,5.4665818421564065,0,0
49.91105377810502,5.285192100509374,1,0
7.94159874277333,2.631178755211772,0,0
7.33670112226542,1.4661212215811548,0,0
38.52814869166537,2.1901279244708265,0,0
403.1361963741445,0.5692214580874584,0,0
66.39054133360989,2.2080970413492897,1,0
600.9916225071519,0.09243487327556363,0,0
174.27412983477274,9.868698625086962,0,0
114.75812196301753,3.8034635323811745,0,0
173.54242023882065,36.172925100823214,0,0
145.42287179901732,2.1532054445299407,0,0
284.40607370986964,4.2438583696479215,0,0
66.39536967974529,4.429195894483672,0,0
87.09737450452532,0.08487412463357721,0,0
449.0412454761041,18.27643382661033,0,0
585.4522233888301,0.3251746873053621,1,1
446.16124583946146,28.16412462983105,0,0
108.7551786994988,22.263127249908756,0,0
303.15809831030543,7.668409039424598,1,0
129.38090248233632,7.843759654042603,0,0
137.64778998947392,10.606748686491814,0,0
45.80217334320902,4.894719319123584,0,0
178.87175271479882,10.419171184028233,0,0
41.192375494866155,0.45801442972302786,0,0
80.56313391458367,0.5556305723331473,0,0
386.24596905807095,6.110703946322649,1,0
46.405531982620616,7.976687173834806,0,0
14.763387400605254,21.8762952049863,0,0
14.300831413790927,1.1055245258666984,0,0
565.3144586567092,17.296184101730073,0,0
141.41694690315992,2.35782255939255,0,0
105.32734996033275,5.010133362853076,0,0
333.0732083323666,3.8067850212176846,1,1
361.36559977619396,5.110844453664099,0,0
80.75062481257753,1.6310203838164474,0,0
236.58455543326977,7.003129422221013,0,0
294.9139466118524,16.176847736642596,0,0
212.63977446944412,5.825615582606809,1,0
32.879450205609864,6.745483675539895,0,0
417.30625654838957,18.889374551533777,0,0
154.91247211418477,12.243732000193543,0,0
66.38878038808875,6.742359475352347,1,0
110.75643223755362,2.979959422719944,1,0
7.659015140540455,21.62186369450245,0,0
27.3626231693328,8.60431332045955,1,0
290.0998147024281,2.4993373772953253,0,0
0.002326964610086465,3.1350565295060506,0,0
107.76473004265421,16.252273569066162,1,0
147.8424881867746,0.4514963912146639,1,0
11.236713831299383,48.39904024537674,0,0
722.9635072557551,1.39666378613531,0,0
51.26906903662256,15.899712503764384,1,0
72.53823522683403,5.021555126578649,0,0
72.46460494479172,6.776994796315043,1,0
52.38120604507893,21.256997646218885,0,0
0.2949818460770116,5.325791751793214,1,0
261.38191421493747,7.710952165494716,1,0
681.3153637805498,0.5055636852009737,0,0
50.7962060888422,0.023502335038611544,1,0
217.56247869211745,2.8077249598577274,0,0
270.87878825612484,11.412581107222962,0,0
377.33544560740694,1.2927178434698874,0,0
109.85411587744511,1.2076969494142404,0,0
72.17414841186984,5.292622181711275,0,0
78.69598386292708,10.436612520169055,1,0
249.39090719848465,12.450448031777618,0,0
339.41295012601057,1.965632996048391,0,0
40.084226328327965,0.8293404321158143,1,0
92.70604799335608,28.200499401347606,0,0
464.43554983540656,3.020060154687301,0,0
328.69567374587416,19.196826011894057,0,0
838.0619077364752,19.913680323465208,0,0
280.68668766400816,14.807043499728902,0,0
99.90962457673288,1.8492527150218663,1,0
178.6310046599916,17.248569528353002,0,0
216.35944408258484,14.664228291842868,1,0
16.340911090966223,9.081315837021629,0,0
157.2705772704821,4.112850639971361,0,0
247.10702467136554,3.045008576383135,0,0
36.621486062588936,1.2998251116649586,0,0
303.40066119482236,7.128542289017164,0,0
175.30479342938855,8.801055720994963,0,0
608.2371022221027,4.452548083085067,0,0
8.6696821044225,6.450411888228547,0,0
61.6657205618876,4.517935750985179,0,0
184.03659903244875,10.244497633958183,0,0
70.35451382092704,23.15257123057854,0,0
250.6495320377518,1.790312901192286,0,0
284.59605298196954,4.803106605123801,0,0
21.631989207718817,1.5183340472694713,0,0
144.24944870901518,9.806793186733263,0,0
142.2176549979631,13.05158747459008,0,0
92.17889523745136,26.86965052433213,1,0
540.3883667534351,3.269385239922088,0,0
351.47893602561635,29.999653376498543,0,0
238.94274834967595,0.6535236883050113,1,0
250.58124076510992,9.23853919218499,0,0
123.87384884585518,0.5882974786911833,0,0
507.6476151424076,22.42188146617884,0,0
237.2235826668418,7.54616405226837,0,0
261.11331547105664,11.066898770099886,1,0
395.65285417431437,17.81258354898527,1,0
64.0607753857549,1.6288443450302572,0,0
329.0865070249198,0.393559467125861,1,1
43.44238637980665,21.109829503091223,0,0
84.72844883320289,3.7823896730845674,0,0
81.77732725404557,1.3808908649535547,1,0
768.1775244505232,6.319791526968982,0,0
388.33593527448846,9.120648626902552,0,0
241.5759931969776,0.31460330526255714,0,0
259.69828468404285,3.2143971483750464,0,0
165.1405159368262,0.3334984969489593,0,0
587.8351061018403,5.4530559993048575,0,0
137.13850826421117,22.547480406651893,0,0
95.77423313643418,40.54301773233226,0,0
35.594685588030345,10.13483454686121,1,0
308.54814357662394,1.7630492561569118,1,1
265.18585639444046,23.62859544869755,0,0
97.01696856981685,7.2618253480343355,1,0
5.103240190878215,1.6693964187907646,0,0
365.26686322212834,25.475483400285587,0,0
2.296733820852711,14.16625950863978,0,0
243.2764161320476,13.156691740848967,0,0
703.0330315879623,12.350531799341272,0,0
115.13019832739178,2.2356841792780147,0,0
53.56893620974138,2.3699743942384615,0,0
244.06855282395964,11.65691629924246,0,0
339.7939202018651,2.4810597387896505,1,1
158.1212726377801,5.774493339386872,0,0
682.4634472806166,15.232685905122473,1,0
10.610277608512328,15.322570718345371,1,0
140.55693378571473,6.037851514830622,0,0
253.4918494699556,15.711307812546076,0,0
397.0306984861358,18.24004576863257,0,0
39.50871203199098,10.635610768293557,1,0
321.8910642808085,2.593225033180049,0,0
160.90831747996597,3.2022149071536483,0,0
101.01963870055586,3.7810457768796724,0,0
28.247062022898543,1.2420825443700603,0,0
400.93474212085096,3.190483858993221,1,1
34.2224927752622,2.351139418092652,0,0
74.1512556444865,6.075728769816227,1,0
68.51088810554417,23.907340026079105,0,0
410.231520740062,1.1035107754867992,0,0
223.37744914522588,12.739230051471193,1,0
318.59621166212816,11.62456664902017,0,0
57.66122643864525,1.0065405141573611,1,0
196.09871499531323,25.58412036161807,0,0
169.6077524245072,8.404233491125812,0,0
357.7492548385835,4.521252382004189,0,0
473.07742024201485,14.127968027941124,1,0
2.4462538817942496,2.9755122391428546,1,0
224.1838001779072,11.825696188886853,0,0
10.645516809244548,0.4052121431358122,0,0
159.1949214739779,18.288885261021615,0,0
67.8323341139772,5.94516786085149,0,0
73.28059290589238,10.125068363887227,0,0
87.06896993582343,2.500495683051111,0,0
194.19820102765223,11.303311943687849,1,0
81.3081269565668,14.794640473464069,0,0
263.8760207985537,6.409593414771889,1,0
103.67997575476583,9.616200672882002,0,0
14.160301282717757,6.0940533634662595,0,0
306.2731297166667,22.45178530714009,1,0
67.30677859034276,6.888945966547784,0,0
113.39698253218857,18.439502759149992,1,0
231.31855740636516,16.16221158065158,1,0
80.83004173809955,5.284887377461411,0,0
11.649940764779618,2.6147449984018234,0,0
93.65575857042947,5.210142394823565,0,0
578.0892498336065,17.499500468404634,0,0
205.29613213422243,2.582948523333513,0,0
222.6309937390083,7.4325453814914075,0,0
200.0878713472277,16.403959451400205,0,0
44.37690358575452,4.361472401217594,0,0
108.37172910217845,10.27808042319149,0,0
278.01212761973477,2.8187440173177896,0,0
21.377424410872727,1.157245318690301,0,0
65.105249928659,15.817460221423708,0,0
64.6809482616204,1.0421519779447201,0,0
113.13343680919618,3.1660485956979327,0,0
786.1264266559311,19.31776455906584,0,0
13.977771699224597,4.253657494379234,0,0
146.25331374118946,36.13599436742468,1,0
39.53529213510226,38.98827193082865,0,0
705.8735170451547,3.123519132546257,0,0
24.0505050311085,0.4184149554516402,1,0
103.36907535594774,12.209944683857081,1,0
267.7943764735416,5.996322524348278,0,0
243.85412974063118,1.0619735900198164,0,0
109.88856460398193,12.293686289535914,0,0
85.08994578636408,0.31671188143780205,0,0
101.37083028682518,20.41734978059086,1,0
61.38011765400787,1.4925728931430957,0,0
45.9664085742675,1.3617703639482335,1,0
131.95783837367603,1.931871314929461,0,0
62.54084119078702,32.25557056976925,1,0
67.78431292674276,11.814593456810876,0,0
213.8627798766368,16.16319211677688,0,0
691.7907138612632,5.068916814286077,0,0
185.08506538853345,4.099442156074044,0,0
16.020759771989017,2.6720517159208876,0,0
15.718534897710216,6.551734528630516,1,0
604.9219314864861,8.025798284034476,0,0
70.56242294367189,9.990606900095816,0,0
19.31693526416135,2.9721874092660454,0,0
182.7810095517648,29.69169818073171,0,0
195.44649426011676,1.8603865449839616,1,0
209.11185616462635,33.71245688643728,0,0
62.23163933391319,0.14967579956715032,0,0
3.045202776978223,6.560936059113805,0,0
670.5692882415926,4.055168666224573,0,0
57.77470190385316,5.9624447664146825,1,0
225.41858048923217,8.455167983753846,0,0
245.26404489001524,5.719728494302032,0,0
188.32551163836396,5.358816716561955,1,0
75.05723969681785,13.194712594248381,0,0
63.242718206513196,11.579683422956272,0,0
182.09567264407178,17.913872307324883,1,0
402.12588349879803,2.876273822666438,0,0
586.4903921885126,9.404003207007039,1,0
22.38882903148543,8.799462313288645,0,0
33.643169372619404,4.616193729546584,1,0
579.1276519397838,6.6564396902076,1,0
266.76712276174453,3.7656012631655096,0,0
429.1057132688894,1.5296984117820256,0,0
45.28795410999841,2.4054560588710796,0,0
177.14545345294178,1.1150563204822759,0,0
241.55573711421624,11.490730092891662,0,0
227.95679726983553,10.809513446366658,0,0
104.90098230078868,30.07933842456464,0,0
3.1029246928829948,13.081429681679047,1,0
174.89835021813425,0.5344913101444707,0,0
58.365206475702905,21.562808929666385,0,0
119.65987466954007,19.854060863241607,0,0
632.0318519001087,5.857652866552296,0,0
101.84382219394243,8.815585640314227,0,0
366.26845470288833,37.329706396421834,0,0
41.78418623425931,7.599375447367722,1,0
223.22932289259452,23.57271805634875,1,0
754.5126951371329,0.866900734969655,0,0
21.493235284125525,2.1202047857571533,0,0
1.6709492250489715,5.811675180632463,0,0
113.68487136501378,8.788909263782433,0,0
19.439999147722,16.94058614072841,0,0
275.97051057915223,44.449336463324144,0,0
491.9616465792632,4.924152993818688,0,0
113.83965114424754,0.4857660492192068,0,0
59.87311649906385,16.153126514474884,0,0
113.9748065066691,9.273029420057071,0,0
257.0711503912119,2.2132378168505036,0,0
1.819079921445722,6.828572175297412,1,0
178.0534544578956,13.559989197149651,1,0
190.01691557042915,14.714679532615204,0,0
203.05004827063357,6.923842956281919,0,0
55.42020460528032,3.6415215751212617,0,0
250.38956652646732,36.398067408554866,0,0
19.1681911211672,10.887489248335706,0,0
44.44637751787968,5.246499397184403,0,0
419.8799523561042,3.291476409722695,0,0
268.4349417290659,13.134268091253471,0,0
2.7681797717852965,2.7731393528623975,0,0
57.10388529673616,1.8839193105909717,1,0
48.26315485169453,7.546692189786288,0,0
63.16318285385556,3.424725522651899,0,0
56.88674289142449,9.912975749934077,0,0
12.91331406466294,1.2549369577136735,0,0
122.84521106842709,10.640401651212422,0,0
263.9017793398541,3.33093091564951,0,0
186.65265313898348,0.0024296394786243697,0,0
223.4805468606294,1.3574648146529475,0,0
16.926299365638993,27.122898432237772,0,0
605.1999913268028,20.200761716097016,0,0
364.63991463165786,2.660628374108968,0,0
327.04379989763953,15.067545476034818,0,0
346.3028107309462,9.379526491728754,0,0
539.7502386392767,35.37179023406595,0,0
157.16391357000705,4.677751693624183,0,0
44.69922715986941,11.440091460496935,0,0
191.83109135951565,0.6564390243194452,1,0
271.6436372469671,5.045906795180224,1,0
267.8191064746801,33.191841573282005,0,0
147.39850823934304,7.743157497530402,1,0
14.182954717407414,3.395081449998449,0,0
92.76071815125889,1.2814133157086123,1,0
507.07149174065324,12.15803647512411,0,0
175.62994227461635,10.352320602387167,0,0
154.58182760697724,4.683070110826722,0,0
62.62828971717277,30.147387958888547,0,0
91.91529071062944,0.2245300569573935,0,0
451.41929201180113,3.6200893244129335,1,1
219.60032354921304,25.391873869792093,0,0
309.6563586149921,3.8703907246706444,0,0
121.1538292842597,2.9069037132235094,0,0
198.98413147100436,7.640427394331647,0,0
57.10584063926763,17.361454969739714,0,0
244.46865612079685,1.0886304332876566,0,0
111.58391226447246,28.650674042850536,0,0
116.87488398079505,15.85100881012118,0,0
209.57755621064075,1.99976804156757,0,0
550.6533094219477,12.448224422774432,0,0
13.229316618459816,4.860658957654,0,0
348.30063304143033,5.146574191867483,1,0
69.17048962922712,15.291956513135993,0,0
117.36842584557927,32.910382134558354,0,0
4.4313983978938785,1.3542561163620603,0,0
71.63409171392776,5.458143815444117,0,0
139.68471229352585,6.557388936367703,0,0
11.563130569591,4.721047421663407,0,0
135.0990707127949,4.512825650064632,0,0
523.7624902249156,0.5368422149462849,0,0
22.274201418164914,11.568940102633196,0,0
289.15854234776026,5.730812719665113,0,0
105.41507215946501,2.166568885793622,0,0
212.94290182402463,16.93001615679946,0,0
60.28497418291304,16.223243275329693,0,0
34.74982407903666,6.662942262892634,0,0
34.98085402564379,3.5446404855261187,1,0
14.619961320134337,10.163672485770086,0,0
41.07219673553782,3.3989106424633686,0,0
218.25945275726642,2.6919786987434784,0,0
426.89043045163896,13.112412649772278,0,0
336.5369125322815,0.4116084329900907,0,0
231.12182232729143,0.9956453489097495,0,0
23.403834762126298,0.06811318475385712,0,0
68.26930429688593,1.659875103994546,0,0
74.15676594319271,0.7148526998011966,0,0
57.52493385924038,54.73234669787087,0,0
144.72361152346537,3.4081561337632875,0,0
153.38191658796882,1.6165813851906297,1,0
88.28664758345155,2.757485714220042,0,0
87.32588975696642,27.508361782890578,1,0
352.6992501954175,7.343030287706335,1,0
311.45720325381563,4.5384385860468335,1,1
73.57486519134075,20.666552984773293,1,0
490.19020970056664,5.0251073934346895,0,0
610.735918769201,4.0798112556375274,0,0
79.12549395755805,2.3228839138124227,0,0
87.5227614248373,4.744885899180184,0,0
140.89589115417203,3.8079838270690134,1,0
566.4535208962706,11.31044449284091,1,0
418.0106221785574,3.419027416978407,0,0
21.643577162810853,8.60855425228811,0,0
99.75660004680952,0.6816339241982184,0,0
161.20548629363475,2.123138506563083,0,0
139.88636655681364,5.232445396151938,0,0
43.100332001635486,27.638153833136315,0,0
391.5393473911706,4.736133134690905,1,1
225.98392763761134,10.908647421634592,0,0
363.91870325988816,2.944881445323355,1,1
391.4650013610856,1.358581843325942,0,0
275.94786143395027,0.6031980586259154,1,0
115.68196944761544,3.6443857240944433,0,0
188.60229188540995,1.7157276475250227,1,0
34.95769781466068,1.9117315447108982,0,0
223.95416244991137,14.30285155934479,0,0
39.50813787878043,0.15964833420840074,0,0
236.80109074049525,8.16015909363333,1,0
52.168606222012926,4.7716743710175376,0,0
25.010924469232563,7.063337421787875,0,0
36.1328637886097,8.274336861295934,0,0
0.3988244319421252,3.759563475904505,0,0
253.6948823692528,3.4971189970148355,1,0
263.6531741967603,13.220128080016696,0,0
144.69379492541023,20.500923778859026,0,0
35.195417368150984,2.139133218234481,1,0
17.45050030480418,1.0271818805457007,0,0
3.8628584634299328,22.80782568708252,1,0
36.243995223013584,4.306221038655853,0,0
443.01658142992693,8.014395246358925,0,0
55.29221063236709,4.455735206011498,0,0
87.47517492021876,1.3444876910974437,0,0
22.263530282193344,8.89969312236649,0,0
50.29865293233661,7.447370489625474,0,0
146.4710002038329,2.2689251890863744,0,0
187.17254553234795,6.012410509701796,0,0
56.30085598475739,15.942907324636526,1,0
11.893142557536308,8.926379355783231,0,0
99.19819700467517,1.0194117612026534,0,0
53.36772835701117,7.941206605223793,1,0
49.57792589440459,12.131423809886034,0,0
643.0903523012014,15.736046889119848,0,0
191.57910963019935,9.91870190148079,1,0
162.78223038618904,1.6565108197099514,1,0
107.49385471559503,12.38472005559095,0,0
112.05371689269441,11.311618632057318,0,0
155.69962540396327,0.24730168309727754,0,0
238.42848338476102,5.3059928638506415,0,0
242.23043366700918,4.048906435880678,0,0
37.67450324524554,11.06882586256354,0,0
138.67454202861677,2.4351950362619594,0,0
106.19141333481446,8.93727025197345,0,0
408.8565306533237,24.442173441697935,0,0
199.61891354474199,15.985097044557223,0,0
152.0729257014458,25.441184069287168,0,0
24.522731358721373,38.39979914120606,0,0
186.09714582654715,0.10727461016831105,0,0
24.932205761069547,9.748240573536343,0,0
82.25838287374609,5.324568982088197,0,0
30.82659445348505,19.65074041378884,0,0
235.5789276632577,2.9010460709960646,0,0
46.19787837588928,39.64869564194697,0,0
99.46982593233696,9.511616399750737,0,0
452.048424177426,15.77636007580913,0,0
45.71072774603071,0.8948667746268846,0,0
141.77608589899378,2.0267678769223476,0,0
108.6944413268481,14.204870159931824,0,0
3.6580586633130303,0.22231827896392956,0,0
314.7737268911849,16.97602604565759,0,0
14.3090623058744,0.14047220535551225,1,0
128.58780291350485,10.703713614170391,0,0
164.50466418653056,4.5427819690545785,0,0
198.00169421281836,9.454488601481732,1,0
233.3557192114379,11.908308953772053,1,0
58.4109593843989,4.19272826189959,0,0
2.0057796729096085,1.1424704875779252,0,0
257.0681451978797,0.721899779484894,0,0
153.42618257453887,8.89006413735262,0,0
361.72136226257703,7.353354282585661,0,0
344.5082910662892,13.555751028413152,0,0
370.7178272935842,7.128102580016906,0,0
132.75444019965389,5.489529709153086,0,0
81.18155996739767,5.076426585058242,0,0
313.61908516638584,0.2680291287112042,1,1
120.03854120645411,4.088064868466333,0,0
40.5315149430858,37.305416983991,0,0
386.1684754346913,20.67952405115221,0,0
428.3653329669396,3.995497390044153,0,0
125.5879352009015,8.862354632477158,0,0
15.743657937591571,18.79258754185018,1,0
98.14777400702991,5.820966897077566,1,0
325.45690344988765,0.18121062943484756,0,0
464.0969246999534,0.7743245099642984,0,0
45.49878572401702,7.1415168136819185,0,0
13.864359120726947,34.88042885438253,0,0
419.68484056082855,11.815903123810303,0,0
98.66425748892519,0.7355633050057403,0,0
156.0728637874271,2.099323002135541,0,0
688.8156241058423,14.754453777256531,0,0
13.776731471825467,18.416206945030478,0,0
209.00558839694995,9.615354772201922,1,0
15.398979618024994,10.340139339044647,0,0
94.15083927944033,0.28746705975884024,0,0
325.7389738244296,17.6334846865214,0,0
113.645836855904,15.52467999388228,0,0
1174.3706919921867,2.998020827505302,0,0
163.76896911154145,12.333217004808784,0,0
77.47459817892948,2.418863636046366,1,0
49.720819000734004,0.411659714355243,0,0
86.31681178007634,2.245652396723264,0,0
93.21292705875123,1.9678023361003218,0,0
14.237701252529009,4.1210912589659,1,0
92.27196279414429,5.420574615692421,1,0
124.81324329329627,7.103724707000953,0,0
256.5582955705842,6.4770332429277975,0,0
213.8472936750616,3.1563528986043443,0,0
246.72540548133335,0.2960459192117248,0,0
1.6797707424233577,9.291268186674587,0,0
49.09506172606859,5.037587031212968,0,0
216.7551522942474,3.5477982279793596,0,0
132.32558188200488,20.16962961994405,0,0
1.0655284770946407,13.733517109237486,0,0
326.433499098281,19.502785150951848,1,0
296.39334579677546,6.831627804108273,0,0
159.000176232447,1.403330453692271,0,0
13.755005995285579,11.914562512877922,0,0
290.92753118199585,2.3076474388773582,0,0
175.27635291834363,5.820167473032932,0,0
304.6153284050562,0.6720959348940871,0,0
278.66137218140864,17.44733159295198,0,0
324.9124135703862,1.346069892111933,0,0
145.96558007017555,23.340500333710438,0,0
30.240061536884816,19.967974372754707,0,0
222.43525705882053,6.247089564813596,1,0
193.76632138705688,13.640171679085704,0,0
271.15550432567926,9.661247594521223,0,0
37.237244452702434,16.24935595237576,0,0
43.37643889216737,5.6529078669828206,1,0
442.20094883629173,15.408847307368386,0,0
277.24111177424203,6.207461818635211,0,0
477.6906727891121,28.296381360630726,1,0
284.35556052455615,6.662562072583974,0,0
181.84083319542304,6.210484448761042,0,0
212.3400421117851,15.374515465553477,0,0
439.8756420399307,17.236020204702065,1,0
172.9327070408071,8.085335976249498,0,0
200.14725758628117,1.9820440020851102,0,0
34.03355467010857,6.306574397857654,0,0
128.46086116333794,34.44287662727786,0,0
252.0360601742857,13.98311045289649,0,0
63.200589385997105,16.66868972210451,0,0
45.19305084635853,0.33376343572544265,0,0
75.32504339505985,6.308476565458076,0,0
55.282661626869135,10.402145218398546,0,0
48.392055398509996,17.72149117051285,1,0
110.62517362328722,0.5052901135022189,0,0
476.84259135377766,19.135128543837844,1,0
141.4734199117264,7.949605209822794,0,0
41.631378088851704,2.1979163847602066,0,0
16.01907017768928,3.816341590085905,0,0
238.24826897076932,3.3118759740944492,0,0
96.51203132196538,7.568519891478418,1,0
345.00448822432116,0.5306927040623064,1,1
215.47435597135282,1.7261223537717645,0,0
318.1639134416646,16.750065286082787,0,0
63.47602237087438,1.4225964840631669,0,0
235.76430164048307,2.6578525970018014,0,0
61.32187642673617,6.039842301396461,0,0
559.6009318702107,7.27988942605244,0,0
202.32603726475156,14.422743244419289,0,0
78.46391810717189,5.929985914247257,0,0
62.80845730326964,15.600032942342539,1,0
42.373123658539136,9.63241644498497,1,0
237.2534021514961,1.200227487941838,0,0
49.363212707504076,1.6999556103040914,1,0
180.92345942582926,5.745355557446505,0,0
61.4776682018198,5.056546713627221,0,0
216.92350168233645,13.607992204454206,0,0
337.4147430579269,8.692572044436053,0,0
301.03832228677686,4.91240472734114,0,0
286.133974825304,1.8724600213676388,1,0
41.5826264663867,2.5726551821768306,1,0
18.507493801015958,8.568456724540113,0,0
240.0950047314362,5.506737955565839,0,0
91.8830849439558,7.234569329469679,0,0
113.24871992825712,1.87146098564667,0,0
6.328908292260762,10.873942043616683,0,0
60.10657813564949,19.141897875717437,0,0
6.851303045515957,2.9832451189654763,0,0
422.70024478735786,6.763180399553153,0,0
55.78323659898912,37.101982542723114,0,0
162.98938077110077,4.05327728371284,0,0
7.951870336109192,9.0398265033395,0,0
219.83092192290164,0.9452575776402292,0,0
78.02487988646608,9.314424477681571,0,0
456.3980989321935,0.9390611659763758,0,0
438.06244464074825,31.99942087786592,0,0
78.6946453084272,12.575939009346033,1,0
462.44810276223586,15.519230061193149,0,0
1112.3354472296744,12.177484570000022,0,0
349.06947078845235,8.90937449955458,0,0
372.700098370406,5.976784334835391,0,0
57.27225198418696,19.545611193538637,0,0
171.9359597021331,31.427407623293977,0,0
13.92488145146022,6.9122138190927105,1,0
19.945932369610937,26.814333311601047,0,0
1361.1502439778565,8.75467721326858,0,0
79.09481188191786,7.730223072182364,0,0
275.8112535258224,6.060208205992646,0,0
328.6662235463189,2.348211720057142,0,0
390.4184230286651,0.037265959592833096,0,0
1208.8294372086468,2.764206896617385,1,1
55.28156927931942,7.127850914938828,0,0
8.237501191388588,4.779712098996148,1,0
105.93086121827655,5.95086655520611,0,0
27.870959114791276,39.44970851545388,0,0
4.536234656509583,4.312020357097774,0,0
89.39084850506657,6.0181387871717895,0,0
306.2531608716122,1.43311117307577,1,1
167.02543416064918,0.49145846475721644,0,0
75.01957583088328,14.934765999637726,0,0
212.4610895899333,8.45560112979825,1,0
52.797843678350986,14.300573680300214,1,0
2.8971722744078687,1.6235752944881845,0,0
289.084399266982,8.482320960757756,1,0
195.4966167977932,2.9255053667024544,0,0
287.3513891818843,2.5885080586812013,1,0
7.943274665532946,0.11592953412733241,0,0
362.94785213858006,1.3965378032931635,1,1
193.267592182792,3.700035355725912,0,0
165.74543721485043,1.2429278382948348,0,0
195.96011545043717,42.58637328339708,0,0
399.65822338664395,3.690839735004288,0,0
176.83079213838894,1.396344892053364,0,0
173.9531881967638,2.219970997759337,0,0
935.1004421574105,8.86011869378707,1,0
282.71680562393993,0.6618630344124009,0,0
116.78459766691785,19.83652423066156,0,0
245.78770753124357,32.57088706220438,0,0
98.60711900962171,2.833546767059409,1,0
51.98107824083489,5.980102313789227,0,0
181.69024668376625,0.22383093888224398,0,0
526.7243008232468,10.236260426213855,1,0
529.4084811731122,5.343093165676217,0,0
83.6812807540526,3.1479083859719594,0,0
150.0186384974145,2.3172666938233992,0,0
47.55904763751266,10.613832045845761,1,0
1086.6492384029632,5.382259937048771,0,0
793.9082624648624,1.9803552383751724,0,0
209.6840099772192,11.683131726587064,1,0
326.3510807413153,8.325754296013132,0,0
251.1235207169576,19.566722376461986,0,0
179.86618273780363,1.2496918049263244,1,0
10.964745278393492,15.40222541442795,0,0
121.30743575809038,11.193767460353797,0,0
224.65455618782633,1.2217999204841887,0,0
226.3500350195266,11.868559041320001,1,0
93.40086422926957,5.825853352838882,0,0
568.4031489903095,29.00145505746256,0,0
36.63006776461169,1.526983107468978,1,0
138.77326630362796,10.295529136766318,0,0
234.80771842829475,4.812345331508119,0,0
238.8941556419437,31.42254438419255,1,0
209.1881941964144,4.004400975830923,0,0
64.39624779228672,32.750734810489284,1,0
33.96951279419145,23.17555097472637,0,0
202.08749749847792,3.152358625674954,0,0
182.9095084921282,16.27305474991052,0,0
39.53317872931474,54.27106149660531,0,0
244.25034276369772,2.9123906060190596,0,0
121.45702305755586,5.740799375368406,0,0
220.37989206224302,7.34345780501203,1,0
363.25192818455804,3.4945980122938995,0,0
37.20048744446024,0.15382546699889066,0,0
3.866100824128207,2.486270707170151,0,0
302.0113754141812,3.3119780898082247,0,0
188.16660154384795,5.862672821216833,0,0
240.5544181756002,1.8765874839202423,0,0
364.2232074700217,20.65573009422475,0,0
324.7184577559071,12.204787230289536,0,0
648.4296423016383,0.8905033887088158,0,0
153.54616405525263,10.50086305505497,0,0
134.07983106552035,10.60324153708477,0,0
102.7951827748881,31.286049950043537,1,0
33.37415769212757,0.03025443398058438,0,0
170.01037184423035,2.849291316806406,0,0
64.8726759385217,26.28197225854177,0,0
508.4415163802003,26.902188596061848,0,0
175.02534522228945,12.750622269362244,0,0
179.7098987465365,14.514232262790463,1,0
87.6776328331348,0.9594163285145516,0,0
10.67790893983377,7.212912037167176,0,0
6.451704308120962,2.634227131023665,0,0
110.09880406268118,1.9993746209342789,0,0
17.671265973351364,16.62328793459307,1,0
186.71126336260514,1.4506986167022244,0,0
425.68099364628995,6.323374219932191,0,0
428.97070903036285,27.89991102479082,0,0
215.20119562188165,2.0558861431633275,0,0
47.45656616187025,38.164139493024635,0,0
397.55024493082414,51.65183561136167,1,0
434.4753549321048,8.110688238573307,0,0
43.79385140144218,1.8650156909813926,0,0
267.4445317139281,3.799507180609543,0,0
67.52004821541354,5.525035968170129,0,0
324.5454778835983,3.700847756873162,0,0
1178.3527968204705,3.2938720665360544,0,0
6.097203492404702,35.837885065752026,0,0
455.31694189580634,1.6648540606465003,0,0
194.9061108915126,13.21735497877455,1,0
725.2381723441355,0.00410373630916263,0,0
125.10126440267877,9.067926552586009,0,0
375.97121426573455,24.762601858758785,0,0
12.88510680513687,3.3958480737817203,0,0
81.67759011420681,2.05212742495491,0,0
13.873560728304929,10.54633092607772,1,0
740.5399713194938,12.468852020033179,0,0
339.6253106181459,11.648499131108508,0,0
382.84973097342794,3.846583968691644,0,0
556.0120535585934,2.906229287461431,0,0
17.78886393746418,31.21721890416491,0,0
97.42103574420437,25.678471595464195,1,0
14.736819271368207,6.112292044117772,0,0
47.345352761002545,18.720623407446965,0,0
52.108287395281586,6.020704539762938,0,0
126.63903643399361,5.523232250552198,0,0
62.54860967991647,1.7050715956002995,0,0
21.289578398062663,5.558335484902193,1,0
36.66227067879234,7.709291459377752,0,0
31.86376718259087,0.22761414169434976,1,0
722.9533665998486,5.871902521073249,1,0
284.8345608603109,15.20311441478238,0,0
686.9185622368582,11.395782197163232,0,0
115.87103712945029,10.082881243985009,0,0
65.24812655643751,24.030180848313275,1,0
320.18802146369404,0.18196567722321363,0,0
78.98039441005366,8.14292932747893,0,0
71.15888739842575,15.481022418713742,0,0
52.92492139763533,7.7943601726563285,0,0
27.77862896938434,3.9140770685711668,0,0
59.26736635124684,1.4647255813141538,0,0
87.80016383423299,21.8536285292026,0,0
224.16802626982212,6.3631778423913055,1,0
12.921537712732825,21.046789179097296,0,0
47.2728470549683,8.815321767443516,0,0
331.12112595127974,11.21447386099571,1,0
31.780840824886575,16.3097392851105,0,0
83.90625889351182,10.763290482856556,1,0
399.9914364073485,5.075889352962612,0,0
33.66605327033975,7.2079258540738325,0,0
17.272172767807923,16.24782666674772,0,0
132.53833670746832,4.678464318667654,0,0
72.02747518555785,4.9122147493741295,1,0
165.75139865625434,1.0058318535846738,0,0
325.72913163462573,24.602269374378828,0,0
29.502532626943793,0.9545013603772751,0,0
173.8332883072726,10.447185341382145,1,0
140.8451687456386,5.330618237643874,0,0
31.1153893622715,5.202354076709824,1,0
195.63242155038066,11.380347522784199,0,0
63.94201891424889,0.6945054687922771,0,0
133.8214219389978,9.006777092953474,0,0
17.170916382021602,14.785490719059256,0,0
123.08323430119832,17.614985322976324,0,0
73.19027259094274,1.8696880581994255,0,0
345.6231322288964,22.771030367614312,0,0
11.733287549123396,10.675383974162392,0,0
108.46576073901444,21.358409094433544,0,0
122.6571159979007,6.6413360869684865,0,0
258.20125543856733,7.809589034075168,0,0
170.79824391296546,25.137787919089504,0,0
220.0501283236406,23.016809354144474,0,0
300.1609087680057,5.944987124438185,1,0
396.39470003156697,3.2077378887144197,1,1
75.33923521313281,4.995073091684502,0,0
154.44790698348137,4.906379864939484,0,0
366.6514364479272,3.3808716489211417,1,1
910.3473250571452,3.1276688786534668,0,0
440.5829067747561,19.73734228817092,0,0
92.87343284015574,0.7242223147368448,0,0
43.4239753297026,11.319969528829091,0,0
134.43083178799512,1.8973301567705534,0,0
270.681387452814,4.223659665038688,1,0
135.67893546702774,0.6351827817295681,0,0
132.0124596014981,3.1467463159516393,0,0
364.316461721973,14.628345180666829,0,0
89.69658329129896,21.629564164310647,0,0
392.9294644608885,2.5042116551909146,0,0
104.44635241230027,6.227778900557308,0,0
79.56877641737563,6.354898706262965,0,0
121.02356515034258,20.6810845052591,1,0
287.47286970940115,14.388476189314854,0,0
26.935444707962613,7.196497277487081,0,0
43.73551171244483,11.109294356516097,0,0
605.0109024877095,18.79640668173544,0,0
38.59359645019424,0.09584741254990228,0,0
167.73973627467768,5.1565397995651665,1,0
173.17393521964578,23.777739120363,1,0
134.52169506290642,13.482783380988927,0,0
206.98402744452835,7.827248462003128,0,0
52.22795160370358,7.542665446908369,0,0
160.88828331658974,4.273581681720071,0,0
93.09820694561634,7.35054208602718,0,0
216.74508575489662,10.653222023432827,1,0
30.449325524209144,5.419088032498039,0,0
169.20253184751257,12.522990884769511,0,0
40.979789034139806,19.749534427416105,0,0
65.32424122102826,1.6804576042955248,0,0
49.36172473390111,6.006537327822011,0,0
40.38352959592348,5.2428258265559355,0,0
349.40803202070316,11.630381891067598,0,0
67.29256627813774,2.8750537507425458,0,0
523.7985838081075,10.223484765181755,0,0
700.8223472904364,20.995564302534362,0,0
169.38114009570276,5.415109733027736,0,0
30.863734076045723,24.192953290719586,1,0
93.8562159509663,49.85514324504591,0,0
319.6326060434575,1.1215247325739204,0,0
91.58046246973367,2.653378255016046,0,0
18.20765152084031,30.033562923088798,0,0
162.74001967779157,31.779183150838364,0,0
373.02203064962663,1.0281628317140825,0,0
317.854900578378,0.15112115351447397,0,0
38.5042329104034,1.756637968524088,0,0
223.41510668796167,55.24661881045076,0,0
49.82161198969157,1.984504711760047,0,0
49.23319262234887,6.98255418865816,1,0
414.40863274747153,18.866267415717445,0,0
57.448154698426414,0.20612598135984844,0,0
61.100611153298104,9.275766344088694,0,0
0.13072086281407383,3.2438125643266984,0,0
409.07610665774445,19.829314743175495,0,0
314.6161949729167,3.3332281024474324,1,1
197.41182238451736,11.60771946448222,1,0
277.4715964639595,11.215318438299642,0,0
32.986383547325964,2.5037800111382453,0,0
122.6172987650191,0.3541911625144456,0,0
86.53213169686855,5.263616414348846,0,0
19.693868718841514,3.413545484850642,0,0
133.15718160826023,16.55365363551361,1,0
507.00345594118545,16.112605146416126,0,0
8.176715752199796,6.106900708730945,0,0
68.91001068077179,9.327052797730452,0,0
46.52288581661595,9.269966259603335,0,0
54.40024013938879,17.553782553376415,0,0
478.14025647693165,5.533894366687263,0,0
126.24831985153423,3.221999240571301,0,0
125.5840591322481,3.079322885720399,0,0
285.90354938077303,7.682852076459699,0,0
33.563578022459694,5.9628947648415345,0,0
133.59936541809583,5.800341809845376,0,0
112.41859567029782,0.9556128432710481,0,0
181.71942600818133,12.679914275323338,0,0
1544.705904412492,2.4046354008621806,0,0
293.4565446945547,2.1934282100984324,0,0
101.45495477286919,5.323188237467942,0,0
351.53312784570153,2.584836479123338,0,0
37.43667847223361,8.767293731606596,0,0
6.187469779747443,4.643609222384631,0,0
45.74390676618925,5.9586026958173175,1,0
83.22784166646167,7.703939971907031,0,0
142.9071620221121,2.2757274884603023,0,0
190.96948618814267,1.6930854197537568,0,0
482.9397099583864,21.237855886314453,0,0
142.61039851194755,5.686731623474265,0,0
139.14034597919053,5.311875438125227,0,0
10.309825384713728,0.3626173154424331,0,0
7.107105312942997,6.891079544033674,0,0
160.2177434672938,8.078169411151507,0,0
115.31425935417963,8.183496317837553,1,0
365.49440158096263,12.276890555654019,0,0
35.0325488009119,1.953847114691718,0,0
5.057748782264078,2.9065065330522555,1,0
119.21816630487554,16.64583169959441,1,0
54.224929720774654,29.406877438800212,0,0
10.177490790139755,1.4610467451212472,0,0
257.9048944220171,6.884573042527045,0,0
23.665061522230058,2.410227518252077,0,0
187.46176451331993,0.6195324542318763,1,0
65.9926234422498,3.9378855238457957,0,0
38.110116594534496,1.5512004555868997,0,0
95.52702234893356,12.376436013662964,1,0
323.3386097031657,7.6298057734242954,0,0
99.54686364875107,1.5529154652361337,0,0
277.8755413183913,0.09284556819462378,1,0
26.81746297822664,16.510782053369464,1,0
296.3597612637727,1.938207067194615,1,0
54.081973214423364,9.319543742611923,0,0
226.26416349021125,4.108625175667901,0,0
166.84150833005236,8.806483805311485,0,0
529.4231505256959,3.7929109623270914,0,0
97.98332239331273,0.9095320199359158,1,0
13.691143620456034,2.522505916336474,0,0
3.868265794578303,2.083270676274371,0,0
350.7292903756851,5.586501211111261,0,0
148.77681549471214,10.73774662474155,0,0
298.548028057035,3.0626170983213914,0,0
53.4257754488062,0.12143368456850209,0,0
84.64958145330455,7.317577975304509,0,0
6.113259594525442,9.307941228236448,0,0
651.3795391693862,32.93343315535835,1,0
220.44450356247737,8.903082273893276,0,0
541.2256730803273,6.370930995409068,0,0
61.71207844024639,8.519122842454077,0,0
189.0736897523789,26.297099706798367,1,0
226.95152733625144,17.624617434036796,0,0
76.4131150929663,3.9005259351125936,0,0
376.918733581639,2.708306763550328,0,0
588.1028970363017,3.0467037649123436,0,0
432.31281948747846,7.020285831452799,0,0
268.69830347693426,13.627710220237141,0,0
64.99779479932111,6.996064109117083,0,0
66.15021851373677,0.7020402874343211,1,0
661.3246970024861,12.858363647794436,0,0
2.0675493568156904,16.397431558489664,0,0
251.79140368486165,3.4178332669188816,0,0
245.0026299934873,10.9101841311582,0,0
194.93738632326568,5.561576012070729,0,0
923.2228930835943,21.993009330184897,0,0
74.75824353715758,18.65786435855286,0,0
83.09456285080682,7.453503588919361,0,0
16.445890008982765,11.760514125036078,0,0
116.9655385519999,21.48574717484155,0,0
60.504604983823285,6.846176805462106,0,0
84.13200431454631,3.7578603225825895,0,0
359.8435912507053,14.01067500193853,0,0
548.1699967301965,2.4854630493793444,0,0
41.09340907290141,4.918912622021917,0,0
93.20516832576722,20.078820039646203,1,0
527.9771084208151,12.888858036119387,1,0
12.760230226034267,5.171975568946125,1,0
19.381607324077603,2.417461395160737,1,0
35.53630509121296,4.4000747152365385,0,0
180.87877327407423,3.3422058241664687,0,0
32.61493937121577,1.9369311409910528,0,0
688.8818299506755,13.59975417345374,0,0
118.37623701721773,2.9044573699054164,1,0
139.23754380319784,6.054430722050021,0,0
56.64735769140938,4.875314630840894,0,0
127.33834255441539,40.21691600639632,0,0
216.8907782794871,4.960884909683889,1,0
278.2028058135017,0.8336256868200789,1,0
280.3775275266543,0.9411921711131123,0,0
172.49839428761052,8.93438155876853,1,0
469.43235675168137,9.147008757111596,0,0
340.1000574268329,5.425897896972347,0,0
282.9783716243495,5.65358708527199,0,0
11.442264109641366,0.5544144697361577,0,0
1.3803448842989536,7.268001639366562,0,0
47.76499218606454,7.0267134250429475,0,0
217.84544959946626,1.6198885654884867,1,0
105.93288935422119,1.0963562549912078,0,0
102.9688238560299,1.3190128266113255,0,0
431.84746223368694,1.065036649054209,0,0
451.8339612061791,9.408606030605078,0,0
479.7647216315546,2.187565039977043,0,0
75.33998720417655,2.895907624254021,0,0
234.9189284300964,1.9064265428041616,0,0
63.39009716207856,31.661720063895935,0,0
42.294839042242714,19.283868253037525,0,0
40.82325896378623,2.6200761663086936,0,0
83.7427837154539,3.9685175068816902,1,0
112.40891393079775,2.3558670006780025,0,0
355.5111692582846,6.770296869196283,0,0
25.54192434996594,0.1980537042368075,0,0
265.5491341974418,11.128167223563088,0,0
151.62458950921393,7.405703940493547,0,0
67.92012092240152,22.890661698316137,1,0
135.77769792850535,1.7959649434572713,0,0
71.31843798030918,16.301981530073217,0,0
181.3086562201032,15.70029786395229,0,0
113.77709682391448,1.3602729246922367,0,0
35.92237324366271,5.084272091699736,0,0
24.79160411378046,1.8651350009748415,0,0
158.23831910788087,2.939959637891087,0,0
465.40226644950104,3.0550146542741317,1,1
84.30599798391506,8.124632773121899,0,0
264.1014044329653,5.300270158330903,1,0
214.97604009439485,29.513863323548385,1,0
536.3447047947478,1.350984964013412,1,1
344.0526860311973,36.378873293809676,0,0
167.22126480448017,2.6219451115494308,0,0
214.02275038077892,14.82250069312994,0,0
457.31570995908663,4.139559426961727,0,0
102.00478390565762,1.5441234204469687,1,0
79.14099051033851,19.51148140133525,0,0
2.1739896086029433,3.6941417190813484,0,0
350.37441973511545,10.754488570504638,0,0
322.8706952125036,8.357335836708263,0,0
22.06445387597513,6.381975665059504,0,0
172.0091992637759,6.8482088585579515,0,0
124.71739465664771,13.176564318953654,0,0
25.273501897861394,0.918663222309149,0,0
788.1691544475004,11.031646206996184,0,0
48.33684634323981,22.6155929266996,0,0
13.920221304282556,0.5952518575142425,0,0
180.69828842524183,1.5158287523375193,0,0
268.5448372998121,12.610086493319795,0,0
6.596280417710608,5.749760393278173,1,0
215.00902108200614,5.1675755093174605,1,0
151.98216883766327,1.4730192647253268,1,0
21.798979935337666,7.0677976484459375,0,0
37.875005292611654,1.3529902390331499,1,0
167.85403911087658,6.47448373162559,1,0
70.29700512538606,14.422947119642593,1,0
557.1452603967907,2.987623767726167,0,0
341.56481608107055,6.554394733071418,1,0
821.6952675742401,48.30311906918656,0,0
60.132075890876834,11.604358533704067,0,0
699.4775662246797,18.41097442640326,0,0
112.85718966261697,5.358829640690277,0,0
85.3945890557428,14.604186176406557,0,0
10.332257042700979,0.41352523706523514,0,0
10.841667349013095,1.31147017555677,0,0
235.5384083915408,2.269891774147209,1,0
122.47165590876381,5.140841346428651,0,0
51.37151360723027,18.69147413025104,0,0
190.3681971714877,4.2505481577887005,0,0
58.300035295322935,10.631134744904607,0,0
172.37554508414624,12.355126463569675,0,0
89.01030668379649,8.82329871004124,0,0
346.9460695759323,4.419869368739738,0,0
343.73469725132344,8.605092112292661,0,0
129.76880334835585,4.189540655985232,0,0
86.40877579596332,0.8760108379834746,0,0
90.05896097459647,49.34226931494109,0,0
327.68533687302386,1.3602874112789625,1,1
79.5528123259303,0.7509903029771061,0,0
46.906475121607016,21.080941281259417,0,0
17.698132345736298,3.5929932875872743,0,0
125.73165246216855,10.506709820291897,0,0
131.6070172929693,3.9899468103682745,0,0
367.6554186225306,4.966832186707033,0,0
50.01013879775742,3.0396454471293675,0,0
95.92718178613465,4.20138242638817,0,0
330.4750732732504,5.288205669052459,0,0
347.0269984302313,12.74452741992009,0,0
97.10016285434196,7.16489902843661,1,0
122.91305492728371,28.746695934950708,0,0
72.27602515012737,0.42782658949230645,0,0
539.2882050795808,6.9930273241995025,1,0
25.25867652161339,8.776105225352996,1,0
542.8622209483917,25.281940067467772,0,0
230.31810678000016,0.5040792183650127,0,0
151.67463940666266,8.521419388626377,0,0
6.640854301125658,19.216171281893253,0,0
129.09865302943976,2.769765523957238,0,0
104.76464725813395,20.89834146395086,0,0
35.16108149065415,0.19227070420597503,0,0
213.66100778306082,13.184661163133178,0,0
709.1353475526076,27.047539572178714,0,0
165.1935074070447,10.706012709284003,0,0
250.88015530496705,5.780865031255621,0,0
14.181179867263419,0.4591935618118281,0,0
108.14256454860302,25.271523237919883,0,0
24.740764959332434,6.35437339423619,0,0
189.76063366165857,0.29425457798336296,1,0
557.6856071809165,11.706059587505402,0,0
216.81040067660527,6.5746590378235705,0,0
15.982537026824634,1.327834637558187,1,0
87.59751687966057,2.4114435973199457,0,0
159.99659208405993,0.6666417121803772,1,0
103.23724527577349,8.540052305727256,0,0
358.7250543212614,9.729390738429057,0,0
337.12453607643613,7.046982345650964,0,0
189.26290379403966,16.9882738577806,0,0
93.50787604305563,19.73344810512864,0,0
58.96453419404587,9.561350708177127,1,0
22.3817860070722,0.12838542227578875,0,0
87.66926890268164,11.881967556634729,0,0
106.60487975713994,5.412834857539267,0,0
225.29307700499658,8.336916404427743,0,0
214.68239473125027,10.471987172679496,0,0
14.537395755986227,4.311470044062177,0,0
100.59110667654143,24.901021853001307,0,0
40.124529087558436,1.4384134861194857,0,0
34.11323385678021,11.132543847202943,0,0
351.24234834392723,0.04369110635203104,1,1
8.563800926202912,25.856260242917056,0,0
108.6638664533173,1.193514148130914,0,0
36.83352933792357,0.9969242097472698,0,0
422.9395038479039,4.049766769884329,0,0
162.85539304142281,4.677123139771923,0,0
52.63188156001624,2.4118033084933908,1,0
139.60271532276164,8.79769960591439,0,0
262.970712894599,5.8503582840008095,0,0
634.5798703188005,0.3477323048531338,0,0
49.80666463065674,3.8515093851808673,0,0
434.6305191012331,16.63012299025739,0,0
544.5437951924127,11.70220653920534,1,0
496.3915074167379,12.905146682082076,0,0
201.79875890680313,11.977155024147937,0,0
198.75353460750628,3.7247485254207713,0,0
103.23820944966653,1.0498716544699718,0,0
279.1864370631309,3.18096173095531,0,0
151.55592238445303,17.825141404056314,1,0
226.2920267964171,39.35844384035481,0,0
111.88342788054821,6.809163129829454,1,0
262.9782391641272,0.09747709854461797,0,0
347.9907912785409,1.508749982250319,0,0
31.667010965937504,3.8872684075344823,0,0
357.8681380558319,8.641380098086476,0,0
155.43472633835907,0.7806278530314334,1,0
372.4354112869868,28.709921384648737,0,0
112.88104501953671,4.542620577235486,0,0
95.29787860547769,24.370794396794505,1,0
493.1637556142718,15.165023805895467,0,0
57.84846247824049,14.082834488430905,1,0
371.85225166839626,9.332323841098995,0,0
132.33767669992872,9.85597448279855,0,0
144.34861164356104,10.161200042577608,1,0
73.76925195779663,9.908025198501566,0,0
170.21402022541304,8.068271658979086,1,0
78.67110408799736,42.9871678865035,0,0
8.012251424545349,13.17853093460961,1,0
63.49046301030229,15.003431256201935,0,0
1.2798952891657462,20.593473105016457,0,0
766.5941920307048,2.4288687784417236,1,1
674.7974504950287,0.875251370454317,0,0
100.55670878773795,6.59508240787709,0,0
260.6635156163371,7.217127092367463,1,0
84.87029717142813,17.671553285507258,0,0
222.3961441097876,5.865978145730057,1,0
327.3927009470685,8.459558209285406,0,0
586.5749504970395,7.48809877453243,0,0
102.23589588966307,0.3895164446319488,0,0
305.8464124963034,9.550702735098792,0,0
61.829755283105214,17.605124953189584,0,0
927.7930478459176,1.7138226729091057,0,0
5.221490347374639,9.022195320080327,0,0
185.0303785007891,9.00443329034818,0,0
215.47154416096234,1.7934793924782015,0,0
232.9796236194601,1.3177701670599409,1,0
25.654779794001236,39.14623532694205,0,0
557.8405011178065,5.004119838429175,0,0
39.97900082327315,2.58021953302229,1,0
194.97124051080755,1.879266895872117,0,0
50.379625780416525,11.01421371198353,1,0
73.40752372778347,9.40187235844257,0,0
158.13371902895457,10.315672573554885,0,0
107.97998238785836,0.9212189804308044,0,0
34.92439916158676,22.399350742529624,0,0
37.49168215421764,4.930944162108935,0,0
108.30672782256707,3.7595884088300338,1,0
283.17180677474585,6.205687796356122,0,0
456.4871852436246,4.944046321844451,0,0
17.57565865992188,19.919949490973227,0,0
99.87953694333348,26.487578809641185,0,0
21.12668029374933,3.6162031852717185,0,0
3.3463355475233056,19.94628500633999,1,0
216.77548595972792,15.210751260362098,0,0
184.48663259091052,26.708652945394018,0,0
35.59080897048742,2.820318148454557,0,0
53.26575917358913,8.602865327806006,1,0
4.798660929761731,3.2095566235803497,1,0
360.2979781542269,17.378083058665755,0,0
735.3158509250842,0.05338414583716407,1,1
29.111433925398174,8.319936167774955,0,0
52.65649275567495,4.143092493916319,1,0
405.61212662544347,3.896169173556773,0,0
521.995489841983,10.353736478791312,0,0
108.81698765671585,19.07065607797691,0,0
10.389748622918002,9.395475661331105,0,0
8.037737706170834,19.18500110576356,0,0
170.63965087062468,3.073367828464057,0,0
99.81074007377222,7.329319106520415,0,0
5.81418433592142,5.988130024668771,1,0
175.05489955395313,0.11713232349409702,0,0
2.2733791324836465,8.13761542707675,0,0
309.6421844384369,10.833030478415257,0,0
73.18143537444645,8.962783334909538,1,0
8.218156755093482,13.328669609339169,1,0
177.51744011429363,8.470901150249457,0,0
101.39474850331223,0.6908243426624556,0,0
728.4023290659967,1.2380232990955455,0,0
157.13964555638555,9.075157884091539,0,0
64.3827166873361,3.215549238133067,0,0
247.1882552134239,0.8299595400343927,1,0
63.35133508574036,5.614222195860207,0,0
469.18891794943204,8.081599027688323,0,0
93.91177619454292,3.9860765678899797,0,0
159.64313122921618,12.745158131758746,0,0
10.37934872196247,10.321803963742358,0,0
111.06742418329051,4.046929479380823,0,0
357.19151416091205,14.059769135722702,0,0
327.6176949743045,10.461006080337672,1,0
50.802671413871,10.14580136639517,0,0
51.25711390787284,8.061539674448376,0,0
339.9877784348707,0.114550271104334,1,1
532.9936026365575,11.923973375498083,0,0
20.043844572750686,4.716718857868368,0,0
119.58872471564459,28.578801564939877,0,0
82.33314212377132,17.03664920005962,0,0
409.1061424502781,8.859906256588143,0,0
17.444079333093608,2.9059562180999725,0,0
47.42971877827222,2.278011225764884,0,0
279.24335524242883,4.160987014134545,0,0
10.531233795075003,6.473480442579874,0,0
135.66565723792547,3.5106998118648507,1,0
116.71763068455398,7.234610282851178,0,0
81.41363215878751,1.8076727593032493,1,0
100.36403077421554,38.037433318083735,0,0
150.97923629609292,1.1420457034312628,0,0
35.196504213663665,26.874264353615004,0,0
169.7244906536377,24.485131378971673,0,0
327.39505101947964,7.451996721584612,0,0
285.5574242691,12.906579503022693,0,0
33.423522081977794,5.727866658541085,0,0
32.32726846354244,9.943457305282541,0,0
62.442600139697056,4.163884573832527,1,0
89.59355481473119,3.583320587460106,0,0
105.0037007107788,8.632946302387083,0,0
227.69770663103026,6.894135077670325,0,0
11.670033904275845,8.663972935592895,1,0
7.057613708405933,3.37797928764695,1,0
99.48666148259477,4.572182426538838,1,0
238.91257150661622,0.8762752381882722,0,0
42.994242941308784,0.5369235116351658,0,0
205.16782380760526,2.9230223521649816,0,0
60.17457474444656,0.771476666265713,0,0
434.4624912940855,1.0956345635739146,1,1
452.0775019978245,16.762638765433493,0,0
70.5614023175558,0.39649449945123194,1,0
52.27133048625123,10.75705056046547,0,0
105.96906203060057,3.1822066290221724,1,0
55.0273089236741,20.521819297411188,0,0
223.18252196358839,6.635733970277075,0,0
349.81435983227504,3.646732154730355,0,0
223.61537873771607,7.290623492839554,0,0
347.85288930532,4.811988934841464,0,0
101.1650168683739,8.30803789446372,0,0
33.9956825275119,1.216399408291222,0,0
267.8447138143785,58.05982261534481,0,0
89.40575837911874,5.543524496033615,0,0
222.50420884024714,4.2806452151937,0,0
63.11864928669911,12.385982328209073,1,0
16.943812500787654,4.523985622610781,1,0
980.7636461135082,17.914053621039297,0,0
33.96831327292033,6.056322583645979,0,0
891.7123290037557,12.713898226413868,0,0
756.9013434215007,1.1367634814963916,0,0
315.79930181237523,18.71576908384676,0,0
215.42278591820528,13.307385140884175,0,0
172.45856850986516,2.3789783550403,0,0
402.1347135269835,1.569883803303308,0,0
68.34024283884241,3.802248631430334,0,0
126.10254889028178,37.32646866785225,0,0
193.195993935251,2.968325770016072,0,0
105.93050724098019,6.0903989944645325,0,0
111.54377657119221,0.30480058957084877,0,0
80.18050675033186,5.0621548275879835,0,0
166.12897333471886,8.47044595138794,0,0
380.1915051205327,30.60262528228985,1,0
45.01117022047718,7.271922837939643,0,0
544.9366698870502,17.098513858956547,0,0
233.64885027564802,7.921449648794773,0,0
346.6300626820313,0.41640051366197145,0,0
162.47205934233813,3.783485213618956,0,0
302.3866660767406,8.569599062537819,0,0
3.266611700668129,30.07682715104383,1,0
341.16820511199313,19.599203534949197,0,0
8.193329972584973,2.592314752126579,1,0
441.29754709701217,2.486021769297132,0,0
964.7335901062862,2.2461083614267037,1,1
69.64712030915969,25.574631014662174,0,0
47.2251301294582,19.150541998436964,1,0
289.94343813343175,14.911369320584607,0,0
58.345071349431436,4.987901979778712,0,0
401.33100058851943,7.019471959632003,0,0
21.704789954796514,6.24240236382258,1,0
26.924728383328745,2.9222317775985216,1,0
774.0951837360714,7.0325417690502,0,0
224.07276851896745,0.30971243555645683,0,0
375.3161067750752,1.4134512446890417,0,0
78.40991325684686,21.767421473548396,0,0
225.70118659633437,13.930361038088542,0,0
180.39958612113685,5.496849779197179,0,0
184.83944122727158,7.280499828726442,1,0
229.47594012803955,4.62033691280626,0,0
171.3023161224364,13.500776445291752,0,0
112.09506069855544,15.333438175061476,0,0
64.57142331581302,14.408991966254769,0,0
292.70535772460016,12.823370388816606,0,0
51.30708881981344,2.2878988526416673,0,0
235.76130056400385,4.124443754940073,0,0
53.14049992473072,6.345866828460727,1,0
196.34201881003827,4.0166183686342505,1,0
274.93503887127014,14.062530172339153,0,0
49.36277136002178,3.9951314262429287,0,0
12.36301746090163,1.4876928678100305,0,0
28.076387795327456,5.092276546128803,0,0
186.27933448643319,39.07753770712317,0,0
378.68723067421763,2.560302038642495,0,0
9.208121991530511,9.471589377894569,0,0
264.9655549905803,5.673484452370516,1,0
83.50307818644346,0.7367298578098027,0,0
130.22008132675518,6.691896790693663,0,0
528.6198369511507,12.112133829919703,1,0
80.68488975484608,7.199429536898081,0,0
125.22370270944936,20.56553981580506,0,0
2.7553763355231684,3.4099426893569134,0,0
17.024171938970316,0.901973610008746,1,0
59.84072929120996,27.57749161715658,0,0
5.649494091744466,4.751309105613025,1,0
199.59525926911292,8.589787707553832,0,0
111.16402499791438,15.702322288658587,0,0
158.87887914672513,3.9202631043634586,0,0
38.38886612122792,12.5936056849498,0,0
70.17607567778857,1.4551010876492625,0,0
218.02437182974242,3.4431415029741963,0,0
672.2188171799013,1.5631543003512236,0,0
10.346419940695954,16.67228894310218,0,0
442.1549713620236,2.518635957659223,1,1
172.02045828044396,12.637353898625516,0,0
165.98571454582722,28.69952801375501,1,0
138.74088123936775,7.502938019094004,0,0
14.383876889812253,7.765922529490361,0,0
18.83507217295123,6.181019884871295,0,0
183.71466984235062,3.9436218935401977,0,0
83.39377613043999,6.456054733408992,0,0
498.4299231569099,9.233343104017012,0,0
104.37412495474922,42.68096142678809,0,0
30.929167510138743,27.768306556227035,1,0
250.85600718351526,19.81610601975625,0,0
69.44492539113958,21.994017670383435,0,0
149.0862172380171,6.30828339763654,0,0
239.3549448913991,10.713210861024507,0,0
461.0459397808588,22.54430587348065,0,0
314.2273655573616,4.991453791714379,0,0
225.62535832351992,32.6393800318867,0,0
227.65772693582528,5.374880311638045,0,0
583.4753448618278,9.19001064993943,0,0
70.14541850473618,12.372011801262865,0,0
0.222542606356573,30.076431892321104,0,0
63.478362864866234,2.805294125581221,0,0
49.15232946991513,13.709368073200167,0,0
216.84402201180797,7.356697580522664,0,0
200.8668554180705,3.1273617588697173,0,0
180.01527100201275,14.988220096303808,0,0
3.2753628348681034,8.034583307981372,0,0
260.9635612045055,10.816779493612055,0,0
78.17355760289693,3.8993788466029695,0,0
218.75837849763022,6.563793807009906,0,0
162.64686655703758,9.606456551256061,0,0
83.93235880046686,5.190439926857327,0,0
28.90720547504648,2.2111129256126394,0,0
19.835687861780134,32.60752863129132,0,0
356.18566739240606,7.163493614829698,0,0
501.1791791832372,13.239596551789738,0,0
209.84334542304595,5.294092234236713,0,0
21.83669942528482,4.387092683666391,0,0
102.84200785166,5.228379815558416,0,0
261.08242588209805,5.262720475449237,0,0
302.6627800581138,7.856575385980592,0,0
25.162224955758116,7.841005788937593,0,0
0.006143863443161899,6.874709526316699,1,0
249.05415317052365,1.447781552155455,0,0
88.19654414957635,6.853287810553819,0,0
58.735020733335396,1.852505225340997,0,0
2.596272856967077,1.3483027729097903,1,0
155.43597713604987,26.977887900429884,1,0
380.9642264502558,9.287429730945098,0,0
632.2707139547448,10.773109559468203,1,0
166.8246492189989,5.138195516543122,0,0
144.49926798445517,23.966858155502464,0,0
17.778567818186026,10.159190678536811,0,0
159.20118855067273,14.660732048774513,0,0
95.60041158162004,4.597562637437489,0,0
186.85799050783294,32.19172889465656,0,0
98.44210885223578,17.173644405896006,0,0
54.96610133267895,19.23795726510119,0,0
19.95639322098422,1.8897677461991313,1,0
75.64347776251171,3.1603107893455573,0,0
20.32789707668261,3.363494837126674,0,0
38.93477490157806,3.1595703243063507,0,0
873.8008957111781,19.338404169383583,0,0
117.43465110160977,0.32404185572806415,0,0
151.80260348042015,0.7915142637857795,1,0
413.6900792250696,3.2008801294600087,1,1
1083.821505897536,2.229847822304923,1,1
174.7969035560285,2.637827681159553,0,0
334.76736444400774,15.992063798015618,0,0
79.18446443525971,8.281118143945305,0,0
72.98288982403295,0.05787375892727675,0,0
103.06840179089842,5.609314930783023,0,0
223.25788005109385,5.240542826671985,0,0
229.2613748712872,1.2097655764895143,1,0
75.73720829147271,11.27449478113309,0,0
28.591691710188886,12.109879811721292,0,0
200.14994096702523,12.761608429703891,0,0
27.46792401703987,13.036861308166355,0,0
172.7835455255585,0.0005282832768833212,1,0
236.4566975087965,30.773937073369847,0,0
241.20264116897926,16.83131639155188,0,0
280.0560301118025,23.43216445159431,0,0
412.4923775796897,0.1576694284999504,0,0
138.61303357053123,27.159633645446355,0,0
262.05133406482213,16.596188188499152,1,0
193.08187606479257,18.153504180688344,0,0
41.31627779968365,0.9792973102884549,0,0
5.205077266000462,13.423847691855457,0,0
66.96630465509614,32.16795231856,0,0
117.05011099140665,11.349049978365152,0,0
191.99938907486236,8.452765154727599,0,0
379.36977833126815,29.119368208416326,0,0
43.692334861508854,5.850771580553018,1,0
26.831984283982894,9.14526205343353,0,0
661.9787569969956,6.469094014210882,1,0
22.867820421549734,27.007700859698566,1,0
130.20577624235352,0.791349071784204,0,0
176.1672129647883,6.953890934202901,0,0
155.90422672726518,11.614001555289049,1,0
17.99197817926106,15.697679656928628,1,0
11.743507517392473,8.747137762746732,0,0
22.294369810262303,23.959922699933443,0,0
176.17877361877666,28.4716481178853,1,0
157.203817632581,0.6648091109596139,0,0
53.24695497722591,5.147843484224329,1,0
203.09746883167762,0.23738565102623818,0,0
343.0347019693137,3.9960728476707845,0,0
8.493619689286842,7.6974363898092975,0,0
137.8828088975233,24.168174081629914,0,0
233.79219498019842,18.744086668722915,0,0
58.15388055631174,1.3639231163567351,0,0
73.56766328764053,0.9764631866801541,0,0
190.1960548155598,8.898127353882725,1,0
456.42965776559066,7.595390927448471,0,0
332.0666996077594,3.0976088062812868,0,0
174.99627639396607,22.97130840049884,0,0
262.0309668425783,26.22327784561658,0,0
90.77014893743981,5.151875202534725,0,0
204.86737461892895,22.100292220320732,0,0
125.53991122923591,4.844253550311172,0,0
42.1284381088227,13.349050322966548,0,0
241.95678047107597,6.461533288851008,0,0
162.5955490016639,1.3077309338297718,0,0
88.82712809725027,26.30175705584561,0,0
484.5874629137138,6.053132298356888,1,0
4.231268667938538,13.260916271464316,1,0
75.89315322466584,4.575594829033183,1,0
11.712646615524237,0.19061398222096193,1,0
290.9380389352871,1.0594997679128235,0,0
242.2044883554692,6.85614580936042,0,0
80.499568580314,11.710680111005608,0,0
225.19437575405252,4.075703123653795,1,0
100.8154312617058,11.890462916559901,1,0
282.3255447557461,11.99435080159777,1,0
121.09454769277448,12.171793187992929,0,0
106.30083437653235,6.783016311027701,0,0
545.8442943068542,24.637655083664242,0,0
57.770978624950956,6.7177033805101125,0,0
25.668368332822876,5.983192870308392,0,0
175.67528648552403,2.2236987444264327,0,0
696.8406749536393,3.67671018862966,1,1
94.91134416342682,0.4325671909804202,0,0
12.808904875619673,10.03853061381627,1,0
82.89267445893215,2.857316343628563,0,0
141.0162839568141,3.626287103202755,1,0
35.32906103866885,14.73223654195535,1,0
214.64869396002726,3.9633865589851416,1,0
1219.310709721432,2.7733035947427522,0,0
120.2009392424185,1.8519498008384248,1,0
87.61684168737985,14.91025751083043,0,0
102.39998487558427,1.3892448982498498,0,0
24.46656418894697,6.046854163495379,0,0
429.5845112825169,7.0710436260645,1,0
107.16909028020186,11.627985924357883,0,0
97.96761929882844,10.031661608314886,1,0
215.57982281535516,16.645314340477654,0,0
116.69124250727006,0.4578369375673922,0,0
208.95751741986862,3.5160314837858286,1,0
12.68303902214782,3.286903604004956,0,0
336.10446220176226,1.5784388116480852,1,1
564.3690807170789,3.4133358927041684,0,0
209.2601726612184,3.70723614789459,0,0
618.2985979456845,7.379028642493966,0,0
32.84108531283636,10.89764978570977,0,0
129.7939810195856,4.7981240011568245,0,0
184.1635596915969,12.710754324254589,0,0
174.32880295003267,4.097221643972274,0,0
102.65297897039154,3.428899343000988,0,0
82.52344755406938,7.791148606242518,0,0
27.12363312440897,0.24002120348453182,0,0
99.43137713213623,0.8315242176313443,0,0
35.505210351427834,5.412325020125559,1,0
265.12692793097324,28.631738034208396,0,0
46.84871978007232,12.783795179722828,0,0
12.070059262386842,0.922540808860695,0,0
160.75593052587686,18.728698297157575,0,0
180.88712282005443,13.178912070859765,0,0
411.00920737486746,9.440384787512663,0,0
172.06792628377676,17.16427312944715,1,0
84.77088815454528,5.176989371972002,0,0
324.9223728758715,2.5038763755337885,0,0
155.42705258093838,7.174878027791532,0,0
16.519923092348773,7.959371265059472,0,0
166.8732946149207,7.728970704635993,0,0
477.23366058469077,8.325788978696453,0,0
100.93976138574237,29.70160403510225,0,0
70.28796334648794,23.252973046099576,0,0
30.973060325925683,20.851943498666103,1,0
32.84419824499336,16.16547178026475,0,0
113.39860611906359,28.72243011910058,0,0
181.1096400886167,1.0368929257318276,0,0
16.81015028551401,3.080524964802263,0,0
561.2492519935785,6.833076393181451,0,0
281.40851890740976,18.742794481078256,0,0
176.67949817834773,7.035323432146794,0,0
352.56289448937605,13.784640555036367,0,0
16.716925216108432,1.4961420798349625,0,0
129.57315783879727,2.9090567999806605,0,0
198.90079984897704,13.159331810016244,0,0
352.8127981870848,1.8000505262800015,0,0
306.00482823770994,4.328711482475881,0,0
64.8883684960762,3.0770283416399966,0,0
565.6377740795593,4.305701606072438,0,0
26.556812430445277,12.32111850066578,0,0
416.10221247649497,4.5862411207543,0,0
707.6802420323532,8.102729081584755,0,0
38.99712733624854,1.0528482636056637,0,0
256.0743669106824,16.3484645907157,0,0
8.223890830146617,4.618586905356137,0,0
103.98095130800226,10.456427532029686,1,0
145.25117451163362,12.924019191468306,0,0
173.80760022316514,2.3529321308957876,0,0
549.5784359757096,21.600009190665507,0,0
223.1012506695971,9.5769688554192,0,0
131.27741815146354,5.598848221869844,0,0
331.80446646740893,2.013027862294822,1,1
601.2891757812204,28.525143603871385,1,0
4.462649584848536,14.067754914042021,0,0
809.3541389859676,2.3322490120072326,0,0
18.013858051860844,4.12052922269507,0,0
336.81804575576075,16.59018243665701,0,0
65.79382183731813,11.89667820945796,0,0
28.35411294480137,14.51512762243915,0,0
115.91214844976143,5.819656240653637,0,0
206.54051754475944,12.604594296622027,0,0
95.91444290619027,4.8856478320285195,0,0
11.222114357629707,2.3732224172762,1,0
182.98889752290728,10.01513803856678,0,0
465.38227056683957,37.30281850317758,1,0
96.64707388183561,3.7193503394493916,0,0
48.75416200094418,6.179832944743234,0,0
116.88630447439306,11.208621033600208,0,0
9.914263158030373,7.798086888461963,0,0
343.50218124098757,18.54238006128756,0,0
350.13211682372264,14.344041239867629,1,0
177.3466108924877,0.6006555722592435,1,0
87.11360435225805,64.51111701468771,0,0
321.67106417535626,13.959506482348038,0,0
161.79558578874483,19.943897362205085,0,0
349.66220481978525,10.532500276091529,0,0
199.64054977277615,19.399239981886065,0,0
306.871165245739,1.1921490708997402,0,0
182.540930518779,4.273087051726543,0,0
106.93524982577571,20.90874194954541,0,0
633.7594882863896,2.2521470876441154,0,0
155.79061683206587,0.8147266971045304,0,0
185.8192337963699,15.517301992279876,0,0
49.81734670821448,18.0476055209486,1,0
196.51323982046287,1.7751578486457296,0,0
169.5431593007745,19.265212146506,1,0
40.87378013390319,11.608104963876634,1,0
12.287248405749311,7.341414466193065,1,0
185.44977053136842,17.734296482222387,0,0
288.52407598432427,5.434336147262822,0,0
148.21611815681837,2.156640380214848,1,0
51.436425575382806,3.3526671081439248,0,0
219.63566258566186,7.035289214095213,0,0
16.699307154142986,7.5785807425558716,1,0
116.61966818636078,16.377387624018372,0,0
35.6738973198894,15.671101257193726,1,0
40.780728977822406,8.70759580151341,0,0
45.20302134673321,15.177045005786278,1,0
97.7825146183456,2.129128863593959,0,0
10.500954137404687,0.5136121995053866,0,0
101.43095422915185,20.68571417211688,0,0
143.36811182721735,0.7856117392983463,1,0
132.05635662165136,2.832763648419159,1,0
96.50727959487726,11.88489786011996,1,0
365.4523875978296,5.26697480638971,0,0
31.407195892211288,20.90008939797165,0,0
140.92121423115367,3.5379309283815545,0,0
12.80989709773141,0.11942373789925334,1,0
14.762826208784324,3.5761201222260097,0,0
170.60021508484982,8.629278224320474,0,0
166.95063988829756,4.7150615812238,0,0
420.8017934861908,7.65444267298784,1,0
163.23192721278295,20.923089231782498,1,0
642.7329870575045,24.359456914089414,1,0
9.984078691583852,3.0921091673315884,0,0
20.62985573367592,6.201578556457632,0,0
9.01325223200101,7.966073147347305,0,0
40.981383422204104,29.781371179560928,0,0
155.85874382785215,65.83731029783405,1,0
207.45011369763392,2.6841193833176344,0,0
9.331371426792876,12.98209755181189,0,0
583.6464601468576,4.748651267716292,0,0
369.24149635517483,0.08141247087515562,0,0
70.36946091209195,0.09295592901109093,1,0
16.065847959723786,6.172348512822455,0,0
37.23870621674786,6.700849949386035,0,0
27.151210498967455,0.2282829050703869,0,0
26.314383712286784,11.613202200357719,0,0
146.19543472751454,3.4814484120997897,0,0
56.432120105941884,8.20737630522998,0,0
88.67692519376058,3.579887682929845,0,0
911.3776184457234,1.828828921563427,0,0
230.60160376435576,5.228539053723182,0,0
595.1101281159521,2.6432155293510453,0,0
30.760011101690214,7.652899583380444,0,0
96.29850688540577,2.216802852684392,1,0
161.81569782139775,7.101020589000172,0,0
15.972791472624923,1.7123743114952021,0,0
0.839247104463667,11.116206603073032,0,0
221.99593088917263,14.021704598499083,0,0
205.343655321216,1.169768742230251,0,0
105.79412054399708,6.307404526497566,0,0
134.5293813085144,0.7350844491903558,0,0
107.38019691807456,9.117571380136084,0,0
4.859572296171013,3.070746290227721,0,0
81.70544017175703,7.4998096746124325,1,0
38.979805820941685,7.286935519017776,0,0
20.722229139925517,25.816952917372305,1,0
628.0149339327967,7.964724854842378,0,0
182.9382648428364,8.746654114305464,0,0
260.8737875791016,5.135846359494836,0,0
75.77351876481495,29.774917123699733,0,0
99.89378105342605,15.014175298390446,0,0
54.07952756893024,3.3603973658681605,0,0
20.398941927636226,18.592436736015365,0,0
39.45414110476706,5.663319210760246,0,0
319.41695086596854,17.641470854689587,0,0
226.3588368822698,17.3097336375529,1,0
158.3412318337563,2.0932717203203306,1,0
128.90564349149426,12.07783828340169,0,0
511.3259498215055,3.4339630981422236,1,1
15.103165911722172,3.5309944365453405,1,0
65.86777563207812,3.5147147248080772,0,0
86.1374621543159,12.930526739355724,0,0
305.04307866758916,2.611388699004781,0,0
978.9607031668986,0.00906245762762458,0,0
55.063898275657294,12.560975090906739,0,0
414.7831022890391,1.8775800011149582,0,0
355.1253729785318,1.1035339861021287,0,0
50.89005595057107,2.7117391248676235,0,0
101.9427751304753,4.778753659467757,1,0
105.41568738232674,6.460848462734191,0,0
765.3587712928802,0.455938206705611,0,0
39.9078430580872,35.258539622707886,1,0
321.0473211638335,12.590030845537672,0,0
81.35100218697903,3.903707019997509,0,0
262.51240590719857,3.83748515502996,1,0
108.94922970904337,5.951905953383166,1,0
172.72056955616404,9.841543022341385,0,0
357.48789078052863,1.5826102676154536,0,0
326.0971392067096,2.094006857814403,1,1
402.61571248526985,19.620822959594186,0,0
12.293677172784435,2.960569424992677,0,0
235.56392854516454,4.783503632757327,0,0
30.161642322359906,20.500524699591157,0,0
107.50873464017279,10.881111077779797,0,0
159.07515009003131,4.1811257015447625,0,0
103.08037736291078,11.510627124547481,1,0
146.63209868152987,0.19879509940616466,0,0
1132.5075007210892,13.304535305101163,0,0
29.055406667915097,6.6751070236306855,0,0
225.06685970045731,16.776211864717116,1,0
100.83653620495726,30.93072857376495,0,0
28.545520870008367,26.008368212346173,0,0
34.57013273473063,23.99812587681156,1,0
596.2598120437667,7.17788204145521,0,0
423.38963546909963,4.465091806280038,0,0
475.1214149805555,6.255545618000119,1,0
954.3105097269025,11.708475645787843,1,0
46.71843723719194,21.54145923155854,0,0
87.83726749397677,2.319147851132514,1,0
221.25976889339728,25.033944014833533,0,0
132.25318240263812,16.883741556355133,0,0
108.39087133403467,38.56399819531079,1,0
88.57460287055204,21.223638509985598,1,0
180.17238997760015,3.284170286654053,0,0
171.41267769584942,1.1200018885465621,0,0
35.218082328368844,1.1905505031465067,0,0
127.6332769311519,3.442147789038218,0,0
161.2505338974355,9.523939916983089,0,0
168.92751848263606,16.312762735265345,0,0
47.17160599164801,22.951161251234083,0,0
271.16963113171613,9.7751045796079,0,0
5.104405730478544,0.056472283683679986,0,0
87.64886141589814,2.0618414906431277,1,0
303.0189568652909,1.050563439820189,0,0
165.97349437534447,4.514951339875198,0,0
60.535436522847576,6.958528247838859,1,0
237.45796142289447,0.4436699831373859,0,0
167.5841664309887,4.284440776097394,0,0
318.1660325443592,1.974510419888482,0,0
265.6240999476924,10.414860130780653,0,0
188.3770602646397,6.241293987886922,0,0
133.9555472520325,6.838260514422018,0,0
28.585277695046763,5.580776006108993,0,0
60.58161854653805,31.24013711034237,0,0
108.63514932567631,2.417341978858234,0,0
182.90809639429816,7.2704375261466145,0,0
144.18914294526212,13.318719672626656,1,0
67.9873133665769,8.138343587115957,0,0
1.2970684466760605,26.45369610241207,0,0
137.1307540439471,4.747643123622711,0,0
67.2697256496366,6.230164607778958,0,0
265.3096867599448,0.9268816702237912,1,0
4.847527601850072,9.390454454748763,0,0
175.81238645753365,3.399751203886634,1,0
567.6576474346846,1.7472135902332715,0,0
38.33122180336847,7.864282647617519,1,0
127.59907444939356,7.599501588569332,0,0
19.174906003761322,0.7890430056425489,0,0
196.52986821289525,11.98041938381092,0,0
159.9379814379841,9.775604431323778,0,0
104.63549367425338,2.0950853550871065,0,0
147.36841853915982,6.338125427051332,0,0
453.78105288617644,12.741196144818087,0,0
43.70442489310927,7.538227523245194,1,0
4.5645971860001655,5.033355382610701,0,0
395.6152331618541,3.891073163932547,0,0
172.1319857529138,9.426189646376042,1,0
442.65577192060096,27.98664943863772,1,0
181.73656084406764,11.139640476515769,0,0
332.3158816672084,0.7768688042096049,0,0
112.30920710735472,6.174554140234761,0,0
277.1468486336635,22.147952246215677,0,0
488.46478097401206,0.9922650699345186,0,0
169.78388461896128,44.98624465342157,1,0
39.88177962125471,29.772912325099476,0,0
62.612999425465546,0.8150780118979593,0,0
44.29014122145893,27.092507281898854,1,0
56.70003976291037,4.511937930498078,0,0
73.17642558294747,18.624555787465624,0,0
161.99633728153378,5.419437041244958,0,0
177.3423226007275,5.813466492545024,0,0
111.19938033674175,10.057863492467634,0,0
191.12109539649484,14.893349888042927,0,0
17.01899030742044,0.3437319834719393,1,0
18.37662393060301,8.993254484040797,0,0
37.7072360106581,2.0669580280810944,0,0
145.99439243495772,4.245707406923023,0,0
48.15834329438416,4.276626601660884,0,0
66.61523493254228,6.331068992652376,0,0
102.26943067211349,4.066704520576659,0,0
334.1202926503655,1.1357316785517386,0,0
2.791822512847525,1.5738944725652684,0,0
209.60977965401023,0.3400981846159176,0,0
221.0527910310044,6.353483552259776,0,0
320.5478600201822,30.888940495970214,0,0
539.8763929908591,1.2293088975395037,0,0
4.068675880905285,29.236812855996707,0,0
33.39605696223046,13.218615258122208,0,0
434.61210800615027,10.147275024422758,1,0
122.68929846580694,10.364202051108233,0,0
166.2937260979334,17.52890635647988,0,0
217.55061502043128,1.1307896459521567,0,0
227.30433360437945,7.027013235083013,0,0
536.88744881094,11.943233050571889,0,0
1158.4845388072133,8.838730228097173,0,0
254.7056388928972,17.88439412859406,0,0
67.71683160907345,0.7501637895018451,0,0
423.6404695391117,11.73446960108807,0,0
10.094708104097906,7.636291538904613,1,0
52.55389105660968,4.766832708307243,0,0
455.3556299854095,4.15932170528653,0,0
59.19433783320467,9.697775691983457,1,0
49.859279934088235,22.163649631970234,1,0
29.72907411076845,6.8552813157072965,0,0
391.95766206165024,17.4138863541491,0,0
138.65274114618256,5.14426067330991,0,0
224.7203089288612,1.0802457533030023,1,0
54.64183152254719,0.6347853534360794,0,0
283.79691914966236,0.526988831581217,1,0
285.42789198315825,4.782779947173991,0,0
74.96720825838912,4.113389516538731,0,0
105.75808340633542,12.656249124889893,1,0
47.06607129365835,13.579848888102287,0,0
750.670994469363,0.5219261321536187,0,0
207.46726637743262,2.4990247783811954,0,0
545.2750590870811,3.2056600436626637,0,0
72.30463370161655,7.932150252387196,0,0
304.5519884508178,1.5608698114072361,0,0
290.36605200965437,1.4380249674164827,0,0
235.30762141996306,28.786408406967304,0,0
674.1664717753157,16.30676397299238,0,0
100.02835863761428,1.9924991891031005,1,0
28.01738346040231,5.218323223533796,0,0
222.7708880095066,4.394697673954752,0,0
261.35605744365057,15.654405203432397,0,0
171.16172920018627,7.137845057348634,0,0
46.34048815041002,1.367935499569162,1,0
140.4198024502916,13.432044627587487,1,0
74.8484517960105,5.056523254207924,0,0
111.53681583568627,3.050646073151543,0,0
207.25067714731188,4.708017428868657,1,0
273.46684336244266,6.886703437784515,1,0
52.85163098362362,4.2024710003098695,1,0
103.94816952326839,2.769475905007201,0,0
62.71257420216655,5.083321164807897,1,0
44.28690597020424,0.193590946362298,0,0
305.9287886733093,14.8059557292744,0,0
479.93529940874265,1.8746865267562383,0,0
92.48081524660026,0.44897594371093025,0,0
278.28463771877284,10.604460531225508,0,0
454.59611149443555,14.869377038137214,1,0
374.3219127798344,16.81090379616866,0,0
40.37755992063225,6.802490850936756,0,0
626.0442832817703,2.2987639699970206,0,0
94.53790755158131,13.364673146980458,0,0
82.87311838440027,12.03016851908539,0,0
12.893054583317326,2.827220392503334,1,0
133.17398381273955,23.372568294216638,0,0
23.085226586207668,1.1022952571982085,0,0
57.14741195715377,40.56369216023682,0,0
76.23528276288258,19.678845032231983,1,0
330.91459260172866,11.644272896926333,0,0
416.67168115071746,27.927896055562353,0,0
72.04089521494758,12.81254102704289,0,0
391.3713386326608,2.1128538439715414,0,0
389.30538015922224,5.8367617316349385,1,0
289.3371098639569,0.7418815541776734,0,0
31.727673493772162,4.937348766482501,0,0
234.44499315906583,13.532581934314827,1,0
580.1719454651588,4.884826815729373,0,0
229.48099219144638,4.0091673087853,0,0
80.57873813985313,9.047469250168893,0,0
138.8612974315788,20.57324175842667,0,0
207.53639072735118,0.4875251705151169,0,0
142.90293308268886,4.868982383583859,0,0
25.555979526784395,1.7226122226697218,1,0
74.8119067077543,11.886056552222302,0,0
324.2980811157606,1.1174145330929972,0,0
395.25868068256074,10.930510567645326,0,0
29.537662164381405,3.371256691788447,0,0
608.9288491029815,2.217904842939247,0,0
79.744364405191,27.543961405675805,0,0
217.12760713197886,0.18698305564818124,0,0
278.724344925305,5.758571942360881,0,0
334.2054742139349,0.2186428336033926,0,0
582.8293595307371,6.608601578700729,0,0
75.06077747980845,6.952441332180218,0,0
391.1002356289164,3.8811028511662777,0,0
28.240583807033286,1.417499613297539,0,0
244.18371957253603,4.72226157608328,0,0
270.9418756145237,11.155436382239545,0,0
226.4689206442046,15.25077502441641,1,0
58.154631958091294,7.566208872417394,0,0
412.78159810510806,8.911942848352957,1,0
36.99103555514436,2.239143121798817,0,0
11.025345791138243,3.3873726638419566,0,0
252.79056180729665,1.766126159150472,0,0
129.05271028441666,2.8674298020977798,0,0
378.224958349641,2.547461702673276,0,0
96.70602538356748,7.328214722581981,0,0
36.85154723787983,8.271101080896445,1,0
362.1177576516078,28.994665653488138,0,0
159.2175172495795,2.176221313236449,0,0
41.94573499266711,10.263168650669474,0,0
254.86760811956506,16.996869011324954,1,0
143.12504121259627,8.215294840305342,1,0
185.42634788377566,2.943759633006034,0,0
123.57022279929832,3.045573015893467,0,0
352.8782639932176,0.40044227341868555,0,0
353.87757676884723,3.6448281266660216,0,0
247.15381254742198,13.649387403558128,0,0
22.276025532631955,0.48683814892182764,0,0
365.08872713246467,2.475582832263077,0,0
222.34739670048788,12.249666358322798,0,0
238.82044648863948,15.26253511924586,0,0
90.19173712626203,6.075538936985335,0,0
422.85555757949646,11.975744458109228,1,0
258.46727373805885,4.909448437311557,0,0
23.889739389120727,1.7425011274458069,0,0
104.77475449795833,5.077461926229873,0,0
434.97978351324394,8.674239520758299,0,0
9.669359850486385,29.575367367315568,0,0
650.9867311808142,0.7122853166599357,0,0
227.3641455002,7.080458036090715,0,0
199.59561279710363,3.988665935839622,1,0
63.095428645200435,7.099102882041891,0,0
57.21448405788696,0.2426753650895647,0,0
569.6633113701358,3.7545789384780566,0,0
70.84201234713696,17.140661825103095,0,0
298.7806330962544,8.07305693913411,0,0
99.88543281631888,5.98896639822335,0,0
29.991181224168706,3.36207372102392,0,0
2.1546239847182744,3.538824505678515,0,0
157.16539286495154,4.830506666314333,1,0
744.1055524137777,18.052746489966406,0,0
92.13305555735207,34.17729491269493,1,0
88.38194384601998,5.774202685673614,0,0
84.34683222949204,4.998079398783103,1,0
147.02056235773443,18.743855537770894,0,0
116.20129849427441,5.567043414254957,0,0
423.91046904296337,8.030026105497948,0,0
140.85003495115674,2.625884535743588,0,0
141.75689695524122,13.606365004984465,0,0
29.786237124922888,7.59262022416142,0,0
811.8673990418646,16.55662758609003,0,0
57.5291855193574,15.174638824335984,1,0
15.238905567778177,2.4207763544751257,0,0
217.621283208722,12.574985908276375,0,0
180.95464779207623,16.09709989200484,0,0
107.27848878708444,4.2481191770208335,1,0
109.70281003938402,1.8947803891718902,0,0
307.4829204503445,0.0263562579184904,0,0
43.55973216970655,5.994813575935039,0,0
343.24134935578564,4.345326012892836,0,0
209.24976833979017,8.09478396723623,0,0
108.59049980151805,2.083055467374538,0,0
122.50841541231597,19.63726760126558,0,0
59.31690497306481,2.980761921438378,0,0
278.9575316116947,2.567386048199741,0,0
143.84679726237854,6.553005966367758,0,0
77.38399032231565,6.908518643034796,0,0
181.2928915257866,2.421801387948176,1,0
1091.4369261267643,3.1726293964034546,1,1
114.27877347937054,1.8597450768858839,0,0
506.8817434221933,12.674813789673545,0,0
84.62915069717715,14.700631374075996,0,0
11.257508333606395,6.205074953794022,0,0
45.69205862621254,12.520677895857906,0,0
108.49598989263114,13.31561478267037,0,0
49.59868570636121,1.488196970907267,1,0
0.04541279906669471,33.86644534926593,1,0
493.02442276056934,17.205479644690673,0,0
371.4253130834183,2.2876364096890356,0,0
271.1858032418981,2.0599768015226445,1,0
36.74000424297356,1.342872731783572,1,0
25.649322333182624,1.4893927246285346,1,0
13.99969312954665,13.789684573169563,0,0
257.49203505624394,6.342261397464272,0,0
528.4748548458483,15.27554620014236,0,0
112.61187939093156,13.714250368917845,0,0
25.371467777865796,9.278895222911896,0,0
143.6490315600569,11.595305120508074,0,0
85.79749268688033,0.18526281039439213,1,0
93.94470948646102,3.7364330547931712,1,0
194.21836277527296,10.156199702487534,0,0
253.6795913644499,0.09388891510842025,1,0
23.442449463870084,0.3353294067202427,0,0
7.247800582298397,19.09786416303497,1,0
1034.5239092782804,11.52091744731096,0,0
52.98287336130883,3.0838794459446364,0,0
11.066715366031705,11.646329960811316,0,0
42.11342569258183,15.724151376867233,0,0
7.947401322443562,3.6642847407443533,0,0
99.45388335703133,0.36702758462702867,0,0
324.3039048666513,26.99771435165294,1,0
83.48055074936674,4.2339464332941485,0,0
117.46338152728045,1.1258853416532182,0,0
225.14743711702013,6.769921218614268,0,0
142.2190862436618,14.630363035289562,0,0
395.2985743076132,2.5057553440994864,0,0
402.03634923238445,3.1401242725904126,0,0
1.99202666945551,2.7801559283578916,0,0
301.0573013258938,47.882583763718756,0,0
123.50911640267435,2.1990347320417656,0,0
899.093565423557,8.568908997267526,0,0
132.03227895247508,25.938019609069123,0,0
866.9667168640788,1.5887448312947263,1,1
280.94818040727694,35.35444385739495,0,0
57.16472930930626,29.46508572815588,0,0
154.6091374172084,21.59108207904097,1,0
969.0828105307721,2.415067797379193,0,0
389.7256187171888,10.052723831554527,0,0
20.487822709239417,14.308377420891114,1,0
245.08832161549785,42.706948129460976,0,0
84.8010597989943,1.9896792853683776,0,0
1.4013503869448922,14.525448514565028,1,0
103.32882671115647,4.137006824365807,1,0
53.511695863533696,1.931315333050145,0,0
341.70724922087555,5.4710403451013425,0,0
82.29581380848579,15.790828842966611,1,0
351.49908163979376,6.252078307463487,0,0
0.11962353430257713,7.711586696619891,0,0
73.58160272318848,53.30718706198773,0,0
55.19423978812442,5.093422238103144,0,0
53.20169318002256,9.555534081518996,1,0
14.124544029252567,4.545149235282756,1,0
41.435407050233714,4.988734140640178,1,0
162.18334970993257,11.895465431841998,1,0
68.88183054948225,27.787995873117858,0,0
108.04909573190713,7.816701368479448,0,0
94.59902156296486,14.627432264991464,0,0
417.34145465910683,0.9343914597895948,0,0
471.40614174705087,2.371892791268368,0,0
135.83188209264162,6.974195760970958,0,0
80.14207107108142,0.20214670275580238,1,0
22.5891094392862,2.9149597448896944,0,0
613.2433058149837,7.285697984532234,0,0
12.423372722435765,0.15074245952720322,0,0
70.6647637809341,3.0726767256747967,0,0
70.78323661283406,7.216100716518337,0,0
77.25055633641055,8.51320853740436,1,0
35.893967747342224,26.00340303650956,0,0
305.7204247191607,10.366115503714429,0,0
26.13517742781785,5.356919140928732,0,0
201.52044594901332,26.642894795892744,0,0
26.44268697811425,15.365731355994471,1,0
14.629362632262682,2.231547027673215,1,0
480.3253533429852,1.4023076780777215,1,1
42.1760029433356,11.264305609561474,0,0
344.3535924156136,8.20715054537837,0,0
157.3293833285337,15.590947347801285,0,0
16.210889777456494,13.424882159118157,0,0
622.2205059323763,9.81393502457215,1,0
56.72769629041624,42.96375435091705,0,0
392.7165624308441,7.626896246994477,1,0
36.97937540554233,1.2002953320791783,0,0
384.75150311464057,17.618525614618136,0,0
2.6634186152748893,2.901562805761459,0,0
143.39801804351154,15.019393506742652,0,0
293.45106688607547,31.490488746561716,0,0
546.045412460405,11.93347829691255,0,0
479.8239040309607,9.064150596242106,0,0
342.54330773195676,6.169015353974693,0,0
438.19326958414104,4.532013667739117,0,0
44.433726799383614,4.354163275867693,0,0
66.86650827980435,10.116258526908785,0,0
68.20771628239501,13.91399839674968,0,0
94.65906611153572,11.348108299780794,0,0
99.95098296115927,2.2115815002030828,0,0
157.2962057669807,6.811932743308145,0,0
34.84205170773817,15.68488272539565,0,0
235.0425171093756,6.456990177841899,0,0
36.68039748287574,7.692149050508944,0,0
74.30217137454463,14.746275487891547,0,0
139.97198437822865,10.825380923554743,1,0
318.359447156223,5.2652305442436536,0,0
269.0068636387124,22.577332566689627,0,0
207.42877056557782,1.774141004758921,1,0
33.86683437281195,54.073398212221036,0,0
158.39265184123036,1.2653033273858025,0,0
18.30171341590901,0.15062848342737137,0,0
94.75837569686868,22.07446756579084,0,0
106.72215918468255,2.809759533057425,0,0
8.125119312718008,13.082214474051648,0,0
64.03777447540952,16.66089616078419,0,0
623.126111653828,19.588988757587657,0,0
614.2317643496284,47.78837578024982,0,0
86.87388467864061,3.4819628958636892,0,0
8.811300010484455,12.387138183455539,0,0
39.46956297242957,1.2261955334085615,0,0
99.58773481472859,5.2223933195102346,0,0
590.4567863827641,18.836885472675384,0,0
30.44362450926456,4.583249647967353,1,0
288.37481310976557,8.942733543792285,0,0
23.010923594385854,7.007226898591509,0,0
795.3931471564043,10.383214574581594,1,0
96.12929247672663,36.080145388605985,0,0
298.5395631112517,0.5734898947040337,0,0
83.88981070331177,8.532256022894655,0,0
197.59434109241533,19.87984442741611,0,0
42.642625503133374,6.56589070043761,1,0
31.569739651275086,0.8178200414311996,0,0
556.3311877148783,8.222071049255407,0,0
499.3487535413324,4.035777265695015,0,0
436.9052016892125,1.683497609067831,1,1
196.39715773044702,18.907040330833375,0,0
330.3315633987162,7.373070583510861,0,0
14.307135388085982,27.071967510803077,0,0
81.53021167871523,16.39982198811467,0,0
75.2889964252741,11.808156586566309,0,0
201.92549910306883,0.05038173674963946,0,0
87.99819717647553,5.583076929817357,0,0
32.15274865214109,2.2000632960947417,0,0
181.4994394225816,24.168508209357213,0,0
336.81496561130075,1.9186775874595723,0,0
96.29333414324466,3.3695642614504355,0,0
28.37463837159826,7.274007274224557,0,0
43.80246863178717,3.056608857456584,0,0
54.22617517608701,2.3555105360692092,0,0
71.30573178336337,9.140415758797484,0,0
205.88912594014857,0.9313502220629671,0,0
183.73144823881057,0.5992810807943686,0,0
238.19806292228455,4.656057862470345,1,0
90.04082298900202,12.753415477765948,0,0
347.45158848839026,8.092468400058255,0,0
45.6532452564574,5.4969894261007965,1,0
126.61399960139619,8.341384759965582,0,0
322.82851394126925,4.548415324234035,0,0
39.72888605735621,27.51161304761535,0,0
23.276004659411555,0.5646971201385296,0,0
430.28887517772876,11.189930088590883,1,0
83.99284160453318,22.190040203645044,0,0
230.3204305416183,16.290525719471233,0,0
5.135082950555548,2.033912130538832,1,0
234.26684917530642,3.508723103704414,1,0
75.98909772532582,12.62477790412558,0,0
11.470926201078473,0.8803432822307948,0,0
188.22571129486602,16.705779474136854,0,0
55.09901162779062,12.690695064790258,0,0
97.81518846299005,13.078775254830672,0,0
16.80262520134339,1.0562874081318994,0,0
31.83742688866944,12.649994364951898,0,0
70.75788948270116,11.388660859553967,0,0
18.80928585793354,17.773980350093442,0,0
483.4337459820498,0.424858323649007,0,0
1.2130801184774684,0.2338190711968444,0,0
132.2755313023651,4.668200619836008,0,0
26.306098154613682,1.610943962145225,0,0
73.54113746625787,8.173156342072623,0,0
520.8990744525223,24.931271638989973,0,0
35.27455000248111,4.967250562367382,1,0
675.295020546265,18.64010066670527,0,0
46.08257604322921,0.002409035327925504,0,0
270.62307129804157,1.8454159139921835,0,0
158.23019352867632,0.30895941657840476,0,0
431.66011786545806,3.977159810706829,0,0
161.48424097722454,23.88029651138401,0,0
152.95408131807164,1.0197970770039948,0,0
43.496421606192314,9.324449534006495,0,0
36.359385779445844,6.005605956834003,0,0
496.55574576095376,27.882013656014276,0,0
79.45123838399572,1.3070013873715065,0,0
93.06922006654966,2.3829253302578652,0,0
285.2763737786412,0.29987121627035473,0,0
82.74688570439316,5.690468073775595,0,0
607.5712173436884,3.2549872582147286,0,0
267.82702447450083,20.39497504729227,1,0
181.97688054499534,9.287196853002243,1,0
425.55023398021666,9.521530096270824,0,0
10.17570941815368,7.590961826383537,0,0
59.42872298591737,0.9634608712320787,0,0
125.11128976480546,5.888208301723696,1,0
51.48969362601057,76.11336118382816,0,0
272.44150819374386,18.032004130197393,0,0
503.1755425248586,22.392258998071032,0,0
110.24972011245207,17.328852306544697,0,0
83.75037757831613,1.0874589897460993,0,0
651.6831249001763,2.580562874242478,0,0
117.70426275602178,0.03126533873663858,0,0
134.2960820772535,3.6170202266350255,0,0
86.66488161807587,1.1497032268465577,1,0
480.5882370324289,6.401626731526841,0,0
168.3087814326118,11.30497735141796,1,0
287.2436868167779,20.75491712838849,0,0
334.05715008009804,13.831679139168562,0,0
83.66419087816641,27.90110874901199,0,0
113.72425917662588,0.5540520026965988,0,0
377.3966727672802,0.12254617454226488,0,0
90.27731396626518,10.827530552695546,0,0
315.91285472054705,3.4157862637712535,0,0
566.0175435370109,2.923610231635948,1,1
195.21365320651216,4.0180245535804024,0,0
270.6704228487857,3.144314111068142,0,0
327.05097621734694,7.162856343991807,0,0
372.91719882365953,5.800836147228113,0,0
100.52299731690822,7.183184380046365,0,0
10.524827318536731,11.169196855699496,0,0
102.79152842937127,4.896032677864408,0,0
224.022083130239,2.8942717711776975,0,0
119.6948537647552,1.8176235734560877,0,0
276.4311082609331,4.299741963215763,0,0
88.31664585052856,13.540458792968135,1,0
201.43143753940714,14.134802107011534,1,0
41.2621553586591,10.993287052858529,0,0
276.7550566484629,2.6660989230298804,0,0
157.79772657063342,8.86941286144937,0,0
45.64739730869154,8.455752219937166,0,0
69.03714639934428,6.621645344260197,1,0
276.1489247534796,7.9846100038329295,0,0
131.78827948925627,6.768617758056344,0,0
48.67727239560832,8.334589160140736,0,0
683.8999121050816,12.5704295576178,0,0
251.14097219594828,1.1611614439572928,0,0
629.9391460341037,13.847984890906268,0,0
111.41058086194474,1.4605074817342079,0,0
128.90963195686692,0.6895144207056304,1,0
456.46870100911514,37.33027232154121,0,0
148.90887090872081,31.463637599897144,0,0
245.70700821866015,0.6233992110082188,0,0
58.11668947327032,5.856451542287618,0,0
118.38055362178272,2.060958652633729,0,0
26.35227561877133,6.642583058433701,0,0
46.12933486386267,17.729999917033872,0,0
0.1887721127805834,30.080432383185926,0,0
8.01134324421848,10.058124939312885,0,0
756.9355945842468,4.368097598723926,0,0
55.50772370288581,9.24639399327829,0,0
217.71895211593258,3.739683394640406,1,0
365.39407060259396,24.059879797478803,0,0
159.9952923035993,20.43306068417855,0,0
33.245040221713374,8.169698563089183,0,0
260.4762765559322,3.9274472933373046,0,0
183.3838909455822,3.4727593276131623,0,0
262.79517849262686,0.33989136240469225,0,0
293.71498733338643,16.918463593168962,1,0
741.0860750956957,5.985339945794067,1,0
170.4582587156467,3.9323953846641024,0,0
83.60101498043558,6.369754794678171,0,0
209.08894779211514,17.0781172788188,0,0
14.179088025243026,1.3309058431766296,0,0
455.3782418741062,19.49508533173683,0,0
25.426044514091533,22.779786802978418,0,0
79.45261872182058,29.319674585352246,0,0
338.28733539966345,5.066476842269191,0,0
181.91882998802512,2.448019145717773,0,0
