cement,water,aggregate,age,strength
249.81604753894499,203.8163570272436,1069.0811976835591,28,9.006162190281621
480.2857225639665,195.8363755259462,1118.672558876549,25,42.83450901333829
392.797576724562,105.12841316128714,900.1871595169996,58,33.9382276111914
339.46339367881467,168.24956552523128,1049.9496398427996,297,32.74987263793099
162.40745617697462,176.0391237571714,1028.6983932574994,134,10.680744699328397
162.39780813448107,179.7645561793801,1133.1321507153084,331,7.650017364823191
123.23344486727979,216.03447384546644,1162.4348241925043,249,-2.8838411709435023
446.47045830997405,206.7205093453757,804.8627085909548,38,40.046435767368784
340.4460046972835,221.58101855868892,1069.6079676235172,75,17.27329861384741
383.2290311184182,252.97665230842566,820.7343196478917,142,29.888600302241347
108.23379771832097,262.59714774321867,1019.5434660309423,322,5.5085161709554065
487.96394086479773,243.62461524529888,915.0530916174713,168,37.66057430406503
432.9770563201687,291.10473919098695,922.7106398088565,259,29.81173099402851
184.93564427131048,103.64651653527233,941.1834013809427,355,11.942608077062332
172.72998688284025,139.15559713670922,1048.516979619844,225,14.878932414970073
173.36180394137352,101.51257499562843,933.6199862675077,152,-1.4490925110521289
221.69689718381508,229.4949428309206,1093.079620236112,19,14.46357427211953
309.9025726528952,279.6061097899974,961.8109542295479,146,19.067333480668218
272.7780074568463,148.69645931525986,827.3412801239834,241,21.138899281323226
216.49165607921677,285.40690895926133,1113.503936993643,344,12.030331533277849
344.74115788895176,112.05347805791217,914.3033298370824,237,24.373659926338924
155.79754426081672,286.8872053611029,973.1067518397051,35,-10.479569282352887
216.85785941408727,170.3245374479269,1074.1775532887607,190,17.41243441878219
246.5447373174767,120.2841656898433,932.9824628594848,1,25.232996308178954
282.4279936868144,197.17435183726514,822.6342624586863,153,11.217071917134497
414.07038455720544,151.3553135441016,949.5684188051255,126,29.836872393533397
179.8695128633439,156.97458039238455,1177.7794330777215,345,17.34984673185235
305.69377536544465,161.4579929852573,1056.6937589194233,226,26.550926687015863
336.965827544817,260.6051795665327,1068.591659466883,221,37.69186605768861
118.58016508799909,207.8322553350509,1052.912861455056,211,8.954691086176858
343.01794076057536,162.26153983120074,879.5968555837748,25,30.61583944396275
168.2096494749166,222.06675666218368,967.333545640912,16,2.058683614408063
126.0206371941118,243.2301348446387,1100.3759193453272,182,4.884585959132657
479.5542149013333,154.52480014670675,840.5491590212637,329,50.99624979517485
486.25281322982374,182.7098203050703,911.1411104358849,129,39.95783648236433
423.35893924658444,124.37721866738951,910.5276433863414,42,35.95096012260331
221.84550766934828,136.22986990693607,972.8075710378024,336,19.439824904622693
139.06884560255355,236.22357079299655,1192.147496376874,236,1.1332126132443525
373.69321060486277,136.28766953912537,827.0010186735287,360,35.49975515414658
276.0609974958405,205.03267673341202,1007.480397752238,34,18.914326604291862
148.81529393791152,241.80925234448654,871.7458728048841,345,13.640998842470108
298.0707640445081,121.37538461894877,1188.2706181638978,45,23.241344960949856
113.75540844608736,213.4624439257807,845.3214018909857,134,5.416061378637232
463.7281608315128,151.31255674027275,961.4404009446365,21,38.21936183617739
203.51199264000678,292.585375047516,1095.1539939338425,122,10.140727720536102
365.0089137415928,196.70912934398496,1081.821771210978,70,26.11514262800054
224.6844304357644,261.1985099550316,969.0914547575729,352,15.795882480550892
308.0272084711243,210.04530843125235,938.6096671810873,361,27.551634570992054
318.68411173731187,108.68250657096384,959.0449514211482,48,21.581005179893953
173.94178221021082,226.63027511880446,905.7105052634557,39,11.964541568433862
487.83385110582344,290.2806684413314,882.1331754827199,287,36.30696475377567
410.05312934444584,220.32236402926623,993.215879023556,10,27.74021125985053
475.7995766256756,263.83777188535805,907.4135024270429,30,31.138028509949553
457.93094017105955,276.8412926696816,914.9846659589,244,35.88203077411308
339.1599915244341,145.6159543897865,1062.7024253898228,274,29.352092988436475
468.74969400924675,142.40896798164533,1187.414932679957,88,42.48855692955084
135.3970008207678,222.19619777019835,1041.45488022375,244,6.820994115159258
178.3931449676581,182.20569396134096,830.7917868259865,329,15.061953025449652
118.09091556421522,267.9722605733441,830.2334455416268,15,12.441899108519607
230.13213230530573,280.0046246796022,1180.5692883382264,4,9.251440783209716
255.4709158757928,170.6842758605436,918.9163161229335,191,15.250010861689233
208.53961270955836,147.3741117948964,836.8267944329901,168,5.066189019519845
431.4950036607717,256.1051030487724,1039.6178348601527,9,24.457661222685626
242.70133067743572,154.96120710962722,1049.4595113161065,109,23.788815966026764
212.3738038749523,264.52286370273566,1059.4019280474754,137,12.980859736223984
317.0784332632994,184.74765072975256,906.9608111430165,154,17.260530557267344
156.36968998990505,233.5099798582941,806.04427368579,209,18.372532211071906
420.8787923016159,119.10706276693364,1186.0061477817887,272,40.48634848012245
129.82025747190832,224.7718649353146,900.357218276441,143,5.475016099826796
494.7547746402069,190.35353574744582,1070.410515221019,99,52.16892657632881
408.89790771866296,217.32169263509482,1082.6519479514839,308,41.80098474425263
179.48627261366897,133.6028415489727,1044.0029668317943,69,15.864172563079064
102.20884684944096,247.37474898883642,925.1629576854593,247,4.468216939633551
426.18457138193367,272.5594155086457,908.4385015056263,261,36.214411843615416
382.74293753904686,143.34796001815513,1039.0673130810812,276,32.66206009443685
391.60286721639494,119.14291110403235,1146.4382534446765,79,35.42710565415886
408.5081386743783,104.72771720926728,1178.6934915693582,146,39.94603047734803
129.61786069363615,228.3943000886532,842.362321761503,111,2.0181580930388963
243.38629141770903,221.41880721775615,861.931445039088,258,11.020591232305332
146.34762381005189,209.339482542814,1177.894503513232,93,3.767136247321147
445.2413703502374,146.3894192231951,1094.614091333917,13,32.39500303433439
349.3192507310232,178.18119918110295,1153.1975299319092,260,28.944727968408326
232.35920994105967,218.8952670372346,881.0530536541372,109,4.478871882211671
125.42334011440946,199.35337177183388,1035.0343484437608,330,7.57985797538699
224.3929286862649,297.55710404297747,1080.4558377669896,189,1.2950651886367943
230.07332881069883,127.28795051134662,1072.044754178789,95,15.57557005553753
391.84247133522564,239.02891080951875,963.2606763466792,105,30.803306965450858
355.0229885420853,180.86375362085843,806.1579566765234,8,30.49484473072825
454.88509703053063,185.63992298512295,1033.1704227217053,67,40.238309598214435
288.8859700647797,243.51955313163523,901.2406156718434,191,20.22128892226561
147.83769837532068,238.48723026487392,980.1016984571561,256,-0.17695825194908466
385.297914889198,298.25119874043764,1183.032406033527,9,28.610273326231713
404.31401944675895,125.67885789082504,959.6141270569739,117,29.83545222760909
324.5108790277985,120.82192987683327,1135.9206426657706,267,34.55287051120982
408.3868719818244,244.86776342574822,875.4162422997005,99,32.72382281430355
297.5182385457563,215.67738340128182,1068.9841992100114,298,28.74246225820923
309.0931317527976,154.83213331196117,1190.8027817755774,164,24.932048929763187
271.0164073434198,115.88387379779732,840.7572403491747,141,18.623626508397013
110.16765069763808,117.1316499192861,803.3279768908768,268,1.3769199530032532
143.15657079732176,278.8381749328237,973.4331170530457,37,-5.1641483397736385
112.5716742746937,138.3734649437486,837.0501932205469,74,-3.1053795627531233
354.56416450551217,164.67431242310414,1099.3537398704925,73,32.66271541407883
225.74239243053069,145.3312804453976,1165.8194655394236,308,23.72475998594519
303.42827646588114,170.99926116638744,973.6083890835035,199,26.55136421455298
463.0265895704372,113.88476854921868,903.4846568621764,130,41.74321596921639
199.71689165954996,203.81195818165406,973.7613276026439,246,22.545888439184857
264.1531692142519,113.52251271844298,1089.3791271400005,312,23.368448870683004
402.22045541721945,260.0713015644723,803.6216646321484,60,28.9230645042178
191.51926619664897,146.74241638208662,1035.7815957938788,279,14.36554823391497
130.7919639315172,208.0023829209021,1045.3166739549515,103,2.0175369147893734
215.90058116550722,276.0158175122916,1055.0752987583742,296,13.90413969009163
164.48851490160177,230.17547380943884,896.8088319923509,320,4.97259435366562
471.87906093702924,206.59155731026706,1085.6210893512507,341,36.76543909561637
423.2481518257668,164.86675062307512,836.5565945327105,151,38.9988245784697
353.36150260416935,166.6003826116396,879.7081345867203,157,26.08808929702326
448.58423607508706,233.89739103963802,1150.9880186617927,206,35.89096419590271
421.4688307596458,298.8278722442335,1095.4892602906266,179,27.288848864935268
174.62802355441434,232.36783796987572,805.4982216045381,197,7.756653965814409
457.0235993959911,211.55668347400498,899.3505041479201,223,33.98808017356574
315.7368967662603,246.13010204784922,885.7625931972658,89,16.954240810488102
422.976062065625,193.04112245674364,908.322531214789,287,31.4168894746739
458.4365199693973,112.02846852015705,899.0239081119546,276,47.21887912023914
227.20138998874555,212.45936317558196,825.0105182971383,236,15.316595011352105
144.0207698110707,291.525056901076,983.5762066387281,183,6.248578255021592
191.17406501677667,135.06058847153193,1093.0933899144661,209,19.58130990082088
270.8431154505025,238.00097816413316,1042.6926898869747,130,14.184691001165229
427.20590636899726,140.1867377318113,1069.148667439232,153,41.64917867225198
444.2922333025374,207.16553689461625,832.4596714144957,13,34.13034287585576
102.78085221247628,119.33528992934393,1180.5962840707148,122,4.737953197384172
304.2989210310263,190.07418725163703,1135.39673353721,359,30.778018223824656
266.9644012595116,251.23266577904923,1122.036127398265,220,19.103649151075857
188.8431241882921,169.5143048477964,1129.193522016707,106,9.706475901120754
147.94614693347313,232.9823448974436,1173.0842032531045,70,6.289464026108375
235.0460685614512,259.08999215794586,1017.701586445479,195,6.171543987399879
477.16388156500767,285.43556389589054,880.1128071470504,186,36.54117486740432
229.2811728083021,146.9284163710907,1046.7134431410163,99,9.073738707984756
307.51624869734644,179.86318316186163,1097.1525974671756,82,17.65646758230065
381.2075835580711,130.48320266608349,1095.1669573416102,75,35.26979671384853
245.4518409517176,298.49670043167504,1008.579609666752,340,-0.3308809135460411
488.7128330883843,285.40019358485904,827.3834877334313,192,45.53383292496925
484.9789179768445,207.99142605611192,948.4451753720512,325,45.52078409840186
200.71291833014567,268.4066588752843,1168.3066433853428,214,-0.4017067231983358
298.89940235695417,204.19159545440846,1033.7795639029705,315,34.82285349644114
220.35132392670786,224.71713760055195,1015.3327773022854,318,27.34979497507328
213.93619775098705,117.82488642320332,907.5414057528774,144,16.03991715898985
114.75477894181311,251.05408409936157,947.3795679666316,216,-3.5496716342879857
343.82573359195874,125.54269672704697,1158.1384356612677,361,40.14695639385784
301.07160929154463,265.21352605050566,1066.5852190107344,324,18.367533939427883
120.59150049999573,256.4056175340772,1114.9548107009332,15,0.19406671235998318
211.45858569464457,241.74893954859527,981.738169227062,217,17.314860261648533
463.3063543866615,107.23207610495243,1052.0988877824632,35,40.55147431445254
195.82475626678897,160.6256711890657,899.353443497283,183,12.175920815642272
157.95794883648924,152.62251398216858,1082.1843321133945,270,4.5026942985144
295.78110411102523,172.02728149430382,971.0405334813349,358,21.404030857697258
494.2601816442403,117.52854935276771,977.0182059258982,100,43.245741465505304
196.82210860460015,287.39156460621257,1059.7289298307528,7,-0.8101833150239477
368.8542189623514,210.76044814247524,1174.5122485875706,30,20.907720398064495
404.64784613148703,161.1048621316047,825.6025386434484,305,35.62754808978842
195.05501759695989,179.39630341485667,1129.897294938803,144,2.7271658605933524
391.2865394447438,189.44050810096712,916.9532441648772,111,26.370813461319372
247.11325308770128,220.11886667212346,977.5677818025512,232,25.748351943149064
352.92233223743176,203.13588553929955,808.7653315100035,179,25.198095711077833
353.41188430435784,283.87839464288345,920.4184311337252,72,19.513651657272355
314.3098736299034,199.39269658116604,1001.0524970520522,210,21.811623361357835
136.11590802176332,298.43160296466255,822.4704309389756,220,-0.780751253328458
434.1209982356952,270.28499154901914,996.4382917532661,80,33.57219459531048
228.31202598869433,141.70210287146716,1170.844251543371,83,19.100428221185084
174.6074041599417,286.11904292878324,842.157287243122,42,1.6209962042324062
116.31005662190557,123.27327957709522,1105.7762912302019,273,7.128154567646085
336.35717727529675,263.48994169823834,963.868421350397,191,28.93508623256805
371.02574473691294,176.12465869531601,1062.0694858097352,173,22.474817766574247
106.63513157114247,275.59486408901387,904.0946391940918,7,-3.334140130080054
304.8372233197124,273.61133802149004,863.7969050165433,155,19.029388132652898
190.59831007917518,261.1850800235242,864.1850457084906,10,2.2171627062457313
358.06911616377994,258.0060872614123,828.1967782572578,34,22.67092423585089
169.74657160199658,160.93582781960816,874.2586819604973,36,4.7294834652098325
376.37509524098635,116.18385661025044,1065.6877539955872,6,35.07416204709364
254.69413852021495,180.5960357530323,1152.6762447374033,215,11.898578786847985
474.6919954946938,134.70490299730173,1125.6502742364646,134,47.38562271170459
155.0083776583973,238.99021778049234,1074.0537239497937,285,6.034801091367327
236.4265404201034,169.2199453075571,844.1727453644411,126,14.201487479463934
145.38940849623563,295.122040171983,915.6749785183799,337,-1.8706466572469536
469.8774473114251,228.1944154690664,923.9227501289876,174,42.471312937626514
450.9357413523924,264.4961127268722,899.9827785590485,152,30.12945782872584
203.17665108606224,126.50493454836969,1006.0022638838892,331,11.466175583715323
363.99361841367164,272.4028964545245,1014.221525951869,26,28.29653361368154
426.88888008048633,284.55143810267884,942.7543900684441,115,25.0897870354414
322.0803246397849,197.41238376378718,941.5156634945744,284,24.705001705066696
311.8602313424026,221.2505875501955,1131.4222391624326,75,24.9675126354168
196.74091636018068,252.96196018059908,1115.7171393278743,166,9.475781640892885
137.2411071223597,134.9677254520825,923.1183326722983,189,17.519982168981713
458.8863031813307,200.51321529268847,1165.5153775493036,78,32.46821771206026
460.1672228653322,179.73260555446262,1181.1260068010024,90,36.87753532581139
353.24058290930714,129.2747984324498,930.6970168120163,176,29.954427667969817
235.61191641948028,173.50688445830627,941.7699795172219,21,18.20202218190269
239.68382984506437,113.63446187709872,1002.2536613687835,54,25.269775529841965
390.38227154809573,105.16238138989739,1176.4483250134695,184,35.988190633458196
458.84410398103086,127.03325783096454,1150.5277732569245,359,42.434428354753436
454.8345697060469,292.62302231783474,841.0271850334359,222,25.657346515563624
411.9502183430495,209.9059071790034,957.0922973085665,315,34.41163242433825
356.8126584617151,293.164432230644,1021.3484758999087,328,21.051544184657043
133.65598599801953,186.4995756660264,1001.252989020616,179,8.922801369494483
164.6514856378455,162.3632266170519,877.5452271747571,276,9.058566286841813
459.4216754108317,201.22837256804883,1143.5267084672619,112,35.797558640830374
342.57162386383595,187.902337726582,1070.776313198735,224,19.800705427136656
103.67882064665186,121.13293685234879,1135.1633499407214,214,-2.6060251967649464
140.58861714641284,228.16526293804125,1143.505711739789,59,12.545533768657277
365.40070764322235,143.20763650191992,1099.342341466296,327,33.29810848705262
102.02463353848748,223.91759097956592,975.684240499887,109,2.1182611930234945
164.32322056699945,230.04021847963068,1044.21870200617,157,1.938836316804645
319.49351574663444,130.40497062572962,864.1461624478973,191,31.71672107927003
376.7580790770773,112.26992542213364,1069.458166989963,200,37.538011116122846
360.7845038010402,256.152317213688,871.7013022957123,312,22.378698547305575
189.7077237842239,191.96008475386404,1077.5798362040628,196,6.0352409615022555
384.8716885390144,111.63275910109516,891.8392643015875,35,29.592892479710315
194.89963499872005,298.97326343395343,847.020520060088,246,6.859887084638773
230.1598792637071,111.55611219927333,866.113796057183,237,20.64371733210817
398.59656204720966,239.00704577171064,800.7968540876282,104,29.14127395732869
359.85315961888585,296.73578505268273,1087.495847141412,7,27.71217725245547
439.6893641976712,147.8360208431851,1092.9604196233518,283,35.832351127127566
363.04515692013734,128.44987373743925,1005.9733399653038,1,24.458712049997178
327.32344133418866,124.27698788448578,864.5451204221534,219,28.708989848453683
137.469907131237,160.6550295135191,833.4217350042759,230,-0.45118484170698636
247.0863212237734,120.20916220212933,807.6515865749149,172,23.896861504823967
206.08094707269018,238.4322683388264,866.2992707860883,87,10.046297612708331
197.5958573516334,112.45835962601254,1156.3422139932586,41,12.856477549312983
489.2042219009782,201.88442562995795,896.6147366806726,123,38.08843654235423
257.23908986670415,299.33937077059534,941.7085308868863,331,18.616919358746813
456.8186220708453,262.79405390120377,842.1381937925332,298,39.912899188717
352.45545039890516,223.04388764620217,888.9445218992681,178,24.641491365513644
417.9245214166594,161.25072415732234,1007.689828312082,63,37.31876005158922
301.0548372420768,224.77916725832767,1043.101073238261,165,24.83337767049299
330.76155385054363,205.4082927823303,898.1409256664845,187,26.353371874061413
297.00707752754556,185.21667677807432,823.0928636900469,209,21.502548815707215
178.09719511921782,126.1420753480399,956.4131476509594,227,15.678454281972792
388.9808461046021,277.32084304809337,893.6813483705337,48,20.316609243408674
212.30894497634233,189.9569297642645,887.8215692919208,224,14.328575855890637
109.72638657258153,138.924502364153,1183.9451210853822,3,2.8907822609192193
358.1889183628671,173.5518701754579,1046.5201943702896,175,26.941970208546483
170.84427176281957,182.82595050578539,1022.7513772688384,99,0.30052459167553813
476.18343374116574,265.50757911337485,966.3100414093287,116,30.364975661385685
481.5714308010349,246.7228761122804,971.5777333720578,270,36.09152515386257
465.9457560881794,253.86097872826795,1016.3620015352324,253,40.90672257559832
248.06348010217775,102.20625288572944,1078.5719228144428,317,24.29515281795124
106.18264661154697,183.2307996359523,1080.858438472732,95,7.105095919496592
471.32742503509013,196.26883032706473,868.6775630821799,273,46.26386789915642
271.2736593269257,103.83845536461133,1000.0451008306508,24,23.821988890709484
486.6619276174678,151.96264174900685,964.7832380136408,116,42.92952772769792
485.44799083570115,252.057964624427,1148.2107865077537,151,32.586930868922714
441.203782186944,127.4219411457998,1052.5675684873506,338,51.06263748427096
217.77955682783426,207.06202629051833,1013.0016265663927,50,4.835634009706559
254.0390914407701,143.04037440344752,846.157856871567,206,20.905560864947113
440.45466860674276,102.42415492877865,1042.2551557293646,335,46.43825413196226
226.76880206251107,148.24029151990828,846.8815622720933,79,20.288553517912383
167.797098674437,295.1747509820108,934.8826302263008,70,-3.054473133853458
322.72050498334005,260.3074223765979,857.1367859257327,27,17.427164365166153
474.4619096643124,291.9153288642067,1076.8294588097476,271,31.565650662632585
378.4119186699892,197.5708087852725,882.5008455344611,50,18.560480279905192
328.024468035746,121.9472397355007,956.7437492752103,292,30.27671852552438
138.8705975083074,209.5918977947386,1158.2699110475114,247,2.289387879893927
346.00289067966787,190.8754669119922,881.7265533595881,264,35.22392714592391
496.0215400417053,268.8714165479232,1003.1220255835117,79,40.02445536771773
156.0336060946096,119.61651615684892,967.7086644664088,190,11.729544552689049
307.33186094549467,197.64822740435562,807.2496164182919,47,18.95727706247734
450.94922877118216,130.00973293879684,1117.103245429125,361,42.78001657910676
396.30744710168176,164.935185378012,827.6183625258399,354,33.64461636168868
378.8062963981072,247.47141547755993,989.7020083907814,352,29.374754410398264
380.9936335948437,195.2036258737533,1024.27131797558,189,39.73736091995655
243.79646048790207,175.17765702915386,1051.370582645835,256,12.856982420594125
217.43673770579733,178.89525571400708,1075.4526517231502,222,14.175701641638012
423.74446219140543,191.88935368119732,901.308953409086,241,38.7219205365918
424.0453578716723,257.00330876741134,803.9915106633797,269,30.243666139867543
446.8289274320415,278.4169377880469,1089.3774649419647,1,38.67475505684365
465.2962210225885,291.06693730078564,1014.2626397390314,34,35.708571002278774
304.5369595443751,257.380677251059,1134.4470812828995,79,14.780210016036442
300.60651787487984,163.08137914960255,1128.5553451602777,236,25.286926341382767
419.31807158671006,237.62694121730843,1137.3304671151532,334,29.86741642686658
359.98557231110607,187.5206248110784,994.037863991816,349,26.12923441878622
380.7867509030813,150.93412440921023,933.4513583347463,98,30.810978971299715
418.31706777444043,268.1743158851845,1116.623281036548,82,35.56179679269373
456.00213672702654,107.685269792465,980.517645211702,192,45.86317538200299
235.19806274061432,280.3523984270847,873.3768785613738,253,11.919298320220916
250.2331810559776,192.2954929249468,1141.9896078245897,38,19.694474433362387
137.5927759363476,227.44029536165607,1153.0239507089389,14,3.8703563776311
331.3120563984696,231.87078444115653,986.5239024560681,347,19.158201289662692
114.37690951869683,279.0235481413073,830.279890923915,310,-0.13917455113723398
286.2392072529841,227.33393643344147,955.1304359667724,209,18.981425923719012
317.05785388303065,222.78671695201234,1121.4150637850414,357,27.944901225332263
214.61650085131376,113.33040811213799,1160.7096114184915,89,13.852777176513996
336.3333042276043,203.6816043890408,881.3890969990383,56,19.445927325004533
112.20009997561976,130.03380016340833,826.7894448101086,94,5.430585205457526
114.93927549968576,247.48675374429712,1150.9401812531355,93,-3.1775326572190434
429.0402242638633,202.4443841625349,955.7619755915501,340,34.56425712034141
244.07625656450514,236.04555584167065,1016.7043857070253,85,13.050949999911351
150.8242050607539,108.33458012047686,1187.2263248203035,245,10.200470681429273
308.89730402192174,116.95840320916065,826.6258911656892,22,30.077723955998223
407.99742123944435,243.26467761253645,1059.3272029808381,291,38.61798377333972
186.32841099873727,114.41686719973467,829.6421690299468,272,19.946551454678065
349.15619032760014,114.25134555305172,950.1875713866002,306,23.407065929333108
134.1389859975072,102.42169504697749,1121.5258180773787,122,6.302945535892676
120.67268846744308,291.30027965989603,973.3888931022537,128,-2.1110057314114696
312.54185262725923,247.50167189180138,1198.8729415611801,113,10.777735371385475
316.2540486440426,170.65028170041285,1023.6237139786408,273,21.443432193637214
354.9719605992826,159.30711625753105,928.4648610543813,336,29.93469040088896
390.43653348906463,169.9406459491699,888.0445303619013,130,29.601750645802664
490.34083178501385,254.93070623623638,940.2082137144647,132,37.65079875323416
306.52013932047817,232.27412221408287,949.0133095038203,85,12.984166014958905
229.1825891764984,137.03911357349358,827.4854710895844,350,17.26489148539098
418.0744779074815,134.82186706681688,947.8296797707093,81,36.63590319104021
208.3329005048297,119.67912994267947,985.69540789569,325,18.15034091047335
275.5885682822544,232.06054394026762,1089.095100895522,69,18.880297519451478
131.3825525369064,252.87453244434718,1062.6917938886431,148,3.9174004414609453
110.140297366183,153.0092856650008,1083.5062620916617,16,1.4880306095974385
485.05936587117003,104.18899220618256,803.3454727507428,307,46.96708139218349
434.3920482048823,116.43433349528547,887.0669598322145,105,34.66752267224877
378.38968243747917,293.5720069690061,1064.6737153599427,165,23.459226300161173
263.58117776570793,159.08895549548404,993.5957472718989,201,15.135582642048064
169.3177280283383,253.84462956762673,802.1253902673384,197,11.536663485833785
162.5748170684344,224.93271377085276,1121.7978569727288,185,5.493374515647143
200.09715926583812,176.38792793057917,1109.123829316135,322,19.730036761195173
319.69066588244823,141.13745243911103,1019.367665197425,265,29.1196743097315
385.83836908002496,124.27728363188129,826.5853303105089,363,31.57166141812728
364.0789506870925,223.00259360777332,1106.606019813034,100,27.513298383328184
211.97355877837714,254.9267561275576,1033.4854350925457,342,15.919609396899059
481.94611226527763,228.78085070822613,1112.7839908631836,320,39.5676647331039
395.1587666783074,206.06042664983167,1100.698796958336,214,31.723002097045356
321.7416210045603,108.39024468632725,1121.200828783135,278,26.777363324364277
344.6882984937409,293.69775551887676,1007.20322656185,162,21.524458205816988
267.84002497111595,259.7428383309149,856.129807277406,157,16.556351524576563
199.09239580046298,158.56440734019296,1068.4629893518754,251,11.596940142444101
242.38907146050462,295.9940658717701,1048.1895140207882,97,5.012724169063688
403.13844418574763,220.37631792726444,1096.901274879635,18,35.91488102012752
105.75739545190234,216.48453164144928,867.9524024202941,327,6.042115493041477
146.4290562027665,249.6146358859064,877.9900799601157,97,0.39388329912440767
118.4010568087011,262.3539576180275,1156.1638068877314,1,-0.16930591424098917
116.29152092758805,231.29572146630053,1099.9911193808284,216,-5.168527318921166
442.1842336044029,125.61914927324,1163.2913954801293,132,29.372111027226513
381.46314375200944,167.65350119889968,1103.4861284655683,260,37.784304752644964
289.6695316349301,285.61672806520994,1038.8621223961209,125,17.083872461540217
139.1336642604006,144.92312236877038,1061.6530948111495,82,7.248697960178459
296.64635004673295,174.43340476750268,1155.651169576004,283,24.936250790362923
289.3887083122263,186.4153765888392,1031.5227018047763,171,37.45876029637918
169.28074796400608,187.88099793889043,1052.956529731355,59,12.469501330682707
273.5406596951892,222.5879164989051,862.5906864014403,32,11.317468812699634
259.40189375894937,288.6151675489415,989.5684880464411,161,4.717549038846238
346.3400392208866,148.13854236650099,1086.5588447832397,284,35.33975562056069
354.0374603470575,124.30027526018361,908.3770793265462,106,34.52921154284661
118.1216039088178,139.49409797198746,880.901672209814,105,8.762759330034612
249.8450458505885,277.3849800418539,925.5307232897662,228,9.330860428469189
350.3439662856946,229.1621625310412,896.6002511971334,188,27.272715451437275
301.2545034320351,157.18135784783203,885.9650548145584,70,19.349656607094584
442.5959364753289,263.1893877937234,969.9403371472348,318,37.59403368795153
363.477452647578,272.2739992726872,1163.1354055534136,290,30.547329837485144
165.17377083257188,269.3028677380556,1002.8238586954873,87,1.2048699022067306
128.22749896017194,283.7853067279109,875.1681523261292,362,7.912535365698768
356.96771128252624,150.4482040346723,830.7886677523496,56,29.30862292433256
110.60452421664873,251.00838574925567,1078.4624580551701,113,2.0993991964120164
334.3102325093853,192.107899454828,953.1195057745551,13,17.407461459743107
476.092096569983,268.39971057801233,1128.7323786341437,18,35.530296657872185
330.1896711503516,245.69813543232263,1063.8043074563082,182,19.17613840634569
255.26797048260877,255.28948929994493,1118.4965802165475,113,16.2654898533345
357.3152873769413,231.2323675362143,908.7784157673796,229,33.79572370913972
283.30115619660666,135.48575389394136,1076.943568984423,171,24.713428971545362
318.24671572637396,209.00538377938767,905.6247938774875,295,19.820127851502093
476.5859235106101,296.93394790490163,1175.6273917801166,189,37.834225414703866
254.4410551203097,287.47761329942375,1054.5497126133498,79,13.869168575998366
484.4762255295657,108.63474715940234,929.8047200701368,146,54.768893926988
462.14025678242547,132.96296314588744,907.804744916909,182,42.6557173254529
178.31645391571857,126.34575469091239,876.3706340286574,286,11.446982700905895
127.74452035006618,245.1959819970591,1077.8563835574912,250,6.867859063385551
140.31120055097065,263.557065971389,887.486245199171,354,3.7548763949996458
107.28873026061989,142.70227326213438,1038.1213063709956,314,7.135014311514139
137.77718430237135,201.1705385903658,905.854010770143,196,1.036811348841085
373.20270936654276,268.14060560224,1064.7875779175474,323,26.531066592525207
128.4754593840916,246.56030895325011,1125.9758914162157,71,1.3835539781988353
227.59025211750452,208.44744109836967,1111.2100972578612,248,14.174909778147583
437.95012438778184,218.06953809175457,1104.3405323723127,146,31.397098722036354
109.30877429433035,201.672109383256,875.0889622769008,106,3.3484176119967124
425.7873930355743,159.50969026376413,835.3539787938075,263,32.61589270616006
212.74190990935998,213.00439857180322,1079.5795313949543,296,7.788998059725864
147.2659310486625,237.77706041001812,947.3388855177406,70,7.085420937997549
378.6948661456603,274.66458317216154,972.9384905613389,193,29.155008346394375
351.5771387119536,227.25827079584963,812.4596371173565,68,17.93677792800112
450.98880541082116,252.2243074086316,903.8305797100197,305,26.38988993848822
394.02841752155433,132.01432699091458,813.4705615497857,52,28.278415175626872
421.39237215393945,192.31149488395798,1151.674309040499,363,35.51216749883006
212.8138290285226,101.86632396541866,897.3586732874122,285,24.809814578408858
170.97581751188915,149.3357729043246,1022.9348678292032,334,12.207070266910085
400.24590065634334,245.29234302260096,815.5917282644522,9,24.00316767086413
422.7338957069056,298.36199026987265,1066.7389565222632,251,30.60822120261224
496.2020568002693,119.83561991744318,929.2109383016375,332,46.37834410790687
265.0470707645706,180.29886317225765,1159.1676747830663,298,13.56472738057919
248.80723431711326,260.0141937398319,1155.2472755736144,184,6.844699320126175
410.56518429679875,140.80712692577976,930.1162473446991,179,29.06517457281442
236.32141610120715,211.01698986045724,1160.3843582761872,198,27.460549791637536
472.3029302414259,246.61425920593496,1198.4630693995116,128,40.479487265213905
443.3651007372047,223.1970900520358,1130.1662656495791,20,30.408075278441878
271.5976109500074,137.60494692308322,1137.9485391020917,328,29.100847862991237
400.34842711659894,171.0769137371479,899.603494443636,65,29.29071558649518
401.81714963387293,256.75835689707947,1030.6809595431025,182,34.539699103401965
141.24954753437305,210.84530282640333,826.9023655869471,241,6.394221897464411
461.0211626718267,101.04592270858255,837.9671747286679,24,37.995563882767065
302.10094897914286,252.19815200561877,1199.5570448133162,83,21.829289026778195
430.5829864430967,107.06227098804781,930.6556997703644,319,41.5827829585257
228.0198404122447,249.14675654624642,1099.2735648195385,185,14.185985074808778
458.2092913984802,140.4961120330475,1122.6660212107265,316,43.0336586541162
255.68067149366524,291.61469602387604,1143.2093084028916,99,13.002406212527365
104.33506059211935,173.5881502604169,1199.0513189608625,62,6.376867986624814
462.15279056770544,165.3863232676158,896.5985941027471,286,53.72499713747809
136.51467071445342,129.77761006648893,816.1403307438799,22,13.626546070868685
227.72545503616595,161.12084309804297,964.4766071978344,212,17.934729150129677
480.024786820322,275.3301523656401,852.0322679315788,126,33.94293648925233
480.24285877502246,299.26686752544947,808.970355664822,42,32.47726791121982
329.37515524931445,173.66190610136965,944.1707308565944,98,18.953773746810718
352.73488486791973,189.7221261909085,1113.4953004300946,31,29.42009989001263
279.3782087913279,244.4141876405474,1026.4722764900284,158,12.222498038813708
217.28430867922583,277.2391560930149,925.1111956841416,112,7.124201503025522
231.4658181479664,218.60886683735683,1061.7368021970879,247,18.037881987438794
369.00738243081537,178.30513963556587,892.8072721235243,122,28.018854742320617
400.949811775072,182.52436816972477,805.752578428834,273,31.2373228163747
416.6316174903394,239.12362929936137,1105.741354574571,294,26.65957685353766
415.8472571178215,100.64365272085574,1049.4972339456035,207,44.64917673726342
136.48244121947613,223.91786749196814,1104.921049800384,110,-0.613758579915189
297.7681218810326,171.0986020882715,815.5752066750663,278,21.07250294894994
123.02350400665772,258.8394662554168,1134.847851132261,56,-9.038270011274374
319.8115529294942,118.59812796462643,1047.8104800145213,57,26.5219436556786
276.6122005493508,217.6404533896781,1025.358140285056,291,18.02272295364338
455.08167310331993,196.19457797722475,1049.8456192458127,114,37.747727996312825
240.36600502083147,228.4651051810455,1145.7732987473455,308,9.820186858243003
146.82680657104234,112.97071889659367,1034.7746026235627,341,16.11504867995023
157.19667282113434,215.99675748562626,1032.3801519552717,198,-2.2962233563984604
404.6042526869889,212.29691759190473,1196.2716628263063,321,32.59469188919163
347.2872253265044,212.1320188832342,1102.6920668274272,179,26.48956300418665
140.4490704491161,220.69753331929095,976.9175221804542,219,5.488900412477488
133.64272244599897,235.29358744527244,1082.9588000131712,277,5.158367228137613
380.387652583648,260.9977999361539,955.6921886767154,16,29.092233682861433
129.1052025456774,153.96414402564287,891.5501849933996,61,12.445806578150851
428.74402371614246,265.0098820360124,1038.7407507551038,54,29.38586862824893
382.4968908625985,199.6511364526907,1171.2728392455806,168,25.107919087927247
132.5395122567599,115.41165582686624,1171.655808006185,26,10.546954845796462
133.93508563407676,111.71018584879585,936.7621112421962,336,9.76680234724693
494.65583140047016,166.84766373921218,1011.070986488678,65,48.096298511197304
249.70831830244813,256.9793954222935,884.6543594279444,100,10.112028987269511
248.25685882675637,241.53618694818314,1198.2524437995535,74,9.198822092102578
425.119826903001,257.7229929344813,1192.4471631471743,192,32.26480179833942
478.89943095354346,203.45381128832187,1059.803571882979,171,30.725163574753292
494.4004255291484,188.03979959109813,1121.7656238709894,273,40.43090900456851
401.35127410357666,129.49050534125678,1086.04006451348,187,33.88139926025308
250.5038342123663,165.63855072186232,1037.2632876157872,23,18.10081748900693
133.4002866794675,186.80387323477504,821.3391987955591,181,0.8284745248570058
410.8587663709747,117.72008593592345,981.9057370210644,327,34.07236997896155
323.361699894322,144.12239054224224,1069.9145208669643,108,31.99461891580209
269.6888036987905,219.64505881274778,1071.012645553474,335,19.2693201563134
462.5417540378944,247.13262284783798,949.2490473689534,162,39.84073018091235
144.47899292246052,299.6695022785899,1176.6767946632121,302,-0.22451282860075672
297.0500417163437,286.62266626871155,866.9428128947125,206,17.161616046094412
104.54145790696762,228.51303990703832,1000.1437784862243,78,0.8811659304909143
287.4642567976505,184.2496106588144,1076.3535906203292,16,28.431719684940646
122.52131027273494,227.23547294164655,1078.8543223567237,327,3.072266479333759
147.52716650722877,257.1303236160464,1059.4555827075262,96,2.024856001318666
147.01049871084194,123.66723818467747,910.1152853807441,147,15.478453100534011
359.6841208464254,181.98097793925766,862.4826274746488,2,24.99030599525422
398.41795170616933,267.96045712712345,1054.3761307306843,10,27.966918272624532
333.34750603886386,176.7665903866088,1039.720846455775,125,30.8012171166511
484.86901938981674,214.3744542454373,871.7424041156964,81,35.6989698682151
249.94823180948163,217.55387217243964,1082.0556582282254,140,17.219441804744463
214.28483451274428,136.8952506267279,982.0687966934626,326,26.5714744706631
447.4396512757841,172.4470883304577,1067.1042366412612,150,42.228200955246294
189.43833540778104,166.90225774838643,1134.9468319080602,288,14.90338600178284
485.2890157762445,105.23934170641296,867.8913714307693,361,45.755327933140634
104.86178987592653,104.83835277827104,807.6579471987346,340,5.622669942304912
487.95153068305564,266.33940873515473,1111.6410345583147,129,31.827253015368793
117.26396478023045,154.6141619945625,1043.8789700610464,239,13.93380817812331
456.45724547922845,203.61575324776308,1079.8558278488485,58,42.622292112384685
311.08044363451995,159.7451147177546,1135.261989995457,198,21.81521623986138
497.18591844772016,288.1358490230681,1121.1243739298002,211,39.11023438400931
129.51862589415956,151.85935177315474,1184.3680587715298,45,6.365527493289774
321.5417137605283,185.93136254778702,1014.3740315408472,97,29.749680555283845
487.7210142476396,274.54605009692034,995.3982530639621,279,39.7488049114247
309.2391376680595,268.3867133583617,960.754879956292,23,17.62048429523613
351.759455254105,137.22028356925546,861.4764171376818,335,28.95650333546932
378.29947559384686,260.5286619591421,1029.042893152809,44,26.947853687056718
281.8164259071093,191.63737734757854,910.8050097303915,27,17.128860868518906
351.0232320336254,196.59377441707105,1168.5230048851902,282,29.19605920815819
333.72572476924006,126.69599448318876,1033.276321710839,97,27.627917355472995
460.46320419639557,116.12030275142493,1037.136072203244,36,38.73784588271757
118.17855213658315,245.58786139475305,941.9698643508041,109,-4.235241724238433
212.38527583689213,199.29223047105995,820.795740791083,55,14.394892323872725
480.1645936306235,187.3701405230359,812.6975061491954,192,40.78080404380572
456.10551355636653,245.90164573047934,969.334057661279,219,44.44257334644483
282.26270111428516,253.10257979822194,833.8261512388951,185,12.259416929629378
348.0530391206147,131.78163353387072,1042.7387822160556,69,32.03271319653289
210.95247319245306,222.04502989552827,1152.389202255863,317,12.749763484335688
175.24846388950454,127.07081645553711,1153.165926607489,130,22.970097557806387
285.4793619759929,250.27501720580915,1063.618164052893,55,19.32904492261617
241.34089121042112,231.3910312534279,884.4927325891724,97,15.157980466546139
333.4624447403488,291.3229242166916,1145.1987325435489,336,21.7395860883312
131.09385478599393,113.79160327128423,1154.4373741252832,87,4.774200041707083
489.7579230664666,111.41094423025086,878.6614339811834,294,47.90220905833877
494.48429779184113,156.43741493864002,1094.9704343082708,119,35.905045986568304
379.26468560789806,152.3411367471812,914.6078195708492,208,25.707991280505894
314.43854653764816,149.39575981439998,1121.056124941172,334,32.37625884719229
223.81104651453109,281.25091610420736,1198.895159961441,154,1.0479381510224144
425.51800788277944,149.90923996990122,812.0104021317571,35,33.8084709983287
373.89246902155173,154.3899452257262,1158.9463463163727,79,25.214117184574068
165.04677573795652,251.87965248359274,1049.0522134394632,67,2.5683414876676998
464.370873797537,189.947968490108,1189.3530476659284,343,41.29241546694504
429.0148971692676,255.34211139103624,986.0038070105711,34,35.39716060219581
479.9199653167696,113.07323151287704,1138.9551722285496,97,49.39650290469671
390.287803355344,197.51423873467687,824.9576274393108,169,26.248302303006454
345.366078374316,106.72272003665653,934.1116200313184,169,28.56066215246495
267.29721451624755,112.5306406910709,826.806615100484,151,42.87594002813099
473.0913933416053,281.2874906688822,1190.1372533916283,71,32.704691371039615
446.42555580016335,127.84907422351904,1126.7895629087348,3,33.86904788886086
118.08746804247576,206.48413645504343,1141.0189684983882,314,1.0455361677882107
110.5467897989008,182.2191205201413,1175.1860925735577,32,1.043023372336364
250.58534675121984,169.46866525176853,834.0413944479142,287,17.491414598591266
424.2213323127332,279.96666913745446,954.2390370053333,82,28.07194915842625
494.9104517259778,104.3646793550979,828.4139556176009,43,44.59567843621006
160.16675644141128,232.75793723511782,884.3172406200115,105,5.286739470919414
337.652286140854,292.6788868427101,891.7463108150689,1,14.363851785593926
252.3563426524086,212.0336366923684,987.6428844190315,61,17.090607536403095
487.96575912584126,287.36449240661835,907.4248669814571,270,37.733586041656636
436.8475692542835,110.45157585720476,840.3912427271044,180,42.445086485317745
435.3314818844551,183.7586638148323,866.9964356376431,224,28.012944729078114
287.4772639179881,152.03155819241022,858.9102254208364,6,21.990369700635693
265.9278009350661,246.16419299614597,1189.2307191649193,103,5.38658886418923
209.3628287722825,296.25941809944936,1103.7170027673894,10,5.3454574998728805
122.55019866037085,151.30601248884955,1187.1045861078248,71,8.689400705359988
445.88895050202126,230.8349202948149,975.8961946031634,90,39.17604479347321
425.16040365203105,139.619526551948,911.3473926650627,226,39.46736435809073
499.8870693144522,213.06605091432198,1119.3172788836746,158,44.29235806219406
498.65473482956213,192.78649733766724,930.5015672164587,228,41.01112380566056
322.172682241051,294.4010659263074,919.7533494821394,126,16.211376078164925
407.5949660722042,221.70545453929333,893.0023968831325,209,45.228014692874396
477.90629195297123,169.90127441736377,851.8715912896942,97,44.401367033754994
439.8589562709646,122.81915697758667,902.5852244067064,74,32.720018520890164
198.93924069727905,130.2493657469869,942.1278993895551,115,5.858136174713605
280.2176541240374,145.063385990247,1069.5976832582921,191,20.35324886757351
151.663766060598,150.1933322680596,825.0259368877806,170,15.316052524200144
481.62041090348896,270.1232115682276,884.2027758661372,307,37.969576282081356
342.469853780352,212.24455765650498,1123.6094561166706,204,14.554658383403526
191.4571222013851,204.67818227487328,858.7687694335083,56,8.585335990445307
368.68027376234267,122.95377437384349,937.0580586090086,208,32.788330906299336
347.25129618315833,272.027938669887,1145.863568743256,41,9.455395787494082
243.2650872131362,244.56286064169674,861.9701244573771,32,12.539196449479736
145.42303687985162,113.53367238000031,833.0947342472759,15,3.9487800310285266
368.6292782371198,241.56701944595375,993.8151980320043,62,16.226844797472722
308.1230803615173,208.70764346852923,920.9678045114146,155,29.949463763552277
408.9273566942557,116.34506914935565,1025.3633457935416,284,32.62747120803316
308.0654004447973,191.6601283057313,1121.52195619339,209,19.97710995191176
440.87260012741604,196.9392574260094,854.8593952610972,320,34.03738271110775
320.7627355097942,133.15490803265516,1032.279633821714,187,27.299721903968177
324.37518861415447,289.1396294000565,1002.2035041559456,130,28.112090426691996
450.66144106333803,269.9950742961324,857.6315144052799,127,26.85545604034753
261.39314648495883,233.80446746582166,1049.5993942115929,292,15.835073702961827
153.6060913802563,192.45911220012144,909.4561671443087,114,7.481962923151548
111.51307052533559,182.35310831690168,995.133727417605,199,-0.3203070991090504
402.0549022694476,230.19469343019082,832.9089297108247,13,27.21132353254219
348.12382054138584,209.0863738813811,983.8336228854492,271,30.04056239381732
381.63190723968944,112.45462117637712,922.5853872171281,89,29.651934731617626
185.1856646035643,202.50052975406635,1128.9524844741418,215,8.850327429002217
154.5485902347079,261.2807234465679,822.7914907989473,278,3.0140532165459653
105.81786626715277,191.8479755193916,967.442909967332,203,2.5003544450740107
240.23502352263878,110.39131551085369,983.3725696525752,74,20.459695149837405
335.96707474185325,257.25563987680664,1090.0024305196475,25,23.91672932087939
256.8976180398929,140.27275642719488,1029.7150300360845,101,29.37389549244124
274.98996880949164,151.72416697760775,1066.8849348776725,176,8.38040637279772
461.66347779749935,132.94127068645918,1110.8197142607023,117,39.852327549399774
239.30218680932015,166.04301297429953,1144.8811894632754,166,10.465887671006076
305.5957956639243,251.350301137727,925.5501986889882,41,16.47521450625156
413.4612050964572,203.87717190078746,1015.2090821455612,344,38.996598568076735
258.61711292850805,140.97625483014252,1136.04323137568,120,26.00186116205557
348.8346800911494,275.5660156304082,1195.7804523860227,97,28.298740111686577
444.9454834986981,275.91637099030584,1155.8077244175051,145,38.32519237460664
479.8082494630568,274.11568500920134,948.5869050497507,216,35.56536533774347
158.82939237161517,147.75924227630787,878.0666068874601,229,17.77762849688194
470.63505006459775,190.24786883619763,995.7570149626355,313,48.665360537679106
296.84651723181526,296.99793122817505,1096.6565807344168,130,16.828757434480323
203.29775531958336,254.40249526199807,997.027628301319,352,17.01583377669625
283.65430249530453,105.43348424511197,993.2723453254674,318,26.47994112985775
492.0130301141908,113.04091825209841,1135.2921684327202,137,51.97041967656856
297.04723759714784,192.78627536246654,944.5615116268746,324,22.49709380477367
231.5006441150033,281.844041172312,1143.9178699246581,337,9.380259944418807
353.3603417266903,207.74035959054285,962.7219203806894,273,22.079059041783804
196.05824751127722,199.56250160685806,931.2932422713358,117,9.929554504596567
130.34533124346558,121.09473999132612,981.5959644798796,306,10.461737096421764
151.55188876425967,231.3560209448588,1104.9787834699473,94,-0.20187547769674286
151.21833558310897,264.42063212004507,850.4008111455977,168,2.330259657330348
160.76107740491773,176.08400150151246,878.567686348807,203,6.6691611183123225
155.53086905976406,255.1223701850655,1180.5779302652368,341,0.8220906650705864
356.34989792128584,292.89533078016234,870.196650952543,149,27.659646560888383
172.75203375965793,140.75329182553781,1027.0909271724217,183,18.127056800217826
238.26691332954528,204.66592623894826,1031.7257866647751,152,20.27055841246866
458.71536396240475,157.4275916169151,995.849784820098,74,38.31937786228723
289.58465610514895,258.5708838067679,1057.8980994307274,274,18.65800739321714
367.0230954084109,215.51867317623152,891.9306903190474,42,21.03050910333277
168.92794848065193,226.91648351006074,1021.0649071106993,212,9.740135148768847
176.9156075234683,259.5828319231788,948.8693020987589,101,6.570577687115995
116.34744650659155,179.19409453249096,1064.6669038516757,45,17.344776906663007
167.57402522886582,283.01801368140866,856.4894173492598,82,8.862013648894864
211.43613561278346,206.605773449228,1028.3509667357905,17,12.559549521671219
170.8041937106987,131.5909645670696,874.1081421533295,73,11.02282458774977
135.48101350282224,239.1798236337605,911.4572252460146,14,6.735642853980327
148.25434844024034,258.6522700876509,887.4839201294333,157,-1.1158720122611197
284.3115072130903,163.35233541350533,873.1351119475269,223,28.19172301070392
182.533487362317,271.4358513997506,1130.2843806242668,132,0.5658386650576741
245.7079444192302,281.2286509531533,914.2830270643561,338,11.081742608191695
301.36690834194275,155.3808974755618,1170.8495127457797,47,13.64674846339389
376.1579314517461,296.7042945430444,1187.9706101380764,107,26.920959533267855
115.72485593643958,128.14230560975167,1028.504187974839,108,7.495015444472322
419.76415956361706,140.403133680498,857.2004490662905,265,34.79884414850669
351.16015579636314,136.84496784760523,949.8192973518326,205,25.678073232376963
132.70361277954876,278.7979420015741,1119.0929053392856,79,7.014075311376509
449.4314496427109,230.85851046499238,946.9562914788282,155,34.282199753005614
468.3489602127253,130.42085664445457,834.8068873211155,271,39.187376316446915
124.4311839419455,188.06468367366978,1022.7139643712752,247,15.119549028601186
210.7510592588815,223.0596050139604,1138.048340598414,19,6.826811079481568
422.48051191722453,116.69281699787666,1118.370554857401,346,45.56649569909755
399.30387615346336,276.4832736814677,870.0492560521413,26,20.611271111220088
173.8084077425509,260.720707088307,1069.1058457649867,217,4.740074268804877
183.7397293346841,201.04135471532766,888.2017053742588,154,12.373361324613962
248.1888411165528,293.4253230518341,887.2830138208689,154,11.398433211043447
293.8091940764085,183.55219585501993,1149.628709322074,174,23.162124722455115
347.3019086121184,296.82206380729957,899.8675810960921,92,18.114913440726838
247.56545582790898,233.58399976072542,905.2989386072045,338,8.468364835256658
285.01388645325915,226.9342546507883,800.2613563045198,181,26.29255783461005
398.9883752535026,133.190979059157,1148.267613650207,131,32.16014668552207
114.67328115623916,276.3855516609288,1117.0379252836537,298,2.073112810239169
200.9747777376083,185.49793758412304,1050.9315740362713,275,17.08236835271631
385.33983435382095,132.44668115649586,1100.106305575537,273,36.18544039911426
458.08273507487974,102.5215039951518,860.8194269697967,76,37.89924197303931
304.67097684626646,211.9511367276765,983.3294378350301,177,27.43836565800168
312.84539410612626,205.47992442453528,940.4877549395123,184,25.41893906451021
142.8688045359104,243.8707244738317,837.5106105028066,319,6.2772124816255985
278.96494672938184,278.05161060356045,994.4521940859696,131,16.181838160689612
313.0469065820092,115.88131692860591,1168.2958601370542,363,37.551936533055915
196.98820145389186,246.29929806807246,816.0236476202778,49,4.223544145719819
207.69729237975238,137.48238881951644,916.5843653975176,55,16.521888938838153
250.91366524184906,271.6354106314328,883.0163744822814,154,10.406448534612375
108.02847911109055,263.81270277233125,895.2586614662786,355,-8.519316259207525
228.8316662332713,208.15875099710888,1163.3738207517501,200,4.661556449157283
184.57920279861787,242.0485597246623,987.2276216937161,308,4.362310418745105
230.99894087116587,162.8700226367497,986.5197651759275,356,15.224177125217624
147.90485272770047,194.23357978656293,1104.230256982113,118,17.123555030246223
456.210912295958,264.3273795420943,861.7968816019703,263,38.52666442402154
337.43698142161946,191.85303943464277,994.9061416400203,46,28.552761274726908
371.6409276577958,171.55965306508836,971.9940856484238,302,28.420717581273387
415.6684954429353,198.84248945006,1038.7642762186624,356,35.49136091938777
299.3768795716229,265.6498504874437,1199.8230813001755,189,30.075960356521183
134.76811523496949,167.04160947417455,1107.7795576328188,310,2.1526426809003967
314.8426167274191,134.75231862714875,959.1462812069709,318,30.207839728221042
334.73644720835165,242.40280406615616,1131.0212209096187,129,30.699983352078675
398.17578967373197,265.1956425416164,868.2833453249921,49,31.87751226765358
272.6638184918718,120.12749570470666,812.185474523584,25,30.517705133578012
151.03212111822552,147.97482255118894,881.7793489857092,266,11.428797266898748
213.5103623194898,128.39439795219877,936.1646224457038,118,19.128581460274532
245.23291855945405,169.58828231643332,1004.232302983824,144,18.032749674075607
358.3668965326405,190.07019578108253,1046.0516562164798,200,30.999907659907826
328.31132186756474,249.7652673926613,1164.2422868857686,157,17.336836755606296
242.4386903591385,230.22951697633482,1003.9416038201831,348,20.174135231815516
494.60609951719186,224.18571349568623,1000.5102578502917,134,41.06256584077017
342.3099277427549,170.47498932193088,820.0972039291928,148,27.500540139451683
194.89071669439778,268.289510616952,813.9646210624895,336,18.16655432767145
140.7129890481615,194.2574334796329,1020.4639847665488,71,3.7415002353106317
161.1436556737328,295.8209876030309,975.2714452993378,233,9.692426360323896
198.38309135380325,226.82842765914737,1135.6721579921195,334,18.37328073792174
164.27254930382227,125.25294831290054,864.271833884738,299,17.43232943766452
174.6268096205223,235.2355124150868,809.9886648468198,154,2.4154069876149915
214.03806747753885,165.0208030863398,979.6155071720503,90,15.848158080152672
169.3494381179019,237.26543933721948,894.9914227009031,334,18.204043350586716
458.70616985057006,113.92822963248115,819.845749335535,199,33.07143782999944
132.0934982646569,134.97628743519186,1089.8393147390516,161,7.132242983225091
309.80455582810185,271.14745178115726,844.637199982899,26,23.494625592093325
264.1587307958646,145.43591140470298,1043.3278000031087,121,19.777474510413125
492.95144676344256,267.408225048588,912.4199000667556,301,42.98417250878422
144.81556086722094,155.85521769088209,869.3984201420088,212,15.854750345173604
259.1422396182967,228.57638201174154,951.900609167727,63,16.275436276986607
487.78817331014756,238.8301147019662,1120.5783104891816,68,40.06226420019415
446.2028503575921,202.5309506290106,956.8374307618291,253,37.48309217220969
426.828828379712,161.06213533934624,1100.3078596844223,2,36.138805480855474
203.16113081797593,142.52887527421922,850.1945187196603,108,24.78268149256799
168.35503495602632,106.63787091248524,1109.1085678660315,286,14.043867486575135
367.4572879697724,160.78928024814476,894.7733299626594,49,27.4304945948421
471.7503956510343,230.6325581062566,1070.957251955549,140,42.252182804889415
322.70515720557194,287.66096368969653,1026.3126219363985,218,15.852855874863398
328.64507578795997,274.2408964526104,1171.657886884675,44,16.518855469839277
211.99163746411367,253.21295530706053,954.9290071901256,269,8.186789511295231
407.79717327677474,257.6894686506597,826.4660755337761,78,27.395871282854287
174.81749942300934,232.99698069519906,807.6621942205012,216,6.930903583190688
229.47169456169746,152.0573715132006,1130.7434243891012,98,19.819798828837254
270.1745754465667,281.439006141166,1009.8942550645729,236,13.593699061304983
303.044151473782,234.1464623811668,1110.0976207339797,282,25.114409374495796
196.9638929660321,212.08812619608798,893.7702400046059,149,14.902886511007726
145.93472989568141,122.19789384269622,938.0334982052934,304,8.256022300768127
344.24801697665305,189.41110876128508,812.0415488845276,66,29.827776353093313
215.45222129610232,192.07165424038527,1184.596929829645,234,18.94873183238241
332.4952885690449,272.912721904534,1067.1471626803254,87,11.669210578523499
161.74508610968093,209.3296440375577,1173.2820351037226,79,7.965431173460042
292.456040741927,176.08010979408192,906.1985629716289,205,19.959558042984035
313.03577302063434,295.36006570213186,1044.5854444902643,279,25.840898918619054
120.72941472897077,122.14411866526314,1071.399987317055,337,6.752704613266108
234.64171127756822,184.5096856623889,927.0198801030353,254,10.081271068084028
153.7658707755897,108.40493503428105,1139.243694006252,304,12.847256242500777
125.3499881891071,247.98082415338607,1178.864585160099,130,-3.048903909254184
495.9840929559781,283.6153104398301,1153.9420470784016,84,40.50557009629574
228.94153798988918,156.0074659100979,1095.626790375749,276,13.810718009075092
423.94977834185397,271.66833535982414,910.9858718899816,187,30.594028820252802
201.85626190550553,158.44364609237954,912.6464168422527,46,20.452496021752395
372.6010888895717,282.15403232878305,1185.3441281784153,183,30.475050383588698
404.0911439558746,250.7923807193568,804.1137983742768,268,32.93869137606437
338.2554962431377,260.9813553682877,1086.4199892968577,296,23.098593293138013
288.63047542006336,103.6013111200909,1082.498465022105,322,28.817464267057233
264.7363656589074,292.5620714148052,1049.075816379919,100,16.290452758775753
239.54730661719813,245.33419841406464,1196.0435384347463,78,7.535008924939137
471.81165769913036,160.95021907722668,924.7517743054901,272,46.1103410356709
432.24776311509163,265.87893297176936,935.9887455172993,339,27.812359400135296
486.010764266605,156.304239682986,831.5757611786222,162,45.26812411757258
149.71888939421788,274.5507679132256,977.119254617495,44,-3.8501014789876993
392.3469900814577,122.5160780823874,904.4194104939393,238,45.30287632087948
475.3361827284151,240.73719549215915,937.3546808710577,134,40.65346662291876
172.49322646626405,208.13969532898207,1133.828716102251,192,0.9822114862475306
126.598506946711,119.30689403908816,1174.1938054109983,356,10.249872861565926
396.44825971602364,148.3787656517678,874.2932288020743,278,32.398777468590794
329.7892452719648,102.48080725546296,949.0035726213864,18,24.836249515516506
436.7315107033088,193.75359309290116,1171.4522248461576,12,34.84098904802791
155.9089506505158,160.25305215200007,824.723384275689,180,4.738273709109087
418.1069247439561,219.67149685955178,836.9442112445514,123,35.8644464563402
180.65092801909782,159.44756154172345,865.1163956824918,246,16.07598515982032
165.4623771462818,159.98382230139694,1038.0851336507499,222,12.52417047426826
165.70631917239717,248.63863974632068,860.188908402399,51,4.551177287219361
425.82988809255284,109.62856719567068,1187.2305525802935,71,41.11065187919666
366.07888827848006,280.57899903839746,978.6858109034081,48,27.015866406318054
309.2261699076477,270.45277487823626,1000.6071841400666,19,19.864566930561367
243.532193649401,233.56093664528132,898.6634463221626,262,8.735802416774849
450.8802163252433,218.64431402147687,988.3841009738934,84,31.053875362105458
256.9780429690542,278.46049962793046,1064.7654530548045,155,11.984474708048333
426.63977578863086,137.0660359057429,1100.4708547816172,53,28.96172129432746
275.65396342808737,115.79383243816572,1101.5472330839652,107,23.965720387558104
250.77777176996304,147.9020339819076,1031.1564450776355,357,28.30770151451901
285.07191426784254,258.91565574003806,1161.743909997543,304,24.859860473580316
220.55114966565685,106.93405334529666,1126.9631389224437,135,21.75654301932523
399.04375207050043,216.56136701669794,1102.8192458794501,69,33.40486652557292
301.0881560369917,299.087503238262,822.2422086721842,11,26.340918096602977
192.88507805872692,271.1392187675079,802.7511848878597,143,11.380866028389109
459.8298293098274,204.2891378087179,884.9789108781891,192,42.31670447448858
253.55648854928455,112.72818185732847,1065.4094375653808,69,13.214666290381263
317.4211444455955,266.274702877142,964.4789955530183,23,25.322473272483784
462.5888443858188,219.79570163544213,960.9625037197247,181,39.07158610833759
349.69519836559687,122.98659941191337,1153.8347552918456,293,31.351268138800634
146.75921628334564,118.77145696467124,1158.2251392527355,9,7.189158159759807
475.93284944539005,281.92536388731844,1163.6701056214342,271,33.46403956682686
351.08322122856714,233.84005258761567,925.5512306060109,93,30.630203885280405
233.96224586283444,265.8573598633511,1076.4223250957048,17,10.131561946829018
155.7088290653549,275.79578005645345,908.6532725097478,154,0.7627011093615792
417.6100757081184,214.35447040966443,876.2439332297799,328,30.465550026678045
348.02910237140543,203.48927035100826,873.8529829389477,149,26.971440691904412
313.38443679052864,186.08548206419803,936.8430483454376,267,22.906121054754045
457.55703322038306,163.38931755822387,971.9830479119287,328,37.92745968162884
415.4388844898123,186.91919217174234,1132.3796684220274,106,26.34714899401677
160.66995189310046,254.77593114603127,847.9564373890848,35,8.47498542953097
224.6888271182193,220.38468620302632,1093.9703389579577,119,11.949532024421785
199.3956559257863,278.50465799096924,1012.5819656757221,14,0.7281394079100671
397.5785170290708,188.67600287583753,915.178137070397,14,29.107870852450787
113.41297389431175,221.4179157437508,997.1278338131299,266,5.676061882071723
327.9558739485266,226.26151061839775,919.9768279108091,140,23.02671622194933
404.9834742962762,218.33943246126512,1038.4327820953224,294,33.47634454541741
450.7062547046998,240.52675461710328,973.5375691420977,364,36.89702902956636
236.832699486363,147.48669367496126,865.7622116315515,119,11.114656382682833
428.5029218688051,202.47275550915813,846.6332298222787,238,39.84919712774026
144.2526947820829,120.84496056166954,1018.6782728288521,34,0.18179064821515034
438.5809166938073,176.90226552896252,1160.9652133144414,169,39.01066126598982
150.99546493279297,197.53341372425288,937.5830746230743,10,8.400730414543878
258.9149162241469,230.4448519090945,1093.2000428890492,122,14.490030508064052
418.91814631182143,290.1062105172407,1063.4645419759067,145,30.60361672434789
159.9669709395095,220.13021330967118,1172.6219657237925,223,5.834509082266288
191.7005580930566,248.71878323531195,1128.3924069196564,257,11.131592662995638
388.9010273572265,201.25321189904054,1026.6421035621852,268,36.47205485836514
388.01461461842973,226.82080627526625,1062.812199293643,359,27.089789016152977
356.4590531541189,114.18644322675469,1159.354586633614,4,33.34640744883568
377.57937778684,150.8783161683694,959.8075138347739,354,42.21601198220609
317.0897773390385,172.37061864102773,930.7178823431109,106,25.473273114524268
200.7196235627811,194.4986710013027,804.3244334540785,85,8.681507684105913
238.2783974015678,109.12974910047674,1130.6204296765857,214,31.82751648056062
172.63908672057028,128.00481951066354,1120.392280161346,121,12.51719889174764
463.3802245334513,155.36286155826116,841.7818072400605,132,41.04752889444646
333.3567179064482,294.30653818021017,1030.74295245308,338,23.262215929302343
260.34056670545596,166.26940142061017,985.5926792667549,197,21.92990323751149
284.8023214576531,196.4082116224165,847.4836382036445,19,17.15544683739956
478.91333584472613,139.2195425476786,1192.2272908242894,130,43.180310760609544
161.3405612464321,222.15601421515365,885.8783549853422,12,9.907174131069375
334.49193280671886,156.13664310319487,826.8936720362244,81,24.585356019338363
302.3554715537864,141.39851568768535,1037.9389518007638,330,24.365651485360896
344.5816941738591,203.31452568919582,1095.546670853213,354,26.37202075558286
107.2440735283362,101.10115983208416,812.9773784188748,262,2.8004852713084993
448.8495635776606,101.53280652984506,1063.4870554908089,125,37.644118722015975
472.847312993445,143.81376182037155,1012.9167503805818,307,39.546143590125446
326.05327343568354,107.34427250016422,841.3060035500193,267,29.905501100220004
378.6603295507569,121.60515082613827,869.0095507785448,140,37.36650369229761
468.9997524709183,167.77212986775032,1027.1897189264323,329,49.069939238101675
382.89545372535946,260.51713591596257,918.5430454053153,2,25.569631662697144
161.01561716570455,214.40972867386017,1175.3262914605264,8,7.743424040020985
330.5153440667253,202.53354519128328,1127.4960917936203,250,26.64182617664684
342.6860185531424,158.69776464162433,1193.4268826054652,139,17.25651884719973
269.6522685209544,286.35074388656324,903.8683355801656,124,8.148235098465909
394.57769424988913,179.40300824743832,1187.8894531191909,309,37.383940468440706
473.74680590760596,117.4185533591543,972.4935479166231,228,48.07617878240078
470.2274051627105,223.41330322356026,939.0075181255019,10,40.13011548069289
280.33574856165285,122.76767869532028,820.1398107877413,212,23.126130999082328
145.2952183363021,169.04462856033842,821.1061031438411,112,-2.7768818973915836
493.9364795849338,201.4823877435618,1076.804502378662,8,34.256903642919426
435.55923457837366,274.84450493703514,983.1715977736112,292,28.356158982749797
149.86507248130675,198.70931606802372,890.6086504144423,362,11.814884340183049
468.33675304694896,240.45175320633285,1045.588122530093,253,35.55423216229528
447.9585448248513,298.56336779981405,901.1432473000444,14,38.45968863314652
307.53522285042885,126.29782397959633,1031.052701737769,240,34.17682277536686
336.51017429797173,154.9463051039039,943.6834987930761,242,36.69219440570629
259.6010815480521,178.91521511952928,1129.4208906447275,342,15.851782430612639
121.90465552881253,184.36563570776627,1128.2784643067116,149,6.916639828200797
234.07889665836038,182.20421505310915,990.9401592489605,236,14.27005846849123
421.14137943920457,281.522200511311,940.3276437340062,306,32.73738700952136
101.85280920184114,242.80652889337128,945.0239186236379,167,-4.313114238204251
233.39966867645768,221.58104281814076,1122.2858102672872,20,18.59169656449601
259.26747743637736,161.87454357255643,931.2717931190448,216,16.058362813990488
314.9582411751692,264.75807684425894,883.6237494827384,343,11.951725151948482
467.9422465651042,291.0121022969978,833.8753367501228,135,43.76252362037634
238.5383977463845,264.2396565100453,986.6772483537634,129,14.144340346975838
238.78128075849108,100.31302103829458,992.8528395679367,294,16.45684320184374
395.00049924389936,227.28027403668142,1136.363484161163,246,29.784680647210184
280.88717635592286,110.22707628842015,888.4954785784256,189,21.583078347586863
189.8419291759928,151.52144406674438,952.3965094673599,44,11.87682794828426
280.9758064530773,111.90494006955434,1123.3622955574765,86,27.376237821404118
156.34280815191994,220.75909058987753,1129.4494442995895,44,8.26522175021627
170.55479460248932,237.31798269852135,953.8444303915073,330,9.758225427865435
299.3471090957919,122.89752761318103,983.6496093146724,145,25.26610009546768
267.57017980181917,176.76777660899592,921.3143563397132,51,23.821982937372173
465.93836042724,191.24730179110838,1173.0219513677248,242,29.82417986148412
244.95755964665324,173.8106043521833,847.4575062966321,294,15.000562280753972
332.2353401112174,124.2050000970386,1173.499769200588,51,22.629969839988977
352.90571516781216,183.78955803749508,1073.5465807341373,266,33.792382479920924
105.23778263533346,250.23560956168362,1012.6288610746925,120,-4.483465292943191
365.41494880668427,114.2015329066511,813.0636243137983,200,26.401641273883634
171.21438674790056,116.03600281638069,990.2384767288033,248,16.546276264555686
484.42812698778204,170.95425836719684,963.0992420010929,70,36.05136187586974
159.46509110124518,288.345142323785,864.4875247900491,341,3.185619581393479
265.8496494908095,233.71452934458281,1062.5638414002628,57,27.3749579862603
134.13986723145754,235.73399133451295,1188.4603629473143,39,5.952979926437473
498.7497007383789,172.383998167573,1024.87552442581,289,43.090567128385864
300.87800413249704,218.73215824170768,1085.9013105775784,18,18.725551871443404
338.1540069280175,102.02623680554868,827.3801810264067,220,35.45152678363168
126.830590955371,227.21920928190843,967.0667983267979,313,7.766450781964831
399.98418815967113,282.65738951524736,846.5433940657983,244,28.68354678745943
183.9622372382343,222.51469366896384,1045.1183342146041,352,11.308288751572361
459.2217157762855,274.73971869326897,1175.3928632856619,304,27.825943240775242
182.05585619280288,244.79461109321875,1064.7110929886553,298,0.4958023142746679
176.27508826546662,124.11168328073805,830.7212193257686,283,13.367813283642237
114.61986713923795,280.49066145716836,941.8664819940332,74,-4.988972285665344
288.8267780439997,113.28876887115497,1020.2653517763406,110,27.24863453254404
325.9364533050466,206.79349450955277,961.2831024533009,180,25.039869324055154
126.28345577134095,128.42742475869153,1133.4576041900689,32,2.6631023717276214
410.2110466780042,102.34132214618081,1125.8684018839956,234,39.06003085797316
281.315533899211,184.4068520255278,1044.7324080412886,282,19.640046860870093
309.756107731032,159.00814153083124,949.3831780530821,25,33.608210586631785
276.3050987752913,197.20009875952059,902.1345495052976,331,23.011716434367887
260.3052243501304,215.43997734691015,842.3497272852517,279,10.245488632502887
323.85613252328716,108.74781446178947,941.9590733946216,226,38.31079803033715
162.09609837228498,124.60065902474912,965.2690068830877,57,7.383831866204792
172.77125219810844,211.7284792900851,1070.3291700416294,180,3.6170163014057435
444.7142484054069,168.63347063453165,1063.2639297190294,232,49.078184571531715
478.4461848534531,245.8346975098896,828.0432558565028,343,40.71206689882864
249.32372651190119,230.45832971838794,958.1037261724631,287,19.78328620129815
208.2978692574215,269.12087259798136,872.7115468869448,64,11.679043875203837
357.59981729560633,238.49856533384505,862.7250821267223,232,25.125104881679363
263.49366843923855,185.98621547802964,1130.9208598948983,289,17.078029719090775
110.15454226413794,234.59332447888647,816.7660866865031,213,-0.6304992722192311
162.46103894647615,155.0762348510837,967.6731503608485,258,19.116623548313598
386.388891538959,161.26269975564253,867.2814623066073,18,31.774691932147817
363.56957676406057,257.79703198415865,1151.7320862713896,175,31.78168127577881
110.83839700139339,189.28390328031645,1022.8162053100141,229,3.5274188999810243
188.7888647731798,259.6760681036705,892.5522545507392,226,4.378165185415732
192.42991863522855,264.4844747336557,1000.9709148665506,84,-0.35231424250020105
368.75709743949136,271.5124675322568,1092.5945438812464,291,29.450102293106497
107.88421510174567,283.32704716824145,1183.2472035677736,246,7.552559543822363
141.64343279382953,186.19704410265925,888.1784016981676,110,1.5246260330174888
419.96643414927576,163.77336366422776,1154.472708851738,254,38.914838074906285
171.41786482173345,216.43974931882278,1173.7216456669962,88,0.32172043782845083
361.0984431407499,174.2344846875255,1166.5682178128266,72,25.339636694389256
195.2731124186906,220.2148333600466,1054.165742744764,30,10.156253500739467
139.77655710373807,241.1171725287649,1051.9282617738832,172,-4.999673344416448
197.26887639978162,237.68100369842736,961.2842532735291,309,10.84272119140988
388.9067727422637,174.91057740402425,1100.9591529215152,343,29.391646036939427
442.2785872425143,133.37204033975055,1012.5176073403727,177,42.35305283595528
432.0879458267966,186.1058676924415,1070.975228491318,139,34.46649798728994
258.87341184738193,128.51882881638176,971.3831615395181,194,26.09859484125702
367.2340546282585,278.01940703676166,1092.5985856172556,186,23.284443677263692
181.9937181663284,169.17549214757148,1129.7886070418197,218,5.10869961010672
217.2590921044053,130.89194944466476,858.5745026411264,164,9.386511333025968
458.5343274084479,105.08955198115018,1133.1718862296912,161,32.66390762399744
105.20076940429442,229.16447725729685,1016.1186127161229,13,2.356642240614545
134.2034123417872,227.38046349094864,1137.8663636360898,296,17.79997265597626
183.1545020584109,168.1208333162583,972.5206825364058,89,12.975599225953834
110.61288154952788,114.3423777695302,951.616194153214,324,16.944403676497984
172.57417403591893,181.9257789790464,1166.024293006889,42,14.248994908584674
333.2166243878769,162.2434990126787,900.4677070193605,210,24.717807438783325
268.5698202369992,235.42412794700186,1137.6849301144573,229,23.702355531302956
457.0686844307899,221.15584989053806,993.6082290037616,350,35.75620249098952
426.9774246953764,172.91874563950802,1005.6381770205039,275,34.50826583987045
236.7269406791504,143.57851085099801,923.3873125957936,279,18.24080689568359
203.769373372517,297.60719323111834,1029.2168802476062,251,7.200587564060135
251.87696326690676,190.80032423922296,930.0844785104846,310,22.054527430660265
336.1179770059231,237.65484715604742,815.7077656966609,208,20.454621663335914
207.22545632915052,128.11059351567215,908.7994421377424,321,21.97252985004633
349.65956313965364,197.11793993187956,802.5516173626363,140,30.88377973252874
263.7646608764962,105.5073439738931,1191.3419148227426,280,25.615916551177385
320.8188723407921,201.09102358208997,1186.298883927899,34,32.06539559801193
274.45061165412665,292.80348142354046,958.0621189889221,309,22.331850337527186
217.7863038167671,176.84134259716006,1091.3483417358584,18,18.465209702821028
479.3813227848627,107.79920251498231,938.32243936417,57,43.44893902545341
405.4423176639043,106.19115818386871,1068.4372628343904,112,38.11350454626862
156.04527030658102,177.5973519893739,1122.1720172183916,5,9.393696246628178
447.3871903591651,132.00498729263882,1178.7024978768964,182,40.0246765389226
294.97247929980546,104.67041926563718,960.0849103398688,13,22.515879665156334
457.82089075763656,251.24272279003537,1113.319193182419,339,24.581389221880332
419.9421023789261,191.70460177637813,906.3713802528475,285,38.84780719469783
270.0854017876934,157.8489543945309,1196.1329215174594,259,26.91332854345957
108.98772332804695,280.01663660329615,810.3078395057405,90,-8.007653778144292
207.47094375397842,123.22779204010513,1041.4115226004483,104,18.65154802199504
316.65368586434676,291.1837657910638,1063.8023926605308,186,16.008546905293866
353.39128793045893,162.79334347547058,1075.2182228296515,250,27.866815707236995
203.15507417328092,277.6807344617363,848.1550315156356,255,15.535273331058047
155.74242962912965,220.58857529589233,1175.4119133892523,76,0.3516422470482796
433.9720947197196,265.34147194829745,872.4733116200331,108,26.24939693109099
493.76087228142086,296.8026326420928,1049.1013612959364,156,45.12012742425744
310.27607292107433,157.68108756374914,889.070431649234,82,23.235769421238057
168.6717143393214,292.2270970815186,922.8865668085084,77,9.258544546011546
208.9229306077476,177.8963789804841,1018.5834166912498,258,6.583959802605885
107.3562706189867,177.10238094738446,966.8773674258306,127,-4.4425083334248185
465.7195226241996,168.07742085090115,864.0902403906025,282,36.4233586419828
147.10043315605645,208.28152146951703,868.3745609683393,88,2.7686633594663483
330.6065902057014,130.82900863569742,967.2579152651199,204,21.54277560551971
209.6220882748824,210.74229707160225,1102.9131913102003,16,12.431576356058123
321.67120100631735,208.3409624820008,1159.1858587391155,151,25.433042819815604
360.5681553407457,252.380362520974,833.6510649037532,254,21.487083018833182
431.89672148288065,266.7299923875171,957.2415630237604,188,27.6401790319582
182.56850870424128,188.0882700624848,840.0982254891506,329,8.70853019804208
104.3983314633922,160.46664987029874,806.6369922530391,32,-3.087928341640924
154.7542520275229,151.8669794634189,1064.6874730575826,271,-3.8857122703082414
460.00745673924206,138.92476734097437,1040.979776786635,5,38.67930577615115
449.5560310250061,111.52951643980498,865.2076455259545,330,40.52693881700548
338.9652408681233,168.48959576694267,893.5251332372256,308,26.91131507433233
340.20674417346135,154.04953842615666,809.4831014578074,333,24.58917989099444
366.01466981850217,293.2834771732815,1133.9788822777614,169,27.679780618937478
170.14851144937984,211.54176525000878,1189.8762384194206,181,20.374720829522953
465.7647783699839,169.4554078061015,854.1838147178763,178,35.713283166587544
267.5082099568292,216.0935201987392,892.5900855061193,143,24.3746256806077
253.255411299799,127.8393402691391,1147.3638095787737,362,24.386823177259416
307.56708211313503,188.80874984044058,1170.585519182474,248,23.973370178203645
118.78638671002201,225.24686428421276,967.8509531227241,127,0.16568177397740746
166.51334750243177,197.77956635849029,820.2489889076296,263,8.9762720811487
395.2134465705482,180.35576013086484,815.7567334771278,40,36.65151009900471
133.1194671700506,298.7696777799396,1029.5799464276042,355,-3.766941976774483
341.26084378655526,276.0629524297854,957.1580435572716,255,21.497903101408998
198.13964387252838,224.68119163188803,811.4609710310618,143,16.254905844770953
255.71824561679063,213.87547223645657,1033.3009569250228,240,22.196624417496224
215.47749470827995,224.1320959649168,804.5210146356089,228,7.008214977830937
242.26908658597966,140.26242156448666,1114.9487832597092,341,19.71082819146841
387.6183620736982,179.02754865286371,922.5731290813486,198,35.43049801389678
218.84868624927,107.89190657817986,816.1032012036928,65,20.457413892623492
326.5618561187589,195.10920749736533,1035.3408883932614,11,27.88639784322406
290.42016087963987,208.60491679153262,959.0737657732219,108,21.613199689223844
365.46846614505927,145.5499472206419,1189.5201653428599,26,32.289114993452756
474.7318957299032,292.80576943310274,1017.6794650014808,151,36.05688321097097
393.02883888410014,281.8909221874484,910.0956724148033,221,35.31700316667705
185.9761514363027,244.42864709118118,1083.7755458535898,341,7.677126891915121
112.47325402451386,206.67732575307252,908.5968010170845,237,3.524414929523846
204.90561771993004,273.993831929537,1161.697316563026,237,4.086026013927605
338.03117228010194,126.13046876469258,949.8887882029505,219,23.626484955753504
120.57032539370013,258.101958854977,1019.9474251104821,151,2.2867181019130665
298.54649888049454,124.96416279336967,820.2292415296915,123,21.21551041867171
338.7371395667557,258.8421325098811,970.4484951808923,144,22.083179316694732
233.69755632678434,155.1535136502714,1132.945415864398,189,25.59082650278591
408.36488149832877,275.4181162036378,1122.2595221453366,255,37.415270851515096
142.63930125350873,288.8084187650796,889.7274235414105,68,11.623733080538397
130.0551126943235,129.75919388102312,890.4316284042251,104,15.745814117376803
391.2755024814413,192.5351210130787,1126.9221248852946,336,44.875885156417645
298.1965264824794,296.197475632537,1172.1593680677302,159,18.78242720568389
375.36095857109444,196.6814871946293,838.1443685092014,309,26.27691858415506
273.9309354414985,272.709504502909,980.02345577049,362,12.375655471576996
198.56081329564273,217.74630442626398,934.9817115856915,300,18.950419145458675
427.6409270696799,175.06598158392038,1148.2753821829758,90,35.16892614182407
419.7663515875917,157.15671110517405,833.4099658720075,357,38.31945718273055
377.8785883417707,140.64461821721744,884.450377023215,256,30.570272483547132
208.8580548919851,252.35963827553945,1100.9873350345977,353,9.651953877175126
336.0922667476348,177.3081013646056,820.5175395924863,220,28.86261805541783
244.38955877601072,202.25509244015024,997.0141522857157,9,9.140083804973377
136.63282933065366,198.46509600023637,976.842813871888,12,5.145720462094027
466.9254301848971,215.45580584662625,933.7604715954994,325,46.725153701834046
154.72745236758456,273.1154291249104,957.8289261275695,244,-6.411205427781169
480.094941528321,296.1478687166859,1011.9762347720932,182,27.315541326612244
278.4023091831823,181.5168417147634,864.5469433553533,284,24.98243864009535
174.05317153544786,265.5037844212606,1028.798351313437,312,14.069967300786072
316.7603789513432,252.90555893094353,1122.1729317199945,99,17.571296297888736
449.1783343505633,214.70579029111465,1104.0643719160637,197,26.161340845277913
392.88995456382446,291.20942872238663,861.5599618775095,226,34.14814488996688
422.6244591445799,140.09490310568054,859.6997878965896,333,34.53237499960134
363.51334668428694,121.85284206192428,907.2697470979654,103,29.482460850694423
376.910625807141,270.79239339108443,944.4298905364149,106,26.806667272758766
439.6782606261277,187.82996332674966,963.382232563393,58,31.8241610367215
199.86720354367438,269.3937708414121,1071.878886733338,78,2.916383176510858
295.7699854572562,278.618041039083,822.6721728663341,75,12.10709553095103
188.4837767278409,112.4915187238143,813.8690816904266,42,22.933444541231793
495.0672031986588,276.6929525972121,956.7642251775636,324,44.71014063213168
477.6237358746453,189.66381107388443,1078.8654768551921,181,42.961769736856226
115.77072454740235,202.08649780084644,877.374137182593,33,-9.129418563974918
382.23006900627536,225.31850221864204,1056.6017925025008,71,30.558041264973372
470.09932696626635,285.2765213460174,903.9312551761197,56,35.927107671373115
172.23013805093342,103.82321888595281,1154.4344435254066,105,6.691187159869871
327.17809222105177,195.36869366356342,1158.2759777066467,200,26.242925206296174
466.19531903521676,237.54440848611213,918.9148817125306,101,41.00977396050951
113.57839143431954,244.5413915396457,891.9975015852962,256,4.537599159418535
378.968106898736,238.5064863074216,964.5215888264925,307,25.640639366001388
218.9396029490203,126.88702588162437,896.2126340720595,74,16.355932216240678
469.7584781506122,159.87911767433624,1068.9535373166814,171,44.3436765873504
488.4232980661471,171.7431050834027,1130.4258738193143,143,41.982434723532826
477.70659564537357,260.88744153590096,1069.2368523644868,166,42.65771193327679
289.6856866629855,155.7519744829106,1129.74017889974,261,25.76937772635356
444.8170603957254,142.14099277344064,958.7968648829897,221,43.34926972733967
437.81975941402817,291.48960380761923,862.5267882835443,83,34.14449898598066
227.64018929730224,101.77265702269378,1095.180378959037,182,14.161972562066222
431.56618966027094,299.56417113639566,944.1898020566216,307,31.498340585990707
114.80305388619705,235.3642597714791,1068.508330091653,10,-1.8496799675490758
338.5079513928212,265.69385988982344,908.2575767927062,4,25.82533211882634
192.00353491508122,158.92387926923863,832.4918539226691,351,17.080324761566317
148.22675431091153,102.863055533412,1197.0327181951054,336,12.0984603438926
130.78128065168366,247.57390371230602,862.4806031722397,292,-2.7898241376602506
378.5155103512559,266.8289194001352,1195.3683975853924,281,19.335563404516122
235.94998550722644,248.09522639070383,1190.9119730265788,215,14.891950330912223
389.9067086115046,128.57005746016773,1117.5272415632157,98,29.956104601974776
126.14253631957695,250.68558445139382,1063.769184832799,101,4.420606749874167
226.11613513224415,253.7845564215282,1031.122820100434,9,1.7966843667668737
315.7965169501349,231.70810313401097,1146.440618151134,61,28.569002529357395
416.28926593558543,253.22318655911724,915.7758086477952,309,35.37708771526105
227.50100117282796,269.1842879355464,987.0724849939509,146,11.246811170394114
350.35655057480363,222.7208228474917,1047.7559877466008,63,32.944908597119436
454.3910992944748,117.72094279393582,964.4761903477964,121,45.50515246085637
346.34527527292187,197.5255619334422,970.9945816361072,226,24.643233237534858
193.1837899014535,115.529866934321,932.1138670008338,105,14.979767192320946
109.7603126226152,181.50860620648615,1025.6927266738144,260,-5.320770547136513
448.03954956037194,181.42129782512552,1140.2298112060464,349,44.543841617525175
108.50776434015485,113.20196882804831,880.6113512025252,255,6.260919602654461
449.88066907367977,169.76410679389585,1173.7732155013766,207,28.683737341478277
311.5748536108848,122.19961975826297,1075.6350614992919,28,19.41831152613038
475.6270794051585,261.6470420018444,1129.309285072012,170,40.53491608267068
419.5132943094662,289.53760519289415,1022.4762770520047,336,38.903462746482674
499.17364421333497,114.46329505158772,1111.8066805696253,76,45.05632726334455
240.28472618068406,291.0230414583403,806.4801589357869,116,5.727063835186923
406.87531557245075,204.51531986734904,1127.3521699118141,69,24.048017115482118
260.77236544369686,159.91313559077477,816.0555436341466,354,28.69465285553649
291.9502481215635,115.37241505523271,1155.965350545145,234,28.013742951630853
351.002185287348,200.12485361408358,1196.7850988954574,1,23.453277744806897
449.4708456745355,258.90310889814975,917.6269848707111,167,30.830570192168356
493.63338767971806,241.41729545333962,884.1274225143175,352,44.17162218397298
407.3093655458073,110.04520229279476,1106.1453455432163,218,40.630268910297794
267.1067128669335,114.5803670735807,901.2105363681013,273,19.22873086573459
268.5428009108281,180.5746565265274,1146.2249532688813,251,14.623684810251728
395.0329206355566,159.05809880958867,841.1370368629907,347,29.560873644508753
195.51085830732092,146.47686461120958,850.3820785517433,344,13.326119697799829
144.18964525255785,156.20089978174272,1191.6606220402462,174,4.899992268254868
241.84886305631062,260.69654865937696,1069.535559308002,170,20.940518963510044
214.89559666163268,285.84561072637075,1138.754889771581,246,7.138376018547536
218.52324818239603,181.0205389055133,929.7317509406072,90,7.452965633215292
193.44310041996397,281.2222004264994,1070.5934998082416,49,-0.19428718382621035
116.83727585454476,164.2991402495764,1037.696730923439,294,5.48891256776768
107.14957389336553,195.28739726875833,1041.2600480491787,150,-6.660033088995565
495.0889558944126,145.20579956319995,1073.0129838150885,132,43.26800204196929
271.1092534943449,228.0952084351688,1030.1436692516395,59,9.615117425268231
253.73065886387266,295.79622303496177,971.6249477210664,324,19.61630656834768
371.85891307722795,220.69861920867572,910.3690777522188,199,28.723772093498734
187.30155514602566,171.56281682270978,1107.4325323652808,215,22.907132681129298
479.98447358009014,229.56348919810569,890.5089720012745,49,35.869270000592685
414.5380057662208,124.58413569307751,1076.9417224617657,232,21.88587462211694
135.7644009249038,277.73181605307974,893.3331290597307,247,9.448255291617413
267.0323103139714,200.61679015596727,1050.1320679817816,239,21.572007315984116
451.6473230248659,189.8699484079284,1098.8313068516115,168,40.635774276893535
477.8928089165641,217.17295769070384,887.4855555626157,48,32.39771505840097
286.96060449994786,224.9567725578805,823.9773203445233,51,17.74398154412382
345.3645556842831,114.35516124530261,852.3894971976696,299,32.741001881841484
166.81357843683008,236.5234442446805,1042.39878690841,98,4.646082543418492
496.4674504547906,148.38633606310592,1139.7785624902942,216,35.71561411605639
192.66868055337736,242.79052650131797,817.9987284941698,177,22.74080197156711
477.0927096540503,264.50695887683935,1093.6605036166584,80,39.46306921070419
359.8586595969474,260.791701510504,936.5274583800208,185,26.89920111927152
343.09471795154366,210.5001934815778,991.411347967809,27,30.62389022614537
305.0754044066034,204.03397846215023,1171.5438199382263,195,25.476802572747033
192.26792468710346,128.57519226788236,932.7886018943382,214,11.552018454917727
170.6112128022033,255.0692300806271,986.1347735757944,342,13.976573565277423
188.19448362807015,154.28187608934286,805.4729659042724,114,16.506434591229947
174.5753048577018,199.33908456358932,832.6394880019353,242,6.714147171020421
411.83378942670134,156.85481858550332,903.4366364539136,124,38.5307113548202
240.05010366669205,126.76567259993863,811.1408963284298,305,19.51387657579187
123.13707062535855,225.9115393783473,1052.5501304193003,76,2.8205210926115534
487.64105205632455,110.86640696458076,970.559342720649,311,49.329037191969554
453.5143539853703,249.72904682524,1019.2580810912089,312,42.82747156379983
471.10091327808516,163.51735905222333,869.8588743585318,196,37.66424344956208
497.9631290585741,100.02693860089707,918.3728117746465,351,50.12977687907387
169.55809968779494,202.22582784744594,1065.52978994109,44,17.363149707563174
258.4968075610635,109.37038170552063,1186.12108945216,186,21.36092419069556
403.2953902816365,155.2339115641799,820.1667094408837,343,36.98062733845257
378.4082472215169,241.39529749114322,1156.1537283421064,246,38.30221221998447
161.55836253594202,112.53792432437317,1030.7524805244834,84,14.556327397121066
426.3332499962471,267.86769847120047,1025.5678267022495,207,23.940038680259107
189.77622873466427,100.76398453171662,1000.1114140831041,151,11.472035386108772
189.52704592904922,149.36477384038045,827.7576343616734,156,16.492361972713116
314.7897691573654,248.1808112304143,835.9507406944642,16,21.3449608936682
337.17597393668126,163.25402994586136,1040.3648022636344,165,28.017795230069154
332.03448313512445,120.3784776132027,936.3834285742233,145,39.44064534868463
136.59473495910194,172.0467837600856,1166.9072266310723,37,2.3396985271139417
450.98434505215215,154.07865727690512,962.6362149437889,333,40.352432524209775
206.24001703548242,268.542380432111,857.3125834810564,45,-2.1686683652484815
151.80596851312168,162.66958351702863,1085.8875334008144,206,14.910417119465597
455.4992319475909,257.78649435520146,917.341368576404,62,29.28633697168611
482.26059929190137,278.3744289621469,1010.1881229423573,356,43.15302232508744
444.8510469061803,186.76348391530593,1079.133114202068,308,42.98708115203924
423.80642988995123,281.9886287708784,1160.1056444808282,19,40.2167078443901
362.0967922556087,175.46361079263858,1116.8764779206704,300,33.682876568585
320.3429482436557,292.81568329802167,1070.5444271490896,7,15.683077537863946
134.79470396456406,117.8579049051146,1071.8532729580575,249,12.344689951186137
263.38128522827947,237.40385330064854,1178.3698576128345,117,11.841671618652581
249.0754068049256,198.76280809138575,918.3296389986144,68,17.245201163467815
203.9015135041305,177.52976109112942,800.444837678475,34,10.849150768144716
389.368045475434,226.54237574972018,908.7818237592795,194,29.19799351169804
298.3502940315083,240.77141832686624,887.1565518506976,325,16.554626047169705
132.41848636305917,100.87265393006182,1064.7338340455992,55,10.250446238616709
188.07328077992452,133.39061774943974,1053.4846399062117,266,18.918947318950806
373.30350546383835,242.60921012686373,1037.3845530818894,42,17.359406066682013
130.4523437961201,233.27708271564128,806.4973772837815,297,0.9084169775042583
440.48276561950746,293.20950102573545,1091.511221780259,231,32.538037356565326
298.05861080558975,252.2075580501566,929.4121649941966,10,5.558899971984079
292.2346309306592,290.15454154626764,1066.0223956026525,358,26.997058184317133
336.96311386380705,240.50810030696138,1022.6313714008613,128,19.395352298267362
429.87238637005964,159.61044172788863,937.0923701711629,179,32.106278956819395
239.12368316087722,121.07298445017129,853.8305068416431,193,18.752007712295214
371.2064610236254,256.36477266898714,837.7675590641924,92,25.909271662904306
326.2927855983164,228.8298442951832,1132.6073332448896,231,19.715421855310794
206.81130806776852,109.63720247865925,1167.3590168326232,78,20.881339012788523
451.4519945420632,172.01009318019567,1059.9152187057198,85,39.39322749240265
418.97040864277125,291.3599630968572,841.3736459441933,30,23.44283324140749
363.3807338633702,200.08022914204025,960.8108867552962,213,25.85203634462315
440.23269163769675,186.54582720394092,1091.575680042063,49,27.602129321621035
446.9176803839209,191.5399210318588,1111.9283536040273,265,31.498067509124972
383.3451906860139,141.77654480103274,847.2874489164354,145,34.63368346961156
434.8053313454688,173.74143417295903,800.0122875381529,69,31.34913864554978
378.98858466771344,173.96265119743532,1084.854818352242,58,38.80214817214504
372.05630870412017,110.47100403749448,942.6384703944823,185,33.886696670083005
347.44455128607376,253.51352570358364,901.7925326473041,62,15.924661717908219
401.0866558230565,183.3008863807758,805.1589879158101,308,28.306884832929047
163.44204211722948,264.4359773632847,1016.1197627045999,296,11.347253816965853
452.34830367957136,270.0696002239791,1140.4602941703927,166,33.00878234371281
448.7374110980928,142.39881093973162,1183.0526585090352,171,44.42377469561089
111.69891321382366,231.4706964340257,1026.2979802453158,63,-1.6060834007092493
430.3267002259051,194.45636083259635,1005.7845310959576,147,31.978691518443135
151.5479469893781,276.031347584297,834.0225541956964,306,10.010464174894883
234.04754170365675,143.14813583529082,1019.5491206170399,161,13.564460493458174
397.4033025166431,235.56264006200885,951.9916315861578,141,31.81746891541568
164.3039584193233,221.5504244505445,1042.8541123534308,334,7.633956567398266
427.1868096476249,159.06029551436654,955.4905391506187,97,40.129283255923035
432.85367118309676,127.32018073023453,896.1196493801467,221,48.22177801947695
302.9870935043345,230.32795209545532,837.9861100913506,43,17.25142332965564
102.55434868673343,247.71949162646615,925.9673778355583,292,-1.9462504066322444
214.81525326996513,163.12546875267,838.6579337151009,108,17.734293834549792
346.77076735029686,228.96652080446276,870.7587803295936,266,20.478732718791207
492.4744712109694,179.02618152230065,1194.9344634318184,95,49.32846533423209
352.72541080666736,242.64137665652353,977.6414227626474,262,32.99058499812293
203.9214324256639,139.8430549788106,1012.7487066020067,313,11.534392297823707
353.6022812398445,278.0430005272349,1149.4474114948862,71,14.252454000588173
315.9941518863422,157.48191929311594,1198.2275601962751,219,20.112433459697336
411.93815806045745,173.5571975512306,1033.0857797378726,21,26.999107728688628
142.79225553078336,111.61839041606996,1124.9895284176687,92,13.627108854049723
404.4111610008112,122.30244246425528,930.7764097346701,127,43.34184555576538
316.5066314704441,203.17238054246562,922.2975829789165,80,26.24267518301525
485.19680154359787,153.5185353455943,961.081488397824,312,42.78279230399778
236.74886641547442,267.09604514843886,1069.0029050694598,238,14.412576718677569
353.04875725357925,102.93867773099078,1072.8766757020394,182,27.629051674783206
472.811242204007,175.81880973438723,926.0957738597804,25,44.2262239615025
141.0038911962717,167.46910935381854,853.2839696546515,156,9.447078351848907
474.89139489458046,103.8655261835202,1052.9585025862034,5,46.21185209036435
375.1542889203253,124.87367980010205,851.3303448755058,120,28.834066392728552
127.13482364206877,182.72853498372706,1031.397003291732,277,5.50406968067729
220.3854267787265,198.5729168894893,1077.3688512225235,18,15.915262533304201
383.2688354581126,180.85794945097382,1080.2445985577806,198,38.48155057088064
126.94024058750868,206.18753568241877,1101.3888442638386,57,-0.08585152261299367
332.8681840705093,219.0263349811363,1149.1437686262657,93,27.167761193848214
238.3532227811827,101.98476422556712,999.9835967859153,19,15.365725083788497
348.3662071069908,192.81903189070078,1092.0996758118285,353,39.31163798029709
118.29681352500515,292.69984817751765,1047.6690941463346,193,-2.9494345977380148
448.61472246095053,203.80645602590974,874.6559759190731,237,40.258675315060124
489.3955876709588,235.50845349179065,810.2758579477633,277,40.762184168674516
487.5511421142766,162.37277158337665,913.8165542707735,227,55.93299123906131
399.8607326971699,254.7982756305525,977.2134825350478,233,30.725667528312187
152.0344960522528,254.584296375223,1046.8423777714625,40,0.29895467151348987
403.305278371609,204.25920953082777,1139.9837322012822,323,36.54509992368482
109.8347665835206,295.2027646558427,878.4982866824663,153,0.8395427594367884
108.8494206115989,125.11004295253068,850.2199159593908,127,5.112090594738647
229.4440876598165,103.3895329779162,1185.391978989731,237,14.671102795945298
295.4572761618663,254.0316423514192,843.2178237505628,55,14.754151191663885
408.16296712311726,261.4311074729765,991.3964280428756,172,33.87223607938749
373.31815064260206,124.04144582411524,1034.2254915173207,109,23.482498041884625
278.36108255069934,153.1165665917212,1016.5497683629753,354,22.480050428555305
209.45066651266634,103.51047267332578,834.4128628131773,184,22.583862626684265
498.84980006308444,158.66172215611294,822.8107656014478,198,43.464412803502555
270.47252089438916,254.6283747837343,842.1933709844143,87,26.054384048015915
280.5548097318702,203.59210554251578,1034.235073549045,201,11.162624494567968
165.44952847666767,169.61911863365762,1017.7379550537285,337,6.627157571386718
417.9238194999717,174.34785898126606,893.4963168146977,322,24.721819989669935
377.47289031259544,100.27072514309363,1055.1096567382367,275,45.45220560783136
188.30784511550416,159.96010551304718,1128.0270008222597,211,8.217843482139902
132.95241824633706,229.2917483275861,816.6315839386375,118,-6.923952150387265
372.1997208298852,294.8388887632714,999.2519774192169,191,21.328431072697782
361.8044857124541,269.41216539677987,1075.7241648410761,42,16.165794760464074
209.30381079928372,104.71899292910582,900.9247708278748,42,13.090506981946069
480.3454249001641,279.71212093496786,923.1083621172596,315,37.40508269799253
160.42315671236008,256.63968265972517,1045.4551611957536,276,9.994937058485252
272.9339204170408,256.0752247141961,1159.174117377495,329,16.906286105439584
477.44636806703954,191.5991518007143,1123.9697681211596,17,38.46113271334162
267.8909267704489,179.60105859090055,1033.2520876398335,283,17.731063632149212
355.41037906563423,160.58314576663852,1092.0886871028997,258,22.533389481983203
259.0377591851177,113.13897179087316,945.9289880831195,63,11.644126114138603
209.686080939468,145.6470726987398,1056.3862112395032,62,12.483825557328004
493.5910591839313,149.32072699560493,986.4726364510228,100,43.31626846132895
263.7336025260172,196.81541394204032,875.9744545830243,19,14.529516949368452
457.6396814716538,249.4888813193388,1080.695309550903,17,24.412889116891726
191.98184235643447,194.7619656795893,1022.5858549395289,325,13.717086418004842
185.24188161003332,111.56888988943211,943.4486327814366,246,23.5522680810533
112.45363315380455,291.5579601976408,1164.5356760314523,251,-1.3957672620573247
360.666730150354,288.5448638188225,808.3736471306933,81,19.55177693621386
247.41053748950446,257.0379086296817,926.3092604997984,39,11.97668811624877
445.7432999358548,298.2655803128441,822.7525591110586,36,24.499151755127677
289.2839626766229,208.8964665600526,1106.6109264886509,197,14.609077293178915
487.27737116588867,292.55367005064124,1080.842981645517,158,37.93712405452999
174.21020628124847,115.12100812335015,932.5408874945268,204,18.656577867119
447.44926718224434,173.13614965227427,1070.2651608828292,196,37.31262747463862
410.6387411166967,145.07625360135316,958.3748904783799,216,26.10123619352317
408.3687378576208,139.166616826854,1102.5015165689738,285,38.49528757709813
437.9132912467551,128.1605897785352,981.6734650946825,196,49.680210487436
404.40959637719953,224.48272831319935,964.9118911326663,307,31.06733240481856
350.48812865256616,256.264371149461,1173.8919661953205,152,22.86636543076645
152.49795107295503,215.65967988407215,900.3516399562801,14,0.24364346252220503
113.01047179650077,129.39254191764195,848.1789359986262,325,10.488190073235028
468.33913912627474,262.22475398669417,1033.8172453037832,146,31.82775889081971
346.6601258082952,227.19094143274572,1187.7287249136716,57,28.983974997535206
418.6149163904705,177.6331412253991,951.1356854908747,211,31.80193184535132
292.60894060502005,234.8260591072126,824.8147054515126,268,21.908548445736194
146.9232755849578,151.98099584856658,935.7221069238269,210,8.96155653576965
150.07431688102017,169.03844169884212,1002.3726617278234,17,14.501067699706413
374.22611489158857,283.49716862639804,864.7692026528855,286,28.155149988829198
272.12235795978506,158.10090113428407,1063.240887222597,344,29.68222733488891
180.2098906801347,193.99765363158733,1199.0997556040802,203,10.894223890319937
296.63781869657475,278.02822747920294,980.6957903925775,99,15.89866899312592
125.68357483005363,241.5442700535055,941.891422692085,279,3.090190132653963
332.7885607657595,112.44064523294055,960.2816667337867,209,25.889777808042957
207.5973617740391,129.46060885579408,846.0584713580804,129,18.235049653133565
419.02364025487526,101.56831815438336,1153.3094405704896,335,36.72215641375093
224.1447835694295,226.18435804583268,965.9302622085409,288,14.547575662240561
282.0880596327205,189.53468508208368,954.9097645699366,252,25.528081541487428
104.64821596324026,126.8549701804551,1063.8761091721897,265,14.689817636185966
128.97875511782354,291.5868242113541,976.8133683724494,271,1.8428347205395998
256.99742256267393,205.93194478912397,1059.2933875231383,188,21.58918029714136
291.9755338868494,148.37865882257785,824.578516052315,214,27.628059199460118
340.0082192477215,200.12071423094153,1125.489337488891,283,24.912900759120195
216.6650314837213,235.92406654702157,1176.201581151761,211,22.519317093141936
377.99275445061704,115.24784359471289,1059.5061544637545,76,29.915672250931337
444.0489588756818,154.9407630095784,1181.8263715435244,148,38.59283086783709
411.9403955573399,261.39309817679873,860.5729257479853,321,38.604983413886195
115.84753013934287,191.93297408053223,990.9664757921414,213,11.265395523901793
292.2027789031316,209.31542840645898,1040.722693578179,109,19.91610846016852
141.97207136726996,186.56320044189385,1032.6946589684746,129,11.111130853835444
196.81800634501099,108.77998852860102,960.5847116356173,10,13.222939525853272
494.6650373068586,133.1499559640312,935.2337637465046,47,40.835611480989016
156.9982171606053,189.10832774837817,850.7296090201676,315,3.330459963049422
299.55526138054245,141.83709308158558,956.6969802249113,96,27.443078311371373
347.26229372724765,109.99580573193575,865.064326042194,103,34.40254374247026
380.9859882176416,268.72993281036474,1093.7462705968874,342,25.24265570346762
323.85947339476564,296.2385058328232,883.532374197836,146,20.37452221776158
103.90833896767346,258.6285747993479,823.4261221138136,27,10.98434729615962
230.58452329759675,270.7569843409334,1020.9464551268937,220,17.454014613299826
307.0846573538846,148.39542606340908,1038.0918930877606,18,18.9612747193237
135.14659965793334,292.1253951026399,1148.7652245122022,167,5.586201609478277
240.2507724836723,139.38514089068568,1030.7926449670726,82,13.391511297579545
113.28124351654662,290.2859620723665,938.1923414893784,72,-16.942265311237087
131.4313988620083,298.9638587931902,1121.2047526105282,310,1.1928862302106784
258.7693104806384,242.34456114920974,1016.1115572749684,254,24.11571028856828
153.08630161722414,296.2287463583644,831.7121138524767,162,9.1044326459889
327.0163393046233,213.90795591342072,1026.3402241252986,327,27.162411980254568
375.7859876549063,151.90835663521807,1163.2074181686648,38,27.654533867480254
420.23467964363317,187.39917713312417,958.5250501992882,201,37.09575752727034
180.06009769792405,218.71218707575719,918.5303207599201,200,7.724599564449993
166.99303290362792,114.616312405403,857.387782807208,255,10.95020921024609
141.8271361337601,224.4686529234492,860.5782087741429,179,10.059291978731402
354.57209981745467,296.23556735245893,973.1085937367276,35,18.365252715569557
382.59029059476046,138.02152995674552,1038.271929664612,82,37.81413534401915
112.63445793025681,258.5190232576766,832.2461620678407,220,-2.423435179677215
474.4848984974759,281.5797587559239,1175.8274356100662,158,45.24196168606585
120.78851346058897,288.7403185640442,1102.0534469780782,4,-10.52133678356891
316.51853412042817,292.02712088108944,1034.649567313465,167,13.936650709465503
383.6242077803666,204.29192774429438,1131.3754683755963,204,29.410985719870325
448.38764949843426,295.46158159830077,832.0747027248453,194,22.085466353988075
385.63477285297114,251.46204142688777,990.7355510932498,235,15.485444500176904
420.6912332279167,132.33428724739238,1052.0372507446655,206,27.635370875869015
235.78007701712244,195.38002129359398,1131.4611624473157,150,13.848560585477506
425.9300454986049,243.6662350744008,1113.387824019707,159,30.66614274671989
132.04593855387006,149.46806316381668,910.8276998853598,279,10.1861881033605
457.92666242421103,228.12303670977747,1176.3520678236816,304,36.44150699805052
319.0369504614945,233.32009580932385,849.7383365723481,166,23.395272578237503
426.9191079849975,132.53994876171316,1150.053447448461,311,36.923831288222075
280.92731380732005,213.01706249055127,1188.3760998418475,68,21.695957043562846
357.43107807860997,254.32538219572155,870.8614092890502,88,26.878388713942535
310.5610643744453,199.7791329071884,1088.8264256815141,217,21.603686692797517
392.63580870213275,102.42062335522148,816.1142075111994,1,36.81760687581415
132.65199281223585,101.80769381585844,962.169130055662,135,8.571584910687317
124.14083359622552,171.40586879400243,1006.5133196790696,185,-1.9178396570430971
198.8412936040586,285.23881368635637,1032.2580903638536,351,13.65467188300115
163.81787204527535,145.73535592072176,1174.3748992994238,140,5.960939175499303
448.7134266368807,226.87273777433742,1068.900274917678,106,39.05682555068003
187.68559494321772,144.4151741386641,992.5111804876948,133,14.497934647973686
490.34610232765255,164.33399793190972,1123.8700145063558,108,41.47529879108416
234.75831670844275,269.6084179202968,1180.2131283817635,178,2.3904437975740027
172.8471662754797,245.77228845398938,808.8264594729163,298,15.674829991920722
415.87940285699165,119.07985546264213,1193.0085089024155,358,37.39837820579662
363.48311020035044,185.74040419728672,834.4528556254721,359,33.82410874594863
299.2782865812556,105.8339527290529,1125.7547117075046,146,25.526260404819013
322.1454203750525,196.1780293206018,912.133901020565,74,21.788463893663213
387.68071130890553,232.48680234021361,852.8718631015487,108,29.18777020586482
191.38189653251948,123.70052471963031,975.942255885534,122,14.306024834479668
498.53356642269677,157.77698778183313,1057.5826317790454,17,40.79954330229909
489.9172648587132,179.5673251004314,952.38073800939,196,41.69678743778899
360.13027453877476,283.9062049312099,821.8261633130796,327,27.22304048867553
179.81698037165805,298.65100308459284,1039.7844558634865,318,8.718243766727635
372.09129697251655,108.98225979912317,1160.9613104442699,297,34.94680277101514
128.87936359167034,252.2015846990784,953.2861463789006,252,5.902542073285309
112.26100088232242,174.34481328046866,886.5331110523308,119,1.5785104019933769
203.07315540448548,178.49163724589602,977.0309383731262,162,24.127165583136026
285.04918269572653,250.85299466940455,819.3450844195123,198,25.370211576141333
447.3090021633522,283.68528642908177,1128.1950337921098,45,34.80885086903919
390.8676279065232,290.18571890050964,1130.5363243800748,314,18.009574376441588
397.0826084799924,215.42451720766417,1035.2001853718514,179,33.75713068189094
270.1973337792301,171.42423186010058,941.2411555753558,44,17.205336370607714
238.37399701878516,257.50981717175586,1119.9133457783132,271,8.778505186243958
248.41550519384108,150.20027665246005,1021.8748099153469,78,16.30105643523701
495.05982549442314,212.81480576670356,1130.3729234200064,326,37.78606859146004
116.04367656499299,171.71569230497465,1052.5835170332082,178,7.332598510048096
446.81259844897943,231.32621474157523,1113.762189285119,357,44.76491942063532
331.47016342895733,148.07978257870138,1039.425197287104,3,29.903171172494574
275.4461676758362,138.31858914696517,965.6564272862665,214,36.58131351418329
390.1030641660546,283.64781733508744,1183.178343970455,342,20.47985340197406
294.66757656988113,120.36073658990738,1016.4455299515379,74,21.65854730514721
449.36929523266423,201.19158154698633,1042.0358074162154,51,30.672224484205557
460.2807456045034,144.17055659260177,888.1950557658997,67,45.636388302619544
268.68837074938216,107.78599266513349,1050.2603157709107,332,23.696785656788855
210.73111889402063,107.20376365828528,1028.6430597931776,93,17.59050468887407
336.9401314373449,135.04435442116545,873.93535917881,176,31.87022308254152
464.9453382466764,273.3540709012001,823.8348389412574,145,27.002886026923928
184.2648756022666,156.49574879540535,1041.7437278859084,7,7.564955304431409
349.1866334253931,290.09183411505916,1105.4769077401284,269,28.090401405275927
352.6240880370082,216.3244585978387,1009.3605483688033,322,24.925746371269287
393.2452089661124,187.3228379537532,890.7090501278583,4,21.430164153580115
152.62707405090393,216.01776693389093,1066.608790677214,138,1.3305046199746045
386.32998587283544,203.33967704525355,832.0422906438409,231,29.344674466994537
463.6130082662564,251.75525075146504,976.7334819207819,88,35.487340888499524
171.87324354809678,156.49921319457044,865.3467033593681,17,9.17829714532856
195.01732996955104,170.6100783200605,873.7836204239534,52,8.420139871237208
488.55803761665584,278.81886050665014,880.9175796632815,134,40.95142793057543
172.3907810837959,289.2913026300811,954.6828228175912,211,4.2392082940659925
441.7540373478316,278.5116454972949,820.4600822481591,325,34.54682826990804
296.9111425792139,183.88959879146273,959.1173763716392,219,19.881854431406097
198.89242976127082,256.0731006013763,1004.6829788458804,205,16.680289267259326
448.29996050900456,195.26714666021977,993.3177139865301,211,35.21848319185517
278.1221020010662,199.50797042922045,953.1136401612162,277,20.9802760116119
305.9269415718761,140.93602181145678,1135.6586432283011,24,28.960890277249174
243.6933477599063,218.22606065170328,858.1306769682017,4,14.898243048705261
337.18034057397097,137.22717955066958,1002.2786975125496,152,29.652123562051028
165.4095490340091,166.31293981343876,824.8165667826217,259,0.9470303657459063
256.4326146607043,271.006040323987,828.4622715511639,324,18.7361344583405
487.764928934115,141.41516184217105,1029.5463398708384,357,45.5536695023704
203.253373080451,114.23165703468656,1026.4073699551284,168,19.001579972173527
362.6946658165169,113.80151852256326,1151.2134051377827,176,33.25545589736771
230.07602568987795,288.15690410062155,1023.1494702640293,310,8.903969578342355
409.38925027464023,201.38408759236694,1183.9164081619401,291,38.25125648059365
152.3494642873399,181.88241436340365,819.4779393599719,56,7.691458766963388
487.9284180314179,262.17571620158367,839.2030739122964,108,30.317123537848055
281.5158165534557,267.16518558210316,817.6263446281525,296,24.295908157971226
194.42018533858558,166.43820662312092,874.110740133416,324,7.207710380765153
129.39869893200506,238.72361149475904,1016.5080443766713,302,8.528335489715264
167.9031620350163,254.2245631703773,1058.2288725709711,334,14.853746904633798
307.9095794224071,230.93013737319092,818.2340631794675,141,15.122973893764847
234.8012705725145,130.31901496001987,1178.3883559382398,155,17.900367375561018
431.55334635304376,275.1766167034114,1136.8661506601525,262,30.93676256946292
272.35500946472234,207.81891054720174,918.6449928628373,273,18.719699643207704
199.48570903505197,156.49448527400074,830.8750120905872,232,23.59503841597048
346.857994641612,185.04563708753878,867.9548292876229,241,22.369923245198667
382.7108867541783,107.51421807978147,850.777765501989,355,34.912542547033766
166.81676316037994,125.57336024448351,849.3135117195787,337,21.289620797922574
167.04768651532706,253.10935010317218,1007.4246754662936,258,5.014557004678355
114.66857077341719,100.00232695107323,898.3389769973601,249,4.277842150455578
394.5608060262562,183.31316569645844,943.2558866116578,77,32.375495726651444
365.52181104872204,204.50203621711768,1195.802133353729,180,32.1552820025514
289.85235029992555,110.92688400019446,1073.725699570138,66,22.134685979241347
437.6681795876789,294.61563259446655,1179.5922668188005,308,34.88787828308229
422.2680611800213,145.2250662499344,857.0226220132463,348,31.56247733513259
334.14174575870084,160.83974392725617,952.8557899330277,171,20.4770519624143
447.30851220530343,160.78850245100546,1021.8927213129417,22,34.71099469671693
182.3364840147073,146.08333242346998,830.7032247554952,107,14.949568880255871
144.76784775909115,100.29476441726229,801.6749774511832,323,16.49953645997143
207.89984460679585,245.86895881759926,1068.173733518767,227,4.856456282509306
122.83474243572594,293.36909995985707,1056.727806720574,216,3.397122769242639
312.4678112004128,144.858696657009,964.3155239998447,69,25.526381489364734
474.6422769179846,232.6094383606845,995.857630412813,84,32.277732301507655
115.73741626740386,248.37926539174302,966.1772002368358,103,-6.4861634029617585
148.84396560401072,269.6850758181049,809.6020179379556,39,2.939258544017453
280.8796113133741,184.52583940272183,934.148642486985,13,25.439485282028546
473.55000701116194,160.58618112808585,870.8329021589159,297,42.473303798601684
226.4624419907002,165.05902680460622,839.3696756405475,313,12.848688611808528
302.893923475357,242.52426661970256,1182.68817355574,181,10.633067581153439
116.62914362015684,263.3558933011272,1039.7438900168663,268,8.822573931402367
159.33728038483554,136.32279355132053,1091.462513694641,13,14.456841412516338
494.65204918353874,174.18820163155306,926.1454973064469,120,43.466179080634234
486.0474785744182,280.38803934983,957.2588517976061,353,45.50531572627762
101.97599237376384,261.33870393894784,894.7695975586894,57,-1.1797404608030349
480.72471416929557,296.9716805524952,838.7862683861699,40,30.96870263621638
355.64797512620015,250.84965193641614,871.6126549766335,336,29.15797614105026
447.1673178080089,178.63904020558445,1119.0056181185944,128,32.91615138918271
281.89594225354364,218.12756679892755,1071.0183220735103,173,14.034976796142082
306.2384114317001,232.20285084946406,1018.7715503941907,35,23.22173414873315
295.5386321027681,115.69116326342478,990.0359491467073,259,30.63809888492598
366.74570301844176,208.89939182077302,1168.9737134624497,5,19.91090930836848
155.86050190252516,241.86416569452192,829.0939791114673,218,-0.5111465066828611
111.98943594907118,133.46426080021206,912.2403252951664,11,2.410482086731458
223.17197663647636,256.1263434851114,939.9751414282856,327,9.224356323493751
381.87230509465866,216.75455610282233,1112.9703248851151,117,30.901946520151593
180.74138084917934,290.44435713951896,1197.0058480647886,184,5.632169416769933
369.37297332996695,108.48445964137834,896.2682059028613,362,40.9576056391108
487.96481844290815,153.06522751109338,1149.722933654832,116,43.88950909490606
137.56028631576737,220.31077585996482,1132.2491041727164,162,1.137605690220107
369.0408472900505,159.31198244118613,889.8629590567066,67,20.152841297513525
277.50008772182844,242.88483281424845,959.733032079689,200,18.503047052856306
447.25690175100215,251.8010565043862,963.8691477170076,31,23.893996798699526
170.85991577895436,120.50319281329489,1191.2882674106233,75,8.526055752626512
377.0503808904658,202.77089284135354,872.3567605515593,237,26.327859556495525
435.24611585924407,201.77811111821117,1119.6631884419128,327,34.1635704555967
477.8456877896093,173.85615404310823,933.677085669244,66,33.17158977717123
373.2992113158583,286.5849725139344,1092.348138310464,70,20.074289465339366
298.8699056033709,265.50126397464425,968.0044017182652,297,25.31145025386388
347.13889608048555,239.44187638192736,1031.343905246616,20,28.65753822682685
447.5619937914873,242.8653271469995,1133.0447093304524,226,42.535431899128604
328.2438986555319,192.34322876262382,1121.6662259935538,199,25.247961056140873
112.15482387873475,284.1989042193152,1146.5692734158802,39,-1.2483671786010526
472.3794782027911,238.91908545065706,823.8469301378636,145,42.54505063621456
375.81070041262444,245.79621233116328,1076.820221215898,45,18.38795464001869
370.60535431089863,272.33818075746905,855.9949506887051,326,30.731768926734922
186.27006095908686,154.8143178684382,966.3274272073644,91,18.308013819465053
363.55418809306286,261.4141807733406,1019.4353660218753,238,21.219908140451132
257.5457622616634,139.0481205912984,961.0957938987323,70,26.41536592461972
360.49319081659684,169.06839044897757,1007.844670321203,166,39.54447996071872
142.6372121231963,167.12209085396853,1198.6105235194477,130,11.096850022175346
363.1381218412144,295.70509367782813,854.0869254851419,214,26.64107934353065
499.76549030826664,271.30744474958533,1070.1824181345703,340,34.21229654770111
119.28481554422241,240.23397231805194,958.4003865542461,89,6.152802583724265
490.8696736885269,245.41135232307803,853.2039195629316,335,35.03844648951323
262.7631842891483,212.41455888051422,863.4947053497239,252,20.02429449809094
448.30138013490364,289.4181334217038,1179.7092424982468,349,36.204706879060296
412.9541936233094,199.25175057647232,1151.8405986847047,72,15.571566773594672
326.8065043946671,176.1035419739789,1162.8167841660088,165,27.554490258446517
395.3796837005306,132.6070673863182,1196.6131103309547,49,46.504988933129596
451.4062245205392,257.24113045221156,883.3261560034072,52,22.339283818090983
261.6561286604132,246.8887864151183,942.1757349456248,289,16.441713575219726
230.8132646252955,176.87100770482698,1067.6876119699466,278,7.282199193615105
367.0373542254339,105.03868279184587,993.5210159442589,114,28.12109408892521
423.13837677650343,267.79946554360214,967.3558133513334,239,21.66498012636872
404.9140539106463,102.28359669081473,943.1244997342372,133,37.50493719150998
419.1254595434538,240.7399559258102,1037.5122527773808,274,36.583572174352845
274.2333259251732,294.0514219452114,1030.2373714560329,166,16.429454659102205
427.1336864700086,187.53226562964068,864.5831336256961,293,31.615843018230965
148.08362214824336,146.99468099919056,988.6959350073756,243,6.841654381885171
317.79563918433985,240.97420200867634,1021.3887104839399,320,24.292217248428365
102.30346419924862,263.425628403117,1028.1147754925562,138,-6.055554950925589
229.83433196010813,209.28606321556947,884.0428771649407,79,6.66515449265413
246.58461394855914,293.40705505122924,1096.9085569009148,170,10.492473341784647
258.4690766437021,110.33374433159221,810.0796379284278,123,16.83667940142856
378.18688267594484,200.95911966090563,941.9327422172651,176,31.58852187081742
255.4232405081383,243.69078946451,1112.0850594142535,300,22.85127157917292
279.47744904901225,272.5280942298358,1025.5571684221609,82,28.12925720693825
195.01765234973098,135.851122381558,904.4649730043441,87,15.269543676593448
249.30071665173602,260.00069635273627,1077.981247737219,225,17.409897661634474
190.9078509052606,210.54141514370906,1026.9563776624293,16,5.72712761686997
129.27836950737745,179.31073639799263,1118.497443782555,310,4.37541625973039
341.3794373525511,126.34300571581872,1094.0100744759293,358,37.82107468216887
367.2851194220065,273.0591517817825,1044.0431688144938,163,23.323915352377636
347.7961384038458,131.45464163594306,995.2710701243257,98,29.551618651616344
285.39761752022895,161.95757184181986,853.2728502670094,156,28.116761510573575
251.91431207169194,158.00910639248738,904.5332071541535,2,15.967840028111876
445.3334598287301,274.28280683817087,967.6397891668341,350,41.821307829405214
