packet_size,duration,failed_logins,unusual_ports,attack
549.6714153011233,0.8203032006079857,0,0,0
486.1735698828815,0.4745058911216644,1,0,0
564.7688538100692,0.7513720312460566,1,0,0
652.3029856408025,0.3940772108962442,0,0,0
476.5846625276664,4.643864248072732,1,0,0
476.58630430508197,1.0122961156997006,0,0,0
657.9212815507392,0.5628150770826598,1,0,0
576.7434729152909,1.1898926964075744,0,0,0
453.05256140650476,0.7729025448481908,1,0,0
554.2560043585964,2.7284337744484155,2,0,0
453.65823071875377,7.096143031740013,1,0,0
453.4270246429743,1.1526266364882531,0,0,0
524.1962271566034,3.947043324590407,2,0,0
308.6719755342202,1.668790591860861,0,1,1
327.5082167486967,0.34213583067013303,0,0,0
443.77124707590275,2.346387694725757,3,0,0
398.71688796655764,1.44076749072495,1,0,0
531.4247332595273,2.1031131026502137,1,0,0
409.1975924478789,4.4088744786067116,1,0,0
358.76962986647084,1.1611896310804546,1,0,0
646.5648768921554,4.6288624284360465,2,0,0
477.4223699513464,2.777948010576462,1,0,0
506.7528204687924,1.3412256966290939,1,0,0
357.52518137865434,1.8487573811116402,0,0,0
445.5617275474817,0.7878077919879488,1,0,0
511.0922589709866,8.22061861526115,1,0,0
384.90064225776973,2.2013357782379877,1,0,0
537.5698018345672,0.08967436525506758,0,0,0
439.9361310081195,0.7908966057052004,1,0,0
470.8306250206723,1.9526889626834352,2,0,0
439.8293387770603,0.11596444737815971,2,0,0
685.2278184508938,0.04834808634571605,2,0,0
498.6502775262066,1.1957621471910915,0,0,0
394.22890710441,0.8090016854010477,0,0,0
582.2544912103189,1.1535698026293217,0,0,0
377.9156350028978,0.6095026804357184,2,0,0
520.8863595004756,0.35997116727309464,2,0,0
304.03298761202245,2.336846855991963,3,0,0
367.1813951101569,1.4454449648985543,1,0,0
519.6861235869123,0.4466726679145959,2,1,1
573.8466579995411,0.7701177562099787,2,0,0
517.1368281189971,1.792034801651397,1,0,0
488.4351717611759,0.14994143855136632,1,0,0
469.8896304410711,0.3190539004963728,1,0,0
352.1478009632573,0.15213338724020223,0,0,0
428.0155791605291,3.3460053645933328,0,0,0
453.93612290402126,2.7919560594142374,3,0,0
605.7122226218916,2.7992693525491847,1,0,0
534.3618289568461,2.519854546228118,1,0,0
323.69598446372663,2.213604008068822,2,1,1
532.4083969394795,1.2963167137375298,0,0,0
461.49177195836836,2.055999175267226,1,0,0
432.30779996940413,0.07823347107726894,0,0,0
561.1676288840868,1.9428904297983667,0,0,0
603.099952249595,3.0090543456526118,2,0,0
593.1280119116199,1.3877283165916914,0,1,1
416.07824767773616,0.8848184141235338,1,0,0
469.07876241487855,0.6498729180338987,0,0,0
533.1263431403564,2.058930339063539,0,0,0
597.5545127122359,2.360520359012599,4,0,1
452.082576215471,4.095383484601133,0,0,0
481.4341023336183,0.8381164013943933,0,0,0
389.36650259939717,2.937372983730464,0,0,0
380.37933759193294,1.648133456055446,3,0,0
581.2525822394198,4.2883696084568825,2,0,0
635.6240028570824,1.5007565939255985,1,1,1
492.7989878419666,1.4580869376200798,0,0,0
600.3532897892024,1.7249174623048544,2,0,0
536.1636025047634,2.767119049532051,0,0,0
435.4880245394876,6.68720525967573,3,1,1
536.1395605508415,0.15281923150416296,0,0,0
653.8036566465969,0.10983043314773575,0,0,0
496.41739608900485,5.546788890529667,0,0,0
656.4643655814007,1.509515985456912,0,0,0
238.02548959102558,1.9085201324053063,0,0,0
582.1902504375224,1.3171962699403499,1,0,0
508.7047068238171,0.19667591353311137,1,1,1
470.09926495341324,2.9228064666979314,1,0,0
509.17607765355024,2.75050821989016,1,0,0
301.24310853991074,0.7470706304728714,3,1,1
478.03281121624883,0.7312562233363529,2,0,0
535.7112571511747,3.6383605851444494,2,0,0
647.7894044741516,0.15021719266517405,3,0,0
448.1729781726353,4.259031552219762,2,0,0
419.1506397106812,0.5932080160224101,1,0,0
449.8242956415463,1.7978092388789573,0,0,0
591.5402117702074,5.497562493322449,0,0,0
532.8751109659685,2.2671684907560365,0,0,0
447.0239796232961,1.070338453796873,0,0,0
551.3267433113356,2.3393631145731675,1,0,0
509.70775493480403,0.8431268966383839,2,0,0
596.8644990532889,0.6494070861006341,0,0,0
429.79469061226473,11.417556627015186,3,0,0
467.23378534022316,2.778920584228008,5,0,1
460.7891846867842,2.069698008670631,2,0,0
353.64850518678816,0.8779082445968491,0,0,0
529.6120277064576,0.10082069313839293,1,0,0
526.1055272179889,0.06309872882548137,0,1,1
500.5113456642461,1.615685623834913,0,0,0
476.54128666248533,2.871244196239446,1,0,0
358.46292579495855,1.541695092575773,0,0,0
457.9354677234641,3.6750004814824924,0,0,0
465.72854834732306,0.06799593973695589,1,1,1
419.7722730778381,0.9137865382088989,0,0,0
483.8714288333991,0.541179015503813,1,0,0
540.4050856814538,1.185782025261945,0,0,0
688.618590121053,0.15025844917328932,0,0,0
517.4577812831839,6.163959516959197,0,0,0
525.7550390722764,0.5052873683072787,2,0,0
492.55540842338326,5.110000194379472,0,0,0
308.1228784700959,1.109879517867179,1,0,0
497.3486124550783,8.47054475714865,0,0,0
506.02302099410264,1.615134480300274,1,0,0
746.3242112485286,5.342458890004249,0,0,0
480.76390352188776,0.010726691508605517,2,0,0
530.1547342333613,2.7585485686875177,3,0,0
496.5288230294757,4.667133267608412,1,0,0
383.1321962380468,0.3009960407856958,1,0,0
614.2822814515021,0.20213028959869234,0,0,0
575.1933032686774,1.1052844448777062,1,0,0
579.1031947043047,5.426494549035046,1,0,0
409.0612545205261,1.5634609382692863,1,1,1
640.2794310936099,1.4992507920430547,0,0,0
359.8148937207719,0.30426637536611634,2,0,0
558.685709380027,0.001579645842481071,0,0,0
719.0455625809979,3.322937596976941,1,1,1
400.9463674869312,0.18329781945159834,2,0,0
443.3702270397228,2.00942339683879,0,0,0
509.96513650876415,4.921203745147795,0,1,1
449.65243458838006,0.4680346975879571,0,0,0
344.93365689338674,2.188879031037551,3,0,0
506.85629748060273,0.1639360359887266,0,0,0
393.7696286273895,1.8514458703371297,1,0,0
547.3592430635182,0.3580899914631611,1,0,0
408.0575765766197,2.663260568332381,2,0,0
654.993440501754,0.7168709706908254,0,0,0
421.67467076637627,1.2449711705387108,1,1,1
467.79384837943246,1.8297361987297638,2,0,0
581.351721736967,0.3757299720908867,1,0,0
376.91356835660446,2.706785749328483,0,0,0
522.7459934604129,0.7209079814903441,0,0,0
630.7142754282428,2.1716203327900625,2,0,0
339.25167654387724,0.34462297196387,0,0,0
518.4633858532304,2.3302585502769007,3,0,0
525.9882794248424,0.27436311632781535,2,0,0
578.182287177731,1.1080108479465136,1,0,0
376.3049289121918,0.567927517881496,1,0,0
367.9543386915724,2.759632772584303,0,0,0
552.1941565616897,0.6077177741754168,3,0,0
529.6984673233186,4.2693556222748335,1,1,1
525.0492850345877,4.447921453504767,0,0,0
534.6448209496975,0.43741012006899027,1,0,0
431.99752784215093,1.9030377658827897,1,0,0
523.2253697161003,0.18361146689561839,2,0,0
529.3072473298681,0.9936386747118611,4,1,1
428.5648581973632,2.498789401475982,0,0,0
686.5774511144757,2.1542295314500333,0,0,0
547.3832920911788,1.9600627130002293,0,0,0
380.86965027973514,0.6640785716197561,0,0,0
565.655360863383,0.949710597356644,1,0,0
402.53183297726787,0.21727875874509914,0,0,0
578.7084603742452,2.5389636489074023,0,0,0
615.8595579007404,1.401910354737368,2,0,0
417.93176816482895,2.467253897664981,1,0,0
596.3376129244322,0.5725488600824336,2,0,0
541.2780926936498,0.7844213607337078,2,0,0
582.2060159994489,0.8135779798866024,1,0,0
689.6792982653948,0.05215908785208389,0,0,0
475.46118839971297,0.8342087835558014,0,0,0
424.62638356425106,3.252197610185984,0,0,0
411.04855703744767,4.55185703024432,0,0,0
418.4189715034562,1.4605284090849693,1,0,0
492.2898290585896,1.2157808999284703,1,1,1
534.1151974816644,0.06261938282828633,6,0,1
527.6690799330019,4.227309802579727,0,0,0
582.7183249036024,0.02619117510281669,1,0,0
501.3001891877907,5.791776780707735,0,1,1
645.3534077157317,1.3436179312079355,0,0,0
473.5343166762044,0.8369015975483456,2,0,0
772.0169166589619,5.159800439283318,5,0,1
562.5667347765007,0.04938676105703104,0,0,0
414.2842443583718,1.7417978849514024,3,0,0
392.91075019388876,1.5922766751737425,0,1,1
548.2472415243185,0.4951809162895943,1,0,0
477.6537214674149,1.120337891523752,0,1,1
571.4000494092093,2.1126234497767453,0,0,0
547.3237624573545,2.597528347938528,0,0,0
492.7171087343127,0.0014342315452861736,1,0,0
415.3206281931595,5.524593496449628,0,0,0
348.5152775314135,0.359510598645199,1,0,0
455.3485047932979,0.5320510463840279,0,1,1
585.6398794323472,0.6116199780055868,0,1,1
521.4093744130204,0.0771077551033726,0,0,0
375.4261221288012,0.2626154446893315,0,0,0
517.3180925851182,8.588020224501532,0,0,0
538.5317379728837,0.757305791433715,1,1,1
411.6142563798867,0.24501581386571394,0,0,0
515.3725105945528,0.22631782446968982,1,0,0
505.8208718446,2.54207769289697,2,0,0
385.7029702169377,3.8561024430178517,1,0,0
535.7787360348283,0.5939900729421788,0,0,0
556.0784526368234,0.04226242411225112,1,0,0
608.3051243175277,0.5048615783621853,2,0,0
605.3802052034903,0.11635108945407227,1,1,1
362.2330632042909,0.21827959995175122,3,0,0
406.21749600848773,1.1295364976539124,1,0,0
551.5035267208659,0.5225175157705177,0,0,0
551.3785950912209,1.4511171145771375,1,0,0
551.5047686306048,0.5847025879932635,1,0,0
885.2731490654721,5.644812144627177,1,0,0
557.0890510693167,4.727729176819913,0,0,0
613.5565640180599,1.6731397135530999,0,0,0
595.4001763493202,0.875224650054023,1,0,0
565.1391251305798,0.9597746473745826,1,0,0
468.47307553596545,1.0615542869834858,0,0,0
575.8969220493268,2.600815595314675,0,0,0
422.71747854624283,1.2016428832493211,1,0,0
476.31813932599914,3.88604788739455,1,0,0
451.46364521708966,5.768195256444331,2,0,0
508.18741393863223,0.8187840769696687,1,0,0
731.4658566673509,1.6451203315316199,0,0,0
313.2734807408252,0.19976561774367546,0,0,0
568.6260190374513,0.4474600659378159,0,0,0
338.72841288103484,1.0670484876227344,1,0,0
452.80681342105663,0.461854320064089,0,1,1
608.8950596967366,4.1840080937289486,0,0,0
506.42800190954625,0.34463058821973913,0,0,0
392.2255222070694,1.216365473246181,0,0,0
428.4696290740032,1.8612826236006477,1,0,0
567.9597748934676,2.3544274739556363,1,0,0
426.96333682828634,0.9659973841452056,2,0,0
521.6458589581974,4.066628983378421,2,0,0
504.55718399038136,1.6801374788211565,2,0,0
434.8399652394183,1.1578798356572526,2,0,0
714.3944089325325,0.13921605142254712,3,0,0
563.3919022318012,1.2498165353186503,1,0,0
297.48574133423926,3.4377896227138995,1,0,0
518.6454314769428,1.906640988578486,0,0,0
433.8213535231612,3.569517507789542,1,0,0
585.2433334796224,1.3624833487723294,2,0,0
420.74792615672993,0.25217367040023003,0,0,0
488.5263558533101,0.02746744631731648,1,0,0
550.4987278980457,0.7225698119185715,2,0,0
586.5755194170122,2.3945934215463742,0,0,0
379.9703592944224,3.1237723051768898,1,0,0
466.54987641590515,0.7012517945074951,0,0,0
452.50546888390437,1.3689851632861223,0,0,0
434.6670767426288,1.0933163684312812,2,0,0
676.5454240281097,1.0570384201018748,2,0,0
540.4981710960956,0.5262357510423544,3,0,0
373.9116045664955,0.29322424431623095,3,0,0
591.7861947054776,0.4380255848941653,0,0,0
712.2156197012633,0.11384429161749168,1,0,0
603.2465260551147,0.44161940826985796,1,0,0
348.06300340459865,0.018486974655112724,1,0,0
451.57659271337485,1.9737397250173923,2,0,0
626.6911149186623,0.7606927064762349,1,0,0
429.23305343812194,7.234585020164643,0,0,0
544.3819428146228,0.4306410889059882,0,0,0
577.4634053429337,0.8487716739295843,0,0,0
407.3069528421917,0.8858391788967345,1,0,0
494.04746439382,0.016974824926715443,1,0,0
175.87326599309273,3.655286765322066,1,0,0
397.561235866571,0.06503493746107242,2,0,0
474.743184860684,5.63282492596621,0,0,0
375.221681803515,4.452625449981751,1,1,1
663.2411303931635,1.5336818078849197,0,0,0
356.98586220393673,1.5687519308085205,1,0,0
455.9955513303016,2.1213497372983627,1,0,0
513.0740577286091,0.9789438638247168,0,0,0
644.1273289066115,2.0838342368056466,0,1,1
356.41378488205606,0.09160288594460557,0,0,0
616.316375215496,0.11112611446662946,2,0,0
501.0233061019587,1.2221407892645297,2,1,1
401.8491348952049,1.5953374347669613,1,0,0
546.2103474263271,4.37525904099726,1,0,0
519.905969557347,0.22110490517333967,0,0,0
439.97831228412053,3.459236820346015,0,0,0
506.9802084990019,0.47156451187851,2,1,1
461.468640313824,1.0020266725706153,0,0,0
511.3517345251248,0.7613570042435369,3,0,0
566.2130674521047,1.02216889073282,1,1,1
658.6016816145352,0.3262040767632895,0,0,0
376.2184501173151,1.4006258844442026,0,0,0
713.3033374656267,3.2353695473285193,1,0,0
304.7912200477498,1.1651231165213618,1,0,0
484.82149049644164,1.349096735107979,0,1,1
558.8317206484577,3.7778749103067555,1,0,0
528.0991867735032,2.4487464000387087,0,0,0
437.7300480179406,1.3484718950704695,1,0,0
479.1877749642725,0.5959918845439888,4,0,1
450.69990653411674,4.3243727389004905,1,0,0
441.0635243055788,1.72086266409191,0,0,0
584.9602097021025,0.49986747545906507,0,0,0
535.7015485965047,0.6270113059012101,0,0,0
430.7090404739346,3.2504547138132325,1,0,0
589.959987543325,0.09029927824293278,1,0,0
530.7299520876609,9.679808049075348,2,0,0
581.286211883896,0.27933275722706197,1,0,0
562.9628841923612,3.179942500752877,0,0,0
417.10049890779277,1.00431102531573,2,1,1
443.981895980303,1.3553989592630087,0,0,0
574.7293605123261,4.251399529243777,0,0,0
561.0370265433464,1.0651583503586428,2,0,0
497.90984060358517,1.5421904330989433,2,1,1
511.7327383308782,0.10111273704019474,3,0,0
627.7664895788425,0.004700467007722309,2,0,0
440.842861116417,0.5615449919715455,0,0,0
554.7097381170038,2.2825162214445927,1,0,0
479.78073475661057,0.2585435686939775,1,0,0
478.23187967727796,0.2415393898828481,0,0,0
609.8776851987191,1.058524436342255,0,0,0
582.541634898803,2.087322504033811,0,0,0
581.3509636000639,2.490089606355524,0,0,0
630.5478807154329,0.3931265992096782,1,0,0
502.1003841632759,0.16586808642316286,2,0,0
568.1952971294963,5.6400998802695215,1,0,0
468.9733243406544,0.6040120309374603,1,0,0
532.4166352488442,3.8393652023788114,0,1,1
486.98569456323156,3.982736064693041,0,0,0
509.6995964992718,2.9614086999457805,0,0,0
559.5157025436913,0.36985054300437326,1,0,0
418.17793167665275,3.4497139056706003,4,0,1
709.238727568546,2.9328456583685734,1,0,0
399.3982618500298,1.816263167404326,3,0,0
378.5811387212268,0.8225701279942723,1,0,0
615.8110873500068,0.609001715276627,0,0,0
579.1662693962936,0.25996502233299174,1,0,0
562.4119817052156,1.425708457803433,1,0,0
562.8345509264279,1.7602111441989925,2,0,0
498.77532271530856,0.8905096166170134,2,0,0
410.2745628514168,1.2900823776457093,1,0,0
507.5804558193726,0.9035871501970358,0,0,0
432.28382884878886,2.0488995267916366,1,0,0
597.5119733417752,4.630514246115708,2,0,0
485.29426184978615,0.3580625802384572,0,0,0
417.45028032074885,0.9606213210247603,1,0,0
467.86141583470067,0.30366680945389424,1,0,0
541.2931454275624,1.9613586373466525,1,0,0
443.6275447196025,2.610317494918016,0,0,0
417.77796044335685,5.373930104866426,0,0,0
524.3687211491913,0.6538770479844176,0,0,0
524.4966571108723,5.999930675299709,0,0,0
449.30568246288703,0.13070473766100227,0,0,0
452.8961694381677,1.8477078384369983,2,0,0
523.2049937357637,0.11765949573823667,3,0,0
355.1915658502676,4.484376293235767,1,0,0
359.2536225623445,1.509232810453674,0,0,0
428.15557787475643,2.2133797540199773,2,0,0
478.6552848288153,3.562516709797054,1,0,0
531.0907565598004,0.32576886900605145,0,0,0
647.5356216949552,0.0787118934251722,0,0,0
585.7659623202019,4.221965900618245,3,0,0
484.0061470036573,0.7564779346169135,1,0,0
498.0983792097311,0.27617817299071096,0,0,0
399.7470635362191,1.2639583053937964,1,0,0
498.148686400761,1.8241297253805104,0,0,0
471.1341361079862,0.06292066105251143,1,1,1
532.271856033809,0.6428794296750093,0,0,0
417.2769056447677,0.06669969938979185,0,0,0
551.9346514241172,1.0906111998609715,0,0,0
653.2738913002578,4.509496081330378,0,0,0
489.12398515431425,8.108603546466451,0,0,0
540.1711722098942,2.026966909372242,1,0,0
569.0143991711112,0.35260985123138233,1,0,0
459.8779528114164,4.72571908973951,1,1,1
522.4092481810417,1.452365069606867,0,0,0
501.25924007817946,0.3338792837581529,1,0,0
509.7676098548832,5.095096680057117,0,0,0
422.6990216144534,2.833251901727956,0,0,0
502.4510174258943,2.6313383481697934,1,0,0
549.799829124545,2.4701063598682547,2,0,0
645.1143607795042,0.44713683585560293,1,0,0
595.9270826085207,0.47399487884769226,0,1,1
715.3182457511557,2.3313832598484923,0,0,0
423.26524371119507,0.4962119477579301,0,0,0
587.2320636720679,1.1548986678773745,0,0,0
518.3342005738352,3.046537181024495,0,0,0
718.9802933217672,3.0645141436690744,0,0,0
419.17017146448484,1.2075703029661244,3,0,0
416.0278157819224,3.142261562509215,1,0,0
440.0607354555978,3.648009153726514,0,0,0
287.6104275690193,2.1271221536587115,0,0,0
447.4244978319239,0.5186450066360098,2,0,0
424.0867338446302,0.6404429814307296,0,0,0
515.0393786476208,0.7562091553759345,1,0,0
534.175597577716,0.24841650887401207,0,0,0
687.6170839215886,0.6380967717986442,0,0,0
595.042383818605,0.4702278836185304,1,0,0
442.3096344337597,1.2151457539632453,0,0,0
410.1585328651642,4.781468005215821,0,0,0
549.1919171506506,0.22070215509735983,2,0,0
367.9766792979358,2.5478460102942386,4,0,1
683.1458765854354,2.3249133298040343,1,0,0
617.9440120721287,0.2013081028314722,2,0,0
453.08243478952954,5.116824072323614,4,0,1
328.68654709091226,1.6808466982251624,3,0,0
635.3872374165413,0.9042504764008378,1,0,0
488.5460154747382,2.825593605588225,0,0,0
623.7816311973462,0.5951024478285709,2,0,0
340.5572341205633,2.365139237777371,0,0,0
440.06249770462273,0.08104242862716245,3,0,0
500.5243699718183,3.657777052204323,0,0,0
504.6980593764742,1.189033572170298,0,0,0
454.9934528520756,2.0250136727774453,0,0,0
562.2849932347499,0.5000991366102222,1,1,1
393.23795706174053,2.2606623887375696,1,0,0
485.76205149787063,2.958928094692814,2,0,0
512.0295631711899,1.2819186829543778,1,0,0
551.4438834058749,1.9232401345764005,0,0,0
571.161487808889,1.218810672693252,1,0,0
387.5357908162131,4.490357061428018,2,0,0
346.58858292643777,1.3777891933095567,0,0,0
627.7676821898509,3.6879005518299985,2,0,0
533.2314011979591,3.2324423161303155,2,0,0
425.15134634434463,1.0569774754922823,0,0,0
655.1151975522523,0.5229489996803647,2,0,0
511.56746342928585,1.042028478964713,2,0,0
617.9297184063827,3.499900093680927,2,0,0
506.7518481410109,0.5165897046667026,0,0,0
706.0747924881987,1.4865090762982816,1,0,0
675.5340842443204,3.280791890280041,1,0,0
475.10358515209265,0.8722944802435189,1,0,0
597.1570950954356,2.055616084638298,2,0,0
564.5375949585148,0.5637488034635579,2,0,0
636.8631557532349,0.23144906373806018,1,0,0
403.5076539419896,3.163492044284742,1,0,0
568.6051459998439,0.20843039558894402,0,0,0
605.8424486849588,0.6332097191395866,1,0,0
324.12605135768854,3.863552911813168,1,0,0
381.6741487334225,0.8507314988758468,1,0,0
296.07678222398994,7.227198873484936,1,0,0
473.0593165555442,7.797654386165731,2,0,0
571.7542255795962,0.6247038265092514,2,0,0
650.2357052096028,0.08368299109032803,1,0,0
507.40947804197754,2.4419889367714163,0,0,0
662.8615545571292,1.1992645048696555,4,0,1
361.9898541785109,0.21239471800396328,0,0,0
329.6617560644845,2.458737257907183,1,0,0
494.4452301103381,0.06334237628756041,0,0,0
538.4065448939307,4.083469956118172,2,1,1
496.7305251905907,0.29851457862861913,2,1,1
293.25578999601237,0.2723540727896467,1,0,0
491.08799604872115,0.3863742629858922,3,0,0
369.5530499495147,6.4511141139538495,0,0,0
566.9672548830039,2.362918691362175,0,0,0
536.6598246096848,3.232638423355376,1,0,0
406.0120213672645,1.0137833628572155,1,0,0
448.61330826633065,0.8198884312148088,1,0,0
394.0786478111048,0.5344103431841776,1,0,0
493.7320902726828,1.3103469057261032,0,0,0
595.5142320501238,1.6051596568068953,2,0,0
401.42739536644564,1.9981213800191633,0,0,0
550.4046515517845,0.5944374818532091,1,0,0
446.9742381627559,5.938339636146342,1,0,0
420.7127167737656,0.3720773089967923,0,0,0
489.29696400454424,6.742491377287457,1,0,0
396.4757677580626,0.029935159913430067,1,0,0
444.6350694652818,1.312187211822761,1,0,0
380.21221074111514,0.8110337332449147,2,1,1
696.472513291639,1.1924889532829366,4,0,1
503.52635519717285,1.691033596750769,0,0,0
430.02744920074144,1.1439456988604064,1,0,0
521.3979910734222,1.071763343312391,1,1,1
488.76719503091704,2.6389425188496762,2,0,0
477.9030400466777,2.3159366845912546,2,0,0
561.4166700043426,3.5827744614649766,1,0,0
575.7507710047305,0.5752547645332876,1,0,0
446.9498852389473,1.8808006414014076,2,0,0
442.418175935532,1.759892462657729,1,0,0
472.4948302848356,0.9232387459093168,2,0,0
269.8078835264415,1.3312879380415201,1,0,0
348.4808937801448,0.7531202526331019,1,0,0
636.6874267444525,0.3059396823564051,0,0,0
664.4967713501284,0.4810912117742159,1,0,0
475.09639604436217,0.2230112640964552,0,0,0
557.6556963055766,2.2981460185783322,1,0,0
531.1250154543536,2.1619026892733317,1,0,0
807.8880808455237,6.015867684912928,2,0,0
611.9574911434577,2.6162859363358093,0,0,0
487.20824085192334,0.10689826202889414,2,0,0
404.44595593995746,4.312561785933277,1,0,0
339.35536797424277,3.9708121726483214,1,0,0
520.3463635867223,1.171530573310459,0,0,0
424.3649254715697,1.7631171280628453,1,1,1
357.7746290402326,7.465941279284367,2,0,0
435.34271157574733,1.5198750894735444,0,0,0
391.84519963856053,4.71454361126975,3,1,1
668.7141635072564,0.173380146993931,0,0,0
588.1639756949451,0.42404095715143064,3,0,0
499.20273586833827,1.1623350361264926,0,0,0
647.9944138890025,1.7577818527564866,2,0,0
507.7368307647618,3.3881172281456817,0,0,0
413.87157986717364,8.889867292664828,1,0,0
652.3124077269657,0.9848305987637376,1,0,0
553.8910043684658,0.09715320984384136,1,0,0
396.27538456735437,3.2306253028949765,1,0,0
480.9661321916392,1.8546058840114144,1,0,0
412.4381746615243,0.44264756337010075,3,0,0
361.7200269035664,1.3657144350594823,4,0,1
592.6177547531641,2.7119978394299302,1,0,0
690.9416640470131,2.942935906523041,0,0,0
360.1432426180859,1.3847685912563839,0,0,0
556.296923669057,0.7283043150242523,0,0,0
434.9357430878173,7.279613481710974,3,0,0
451.2874616235304,2.1774978496671413,1,0,0
440.7606075761131,1.0492998794368806,1,0,0
413.6009230320184,0.658295281944539,2,0,0
504.8521627944827,2.6268536182506943,1,0,0
416.9049883588962,0.5546278705724795,1,0,0
527.0456825779838,0.37678386211819437,2,0,0
494.9761890550863,1.5093384379572576,1,0,0
476.10519531335905,0.6849451045303798,1,0,0
409.2436337958402,1.9825951499868153,0,0,0
442.32286694316673,0.2509873915427347,0,1,1
575.5391225825756,2.128080330242484,1,0,0
550.0917187624381,0.666186183129902,2,0,0
402.2444755201449,0.0004859278957248739,2,0,0
509.9332305429226,0.2714929629305895,0,0,0
575.138712337179,5.424579686447554,1,1,1
333.05947188786286,4.040152343219403,1,0,0
554.3360192379935,0.5321256748217935,2,0,0
433.7376241054153,3.0135090952069636,1,1,1
557.0598668593159,1.8759052983457507,3,0,0
423.6740843457483,7.07435804681319,0,0,0
319.51178993354813,0.9355503387248366,1,0,0
337.2457562116837,2.288018292099387,1,0,0
504.8084946661382,0.13128780486388905,3,0,0
525.9722501721482,1.0091813590360448,3,0,0
409.56833748955916,6.6383683146564,1,0,0
563.8592458777374,1.5486314995060804,1,0,0
333.847993773104,0.6790162899996898,1,0,0
493.39202013526835,0.25628266314172243,1,0,0
378.8983800237543,2.431607295024822,1,0,0
434.81638921978407,2.0704641204774332,1,0,0
504.7398671316414,0.9366140221653444,0,0,0
413.9586634716048,6.0294775917777095,0,0,0
461.5444455770175,0.0449060113914787,1,0,0
600.6292809214441,0.7240178648825867,2,0,0
442.31081304768514,5.078374773958418,1,0,0
583.5692112065142,0.7740781449341289,1,0,0
387.0293145342382,0.5813807426447019,0,0,0
552.9804177915282,1.5280854788663294,2,0,0
644.15686206579,3.472290993947943,1,0,0
252.83554998727107,0.21772608665753135,2,0,0
420.31047445295235,5.730134808570107,0,0,0
557.707212718054,3.1702017620242358,0,0,0
479.6954613957007,0.399953608313514,1,0,0
537.1145873371308,2.4896448845548864,2,1,1
439.60148132841795,0.9721317915308,1,1,1
508.65897874729,1.0293148383734967,2,0,0
484.432276460792,3.0583913026271987,1,0,0
616.7782061659807,6.58207642691167,0,0,0
525.4420843301214,0.27085122327241207,1,0,0
533.7602662075202,1.0916287630888235,1,1,1
458.8123033877533,1.3114777872735406,1,1,1
451.23937759275066,0.9442094843326814,2,0,0
456.7441812180379,0.9025651300129264,0,0,0
539.4452142378296,0.10736844298925699,1,0,0
457.90155191797373,2.3137880205266392,0,0,0
528.9774856896413,1.1461625439330225,0,0,0
707.5400798645439,0.4333137771587244,3,1,1
587.1124703431692,3.386003231359892,3,0,0
467.39764678321586,3.244648655065939,0,0,0
620.1213922163945,1.3325884525785268,1,0,0
459.19246269784486,0.7089280971052238,0,0,0
296.1875464822146,2.032734497154017,0,0,0
399.1913689082596,0.6797821284926737,2,0,0
312.9208078974144,0.5383957397486957,3,0,0
464.8486515958691,2.6224825299544556,0,0,0
501.84183791895515,0.08232168659801814,1,0,0
667.6437312275283,0.1991290697819499,1,0,0
532.6927373764163,0.013622636950771426,1,0,0
478.08994711911356,0.3319750207989092,0,0,0
582.9405581183489,0.1429705399602393,1,0,0
278.88646909921147,10.946469339574174,1,0,0
523.5614558108566,0.6816312267526575,1,0,0
577.0865193886967,0.32331627703812593,1,0,0
352.1413754220158,0.5514971428440084,2,0,0
614.375404320693,5.501672356578116,2,0,0
533.8496407494414,1.468606057541267,2,0,0
458.47120860991987,0.9076877172093667,0,0,0
563.2781866106285,4.133310596954659,2,0,0
727.0692857804396,1.0050214786869378,2,0,0
518.1866255058495,0.8159622511275055,0,0,0
524.8220586300336,0.46457678276248454,0,1,1
454.0639100459756,0.9489771798360367,3,0,0
415.01556305352085,0.7615967654138027,2,0,0
583.0335816544246,2.262088898568182,2,0,0
414.3916174091133,0.6838054833956815,0,0,0
507.15662372193924,1.7217108504576222,2,0,0
452.23425532348836,0.1363267848396437,2,0,0
547.8979825746392,0.4246277013126166,1,0,0
533.3662105286949,1.0464890792303876,0,0,0
603.7539944257899,5.527630766627263,1,0,0
448.9983601145253,0.947226626938181,3,1,1
473.01250647066286,2.1817294843269184,0,0,0
402.12362842176924,0.588976289064671,1,1,1
455.57067399238883,0.2717163686651884,3,0,0
537.7300493044852,0.12063961172518307,1,0,0
575.6988616645352,0.7288771448188887,0,0,0
407.78346758223745,0.34314552950500454,1,0,0
586.960592010566,0.38234630894217964,1,0,0
635.5637858804951,2.860570311868958,0,0,0
541.3434903223701,0.03192966684168015,1,0,0
687.6795812558066,1.6320318187266663,0,0,0
422.6210800896427,0.9543348742035075,0,0,0
375.5345296688583,1.4126674843575748,0,0,0
322.12797510957216,1.654867372259187,1,0,0
649.6044311489184,0.751912695180901,1,0,0
565.4365656354057,0.6994237994029671,2,0,0
494.4415329089545,2.644025616003339,2,0,0
527.996862631982,4.100184755771805,1,0,0
387.45109527016234,0.42782664364689615,1,0,0
744.5751979616826,0.20543637610914015,0,0,0
512.9221181975228,4.561565137416504,0,0,0
510.9394794604893,0.8612442077311706,0,0,0
572.5766623898692,1.602879049271785,0,0,0
548.1009231736713,0.8911470412022996,0,0,0
522.3884024279131,0.26889753821948875,2,1,1
420.9525544554688,1.7799386244732978,0,0,0
547.1468357135996,1.4894740979250947,2,0,0
688.2024496475034,0.45378503781727486,3,0,0
634.5420046154977,1.2024821019403593,2,0,0
659.3186626639397,3.188581464927305,2,0,0
448.8784323568815,1.7852758711566463,0,0,0
401.0395179741419,0.20388235224053067,1,0,0
487.4213079900352,1.5882413210447586,2,0,0
505.57249122886947,2.4262847619772065,1,0,0
609.4191518470949,3.1472093778239696,0,0,0
330.75353702851805,1.983740380296158,1,0,0
652.9550319460614,0.3313021639419903,1,0,0
484.19921014210104,2.47694401111819,2,0,0
457.311893005258,2.2623237264114637,0,0,0
398.78956247398327,0.04946033661945551,2,1,1
334.51433281342304,1.0611985727701283,1,0,0
582.3170583961914,0.8097812871761355,1,0,0
507.3317967188404,2.2137651725127077,2,0,0
371.0039100258946,0.4870390072523919,0,0,0
370.4921227936384,1.78745405039469,3,0,0
466.42153007098716,4.888434688339587,0,0,0
666.9021525289393,3.1970194089114448,1,0,0
474.0408648636395,5.088236813857433,0,0,0
349.6857046881894,7.679959828241213,1,0,0
475.42569359140555,0.02145492203366221,0,0,0
472.72764302523296,1.9496481147072686,1,0,0
230.31133570584285,1.0649137964176394,0,0,0
494.57051334821875,3.9301480827577677,0,1,1
476.9065469791322,0.5802092141992129,0,0,0
569.6206364813419,7.929739128389395,2,0,0
684.8956094945345,1.9023232799501475,1,0,0
612.6565029547758,3.155272015161826,0,1,1
473.11113094451696,0.17897335492537692,0,1,1
389.347409125833,0.4053535753844695,2,0,0
757.335980324986,2.840974031986365,1,0,0
505.9218434014488,0.04446365579278591,1,0,0
501.3929291912946,3.395205209131518,2,1,1
497.5874912889997,0.028094441071102448,3,0,0
519.8084760767855,2.1407427228340783,0,0,0
485.56395880760573,0.9085563938109158,2,1,1
442.63379931197636,1.8908977202963462,1,0,0
445.31410587596076,2.3816617907544106,1,0,0
496.7246729784002,0.838545652379918,0,0,0
445.6575228866235,0.22849409751558505,0,0,0
428.7154217322836,0.1443799558969788,3,0,0
510.64302276918966,1.778012827470524,2,0,0
474.5022782579145,1.4706708565171323,0,0,0
650.3992988582688,2.7111502056826304,0,0,0
234.90301916069882,1.4256205160033812,0,0,0
609.1506851922462,1.0979059418306172,1,1,1
624.6085192497629,1.0152853170116485,1,0,0
292.660976759185,0.05360582574224084,0,0,0
465.7312405919651,0.8176129736932666,1,0,0
462.85591340042083,7.4610833967982,1,0,0
359.24883052821787,4.135904810230442,3,1,1
422.21833124091245,0.7990994780088305,1,0,0
388.94241545341714,1.7724709264954317,2,0,0
675.2270443423622,3.758517508370036,0,0,0
593.5678393147462,1.1641933794155133,1,0,0
627.1555094994159,0.03624212588696951,1,0,0
572.1672064043235,0.15486490199285968,1,0,0
387.0948228782771,1.4283033627363837,2,0,0
447.5479733720226,6.976085770876506,0,0,0
548.9374561227918,2.3631806247620606,0,0,0
377.7872191108055,0.14711266100114806,1,1,1
571.2998430172388,0.4198646004271082,0,0,0
475.9674601841865,2.950890755451306,2,0,0
462.5179192450403,3.6832413890060955,0,1,1
571.0959968203491,1.9230709544403843,2,0,0
544.4263311486039,2.0680278678089294,1,0,0
463.903383418092,0.05749341195176805,4,0,1
615.9329803364249,3.52669693730428,0,0,0
391.89366724001025,3.104935998776456,1,0,0
561.5935606944264,0.5996041655010604,1,1,1
559.3101257968384,2.4666434009617566,0,0,0
469.045356068601,0.48377272720927317,1,0,0
532.6133022242118,0.0823319428710486,2,0,0
374.8886423614697,0.44913047934465283,0,0,0
592.4027019206901,0.3935604672200644,0,0,0
481.50978635570107,0.8242182517931801,0,0,0
447.7276979480961,1.0841149231384841,0,0,0
604.900922583689,1.4207449414001905,1,0,0
429.5656309457241,1.2954066485855595,0,0,0
359.15387036364405,0.6312705797208689,0,0,0
344.33708264760963,0.05920918384234496,0,0,0
560.600995134564,1.8582536373349174,3,0,0
371.9570647503717,1.0075174062425936,1,1,1
675.4794181984364,0.7095596455958719,0,0,0
291.8070592116278,4.03392592398881,1,0,0
669.6456368290038,2.746703421847497,1,0,0
521.1017467202619,3.9005570301903694,1,0,0
490.32868881296076,1.3663255608216547,1,0,0
445.508091319105,0.2806660907384542,1,0,0
539.913611435207,2.3829125025755844,0,0,0
496.23652975751514,0.46152948777547165,2,0,0
610.3301882016522,1.1640334946065862,3,0,0
511.422764866204,0.13441918697881744,2,0,0
515.0301761461877,3.4894663185903956,1,0,0
463.63877877861444,0.2692139784223866,0,0,0
494.30543762789324,4.668100066742087,2,0,0
530.7801768892059,3.9935948745509413,0,0,0
328.98316073433745,1.2494179129627192,1,0,0
365.1814577894287,2.728034335817141,2,0,0
574.3264094022715,1.9322495189042446,0,0,0
517.0865438127942,3.2498711904751514,2,1,1
481.60166636473207,1.130581573396564,0,1,1
501.8433933065393,3.0817694614736775,1,0,0
534.7581705361671,1.241492363727042,1,0,0
446.02403196906386,5.659276272126145,0,0,0
422.16952745976874,1.3325124145167948,0,0,0
519.5845255097681,1.2420968897522084,0,0,0
402.1627222384968,3.0749030931106955,0,0,0
540.8252755714472,3.447204040940413,1,0,0
329.74163957621596,1.6170671952498996,1,1,1
602.9155637325644,0.39640880041702203,2,1,1
547.2597482413044,1.2613148795715308,1,0,0
525.6029734313876,6.888575325455572,2,0,0
598.2690983945514,2.796622090579298,0,0,0
666.5474444462577,3.333737944420902,0,0,0
601.437006501813,0.06675268714508853,1,0,0
315.9125768668355,1.261695313091615,1,0,0
372.0423033264299,2.0804290436797093,0,0,0
437.5181422304321,3.5442982341025697,0,0,0
502.6091050210834,0.10105802270044377,0,0,0
551.7659020469123,3.8270257087675685,1,1,1
427.42561868465344,1.5899210419645589,1,0,0
518.6766764477078,0.4395832769520413,0,0,0
424.4617067646677,0.763268318017181,1,0,0
438.8482197008052,0.6623751948188898,1,0,0
359.33389031517777,1.5137039782956836,1,1,1
407.6766753889096,0.10613854081246127,2,0,0
364.83153943836663,0.3452244707543529,1,0,0
402.4126747022667,3.3500130572165574,0,0,0
605.364179660784,0.2845192968126334,3,1,1
405.06011111680573,0.5315705194003603,1,0,0
763.2382064837391,1.2079684602792922,0,0,0
549.331790088089,1.455977885210488,3,0,0
518.4836123694874,2.884548648883858,0,0,0
414.16422198187865,1.1859971828494513,3,0,0
570.0309879408992,3.1200065884685078,1,0,0
442.4362173762226,1.9264832889969943,0,0,0
512.2009814645362,0.24004549758836757,1,0,0
756.0084538268795,0.3399911220608183,0,0,0
490.394010027535,1.149071111489301,0,0,0
614.9273326285676,1.0113093427254443,1,0,0
429.68235748741125,2.7215984408908414,1,0,0
496.50115095030384,1.7385144088872106,0,0,0
677.080063563551,0.982480945468228,2,0,0
437.30329422122327,0.37449200427352775,1,0,0
681.2448557996929,0.5145310364353661,0,0,0
570.7751935455475,1.7136913449080224,0,0,0
443.7533224105732,1.1013475911131678,0,0,0
563.2407739055521,1.4469138658939358,4,0,1
597.255444962673,0.374292197129334,4,0,1
562.1809962217196,2.1747884087233365,0,0,0
342.97752801095436,3.8283795751434875,3,0,0
427.2862824175131,0.5966490237930953,1,0,0
475.24813644484954,1.3526360799106307,0,0,0
492.5566570899954,7.420396508544623,1,0,0
562.0672097550678,0.8106554567425681,0,0,0
517.7701000933254,1.8079653006679,1,0,0
366.46556412898985,0.18905151552804583,1,1,1
538.0197851005963,1.8628848955363142,0,0,0
561.0585745283823,0.18781223319527515,0,1,1
555.979044793104,6.399884175573184,0,0,0
608.0780725554622,2.5151878018692067,0,0,0
583.3922154548904,3.1038460122386295,2,0,0
545.9180079228437,2.4354969140000042,0,0,0
492.9834288541353,1.781874899910916,1,0,0
333.90390664840083,1.1953568669670782,2,0,0
542.9618219132586,3.9091222387077273,0,0,0
520.7687687163111,6.285481524658795,1,0,0
527.1578837195374,1.3824427638185421,0,0,0
372.32514241796906,5.36286666232021,0,0,0
391.89434595917373,1.7509354426537163,2,0,0
605.3152853332904,1.5460446144364728,1,1,1
496.0444846143345,1.2120416411985293,1,0,0
568.1500697372625,0.46964234401142835,2,0,0
502.8318376130461,0.007453191918566619,0,0,0
502.9756139495745,0.552841379323477,0,0,0
593.8283805975998,1.4255701829877656,0,0,0
448.3955271782626,0.9559424197992296,1,0,0
509.61207769409833,1.190173311041222,1,0,0
453.7724711294958,7.889941703090776,1,0,0
456.55037725676846,0.8624040714195548,1,0,0
469.08278765313605,1.203627757434358,0,1,1
522.2133771633713,0.286622234615154,1,0,0
452.1251378336523,0.09829169295144329,2,1,1
625.5756125573521,2.9869531999275454,0,0,0
410.53926977804963,1.6911202259596498,3,1,1
481.3128355838641,2.860114736060043,1,0,0
456.0268941725825,0.3247150588976369,1,0,0
644.6977884353732,1.696464192151551,0,0,0
519.6554776511574,0.5851010733404909,1,0,0
603.1844539468635,0.5177016117362403,3,0,0
351.44396269630283,0.023185906825466483,0,0,0
526.7050265869259,0.2793075606586327,0,0,0
588.9630795623438,0.7400070711451824,0,0,0
508.2283989275424,0.24858556765896694,2,0,0
606.5480375065351,8.517274656679415,2,0,0
448.2711549899628,0.7381679470008576,0,0,0
640.9347440185579,0.27926897841067283,1,0,0
729.889812361925,0.4439941995518674,1,0,0
463.7161439560341,1.772023738757414,0,0,0
455.4497478599228,0.13237260688248018,2,0,0
645.3384477117701,3.9673048461323117,1,0,0
657.9572145730713,6.514177412440875,0,0,0
447.71399728467316,0.5667093534118818,1,0,0
457.98131829041426,1.1960204627578455,1,0,0
471.82153911394926,0.04476618777644879,0,0,0
365.5549488965723,2.047252085242771,1,0,0
408.1348053515802,1.0686186331352434,3,0,0
399.5859233247932,0.6295816771943918,0,0,0
423.2202434895872,0.46345333876467987,2,0,0
496.5315112613219,2.1227664091691523,2,0,0
523.421473253652,1.0764519874097542,1,0,0
655.0500492814077,0.3960710476750345,0,0,0
400.1645959261209,2.3366263453174128,1,0,0
598.4322398476584,1.6651508592026265,0,0,0
478.6011155774491,3.913344475292397,0,0,0
495.0536290347567,0.24993836098526487,1,0,0
567.4819492166604,3.08044508288559,1,1,1
387.72779784377013,2.2387534920707592,1,1,1
538.2409746184051,0.24435998409683773,1,0,0
516.6452208213057,2.3737118082640003,4,0,1
549.2451264008149,1.1651706705677765,2,0,0
528.9168643907818,5.800291011492512,3,0,0
745.5300139910894,0.3053966214937956,3,0,0
436.2260015748684,2.0591058273532634,2,0,0
446.9003044998182,0.9624690663016239,1,1,1
437.68594735752356,6.28450887683851,2,0,0
444.4522880839745,0.8008801951661846,1,0,0
436.26128726934826,6.550146962097857,0,0,0
618.9016531107552,4.635110194945274,3,0,0
642.0504247989854,0.6304717251349908,2,0,0
442.9253706250524,3.254610949982104,0,0,0
416.7644426895771,10.854212299321063,0,0,0
547.1415556386404,0.5824781212038119,1,0,0
444.7776955719029,1.1481598750736812,0,0,0
563.293181775551,1.468691561002406,2,0,0
520.29230208513,0.6989196024587799,1,0,0
348.42558850027683,0.030765093399778135,1,0,0
654.7505201330061,0.49725414143403024,1,0,0
679.5877673095522,0.6623956179616449,0,0,0
438.72113095156135,1.1725345642433667,2,0,0
461.2298440064016,0.37531749678404847,3,0,0
528.5865390724905,4.13114601884495,1,0,0
533.4456789987025,2.440957446057907,0,1,1
565.8544272672831,0.17810067774176316,1,0,0
701.020453876635,2.100172611010994,1,0,0
482.30527725059505,2.120648307416954,0,0,0
420.17027554615464,6.2572099900087075,0,0,0
362.06807719854726,0.006050886796116876,2,0,0
426.9069960058081,0.5698582633612812,1,0,0
496.6873027126203,5.2563944517083545,1,0,0
679.4557863517788,5.380437719212369,1,0,0
448.23887009638287,2.550124453872449,1,0,0
522.3787951638899,2.9028464525580926,3,0,0
498.3577103927248,0.1918832657029103,0,0,0
618.8393273448085,1.4425824074334352,1,1,1
752.6932425873622,0.526845426204733,0,0,0
446.91312270796794,0.3998749241868558,0,1,1
451.05605574817776,3.324657586918614,1,0,0
604.4160877069072,0.2901397233404449,2,0,0
568.1891489626312,1.2646748439864381,1,0,0
684.6707325736033,5.579982204958164,2,0,0
558.3928185325964,0.4111772286326655,0,0,0
464.070790921294,7.632827898604926,3,0,0
559.0654830692309,10.330367122272333,0,0,0
610.8703580582908,1.6221376477146612,1,0,0
582.0482181197364,0.3730031381962785,0,0,0
550.7274031107298,0.7599014361219086,3,0,0
606.6674689589154,1.1050071936340258,0,0,0
616.9295590445672,0.7401695513746324,2,1,1
638.2158991037527,0.6587744133072109,1,0,0
564.8709887589642,7.167577013150405,2,0,0
483.28819196831455,0.3329708121293001,0,0,0
514.6713686433322,2.64347099575491,2,0,0
620.6508966508356,0.0008207472618325259,1,0,0
418.30643290127637,1.8135853105172017,1,0,0
536.8673308872901,4.952520371751757,1,0,0
460.6661187672639,0.6791696147563441,1,0,0
502.8744822934818,0.41042548499098197,0,0,0
627.8451862607299,2.109266185215544,0,0,0
519.1099068019903,2.4937704040066357,2,0,0
504.64365481561487,2.3296998262217015,0,0,0
364.0143859020081,0.7693167937383288,2,0,0
574.625356602722,0.5812458574922862,1,0,0
564.5484181141076,6.2434437808329815,0,0,0
716.3254723305461,5.135694319092839,0,0,0
469.2221765046999,1.2224584088235544,1,0,0
521.9150327663939,3.744124681489393,3,0,0
524.9383683710755,1.2041409079525875,0,0,0
657.7453279763474,1.1046464501104396,1,0,0
490.4704467613048,0.3410143191200599,2,0,0
527.9021525770339,1.1116670969804385,1,0,0
560.7896509716539,1.5418582918755503,0,0,0
518.6609123156359,0.045522828338869954,1,0,0
455.35663854494715,1.1743805042146498,1,1,1
519.4089992898307,3.040622882956476,1,0,0
607.3631749859773,2.2791564394326462,1,0,0
397.348470058894,2.016576248797002,1,0,0
513.2969674146876,4.806036169662655,1,0,0
429.9879185060827,0.036393135444642725,1,0,0
619.5046628924842,1.628585865495786,1,0,0
347.68130952162255,3.0962044837427483,2,0,0
444.10781527284115,1.5588720345312657,2,0,0
537.7211875064521,0.7828154137142334,2,1,1
656.5524029234341,0.29294511626283076,1,1,1
493.42497389270125,4.37072570584052,0,0,0
444.4800473306802,1.272635568478261,3,0,0
688.115706944059,4.209357835819459,2,0,0
355.19860995837564,1.7630643534887032,2,0,0
280.1194043379918,2.242894772199142,1,0,0
544.0014450053333,3.2619478570221,3,0,0
449.7945775647389,2.152658096571311,1,0,0
397.8767182869287,1.0151778705925225,2,1,1
570.8356447299353,1.4415851708147664,2,0,0
524.3800713771199,3.249565333349544,0,0,0
443.59213692632716,0.9356928637335308,1,0,0
371.9695601329106,0.9824429498748259,0,0,0
587.2457328280145,0.20116637071693474,1,0,0
565.0201177958661,4.920453874875766,1,0,0
490.0824136220617,0.190900272075455,1,1,1
684.6636996047666,2.089437068276429,0,0,0
392.99152336738473,1.0661236475287748,3,0,0
347.44748290752614,1.0404708153419648,4,0,1
430.80919301187555,2.2760695045568395,1,0,0
495.4413983644502,0.13890109375845544,0,0,0
524.3339449322692,1.8013554185906948,3,0,0
475.876394214367,2.957098143811851,0,0,0
535.2055396514297,3.5229970645952644,0,0,0
374.8460575809556,0.3739376116398851,1,0,0
644.3764604073259,4.554206073522862,1,0,0
491.7848821607431,2.1350767948324783,1,1,1
611.7295831588127,4.271681818886709,2,0,0
534.2725346377704,1.3282672173936974,2,0,0
545.6753219153784,1.5619178068150337,1,0,0
556.9767280232204,5.0275575838179005,2,0,0
544.7708560017315,4.603361870828895,0,0,0
564.2722759867544,1.1889974248876372,1,0,0
632.9152530132432,0.641547577742884,1,0,0
519.6521169701471,0.9990146183369004,1,0,0
570.9003757588512,0.9812759729878967,0,0,0
491.02643057127733,0.6761743297842283,0,0,0
644.0117215449472,0.6255337757306934,3,0,0
432.360769794073,3.9474684576341845,0,0,0
680.0940432910816,0.14484446294736897,0,0,0
495.9842049355657,2.263993905765818,2,0,0
356.9224897881952,0.37946603135411067,0,0,0
512.8104414910789,0.8447319330077375,0,0,0
431.89483425251194,0.12703655634591363,0,0,0
584.0643548988724,0.6293492631903279,5,0,1
434.7376020697609,2.9256690361333657,0,0,0
455.381656678522,4.325912832862129,1,0,0
311.0459269054469,0.5008423310381829,0,0,0
454.7693680750923,1.2455557801114616,0,0,0
257.61206733710435,1.270979741252593,1,0,0
341.6097176514277,4.13621690105182,0,0,0
576.0414656144297,2.8776952378629708,2,1,1
578.5800158650832,1.4392994554974163,1,0,0
542.5457561784965,2.2218588713032195,0,0,0
403.3023856870787,3.759281336347088,1,0,0
495.228864385802,0.019169482509980455,4,0,1
499.63974609094316,1.0313079599130333,0,0,0
384.1635310807457,4.7555478240726,1,0,0
650.339830176715,2.6965566761977855,0,0,0
587.7362290575671,1.5654496924006256,0,0,0
477.90358261703363,1.508533089381674,1,0,0
502.6885838994531,0.8547163363440141,0,0,0
520.8382807947553,1.470108417205436,2,0,0
295.82651315757096,2.1306444046865654,1,0,0
475.2822617479403,1.083817606499608,0,0,0
431.80157520022016,2.5045981769539023,0,0,0
399.83799901050844,3.949906885483221,2,0,0
471.8899707114045,0.336091520859105,0,0,0
679.7686526849523,1.2013074655644023,3,0,0
564.084286126701,1.0485651653111872,0,0,0
442.8821010217203,2.3260763782135196,2,0,0
557.2582781356159,0.5750107501485091,1,0,0
639.9355436586002,2.0446969530363512,1,0,0
592.4633682912769,4.199112860506872,0,0,0
505.9630369920174,1.083021946605547,1,0,0
435.3063222294426,4.838590658143917,3,0,0
569.822331361359,9.971028649009181,1,0,0
539.348538542175,0.22430494651478408,2,1,1
589.5193220027733,0.5306756510032092,0,0,0
563.517180168197,6.00671258461776,3,0,0
604.9552715319335,6.355836630167673,1,0,0
446.4764788439432,0.2056325663428165,2,1,1
631.7394065634326,0.030224230702894792,0,0,0
519.75996046924,0.3513275937048176,1,0,0
707.5260872625265,11.049323762090152,2,1,1
431.0812181910432,0.3969009423520094,2,0,0
673.5963803165249,1.396510837731632,0,0,0
519.7910783462647,3.7732534831434887,3,0,0
434.85819963855516,0.04122519627196969,0,0,0
451.61141659456786,1.8551532688177388,0,0,0
467.965269180568,0.6487625128653397,0,0,0
542.4165946401916,3.965862948635099,1,0,0
552.2835488035499,0.6666456204894865,1,0,0
442.6299996061421,2.321543892896444,2,0,0
497.56454077390174,2.2430636876599284,1,0,0
714.2270358611863,0.500756002227649,0,0,0
672.7543170100712,0.07083823250288912,1,0,0
543.6323669674032,1.0527232828697692,2,0,0
503.80034781682,0.6827090969701284,0,0,0
512.0031326718262,3.310730727102722,1,0,0
561.3517972730417,3.222521029283225,2,0,0
397.72074348015946,1.221380141746189,3,1,1
474.2623462576655,1.8654105595460904,2,0,0
333.1415926122411,1.853993251920667,1,0,0
539.922312260528,3.510756510675283,0,0,0
564.7195939702741,1.1067788733374526,4,0,1
451.68135377006263,0.6443998481142602,0,0,0
657.3986763290033,0.6158645771440798,1,1,1
377.4234336997659,1.5365704152919397,1,0,0
353.562511979018,1.1925789529683068,0,0,0
522.4451818559972,1.1600683619690753,0,1,1
604.7098302612154,0.19112256865420962,2,0,0
668.3927691457868,2.5359828550646677,1,0,0
454.111573713106,0.4809270801724361,0,0,0
607.8680833431296,0.43868564201968646,0,0,0
496.1491530499293,1.0646376474935884,1,0,0
482.73727000591805,0.5169672958246676,0,0,0
588.3659937486673,1.7534587463213194,1,0,0
565.232287841342,0.9287218444769263,0,0,0
342.36078430157505,1.1917205391634635,1,0,0
647.6540349725896,1.5407879943814062,0,0,0
638.0091354147452,0.4551454976920604,1,1,1
437.44372984904703,0.33861708395075135,1,0,0
539.5803533437409,4.24757117726289,1,0,0
549.4030186282739,1.137346324694853,1,0,0
526.0673765823907,1.0623750876250455,1,0,0
444.969484615458,0.07252346308848662,0,1,1
432.83766320619486,1.3782159088067347,1,0,0
497.44459290085547,1.6156338822303011,1,0,0
617.2729019259365,1.6366992635675106,1,0,0
554.3600154594433,2.4553781111308037,1,0,0
462.9385667913894,0.3907694229383436,3,0,0
577.1698710648345,0.5813013066104511,1,0,0
215.14573793699248,3.329166339918882,0,0,0
614.8765700372103,5.881375487760042,1,0,0
326.02862212219003,0.29220934902424944,1,0,0
463.7559058596868,1.376914608505409,3,0,0
388.0330105373856,0.48204550365041543,2,0,0
370.5318524279094,0.12390649084637526,0,0,0
616.0826787378519,0.7875771047691591,0,0,0
453.2298798688109,0.31024009111737993,2,0,0
534.6503881730716,2.4752872027325927,1,0,0
495.3079421120816,1.525961154684859,2,0,0
547.7040827223121,0.31058309304722675,0,0,0
507.68218910602553,0.018569113638924755,0,0,0
371.70077758114303,3.3021564106738928,0,0,0
599.626681944714,0.387641413438923,0,0,0
450.62434168386875,1.8639087485223849,1,0,0
344.34181013402485,0.8217250351335802,0,0,0
457.1884839034087,1.761296761062297,0,0,0
650.0759790634311,0.7585821924654182,2,0,0
585.0221742113492,0.18190640398718316,0,0,0
465.1347865592141,0.5045011832672948,1,0,0
465.07422956815714,0.41665413525487416,0,0,0
467.83649487826176,1.1173002422222522,4,0,1
707.6747983560841,2.14754932494831,0,0,0
538.1935452231553,0.6125234196642783,1,0,0
543.0041647191069,0.024286736913700417,1,0,0
603.0283454031842,1.4635155950609018,1,0,0
523.8789159026513,1.8615882456472896,1,0,0
474.0957854179297,6.586686631071671,0,0,0
480.3650150915022,1.7806164547786552,0,0,0
492.8398740585936,1.2741861990818135,2,0,0
496.2777763490158,1.7038245684908155,0,0,0
572.762954363698,5.259419941359673,1,0,0
505.19458858072994,3.524923486807359,0,0,0
573.264007721558,0.7801051870225187,0,0,0
491.92834198914176,0.5416613527100657,1,0,0
507.8635190316091,0.6093407529824687,0,0,0
300.17993154678925,1.4040571662905599,1,0,0
591.6327674702482,2.7255420440474283,1,1,1
534.6488475897993,1.3992128218234166,1,0,0
599.8010109859653,0.14040805748686422,0,0,0
210.3744621806311,2.571672729558887,2,0,0
708.8374704780728,3.2794863116979327,0,0,0
486.0410371844826,0.6835666533837763,0,0,0
610.8182816737517,2.18203682623164,2,0,0
396.00940728744695,1.1123152024141458,3,0,0
561.277390506257,4.398601866036979,0,0,0
394.65844368263436,3.731572871710572,0,0,0
437.62310393041946,1.4907007177838723,3,0,0
691.4031353866786,2.352102825007216,0,0,0
480.93175992366537,4.2971494349683095,0,0,0
521.7432873179723,1.369235361092421,1,0,0
587.0067730688754,0.7515720645165179,0,0,0
549.5681887972605,2.802135000387706,1,0,0
515.0418905143576,0.49709260987586884,1,0,0
536.4961002466225,0.9837825244043834,3,0,0
740.3415585238275,4.01576400792924,4,0,1
494.23812029664145,2.5777716072238777,0,0,0
520.1099046714968,1.0343951137892249,0,0,0
605.0654396007612,0.48349227903214737,2,0,0
610.5525932957984,0.8800149430473078,0,0,0
618.703030556038,0.6684411648332937,1,0,0
563.8730222029185,0.38738622819821056,1,0,0
385.69950872695165,2.719950834690748,1,0,0
663.3431532301096,0.5808914739810833,0,0,0
385.3654606981312,1.210886144410004,2,0,0
530.2635465239033,0.9750629261681788,1,0,0
424.57241499806423,8.043383201279264,2,0,0
493.58616534070075,0.9921769819367778,1,0,0
532.8762410303481,0.16672513736401579,3,0,0
532.1357215450273,0.18823843422262246,0,0,0
542.1920754235284,1.786876311753706,0,0,0
661.3711269058647,1.829401751422319,1,0,0
545.353430151398,1.0851795793944694,2,0,0
475.5843364709351,1.130717417054398,0,0,0
596.4087168288357,0.11088289394723155,0,0,0
618.9470488924641,1.4536003278733125,0,0,0
377.23921848630073,1.4053426850085895,0,0,0
559.7400069849858,0.32397771309769735,1,0,0
570.1172742310898,0.21927125099824155,0,0,0
470.2436496640008,0.2638025653222651,1,0,0
637.570681331162,0.21300732981084178,1,0,0
484.9944412967473,1.8817212061210158,2,0,0
512.5576453471542,0.4375130079954086,2,0,0
482.69281757161303,0.5791815248508042,0,0,0
501.5579047581468,0.3812853085608323,1,0,0
390.3724913104798,6.332344012779187,1,0,0
355.99491174057056,3.8567736506075048,0,0,0
659.4505063224972,0.5240152332617387,0,0,0
415.30386516816725,0.793703501376338,0,0,0
400.86076505436927,0.4711734001356005,0,0,0
284.6609886396285,1.3540593738392566,0,0,0
436.10382523104977,0.0396107408473615,0,0,0
367.69102065925017,2.2256334447126176,0,0,0
664.2015160136369,1.4811407880987093,1,0,0
600.9817089342635,4.578132339663227,0,0,0
431.18496548222765,0.3591929886914543,0,0,0
725.2435805344309,3.2603963060146435,3,0,0
598.1765486991594,3.140059572790458,1,0,0
467.51686164913775,0.27205458493844736,0,0,0
250.05942851264268,1.0168544183399473,3,0,0
729.0942572590742,0.3730270001949683,1,0,0
361.0427533236404,0.5879919275782174,1,0,0
335.46012530431085,0.6110029308548264,1,0,0
602.2570432009641,1.6249265546243796,1,0,0
743.9752406339273,1.0600540316661806,1,0,0
638.4272818510518,5.902772664709677,0,0,0
556.3909120052359,0.2701969928026824,1,1,1
559.4754341665285,7.275774658761935,1,0,0
585.3415558780308,0.5243890223098862,1,0,0
575.8928589786765,2.964500138625988,0,0,0
528.1191423969376,0.8279118853923453,2,0,0
510.42011039518763,0.30882468408939373,1,0,0
493.7406872100478,3.9022962802670498,0,1,1
424.60354111333237,0.7388283438162697,1,0,0
471.9324923133226,2.1508977141009273,1,0,0
330.70431858046146,1.6714671673416526,2,0,0
490.166037320525,1.2763951330119008,0,0,0
401.14088928490827,1.3696417717115903,0,0,0
389.6410682784229,2.635312863790731,0,0,0
517.9894151153478,0.1837326444618298,2,0,0
639.2002286344599,2.206329241399237,1,0,0
591.8316606002313,4.52311858533992,2,0,0
342.9499396376823,0.11905037150284849,0,0,0
401.03718634296627,0.3031657504675039,1,1,1
594.0771187988216,2.522017298663959,1,0,0
401.75126064616904,1.1499520786556345,1,0,0
477.53668500029755,1.033515101863492,1,0,0
555.0052099024551,0.29460385294506536,2,0,0
403.1655545136365,1.4135595296891874,2,0,0
510.537550614596,0.27059804780663,0,0,0
366.5974505081796,1.294896746325118,0,0,0
439.86323560487864,2.8845894239285186,3,0,0
531.9781934142537,0.5975247535452334,1,0,0
340.70062664683303,1.3108789466142836,1,0,0
544.0474737960399,9.660623813837312,2,0,0
498.03622010733187,2.3208717067408133,2,0,0
555.2489954417148,3.682194885280652,1,0,0
522.3914134064662,1.0717659281380554,2,0,0
636.4140429973844,2.9208372352813115,1,0,0
512.5224502647907,0.08270504741304703,0,0,0
457.0594458874747,0.26229403511135396,1,0,0
512.2297503032283,0.45397835482944177,1,0,0
554.3298029036388,1.0281682692857301,1,0,0
504.88600703257043,3.7382948260502085,1,0,0
504.0591691203882,0.8501096315577401,0,0,0
429.80083121932444,2.1262269489809213,0,0,0
433.7099082449052,2.471025292713935,2,0,0
359.73947282003064,1.7646597420082477,5,0,1
674.957674318694,0.8839738737479476,1,1,1
375.6136764608715,1.7210184224585323,1,0,0
430.70948022040926,0.8379081311970464,1,0,0
428.1592734430802,0.1752021675966949,1,0,0
589.4924376944441,9.868453862988218,2,1,1
470.5050321707972,0.2720574822557925,1,0,0
624.7742072673734,0.15019806059542123,2,1,1
432.65093757561317,4.2161882562518835,2,0,0
527.8994162223802,0.7185986575174549,0,0,0
416.4652946740243,2.1013419640583795,1,0,0
714.5149127773388,0.7979893620736549,1,0,0
381.2401580970487,0.9933664373414066,2,0,0
530.9820710227027,0.6079290894258735,2,1,1
563.3776880932098,0.8402764852776339,1,0,0
541.3799097451498,1.0576411338104919,3,0,0
481.4712341122292,2.5489054839840177,2,1,1
487.0179300266574,1.432979805687322,0,0,0
504.38114719791093,5.749339186990142,0,0,0
485.2997998371511,0.0855653178984613,0,0,0
596.387911679491,1.3986054648399004,0,0,0
721.0523001591351,1.7552210450705994,0,0,0
444.2508214992166,5.056388013493555,1,0,0
363.0197020420922,0.10081584367300253,0,0,0
491.17179516487454,1.7042838777252753,0,1,1
757.9709337654319,3.8432342563786506,0,0,0
419.6325432030269,0.5539531047914477,0,0,0
663.9116805444067,4.179668292790172,4,1,1
667.770081407644,0.03845414084119501,0,0,0
444.64117582920056,2.6369322326266356,0,0,0
556.8983079185275,5.409507914435743,1,0,0
662.8396623128538,2.1412025418568006,1,0,0
462.0872259012513,1.1561730062511242,0,0,0
479.64196398976384,0.09183871236236561,3,0,0
441.8319086051356,5.054304647583977,3,0,0
398.5243269307133,1.270874678847238,2,0,0
435.0722454933993,0.05885091559667259,3,0,0
377.6059733237744,2.3412119175010804,2,0,0
503.4083468259226,1.314931807564714,0,1,1
423.0026768941358,0.2655669275116374,1,0,0
523.3785911790748,0.48228871946398916,1,0,0
344.4104353796373,0.13332834243607544,2,0,0
533.0880232214457,1.7080104611454512,0,0,0
583.3528961608924,1.9458781476858114,1,0,0
300.6264357428545,1.4093964691301928,0,0,0
537.4056569847572,3.39765477155612,4,0,1
622.7668992473292,3.9466896210257283,0,0,0
379.03589813087945,1.9122701416354255,0,0,0
667.2572386837703,0.02567708445515775,2,1,1
541.9019009366045,2.376393511326946,1,0,0
429.49881442415915,1.0825669715078534,2,0,0
494.4230922342294,1.6673832808855487,2,0,0
555.8326912521723,2.094397434535899,2,0,0
507.60053914124114,0.8622940088124355,0,0,0
553.8755992446369,4.980204370600261,1,0,0
407.9326406920634,0.28768269722389717,2,0,0
516.9360824036078,2.2265087694405885,1,0,0
358.628550309502,0.008738221270406207,3,0,0
488.87739386513,5.171252048583411,2,0,0
409.609235853521,0.2387028296261828,3,0,0
426.44700574102336,0.19938484194945397,0,0,0
623.6093175210437,0.8099533539768657,1,0,0
609.1310120594269,0.9354246279543846,0,0,0
560.9138120907177,0.48236066169867814,0,0,0
390.7687235327421,1.7595399211828782,0,0,0
468.3591550305198,1.170071656800162,0,0,0
621.3097699979184,0.06954646097062675,1,0,0
514.1716913639905,0.7703018770361735,1,0,0
731.9329539981694,3.326024598051478,1,0,0
539.3317839394372,2.340441307841068,2,0,0
519.2049116490032,2.581029336416415,1,0,0
469.0883535797499,2.3954310048295873,4,0,1
513.3540904782283,0.7449497050841543,1,0,0
484.7530163619456,0.20997433089399437,1,0,0
570.810867668859,0.636192346191062,2,0,0
595.6702316794584,3.565028280811263,0,0,0
421.40105394920505,7.871688768070962,0,0,0
366.8767046442222,1.3618326259658908,1,0,0
316.37946268967033,0.019495419708923593,3,0,0
550.7991326912544,0.3017499964500638,0,1,1
389.66333938261266,0.7774536815068964,3,0,0
284.7109407047517,1.728276019617295,1,0,0
538.8578604530965,0.15612557060628668,3,0,0
749.299951743279,5.741984276929747,0,0,0
499.39290884601064,0.9085241154470972,2,0,0
583.8490774451642,4.874158879358901,1,0,0
508.1829358547565,3.0330047611790936,1,0,0
490.1110346808857,2.816566897686181,1,0,0
591.9076482987768,1.8664647682197992,1,1,1
470.97254558113485,1.97119489655971,0,0,0
526.7392314071903,2.0322400085155214,1,0,0
532.1697806196014,1.981605039700313,4,0,1
433.1909546356951,1.613654331795817,0,0,0
599.2042349536523,8.5974335773007,1,0,0
482.5040243304591,2.635706186921922,1,0,0
424.4254840507155,3.000686251240387,1,0,0
553.6509843570403,4.118694621003291,1,0,0
410.15320182089624,0.4857737556883447,0,0,0
502.81811573691283,0.1750502740908634,1,0,0
499.08810033557967,1.319016481575418,2,0,0
608.5895565831578,1.4434254184734925,2,0,0
547.4698232879953,3.534310657101452,1,0,0
497.4973041254856,1.1731956291460113,0,0,0
581.7766299200287,1.6919116418570812,0,0,0
639.0207549017314,1.497619754906486,1,0,0
555.7810306351862,0.07790328892638976,1,0,0
501.03526198433804,1.9101405470197586,1,0,0
368.81637676498406,3.5210249906379167,0,0,0
393.4886336924627,0.34276453458182116,1,0,0
469.47752956453326,1.8044390640160655,0,1,1
439.0487797840717,1.800886658069636,0,1,1
481.3028697014554,0.35869587849564033,2,1,1
505.6649924897107,0.2635540334119882,0,0,0
552.9692754356731,7.82924706538841,1,1,1
492.95012219409085,1.000823967685835,3,0,0
548.6501643826202,0.516043906604458,3,0,0
506.44744148101205,0.3758533791744234,0,1,1
302.45334336461286,2.202842742396706,1,1,1
406.06646061812455,1.880374471688514,3,0,0
485.59124442783843,2.0631345147109768,0,0,0
379.0305257158892,0.18424379608616087,1,0,0
559.9928729996204,4.479870148505925,1,0,0
653.0750832343697,0.9861888324217871,2,0,0
621.8761851697317,0.7519176817660067,0,0,0
478.6557129069792,1.2411375592712244,3,0,0
649.0726136849952,0.9888092643688902,0,0,0
514.8667457202112,3.9839898981946456,0,0,0
466.29140288819605,5.297515761928237,0,1,1
438.65973364590604,0.7232406370543437,2,0,0
469.7530313511872,3.989257001267998,0,0,0
461.1823181458771,3.0421502520724197,0,0,0
517.0416222375487,5.341730589078804,2,0,0
516.0573981049864,0.5640636296909114,1,0,0
500.30460201534146,1.7205730655612013,1,0,0
543.693816974635,0.6419113247160699,2,1,1
619.0646274786342,3.475616611733151,0,0,0
594.9554135441324,0.010676829167432813,1,0,0
351.51020315500966,1.663987233554991,2,0,0
244.60788650980453,0.8286184987832637,0,0,0
593.4319911239273,0.7792338347113545,0,0,0
363.3121301584579,2.070747295758262,1,0,0
477.52345981073165,3.8141312155953817,1,0,0
382.98869739406405,1.8790951322662208,4,0,1
319.801956241998,3.837000221152712,1,0,0
554.1462728204788,0.6146735656928114,0,0,0
575.9155160302647,1.4658638213040829,0,1,1
442.34895992732805,1.1976260049337542,2,0,0
240.895770785509,0.023426464698819406,3,0,0
445.37555517475175,1.6275230854153497,1,0,0
539.1804005402546,2.1666060956830515,0,0,0
352.10884312258713,1.7925566669819075,1,0,0
518.3359919779156,2.665733921867834,0,0,0
498.4690150827004,1.6941802300498914,3,0,0
557.9291499601088,0.13816486853249113,1,0,0
511.9580368414153,0.2476046598191091,0,0,0
402.69310591184444,1.8150315768183078,1,0,0
619.6571501664491,0.6431098476266134,0,0,0
484.147042697303,0.16599190800687852,1,1,1
497.2695460490068,1.1228444391720414,3,0,0
406.6732040926804,1.6163198055376646,1,0,0
455.67177488084894,0.7972153135779959,1,0,0
411.5197285973099,2.5490316263517494,0,0,0
482.7053940076577,2.0643607927484715,1,0,0
671.1708480142344,0.8093858958761645,0,0,0
362.8098857068644,2.8119538271445403,1,1,1
338.6438602123259,2.0922012160675343,0,0,0
647.1170327493609,2.029160273279034,1,0,0
479.0676322848134,1.6123079348896752,2,0,0
433.09272613400833,0.0229100542208668,1,0,0
603.9904687396076,2.3847946750996165,0,0,0
439.4384460263136,0.9433437715736736,0,0,0
682.6009713546937,5.7157603129879755,1,0,0
567.7925871339269,3.4073298400119243,1,1,1
451.20885918542973,1.7719812513176287,1,0,0
715.7308213265503,0.5811912436199945,2,0,0
439.42850769966617,0.45560224515297676,0,1,1
574.2095372009308,0.8321974028269089,1,0,0
529.9292580406492,1.2946960885159748,0,0,0
630.1741289398798,0.7021399623729702,0,0,0
656.1511196726852,1.4469220565702356,0,1,1
503.20041490657667,0.36153455186064987,1,0,0
424.65821296538167,7.607486663616747,1,0,0
545.9972142939116,0.22840914068625257,2,0,0
432.2284630247894,5.374852870723001,3,0,0
701.3387247526623,4.897026275794334,2,0,0
513.6535331082738,1.4903993443169223,0,0,0
463.46784486878914,2.5813159006045385,0,1,1
518.4680305864908,1.145573331708217,2,0,0
365.2873710470303,1.988691461056508,2,0,0
402.8385961489348,0.8327769147665054,1,0,0
620.0413907944426,0.7166641174920212,3,0,0
434.3105721028604,1.7265892604774165,1,1,1
395.30890173180603,1.378827015534065,0,0,0
553.6652752527286,1.7327945871185788,2,0,0
618.5704154662997,0.67559585752939,0,0,0
571.8953310665066,0.9144364853077676,1,0,0
599.6047685805817,0.17525504763765445,1,0,0
424.3204911430539,0.10738470232703318,2,0,0
357.81893332581564,0.5846044704329963,0,0,0
650.1333651955487,0.1542953332531426,2,0,0
467.73201611578645,0.21912691271478293,1,0,0
474.9166983544953,3.352527753086699,1,0,0
632.8194141849058,0.07929889989024638,0,0,0
555.623000940066,2.1514101120930937,1,0,0
545.5887772081608,0.6364413258044345,4,0,1
716.5002344901084,4.104363859482238,1,1,1
435.6481769619857,1.327146794055415,0,0,0
592.7840128081237,0.729346430946071,1,0,0
505.70131248970847,1.4581246985679108,3,0,0
526.8592278863257,0.9623977869682928,1,0,0
652.8468426412531,1.661607578892744,1,0,0
550.7835756289624,0.24327988165824438,1,0,0
553.8296079049633,11.611964523068961,0,0,0
607.2507337309802,1.108704899206723,1,0,0
463.5047270457115,0.8561290430387399,1,0,0
416.0790332660994,2.4771964656418146,0,0,0
395.5190805978966,0.9047971245221563,1,0,0
303.36434106239983,3.5828107242078593,1,0,0
705.6207129940321,1.2112645167291958,0,1,1
389.67916342783167,2.5427796452827733,0,0,0
477.8746376414228,0.22735269629927832,0,0,0
472.31867001110794,3.7431538167693517,1,0,0
530.74066978091,2.661477028176835,1,0,0
581.5737212539296,0.47579567100806,0,0,0
586.0473488359745,0.3139767606606616,1,0,0
441.69225614310614,0.7604497262860668,2,0,0
483.28782862135887,7.46529373357045,1,0,0
528.2579950488299,0.5936651540032144,0,0,0
475.13088738164527,1.2180797988929064,0,1,1
660.7345576019993,0.06096011791416975,1,0,0
549.0974951638251,1.0124309655175967,0,0,0
573.4877786049817,1.694089190277588,1,0,0
566.2881268667413,6.12052505645797,0,0,0
617.3473857485325,1.4543845675879286,0,0,0
518.1021558703707,3.4197027717913095,1,0,0
370.31680520441535,1.5842899297589548,2,1,1
539.9687951752642,0.08328010273239429,0,0,0
434.8643106208171,0.7566970427237912,1,0,0
447.1383318250243,1.7139198125075639,0,0,0
558.6364018755094,6.015365430208766,0,0,0
623.8283071433635,3.9198407069898393,0,0,0
502.1271576736062,0.5184629504253158,2,0,0
530.8833012598964,0.49720435385942635,2,1,1
670.2214944635238,0.44922167228534077,2,0,0
524.0753179488569,5.114926202932435,0,0,0
760.1683114180395,3.8301083996873926,0,1,1
556.5509645631544,2.9822738641169213,2,0,0
323.92372408441827,0.9975803959557424,1,0,0
575.3341621104532,1.4038943919264006,1,0,0
538.1158384882777,1.248480472764516,0,0,0
628.9752754082746,0.5844463555197044,3,0,0
567.3181351269958,1.40650835381004,0,0,0
486.1544016016226,0.06194248711129137,1,0,0
377.57017637106344,0.28269024893780836,1,0,0
479.09767427139747,4.353484294709679,2,1,1
414.94795457907,2.7860722076177082,1,0,0
441.9476550195277,1.0993699558394359,1,0,0
558.8578404420609,1.4560999657452884,2,0,0
666.9904504351406,0.924067382561252,1,0,0
539.4671529822981,2.7001552890583502,0,0,0
380.4116937964816,3.066687635012295,1,0,0
544.4602668220141,2.881798393250954,2,0,0
619.6631486645651,2.5646740777633212,1,0,0
439.0217095680618,0.4575797705283335,2,0,0
486.5982833327082,0.8248887509880147,2,0,0
501.46881947291973,1.2691733656921453,3,0,0
421.510168691776,0.8033236737268501,1,0,0
564.8280433843859,2.8125060344678308,0,0,0
487.9051851392218,0.7990262852485858,0,0,0
541.9532443907028,0.2975385735620061,2,0,0
411.25078221979,1.0184553092257604,3,0,0
456.254169967659,7.815507541424634,1,1,1
572.2381357827771,0.512060407728499,1,0,0
462.7166847908233,1.8943178755789136,1,0,0
672.6963851233405,1.1346968904741033,1,0,0
460.03638143853976,0.14734597156196055,0,0,0
522.4684725751886,1.3383793581387327,0,0,0
593.259083187309,2.4224267659839405,0,1,1
358.16342670669684,1.4398859073796162,1,0,0
323.9191188019224,4.113107963161012,1,0,0
347.4343685429905,0.6819885378713827,1,0,0
626.2584103427182,0.1803947220017492,0,0,0
444.81418541075533,5.5154983234313155,2,0,0
755.8199285668252,0.950261821122605,1,0,0
443.57524013426115,1.7179575415107664,2,1,1
518.4551303197037,3.1404644577317176,1,0,0
654.2109952567876,0.7840526208726917,1,0,0
700.6092888159124,2.51872113698996,1,0,0
706.1503576636399,0.2910202175298525,1,0,0
620.8366230593142,0.6886283005948393,0,0,0
602.4062525811462,0.3126308600702447,1,0,0
559.2526949201183,3.334457788620436,0,1,1
577.8361076166638,0.5037271915318446,0,0,0
444.88142836714667,2.5274707797251033,0,0,0
418.1801116577693,5.739905602751002,3,0,0
499.6625542589048,1.5005876038188009,2,0,0
482.98153774750716,1.5531845058980722,1,0,0
454.67719506727246,1.236203976974259,1,0,0
569.6387447456715,0.7887243787080396,0,0,0
595.5305208570511,1.2912109466817985,1,0,0
508.84068862918474,1.8466686208034024,0,0,0
647.7530081055262,8.536192285357618,1,1,1
385.8310885866495,5.553661311245407,1,0,0
480.63405407202816,3.9632212039512504,0,1,1
428.3177679397195,4.398803534076687,2,1,1
313.346338292694,1.261656679527308,2,1,1
491.73193141573006,2.1426421722049014,2,1,1
487.82524916167165,4.50886117469613,0,0,0
651.3449743242131,0.998290758342876,0,0,0
563.0811684554777,6.5278760063773404,0,0,0
397.5813175670795,1.074976062327609,0,0,0
685.4092566334189,1.838002129987886,2,0,0
622.1033695525352,2.474402360252573,1,0,0
558.2097703468615,6.0152863784642205,0,0,0
477.3515901150168,0.5610588251162442,0,0,0
404.056076327652,2.7418736146400335,0,1,1
462.7793223928947,1.4713395161045328,1,0,0
608.8748619704186,0.6254723517739434,2,0,0
688.4586305934608,2.9976440192607616,0,0,0
654.324352827219,1.6069166615962742,3,0,0
451.1150578213726,2.163355898722411,1,0,0
388.0382566710989,0.7798757693205939,3,0,0
514.0886246911203,1.3127587614019811,1,0,0
323.15606344371486,1.9212913102512121,0,0,0
532.3167714184782,1.0380879853714655,1,0,0
485.2397413701331,0.4422225851225279,1,0,0
453.3963498131758,6.5215057262582645,1,0,0
340.52969327332045,1.4326987229659396,0,0,0
551.3600106569717,2.6479193103579477,0,1,1
446.7299160338089,1.0588184468473425,1,0,0
383.00831642897117,0.8774185367332782,1,0,0
212.7737786718351,1.0456759631116832,0,1,1
497.2485094949364,1.0525440950898475,1,1,1
677.2251596669744,1.5713150771961184,2,0,0
666.125921454787,1.5682011577875186,1,0,0
454.2903743413728,1.3749419052633398,0,0,0
439.77879396382195,0.289556310431091,1,0,0
546.8774256075023,1.3706575621107637,0,0,0
400.16145608117085,0.3705010450681994,2,0,0
530.1791899819466,0.26966055458195803,3,0,0
576.6080278384691,5.395577580085977,1,0,0
622.6933223884307,1.8574859461890194,4,0,1
489.9845923520047,2.1546219118936407,0,1,1
479.6326249823034,1.0276391033086243,0,0,0
412.2017413243439,4.793371631100493,1,0,0
417.311964596014,2.0318381357073623,1,0,0
477.3521108098473,2.9321464097549024,3,0,0
536.7365506816178,0.9195125274874978,0,0,0
591.358462623325,6.438345778931312,2,0,0
419.6821049319655,3.4347288811792014,0,0,0
649.2688568959522,3.847591453020238,0,0,0
472.8876398957431,0.37795354923982627,3,0,0
497.86327056515637,0.6320621578691115,2,0,0
425.2788320852177,0.6726989674253347,3,0,0
257.5759739727058,0.6319140648612701,0,0,0
588.404539636105,3.8676808338767166,2,0,0
573.6843897092433,0.06480837114561283,1,0,0
471.86724428817865,0.1583028527571559,2,0,0
506.6990717224872,0.6401760258920017,1,0,0
551.5939217704099,0.4459695644609847,1,0,0
343.7454143113457,0.5275655362319106,2,0,0
447.0947322653705,3.1984127596031238,0,0,0
579.4264679621828,1.6562236287890608,1,0,0
374.5710576830751,0.011574751785455351,2,1,1
529.355793216663,1.1218629861566045,1,0,0
364.3418195376595,1.048108565334397,2,0,0
546.6429982433526,0.24195311529790287,3,1,1
496.43585177025165,2.2548989562266177,1,0,0
338.48681840944903,2.4219759623442583,2,0,0
616.4739354457172,2.552321685940778,1,0,0
426.5408423201951,2.607372261633271,0,0,0
418.9747562985619,0.00010565665537666425,1,0,0
520.0569197230943,6.15478741467397,1,0,0
614.8637349428715,3.366263278310376,3,0,0
398.4178181021603,4.686432890318862,0,0,0
506.16798498479716,0.03153388569999008,2,0,0
542.8816500330573,5.431926729089271,0,0,0
569.3105607263144,3.3192376376998305,0,0,0
517.6441555277225,3.6307008361376685,0,0,0
463.2972160916678,0.19585946205769098,0,0,0
417.24097793512806,2.6847695383710914,2,0,0
508.6143883046375,6.433590463711999,4,0,1
392.7860988014393,2.26980999567303,2,0,0
207.86495165053924,1.6905530309455197,3,1,1
543.6559804157667,5.8238736416832655,1,0,0
590.3934841086195,1.1701543161106036,0,0,0
263.70675644581615,1.8290524106867059,0,0,0
399.0269295290062,1.2938188028421764,2,0,0
561.9154261005198,5.401540171939713,1,0,0
705.7495469711698,0.1582698143568408,0,0,0
502.0793707675408,1.3907781868405802,1,0,0
427.19970587708656,2.3228003110578097,1,0,0
481.710355889516,3.1395359313857254,0,1,1
637.4876419148185,1.7494275525493466,1,0,0
435.40358208754645,4.7919845399866885,0,0,0
420.08079933497464,5.69432962357706,2,0,0
451.72564778179674,0.1329618221919228,0,1,1
404.66713917412875,1.0295686968448658,2,0,0
512.2670315994795,0.04747713020524764,5,0,1
662.467845846956,0.7992145695341569,2,1,1
532.307927311603,1.5394872779618596,0,0,0
474.76464978737124,4.833634816325983,1,0,0
470.8188731084456,3.748817333744583,0,0,0
343.6809191303343,0.272784623271347,4,0,1
588.3109777147159,0.1952926373360308,0,1,1
492.2162802987198,1.7796254707765449,1,0,0
481.95200864093744,1.5190781854896942,1,0,0
819.3107567844861,0.6195217612562574,0,0,0
529.8752908365686,4.594261680099768,1,0,0
424.8208949904816,5.244655569123315,2,0,0
457.3642403794457,1.0303750405069452,0,0,0
614.8445709196754,4.420058444064146,3,0,0
511.32704105377644,0.9688507100622344,2,0,0
356.1722021682633,2.6698100645933094,0,0,0
591.9228934575203,1.2923066577702016,1,0,0
433.1855914461006,0.26154618676595437,0,0,0
687.3297776217546,5.260351411169122,2,0,0
608.0048065714649,1.2106264596713776,1,0,0
455.2678104341249,2.652183254292863,2,1,1
628.1016361735112,0.9151189658066367,0,0,0
506.78555105274035,0.038122796444192385,0,0,0
585.277367512222,0.21189995358256472,1,0,0
548.4732817294475,1.371229161872084,0,0,0
415.36433450091266,2.342136022201122,3,0,0
435.6450167682538,0.815140624730759,0,0,0
602.9960817581161,2.37809258331198,2,0,0
466.5224667893459,2.398870160319554,0,0,0
459.6351536758003,2.434358637598586,1,0,0
404.4877420650647,1.3566032622055402,2,0,0
542.3599065593461,4.927531016732848,0,0,0
706.2524919243144,1.3435406761020225,1,0,0
393.2467085745727,1.1966385740616785,3,0,0
502.4219456672758,0.44473974888528656,0,0,0
641.2220555415429,0.735342037725932,1,0,0
492.0358608754285,0.08651343819608404,0,0,0
545.2371796249734,2.007706122763254,3,0,0
393.760647185312,0.5714632687257126,2,0,0
542.8307097207648,0.725257420640551,1,0,0
481.28557349954514,2.94644730839107,0,0,0
598.5729995679862,0.7926773117970283,0,0,0
618.7386051564752,0.5546607189485504,2,0,0
758.9563642018613,0.37038996016768494,0,1,1
557.9633173213575,2.982051502166086,0,0,0
532.5796316582166,0.27784897964996996,0,0,0
519.4384301577336,1.2093708326990757,1,0,0
464.68337071893114,1.4142087252129,0,1,1
533.8483843461692,2.325597184871577,2,0,0
470.45985898609706,2.006332321662977,0,0,0
516.8460976269614,3.329062868095531,0,0,0
631.759753560796,0.09156738751347844,1,0,0
399.3457434720359,0.7032062967571657,0,0,0
613.9878561129045,0.6573807208009912,2,0,0
631.7115067339865,0.31568776232961704,0,0,0
488.1931473008921,0.6826671785408337,1,0,0
287.81451009914053,0.741447229578918,3,0,0
439.21780129055674,1.4758057284987933,0,0,0
629.6994546561109,2.179529957141954,0,0,0
497.7131937701118,0.9596248002313649,4,0,1
400.06977677050895,2.542150864850918,3,0,0
449.52250787717827,0.8194443287944548,0,0,0
584.0620026504553,0.6857798686001976,1,0,0
554.6733568201379,1.5582297212485037,0,0,0
476.10679008303055,0.04800424069690636,3,0,0
463.31755881853127,0.16630484352626887,1,0,0
460.8241850956178,1.0824650040251118,1,0,0
407.75898155014977,5.72634760684168,2,0,0
661.5375689469442,2.5567590359445656,2,0,0
467.767953078866,0.184508161772139,0,0,0
621.7158520825496,3.7457396594315147,0,0,0
652.1316051922452,2.635782414171953,0,0,0
599.8310898147961,1.8880769575025325,2,1,1
456.83796872819516,3.43285462588943,1,0,0
540.373009033661,1.0353978743944006,0,0,0
497.5804393609084,0.5007752751067577,1,0,0
409.6298139269872,1.4349756055583065,1,0,0
532.4359281721603,1.5918742530118943,1,0,0
382.09602088401977,1.5457941409271985,3,0,0
618.7679388461563,1.6651577957392907,2,0,0
453.5382702701607,5.94032080702045,1,0,0
520.1159655872839,4.650594609219915,3,0,0
528.3287871546142,4.170388699733221,0,0,0
474.10950262959227,3.2330943560529497,0,0,0
558.6693801475275,5.744486023820116,1,0,0
452.50963433774757,0.20737858514636553,0,0,0
587.1297297457244,0.6161049929604526,2,0,0
365.40203197532514,1.3666152786362902,0,0,0
512.6379579546411,3.748558896215651,1,0,0
693.8928999058285,1.4070646864293588,1,0,0
399.96686753944255,2.7569281110072734,3,0,0
432.2255029475149,0.2992284159669925,1,0,0
551.3907849658915,0.5818113599961321,0,0,0
517.9581781939598,2.6318663620032487,2,0,0
535.0630099273559,0.3600101052560003,0,0,0
548.9187130147664,0.8657422964951761,0,0,0
563.472146856177,0.6154056683279994,2,0,0
610.9699841956224,0.8611403212144876,1,0,0
540.9818656928512,2.464223700133156,1,0,0
475.87423453814574,0.91724822415086,1,1,1
567.2573701202731,1.620545816316951,2,1,1
689.9881934895216,0.21056965272113273,1,1,1
486.73662536174265,3.2696929181431402,0,0,0
402.54706953293584,0.9237173810712274,0,0,0
610.7080669286972,2.0912855064059372,1,0,0
487.96188360464015,2.584803838293661,2,0,0
282.73304539859635,0.47058642617915747,0,0,0
584.7421677150421,4.320001838133101,0,0,0
446.46718140460774,1.9153937710838398,2,0,0
490.94667176958393,1.1197696443739686,2,0,0
533.1980330569014,0.4026055724589644,3,0,0
519.0499679779066,5.705028720774277,1,0,0
570.9451817139039,2.813550982808404,0,0,0
456.4513629430157,0.4664498024014465,1,0,0
551.3105798176083,0.824105844539014,0,1,1
474.04533224160826,3.318036487331402,1,0,0
573.8810480887503,2.379335641891592,2,0,0
561.5367484013053,2.90302552448783,0,0,0
406.45612979554045,1.1639312481307273,3,0,0
608.5982116175032,2.5209188593244054,0,0,0
446.4036554885952,0.9771295664057039,2,0,0
580.8057798281145,0.47464448345523996,2,0,0
536.7287313401341,2.003027607713356,3,0,0
683.8183676795122,7.460563700635516,0,0,0
477.6534017628148,0.7438700678898783,0,0,0
465.06832038818027,1.2359665889486469,3,0,0
498.05803941122673,2.2417242067200416,0,1,1
469.6820217165725,1.5596173776923927,3,0,0
579.994190194205,3.708476012257512,3,0,0
338.3689391563412,2.8688082479735257,2,0,0
394.6317580853646,0.12013111445184871,0,0,0
393.2197078420807,12.902223402937542,0,0,0
595.0307591973576,2.7919012964696077,1,0,0
671.0613372581926,3.988779472441017,0,1,1
489.55507814625287,2.106500055218306,1,0,0
483.1178276809989,3.879847996377213,2,0,0
507.0052163113181,0.23842981417994805,0,0,0
616.187830260819,0.8546174103453087,0,1,1
407.26468658094257,4.181748389909082,1,0,0
523.8368982734785,0.4504294175288231,1,0,0
597.519762978243,0.16294533942090608,1,0,0
550.1094169939845,3.103460398455975,4,0,1
518.9581616598743,3.60952110418972,3,0,0
600.1046092567141,0.3550315697291459,2,0,0
229.6767707000763,3.8530424293012,1,0,0
567.7875319530908,2.321620992775327,1,0,0
434.5924316872576,1.468282893238613,1,0,0
316.9367103143543,3.5468592964444774,3,0,0
551.120259952498,1.0868672294525645,2,0,0
637.3658545162957,0.4313280760429696,0,0,0
486.2551485372308,0.6705334216287849,1,0,0
595.2874547202939,1.4070578428190426,4,0,1
661.2278257988646,1.5157161485111743,2,0,0
631.4914453584047,3.2754775248036743,1,0,0
663.9964529371393,3.1342202514387454,0,0,0
574.2127491071892,1.7415191603026818,0,0,0
507.5433638901593,3.0354090011572556,0,0,0
339.8034188102831,0.42582577271879185,1,0,0
475.39375118700514,0.10272243990107732,0,0,0
415.6753404683808,4.1371428344233765,4,0,1
717.0942717497813,0.15712234785966925,0,0,0
482.41141875676635,0.5665527296838319,0,0,0
512.3204806784486,2.376979572023992,0,0,0
555.1485376040467,1.053394961277942,2,0,0
504.3602446372454,4.18001787959433,0,0,0
669.5051040430753,0.7075861856763109,0,0,0
437.7350638265548,0.02388474757985067,1,0,0
519.4607455237243,0.715224024445202,1,0,0
425.75294143019516,1.725855644864095,1,0,0
367.99774887792944,0.94301231624476,1,0,0
438.8230909094715,1.530888534597568,2,0,0
496.2963202951588,4.1846178463565,1,0,0
457.06977754827403,4.871891382817883,0,0,0
430.7579020126144,0.6184218334663176,1,0,0
359.3682536328166,1.2403157112915264,1,0,0
491.68944273713055,1.593214629469461,2,0,0
349.5279625968998,5.956274235912185,1,0,0
576.0055963689603,13.16746205956681,1,1,1
508.2439752934503,0.5368238766635269,0,0,0
354.244850053507,2.596419510362378,2,0,0
469.07909229501365,0.9497302535432586,0,0,0
424.78435944094167,0.016282494175031123,2,0,0
531.9174510419181,0.018591185802218184,1,0,0
634.0450446023144,1.234469702564491,2,0,0
312.4827530354255,1.340169989877207,0,1,1
511.5026079147417,0.04565658101407738,1,0,0
483.98672044333597,2.322640440071544,3,0,0
567.1340076450466,0.6962896824199579,0,0,0
521.3196628237689,1.641475261045996,1,0,0
424.8030668261181,0.715977536585969,1,1,1
468.0946064333382,0.3657657843126854,1,0,0
420.3974143196511,1.0457078107446365,0,1,1
607.6007138598599,0.528643105870209,1,0,0
502.13116486719423,1.5305799166760887,0,0,0
690.1190685753007,0.4433605705368784,3,0,0
493.9339186185379,1.4202041178000344,1,0,0
429.15932330895373,0.34247486229904045,0,0,0
348.6285607387173,2.223241320614606,2,0,0
319.6860323744055,2.8043409196998166,4,0,1
341.586405699451,0.23395374844605019,1,1,1
526.7126651011483,1.2614809052995133,1,0,0
550.8725023229933,0.14701688983807115,0,0,0
341.88092979678663,1.823514276027217,1,0,0
589.5038314076115,0.6141492580455442,1,0,0
451.69389483165605,1.4999619349224864,2,0,0
514.679301198555,1.4573871038035553,0,1,1
661.2220628255425,5.163390583474461,1,0,0
589.6839315865532,1.5929449709684755,1,0,0
473.14693520941677,1.7493308228610929,0,0,0
410.88077745847124,1.0271692718989671,1,0,0
284.8184598670695,5.954983424739947,1,0,0
428.084668075758,3.0028350596780893,0,0,0
478.8869761172306,0.6720794731736321,1,0,0
401.2820472848816,3.718487347203073,0,0,0
486.87430329076955,1.1326638421520492,2,0,0
507.6851882958768,3.528294170937917,1,0,0
477.51440181919213,3.4619467275105795,2,0,0
434.99974191765403,0.41865434406406615,3,0,0
516.8654671966727,2.415567656680338,1,0,0
544.1940649569409,0.6867926196284447,0,0,0
390.9600922557154,0.7061988873090681,0,0,0
641.0932379746271,0.7029429449616155,1,0,0
490.1411867715738,2.5861053478711447,0,0,0
501.88496229448475,0.5222777398009562,1,0,0
570.8214423256557,0.0018124915255249162,0,0,0
523.3216131263501,2.5121950181813477,1,0,0
595.3136633913246,0.37551600022299164,2,0,0
528.7124165201824,0.22070679722042574,1,0,0
438.75626253595624,0.5423478249735247,2,0,0
536.1503525206101,0.9557507318935513,1,0,0
385.6273792679338,1.2921696925468382,1,0,0
510.85597057765233,0.0911876413411222,2,0,0
496.6770009355539,7.051707924541578,0,0,0
479.188314272746,2.5180061691075344,1,1,1
487.1462488561069,0.7807414039995018,2,0,0
311.8150954502361,0.767497031005992,1,0,0
445.12750922590385,1.1903811906766333,1,0,0
509.28449011411146,1.9683086044682772,0,0,0
515.98563919974,0.3165220535230907,0,0,0
397.23248590740417,0.4188013715628806,0,0,0
626.5707840864701,3.9241645919188373,3,0,0
413.3825151785499,0.5921138849985355,1,0,0
596.9457200526737,0.9567007265514654,1,0,0
542.7194361871685,4.100104939918231,1,0,0
435.3772690156197,2.1762222155559594,3,0,0
677.5310892609511,0.8362251403089526,0,0,0
380.636316824352,2.3021254249094962,1,0,0
591.9154173610002,0.03975901988123293,0,0,0
600.0582318042979,2.6609070610202328,2,0,0
432.9379790923355,1.335021404726137,0,0,0
639.2465300064329,3.355242372943423,1,0,0
474.9953485401047,6.18614571475299,4,0,1
528.8693629279857,5.201673642469235,0,0,0
526.0321838771221,4.799625175362312,0,0,0
486.5691258529452,1.435576408291042,0,0,0
581.0808273159782,0.8930183612560076,0,0,0
579.3488720552212,1.2511091236000238,1,0,0
325.1468026761819,2.3416951291575687,1,0,0
630.4340242878152,4.308291846311708,2,0,0
333.7508011964326,0.46382957022650273,2,1,1
603.2546204341658,5.006788802966707,1,0,0
612.6705136827584,3.3767483112710264,2,0,0
390.9033569784802,7.712799639062158,1,0,0
458.91857120454154,4.244727701997119,4,0,1
389.4295331514064,0.6568340573308106,2,0,0
478.50789697112646,0.22400037770931244,0,0,0
469.19657158142587,0.23811010062930132,3,0,0
577.966053226934,0.6884295578076436,3,0,0
631.0308746119608,1.9047879833966177,1,0,0
639.5683810789956,3.262552547053069,1,0,0
443.7831973421698,4.5902322502468165,0,0,0
479.0778126255472,1.95502091592158,0,0,0
331.656180777905,0.011294456736735996,0,0,0
419.41299335038116,0.4123682981286256,0,0,0
596.4851633097458,0.21011268796403781,2,0,0
661.5582823548232,0.9029902679750396,1,1,1
376.5651128120078,1.3917056495677718,1,0,0
440.7535740847106,0.08873399662747719,0,0,0
497.3594243041073,0.8568881552194789,1,0,0
528.0161158819607,0.3949020839776964,0,0,0
419.03964800783535,2.0829720261561304,0,0,0
542.406104446409,1.2482587975773844,0,0,0
452.6160652929084,1.3676521028844035,1,0,0
498.5547729121721,1.1161552012217986,3,0,0
554.62842480037,6.248027422068474,0,1,1
500.64222698109376,0.4834683957716468,1,0,0
456.36141094734313,1.454087505229323,1,0,0
489.0390196074169,2.663743934525331,2,0,0
491.16370407946647,1.6276687174231914,1,0,0
462.9988970117872,5.290739220482414,0,0,0
474.12039373328975,0.9495286247245422,0,0,0
659.8647170504717,1.2460329215557917,0,0,0
556.0919447941238,0.18537633404475823,1,0,0
470.45196819708394,1.8780908909497525,2,0,0
569.6954404510735,0.6799502407773268,1,0,0
466.618051024399,0.3494427180466543,0,0,0
617.3124637586641,1.5728565295235037,2,0,0
536.9642192198094,1.5199003177138664,0,1,1
489.2697855995771,0.15780860112850978,1,0,0
544.7716925810278,2.396083876762184,0,0,0
342.91238479315007,1.9551208862647556,1,0,0
387.32325310901945,0.4190170710174213,1,0,0
380.6074993600945,1.2676250854102664,1,1,1
514.2943094763707,2.5482392289636175,1,0,0
673.2514999485091,1.5076455046490387,1,0,0
723.1300146192632,1.00667107652214,1,0,0
563.8051101440757,0.7782146327865094,0,0,0
550.0844474944457,1.8852379292752084,0,0,0
319.8942265847261,5.597329887727544,0,0,0
445.73262002659783,2.2279280953031537,2,0,0
421.2216248091761,0.15537376084192098,3,0,0
437.91524017488837,1.2349108280469523,1,0,0
483.18561814152105,4.429590449243135,1,0,0
452.79094223028727,0.1984530139869037,3,0,0
302.0700189624212,8.997248930684314,1,0,0
574.7910256117534,5.954582465019895,0,0,0
392.72569742601934,0.16301560237959184,1,0,0
523.924686411115,5.41850145637977,1,0,0
707.4082669749973,0.9023875860996156,1,0,0
408.06154084135767,3.724911157493125,0,0,0
246.97124772536702,1.0838874082489915,1,0,0
471.39957781198893,1.1626932985090048,2,0,0
610.0959634998571,2.0115726984935267,1,0,0
695.8347454220594,2.978669977608585,1,0,0
377.0450405547583,0.06874639669438785,1,0,0
549.6699223236521,1.7986508968081594,1,0,0
453.46895432199466,0.41339160561621885,3,0,0
489.4051645695864,0.8491414813846045,1,0,0
764.4343347017035,0.8553253203321768,1,0,0
349.7029671604847,1.2662137985304753,1,0,0
525.3739661494574,0.8133409041153318,2,0,0
546.7693171765433,0.22714633571034773,2,0,0
608.5786324939347,0.3147788945130537,1,0,0
509.79831534708956,0.06801963692318352,3,0,0
530.8050539504102,1.2706967104519553,2,0,0
460.8351432578209,6.177788099194043,2,0,0
526.9126941245107,0.24586177950790072,2,0,0
465.6807724502589,5.8473625711993416,2,0,0
562.1571889856051,2.6437230516244417,1,0,0
463.03896639563663,2.0294550048845514,0,0,0
537.7100393902186,2.0728404102216467,1,0,0
497.0737186315022,3.505781271295976,1,1,1
612.6050250772169,0.22615792919043134,0,0,0
494.8606276411514,1.4054026470166026,0,0,0
322.6967531793118,2.3886466101143777,3,0,0
626.1921500713992,1.7677460456194347,1,0,0
409.4267699137381,3.576878825718812,2,0,0
434.62336613511803,0.15003275790036902,5,0,1
440.4338705956508,2.3468939202176142,0,0,0
637.4438093170818,1.5272583077809228,1,0,0
286.43257860213043,0.9533665416614486,0,0,0
813.7748533659994,0.8318643410573059,0,0,0
605.6056809066051,1.9395551383966916,0,0,0
522.3238914129159,4.432729926394047,1,0,0
494.51059993837134,1.3710562631414593,1,1,1
528.5554074857657,3.4827772708298195,1,0,0
552.1122428379339,1.028852134661982,0,0,0
564.5215585950057,0.21604915066060046,1,0,0
555.5604466003449,0.1269570706872159,0,0,0
508.9580681255249,0.1053977663162434,1,0,0
480.2661579692674,0.9565559894347982,1,0,0
484.87267163464884,0.8226779033077462,0,0,0
480.5091719647319,2.5312498249779787,2,0,0
613.3770096867065,2.715969777620457,0,0,0
559.3556722280862,0.10438522643072375,2,0,0
205.96113653357196,0.4998049556762391,1,0,0
565.5900776529761,0.6411320087325327,1,0,0
519.4736194718774,1.5864300504774391,1,0,0
498.1291243554103,0.3121739622814472,1,0,0
461.1481546911114,0.28760499348329654,1,0,0
612.4112719986014,5.757281681393461,0,0,0
594.7526462122858,3.261352794598476,1,0,0
422.7122332176391,0.3984998378206201,1,0,0
540.7052287124535,1.0436646447067592,1,0,0
402.8343265458714,0.8789395347909504,1,0,0
362.03818352110693,3.1308810406864795,0,0,0
437.3282775410035,1.4275690114697268,3,0,0
586.2393472382759,0.2735870999138324,1,0,0
595.3125045376087,2.6864089255174974,1,0,0
551.3085420097293,1.0113046508415848,2,0,0
572.5095786847997,0.6101292146303086,1,0,0
551.6178287114958,0.9416034857737313,1,0,0
435.8518404777048,1.377340687556903,0,0,0
543.192254467394,0.840494200061974,0,0,0
580.0409525227682,0.5538951810014402,2,1,1
575.4291329813574,1.0166642329615794,1,0,0
618.8913371474644,0.038718189272459604,0,0,0
570.8303847201064,2.96119114585488,2,0,0
535.1448207541583,0.37493730535124764,1,0,0
607.0150238316428,0.08979518874218605,1,0,0
497.347874075094,2.1208921062451016,0,0,0
411.81253487722825,2.973875407627443,2,0,0
483.6933036056236,3.362180759233732,1,0,0
425.5097355193551,1.3604981701873513,1,0,0
432.48217250256187,0.4597527939994041,2,0,0
485.54813292844824,2.6729346293960914,3,0,0
420.75800790000386,2.406033703817078,1,0,0
469.20384703609596,0.5654440785006668,1,0,0
310.63853330462143,4.674513658843328,0,0,0
521.3293707372939,0.2204590514396417,2,0,0
500.12054753622243,8.112738432047363,1,0,0
418.2911368931809,3.9357690064463964,1,0,0
565.9245668432405,2.3288545793852666,1,0,0
593.7570137626558,5.585579211112471,2,0,0
339.2440135631026,2.562508205408578,0,0,0
423.72752214337856,0.42257076879430827,2,0,0
423.08576502127016,1.1673523463269877,3,0,0
406.00968988911353,0.14837631083553468,0,0,0
582.9474841931749,0.9874697532965002,1,0,0
480.61738612271967,2.7065163868629654,0,0,0
473.5485158689389,0.9769653631458747,1,0,0
299.61376355932464,0.80183346175706,3,0,0
563.5418030209227,1.8094938500337785,0,0,0
376.07416051465276,4.114648351685334,1,0,0
505.9932630266328,0.09750503410302339,2,0,0
527.7376937958192,0.9737964767167718,0,0,0
636.0658595838651,0.34452244453394437,1,0,0
369.1179600880888,2.3772113104444603,0,0,0
198.0487844179175,0.22348290661859946,2,0,0
518.3849544753695,2.1861021135290652,0,0,0
680.0511181510853,0.6742513383576894,0,0,0
623.8946352939438,0.4435809685878494,0,0,0
520.9659415274626,5.508792281135161,0,0,0
450.83638143679525,0.03739661112963625,0,0,0
580.7122596637311,1.151714388472176,2,0,0
402.64538002955317,0.04372856672067852,0,0,0
547.635776935622,1.3217203157401458,3,0,0
550.5470159166626,1.3904882664360436,0,0,0
606.0209907498879,0.7762205702332555,1,0,0
775.9660038911078,0.2834999226595078,1,0,0
539.2415967178767,0.9444523152166561,0,0,0
449.1036374292501,2.231087276447909,1,0,0
497.44256878080057,3.050155004883282,1,0,0
323.09240951108814,1.5132417744834787,1,0,0
430.5286868910942,1.7823885696705917,0,1,1
459.0717561886896,0.44782862435976345,1,0,0
447.59116020654074,0.6774745327683913,2,0,0
515.2354872033721,0.3532252318300944,0,0,0
417.75800676177994,0.5734859604195559,1,0,0
612.1030667324471,0.5094923405346552,0,0,0
500.02070649181974,1.465642944516396,1,0,0
499.06996788613856,1.654220216179289,0,0,0
467.21052834870824,5.798933130697628,1,1,1
515.5190683858979,0.4352442626472899,0,0,0
582.5098264667635,2.052633730133895,0,0,0
413.28697842890995,3.399373802264991,2,0,0
434.18835109247436,1.6430589680610683,0,0,0
469.62739712233355,0.5887519266012068,2,0,0
365.41290765267854,0.6091146031786934,1,0,0
418.0742140278502,0.08008845468373711,0,0,0
452.3779126455341,0.7289656253332043,0,0,0
587.4389180712727,2.7298774807116257,1,0,0
526.2561329001925,0.09736762978436553,3,0,0
519.3589911367544,0.49511656645261537,0,0,0
585.0897962167973,2.44993327166456,3,0,0
486.26282116006035,3.052507023849172,0,1,1
539.046484992889,1.215107787397067,1,0,0
489.67782470675036,2.3951488916218455,1,0,0
526.5362349399628,0.9818896874623114,0,0,0
441.72413423884177,0.3485002254891614,0,0,0
256.1182841723571,1.0154923852459745,0,0,0
486.5720837813696,1.7348479041516596,0,0,0
642.274813609994,5.915073473463114,1,0,0
592.6215402241593,0.14245706333198713,0,0,0
596.539748459117,1.4160916072181429,2,0,0
623.6130721806218,0.7977331871679244,2,0,0
508.86575909614373,1.4198205764083782,1,0,0
519.7315707405595,0.04853507301791294,0,0,0
438.234810456565,0.7509157876956113,3,0,0
468.39271439729504,3.4281323650206192,0,0,0
561.5771149771142,1.614611387826822,2,1,1
620.3884437168816,1.19779327964467,1,0,0
486.0553724319,0.6724147442047841,0,0,0
454.98107351485885,0.707764901135703,1,0,0
500.05279588565975,0.9661013332628667,0,1,1
560.1206748929114,3.610549297993281,0,0,0
355.61451838664584,6.835458982538986,1,0,0
270.3819046862762,1.1548405371347228,1,1,1
444.94631505084163,0.9996158797566207,1,0,0
377.92875740858415,3.748771107554179,1,0,0
449.1859802352689,1.1134086828509915,1,0,0
485.22196811825285,1.6060052210995897,0,0,0
454.67515909769867,0.5251769071487176,1,0,0
645.2467534470745,2.721273000996893,0,1,1
532.674476460232,1.518524044832284,0,0,0
530.0474359610828,3.311325517218006,1,0,0
562.2207144043402,3.034927764867197,0,0,0
386.1166882219231,0.48415527089502514,0,0,0
603.9111787420269,2.514997181655275,1,0,0
492.423571346454,3.2194199784009685,0,0,0
567.0480617241212,0.8496238354041667,0,0,0
392.81427669598446,0.378956077834378,1,0,0
344.6241233983936,0.00527125158369808,2,0,0
581.7889658025028,1.1989627151870077,1,0,0
537.6409526097517,0.8690652025785672,1,0,0
409.79484456424893,1.618956793447246,1,0,0
413.03369187253054,0.4166110934749076,0,0,0
612.543478441477,3.927453520253116,4,0,1
381.05881071326723,0.5961523842876756,0,0,0
664.2672953255964,0.5134772096399483,3,0,0
409.93792653521314,1.3106011932735515,2,0,0
563.8391925608383,1.3817037286069591,0,0,0
467.13815242510157,0.4843602775896352,0,0,0
560.3187431082343,0.6345258792806909,1,0,0
445.5885997885807,0.3719490153771768,0,0,0
483.7207093927706,2.534962757934709,0,0,0
504.09191753957214,2.9401262748151993,1,0,0
399.78125442185274,1.2410149907588044,0,0,0
574.0824345420126,2.504135579171581,2,0,0
448.6786433528415,2.6631229565340737,2,0,0
477.14000846599816,0.2976393941814534,0,1,1
400.56506253914876,6.7732890698531865,1,0,0
243.76663412046895,3.4410959289381347,0,0,0
480.8972237399831,0.4575272819378071,2,0,0
741.2615421612916,0.4119953603045289,0,0,0
578.4604287898023,0.2685745463567144,1,0,0
498.07396202656054,0.2978785449257069,2,0,0
473.7109170791732,2.7579369146339126,0,0,0
502.24658928120465,1.2684522794928543,3,0,0
554.711911517521,3.055109240028472,1,0,0
381.9187184691155,2.7428500737835693,2,0,0
611.4321694668872,1.8557790445823792,0,0,0
571.5381315441244,2.319061024101615,1,0,0
571.8185725707934,0.03705256207887843,0,0,0
543.8475738809727,0.7472866109586342,2,0,0
501.96166576939896,2.031239940497507,1,1,1
567.286123596682,0.01877778302168405,1,0,0
559.1814133741378,0.06706588134404853,0,0,0
464.5959289058976,3.819572832606994,2,0,0
442.6398227103099,2.304183489462192,0,1,1
510.1856295261987,0.6167758891889272,1,0,0
654.9020151495188,2.3292659921622634,0,0,0
376.0892924346099,3.1448302753734465,1,0,0
353.247473424756,0.7328569481488707,2,0,0
516.4760841236516,0.07340551692540573,0,0,0
505.0887701856018,5.399542870330588,1,0,0
517.3341664370408,0.8467892866588297,0,0,0
524.3953197908501,0.22517706833064363,1,1,1
477.6797745365195,1.3539842437228535,2,0,0
648.9863438602082,2.9260726070579124,0,0,0
339.90960215234844,0.5011510688198972,3,0,0
417.1502975219754,0.6280248545180825,3,0,0
489.6745239850953,0.5560311856715783,1,0,0
335.68111888458327,9.576516752743752,1,0,0
482.4145595567929,0.4398069464083531,1,0,0
666.1470165728018,1.7137817994535052,1,0,0
502.0886488295962,5.187603921813825,2,1,1
523.0700905718684,0.3177489662589453,1,0,0
373.983523482742,7.070888771478989,1,0,0
438.36385919605226,5.893017145631176,1,0,0
462.4803619676063,4.318216415808194,1,0,0
468.2284903243766,0.48301355947583857,0,0,0
628.1643795003769,2.0105447663109053,1,0,0
555.7691060725125,2.861675484178223,2,0,0
388.8542043062968,8.541389625892196,1,0,0
524.6504778432005,0.3979358570736755,0,0,0
549.8221748496785,2.9050897029130054,0,0,0
614.0149038521266,0.8274013648731614,1,0,0
658.0540686568373,0.38626306661002896,2,0,0
398.49058081721313,1.0942080690202685,1,0,0
418.9142488789662,3.158165768593322,1,0,0
374.2422141085384,1.2504156614926973,1,0,0
476.59801408930184,1.5423173393239782,1,0,0
546.6358374446335,10.661437412397547,1,0,0
598.7334516589102,1.0186844476206287,2,0,0
492.4048976357477,1.911106816303799,0,0,0
468.0152476745156,0.9090298470565513,0,0,0
515.175799224874,0.9977468281280356,1,0,0
416.48570983699767,2.3790930863683997,2,0,0
708.9538721694773,5.557599174623571,3,0,0
339.23389728819416,1.5633402736958897,1,1,1
518.4740578895725,2.925486452998293,1,0,0
702.3606219229639,0.18687829195791897,1,0,0
500.6799844559998,0.47437855825367364,0,0,0
480.9960964998505,1.3948391521941916,2,1,1
464.2554577189573,0.04042934055116047,4,0,1
481.96083182375924,0.5829919489779389,3,0,0
637.284847467653,1.457139596906447,0,1,1
278.8138088670493,0.030148491905440646,1,0,0
653.3433701296326,0.6145353451349593,4,0,1
357.6042847549855,1.4432201433036673,3,1,1
473.33476707655853,1.702641707480872,2,0,0
457.0755579701338,5.200680607301912,2,0,0
558.855326977072,2.0732231007428856,2,0,0
340.18756481162524,1.0713838281857464,2,0,0
546.2172666081943,5.328578959178548,0,0,0
702.4309623286853,3.0731462711988944,3,0,0
363.68259954071897,0.44630940553464293,0,0,0
518.9706167610395,0.2804615356155443,1,0,0
433.8017822203391,2.2528611219122947,3,0,0
542.5887206193036,1.641430109075674,2,0,0
501.9147777415752,3.118189469560257,1,0,0
435.85130909556904,2.6849764318236313,0,0,0
548.7872284871074,1.9627870049144298,4,0,1
680.4348109786742,8.59275087018341,0,0,0
480.90962082727015,1.5253792493988954,3,0,0
571.9757942148182,0.24005906641583566,3,0,0
370.6727042128836,3.5237051229236274,2,0,0
404.3563623181991,0.5803125611522918,0,0,0
547.2406277880377,3.0038787013485306,1,0,0
648.4116028535965,6.298097749312343,1,0,0
535.561334878566,2.38669565938251,2,0,0
468.6941969476846,1.812830119248421,1,0,0
499.9291405423354,1.2338030707949386,1,0,0
374.95922660302824,0.9064027335478234,2,0,0
560.4515326355366,0.8708326551735386,0,0,0
588.233306232341,2.023251705381757,1,0,0
454.79096671669197,2.782799679349936,0,0,0
452.9957852240499,2.269621659956159,1,1,1
526.5878229652049,0.44231630004061656,0,0,0
456.32802639594047,1.3623865486616291,0,0,0
493.3867385374177,3.13697654507913,1,0,0
709.9721789166515,1.2913980355683798,0,0,0
475.2974299254003,1.5384298101017888,1,0,0
464.1659847978778,2.9492550975783094,0,1,1
435.2458194364841,2.1650761847109488,0,0,0
574.4191971499937,1.0530461088487306,1,0,0
481.8775826781897,4.515466513337925,1,0,0
435.0626961678574,0.3548282009517842,0,0,0
632.1304032273013,10.814679642444208,1,1,1
641.9603004513638,0.2530606654771605,0,0,0
439.9576434261295,0.03012569668547427,2,0,0
313.3460048639384,4.414893513158168,4,0,1
600.7513689836923,0.561951906611485,0,0,0
431.5370174239996,2.6164428948103295,0,0,0
579.0625599162769,3.332179232156838,2,1,1
302.9896182288164,3.9177977515175315,1,0,0
589.259733829931,9.557675156049964,1,0,0
378.8828070719219,0.6963925791727379,1,0,0
573.0764119066524,2.477427636691108,3,0,0
501.4273067836434,0.24523910668171228,1,1,1
404.6060580603355,1.044478663902047,0,1,1
459.29636870732196,3.7673770945350764,1,0,0
568.6318456956701,0.9166499295934706,0,0,0
510.58944531152343,1.7885467087584568,1,0,0
558.4412980472484,1.4014453797183017,0,0,0
697.6440584515485,2.076642914916319,2,0,0
343.57583882889486,7.216029077721197,2,0,0
661.7212574968623,0.11469797894080674,0,0,0
510.43559375232127,1.706451204578931,1,0,0
410.1215951676872,3.975968885483222,0,1,1
366.96863742610105,1.313178140087522,0,0,0
481.08796092229665,0.1635640082862399,3,0,0
592.165011192446,1.6444142098510814,2,0,0
487.2450879622466,0.8071554531390029,2,0,0
651.1154930247347,0.3366995218135662,0,0,0
354.88243099484407,3.781408066166675,2,0,0
498.79110521539457,1.4746141167021722,0,0,0
374.7606555586881,5.414393502160616,2,0,0
536.3631882624968,3.2799643976229342,1,0,0
588.68873900973,2.361631317313262,0,0,0
457.92382063189467,0.010076347349927892,1,0,0
239.57861433728658,1.1166153859634713,0,0,0
519.8948146796495,0.4400126592189484,0,0,0
543.673855173351,4.833701641871443,0,0,0
540.4294754961697,0.3837355174919145,0,0,0
623.5782191822154,0.6739128522900871,0,0,0
392.8946320350951,1.4548014548449113,1,0,0
568.021610545045,0.6113217714913168,1,0,0
619.2507512477976,0.4711021072138419,1,0,0
322.1412415993483,1.8280831517594969,0,0,0
531.9651825918977,0.18627004441259343,1,0,0
449.5820168992328,0.11985621615887372,3,0,0
491.8477326898354,0.9312115724940688,4,0,1
534.7676483538337,2.5506830955531896,0,0,0
451.2771435886448,1.6184936800116512,2,0,0
432.4291920838388,1.0993978852201594,1,0,0
503.4152417488025,1.6682769519931162,0,0,0
391.2754061137197,0.9096830648468069,0,0,0
391.4174871114815,5.50232260952307,2,0,0
567.9373282956503,0.11293942402770592,1,0,0
385.1205964841344,2.2379860177181765,0,0,0
566.6312500909212,4.438008040729009,1,0,0
546.2591292853951,3.2581051438942463,3,1,1
327.41932712094035,0.40678242610776644,1,0,0
432.2435347664345,0.7017446207408828,2,0,0
619.4109403047372,2.524955580825116,0,0,0
401.88344688603183,0.17606865644615896,2,0,0
453.5595737690612,3.3411558948273705,0,0,0
546.2060893251896,2.5381390129580517,1,0,0
578.3390509282596,2.6157550509661345,0,1,1
474.84611139555045,0.21125748162637986,0,0,0
440.24898053083587,2.5299988729903795,0,0,0
642.2369861698508,2.2777321719107935,1,0,0
673.8899663797579,3.5547960700186882,0,0,0
597.8858050781796,0.0849716647298014,0,0,0
508.5318142565024,0.04676381423936888,0,0,0
419.1734278359074,0.9336401239672015,1,0,0
416.95555934434344,0.322188792429045,1,0,0
552.2514105265758,1.6346312684145246,0,0,0
541.8398220888683,4.986254327797995,0,0,0
640.159859294643,0.9934501124734764,0,0,0
565.0450092536139,3.7280201333410536,1,0,0
349.6919698240182,0.00048180706558510083,1,0,0
605.1947617722918,0.3690831827984367,0,0,0
400.1939372685587,0.06179188331568095,0,0,0
461.60287280476484,0.7954319621413658,1,0,0
525.0200206251694,4.776059302276802,1,0,0
699.5667489783964,0.20395941540079898,0,0,0
810.9918556005362,1.8648899068012992,3,0,0
560.6723059136183,1.2011211913668007,1,0,0
481.6803381279612,5.5764027312028555,1,0,0
553.450564848055,0.2614002774743013,1,0,0
588.7655425873836,0.4765850660515731,2,0,0
467.93323744428085,0.05997424325407094,0,0,0
679.5211355912322,1.1380936147551188,0,0,0
523.0070759191402,0.6509974516429458,0,0,0
549.7743089091394,4.078995009458454,2,0,0
566.5924252054461,1.8574393706004484,0,0,0
542.1586610614456,1.904306019254165,2,0,0
583.8940500469612,1.5181923652767073,0,0,0
438.27468134530767,0.19269217424641574,2,0,0
444.16982460539697,1.1776416603447393,2,0,0
389.9845767028305,15.222672236765632,2,0,0
543.9501230620226,3.6064008260394784,0,1,1
577.8936503512114,4.478451799614207,1,0,0
545.7772866151886,3.4657704613089395,2,0,0
667.4492433347538,0.21749179794921986,0,0,0
499.44039811709536,0.5161125748484956,1,1,1
566.8741655592513,0.0062530677473277155,1,0,0
390.8299123860686,0.7234040453270051,1,0,0
461.2900297525599,0.22994064536931152,0,0,0
569.5537757565778,1.2803253463053683,0,0,0
584.9102110743144,2.260995470283592,2,0,0
470.60330523358175,4.1509834256776985,2,0,0
492.8400748141933,2.7663358278337125,2,0,0
348.21262533191907,5.580221749802398,0,0,0
464.29707991933907,0.11081040053931977,2,0,0
589.0383163519787,0.024509234908452977,0,0,0
557.5205016106567,2.165506110539109,0,0,0
550.0665721381209,0.6831572527542507,1,0,0
504.977368718096,0.5847220463271896,0,0,0
500.70631586281763,0.8036049107160804,2,0,0
433.9678860526553,0.6288628222136283,0,0,0
569.8828420202535,1.4325712687983614,1,1,1
542.097294438939,1.1601672294456224,2,0,0
549.2018847992799,1.436636876009273,1,0,0
447.396515733242,2.2338393711398994,1,0,0
284.6657080128756,0.9792065355728816,2,0,0
609.7152711753696,0.5788543542355395,4,0,1
452.1162543991596,0.36352471469121755,0,0,0
413.7224235956879,0.8599483926431527,3,0,0
569.3478911913994,2.708091758593627,1,0,0
460.798736008087,2.826960421402307,1,0,0
605.9936384046622,2.198657410571706,0,0,0
561.7005949576698,0.5332197846059761,0,0,0
568.3569323200478,1.7738825722898737,1,0,0
363.4044288799466,1.6911504439874332,0,1,1
621.19439853864,1.3243290688520395,0,0,0
526.1250531233856,1.5969220007665859,0,0,0
463.0722860753797,1.3537235516112687,1,1,1
514.3388467342251,1.6669178320281473,0,0,0
322.376476710168,2.51408591152356,3,0,0
540.8652811480671,0.23223228879145857,1,0,0
397.06284918179284,2.7695969781812537,3,0,0
364.73297141564655,0.29210149634684157,1,0,0
347.7640813782109,0.1379028841411261,0,0,0
611.2688374989925,7.466054464308241,2,0,0
437.0736606307211,6.292727519979429,2,0,0
653.37277099165,0.12467984220164376,2,0,0
446.4198536947702,1.1712903084575237,1,0,0
329.26420424070534,0.41219173052674585,1,0,0
388.3475560051341,1.3285166116867402,1,0,0
623.5811620006939,3.545999983406775,0,0,0
484.4101822063333,6.016086476637185,1,0,0
445.1712703509399,2.011624987862577,3,0,0
516.0018225852788,0.8736195197447852,0,0,0
550.1782736167545,1.849278798655658,0,0,0
611.7398815902461,0.7479366789280812,2,1,1
644.8499229892926,4.8119759594957605,1,0,0
464.0231354210914,4.08661213683571,5,0,1
367.3952313917962,1.6339397126178365,3,0,0
458.6534838876724,0.7854894586674609,0,0,0
526.0280506582886,0.6945518655226325,2,1,1
403.6241073789389,0.06797827248093845,1,1,1
404.2849085104957,3.3836927186337924,1,0,0
534.3787881549886,1.1970679891588134,0,0,0
495.1347648429549,0.7864790769328205,2,0,0
503.27969954115866,1.2739509589356341,2,0,0
424.1504665299931,3.41562345576376,1,0,0
476.95992857942326,0.2661811686353259,1,0,0
407.5766855731696,3.8990170663473664,1,0,0
589.0198411124787,4.555957360595683,1,0,0
603.5249334723752,5.863934917070449,1,1,1
315.38121377619063,1.0132953684538382,0,0,0
407.048913980759,0.4896038291435546,1,0,0
350.3470744909921,0.9356626000181596,1,0,0
434.99760655931016,0.809666903984009,2,0,0
491.6562030209639,0.3875431070751341,1,0,0
355.035478030147,1.869248894617195,0,0,0
407.81401868746866,1.2949109012963673,1,0,0
399.60426279185015,4.015373128682059,1,0,0
520.7267329398944,0.06527280218166717,2,0,0
506.934433703625,2.0649072538323923,1,1,1
427.82624466627465,2.8789589172491543,1,0,0
517.6820872139398,2.849958691249502,1,0,0
445.33199154127345,4.3444117506858,2,0,0
472.8344889673947,2.6115219562813805,2,0,0
667.3452090298537,5.256909201591838,1,0,0
634.0461051790348,0.8089010454107635,1,0,0
370.0418763072403,1.3991734067128156,2,0,0
582.9732417879175,0.028359444096199577,2,0,0
581.1396554491592,0.013963808341248466,0,0,0
385.1736711247382,0.5492069308786417,0,0,0
581.8777643754861,0.2125156076211151,1,0,0
653.7931918412553,0.6027815318604451,1,0,0
387.7455193755586,0.38970337086823365,1,0,0
408.24971789857364,0.057869245331919554,3,0,0
601.7661466843502,4.800487277036977,0,0,0
527.1495310825647,0.01651425566714961,0,0,0
555.1476275239523,2.66423475409177,1,1,1
534.0589216400497,0.3300981067021239,1,0,0
539.0695920928144,4.866062431344212,2,0,0
367.3527871688917,4.4660423082054574,1,0,0
604.7317706621449,2.1220616811899453,1,0,0
616.9589992427774,2.23091159373756,3,0,0
477.0609255931972,0.010706892251010644,1,0,0
495.65230501861373,8.382358534044146,1,0,0
346.8892497444278,4.204726145765672,0,0,0
551.4254756017835,4.5096142290634,0,0,0
557.2057441714144,2.1531803528031417,0,0,0
493.7808983000689,0.8455895929626308,2,0,0
612.4353359870503,4.48201406985863,1,0,0
466.59227690200595,0.6892582261627256,0,0,0
556.46059258936,1.6543244355219484,1,0,0
398.0335661307885,0.21012328141497144,0,0,0
497.6447849125762,5.100955539142599,0,0,0
482.5645742097164,0.30343834481048104,1,0,0
522.5307922040942,0.5095182091934691,1,0,0
463.0473071166641,1.6334979363089712,0,0,0
486.85274043283323,2.888635240642151,1,0,0
582.6047171441506,1.9317567840835754,3,0,0
456.32357627617824,0.5282798533262424,1,0,0
339.3422899261321,0.0018869749437019187,1,0,0
674.9583904205421,2.83062739952948,2,0,0
638.1454078690487,8.427246429509712,3,0,0
370.7737304894381,3.320548099573922,0,0,0
568.9707805245195,1.2331376777197196,1,1,1
449.7025229448657,4.681971322217879,3,0,0
526.348721533106,1.054749188500104,1,0,0
529.4224129013494,1.488603429122822,1,0,0
476.5592199683678,1.2968439338396625,3,0,0
421.62343344136036,1.1870521492943749,1,0,0
430.94589476837405,2.9850061998915325,0,0,0
408.38080845187574,1.4963428833202999,0,0,0
416.8177791769555,0.7616926707079176,1,1,1
493.28217099506446,0.5972384449952722,2,1,1
428.4240010889248,0.0769563970632691,0,0,0
568.205206571262,1.75027436168829,0,0,0
648.7246155335927,0.5226293110421566,0,0,0
441.9946758629957,0.32065189994597926,1,0,0
523.9404500535377,2.1216503812290255,2,0,0
549.9685110302934,2.2864407441570798,2,1,1
547.2002270919274,2.789902586989149,0,0,0
507.59552679160873,1.4006533686128986,0,0,0
574.2682418359723,4.4896629220698525,0,0,0
548.2248952680657,5.508484219370235,0,0,0
376.2337577672702,3.2939778145282825,3,0,0
586.9156064389273,2.018970453682678,0,0,0
588.7290837266742,0.7240095404997601,1,0,0
423.67138958214184,8.142614534830653,0,0,0
503.79378354476023,0.640785679728363,1,0,0
568.332899281107,0.4529404621409996,1,0,0
479.06861804206386,1.1673450886597645,2,0,0
607.2978047766012,0.11703988917224736,3,0,0
736.3872494619361,7.678889839717818,1,0,0
421.40139673650174,1.7755696102212206,2,0,0
361.8955396846225,1.6281547391133593,1,0,0
530.3818595604876,2.1330431746036034,0,0,0
572.1562505126144,1.3744242469222754,2,0,0
476.9133626155231,0.06517762138328545,2,0,0
645.3260663321034,1.8951051043843072,0,0,0
366.1394200276751,2.518786942244846,0,0,0
569.2918623031611,1.078275514986089,3,0,0
439.41391792411065,2.8318218439254914,2,0,0
671.9377906207296,0.5149558225992947,1,0,0
699.2515353168119,0.5001987105896646,2,0,0
423.3343412216652,0.35208340330048393,2,0,0
445.044286409142,0.9304135365279552,1,0,0
585.9587886979803,3.7547920467150413,1,0,0
461.2869350210485,3.519499332491404,1,0,0
495.4588782067762,0.9652027629948868,1,0,0
502.538842054241,1.7789020031064793,0,0,0
308.0326843802344,2.5517706997960223,3,0,0
498.6162253905763,0.5520519380846891,3,0,0
431.0272225935826,0.3681848538660325,0,0,0
450.6877177600228,7.157969976008256,2,1,1
644.3632003468814,1.9223529507979369,0,0,0
374.3493105720744,7.9708786311418836,1,0,0
581.3205186747978,0.8242423829261836,3,0,0
472.1037069668191,2.4282597595910844,3,0,0
472.02398315041654,0.5036098768001235,3,0,0
579.0371896051711,0.6054565249684973,1,0,0
534.005129456889,1.4344786441437885,2,0,0
557.0612997219531,0.7702021166078173,0,0,0
596.8184660532861,0.3669361808424265,0,0,0
466.8691616816677,0.6100110602712295,1,0,0
438.77632654922496,0.07280603367030922,1,0,0
391.4849473442202,2.437656006753503,2,0,0
417.4589470021045,1.3550069954154806,1,0,0
794.9094425308725,0.19796858829756442,1,0,0
624.4679580736787,0.37674523871206606,0,0,0
364.8925633791979,0.2163612838738772,0,0,0
367.75420432564295,1.8965579282055225,1,0,0
548.1866061718491,0.19789637863411494,1,0,0
554.7264797377967,2.8071441948428832,1,0,0
554.8883835317364,0.04144837902204617,1,0,0
474.5044206446302,0.5737002718696151,2,0,0
487.45457399970996,4.426708087286613,4,0,1
532.7879524159357,2.5354681840446784,2,0,0
508.589300629333,0.1515351063720717,0,0,0
278.06996272524646,3.442148431489475,5,0,1
477.0200369424806,1.358627102090597,0,0,0
414.8593565739686,3.7518004781940975,0,0,0
517.5211418908513,1.8362837606373443,0,0,0
798.525900260341,2.2903579549908986,0,0,0
536.7481665474304,10.07238638355589,2,0,0
468.6470313827602,0.5288051001242732,2,0,0
592.1801501977252,1.9560427961843778,2,0,0
548.2687887209213,1.2335629667576522,1,0,0
542.0094490451842,0.08050255007881713,1,0,0
560.6850593215671,0.029152724748603358,2,0,0
705.6543564829542,0.25391427879464656,1,1,1
386.91115646740843,2.094460917469617,0,0,0
547.3632076811455,1.6747885367599795,0,0,0
407.3618870018462,1.6123162667120374,1,1,1
555.5512646342248,0.06475046011530385,1,0,0
408.13134885139056,1.2671280704332475,0,1,1
458.26331863949156,5.170501347348591,1,0,0
470.49100857620937,1.0136402108545157,0,0,0
597.5816719344709,1.9612450543004132,0,0,0
591.8454443942414,3.0266077407690193,2,0,0
375.42826235536154,3.064262002438511,0,0,0
505.4934110999849,1.46494094071239,1,0,0
429.0420145250827,3.903179731939843,3,0,0
374.1495089324666,0.9931160940737073,2,0,0
478.298294957563,4.390930118519236,2,0,0
469.15172115441806,0.5494715870684888,0,0,0
742.6716486345522,0.6576093548310205,1,0,0
543.2959825360696,0.10916713797419132,3,0,0
362.2382499245763,3.1751751245660222,0,0,0
443.5225995829058,1.0793256838895138,0,0,0
602.1383295429398,0.5204363341352225,3,0,0
708.8442772869926,0.5273850141857126,3,0,0
341.40166877620413,4.633366842642646,3,1,1
312.0075614860955,3.590530419856884,2,0,0
687.0965175371782,1.61277010638127,3,0,0
538.9614177370904,1.9148026215603047,1,0,0
413.17072681236334,1.2861464265904303,0,1,1
553.4629086122435,0.994064196293572,2,0,0
236.42522609831224,4.941460373979956,0,0,0
500.3375506597161,0.2684637409930087,3,1,1
532.7821172843085,1.0841056119852321,0,0,0
592.427013953783,0.8449028483118401,1,0,0
398.61040477074624,1.3789108878308873,0,0,0
508.5687161403359,1.2236206196742092,0,0,0
407.45753739404125,1.4633167426360654,0,0,0
525.5383755674317,0.3014573632911079,0,0,0
410.4653677636976,1.4395635112833842,1,0,0
459.18991608397795,0.5552491419101422,2,0,0
400.4184605209771,0.40749414284246116,2,1,1
565.1136241823657,0.1340629185985907,3,0,0
585.8451116656665,2.8764604291234717,0,0,0
476.53794300425864,1.1152822008275738,3,1,1
503.82379949600283,1.9704440853964258,2,0,0
355.1408585366456,2.600918535596214,4,0,1
470.0323351993213,2.274602278127506,4,0,1
494.97953829582553,1.2716469439915332,1,0,0
762.0793091029975,0.9817144156940993,0,0,0
388.8032974225836,0.9430813306115042,1,0,0
646.4177238752437,2.0435736074944884,1,0,0
599.6858773465808,1.3655794293212293,1,0,0
528.0636404490136,3.782703280820505,1,0,0
675.8620484195134,4.154120507622715,1,0,0
537.2105472606863,0.3740099208709319,0,0,0
538.9159195667929,0.29290595356130145,1,0,0
494.68793469824544,1.990672889452807,0,0,0
622.3568882418627,0.7168550950238902,1,1,1
609.6469233810884,0.03749063916685267,1,1,1
437.43227125037873,4.39002210651168,0,0,0
368.07528054012323,0.5146957301625062,1,1,1
479.7019362604343,5.298072151418952,2,1,1
419.99614356023534,2.5276894460432042,1,0,0
493.6475425384645,2.8764682754871407,0,0,0
623.7438134684139,0.44994418363467825,0,1,1
454.269834491321,0.5336539216044496,1,0,0
495.7176618688425,1.4732276457610387,0,0,0
505.8022734808395,0.37772545371358757,2,0,0
584.8430882205284,0.7289295339123635,2,0,0
275.31106660153944,0.7756309995184166,0,0,0
439.3299705234703,0.347825857018909,1,0,0
521.1283692279472,0.4592863397809329,1,0,0
620.0078956426861,3.1075508528397857,2,0,0
450.80975524937946,0.3659135679294845,0,0,0
312.3447293958126,0.05774030602820748,1,0,0
561.9711445966136,1.985020785997013,2,0,0
436.46376111743706,7.457996674454083,0,0,0
381.0333340909639,0.8045817465219736,1,0,0
437.5654610286776,0.2526138542297509,2,1,1
481.54746423441503,1.6897424657765427,1,0,0
439.52553354617874,4.736471634841372,3,0,0
279.4433942900931,3.0655258598665625,0,0,0
589.7066196887132,1.9484534934138977,3,0,0
627.4875041278722,0.7568378418414503,0,0,0
565.1521991339506,1.5612489973719013,1,0,0
386.23143295751834,0.19135914691288183,0,0,0
479.8508466052482,2.2722883049725695,0,0,0
499.3478684770542,2.582666803827605,1,1,1
559.879438956191,6.706622275234839,0,0,0
566.8340488718081,0.6032844165635045,1,0,0
426.58262012215044,0.037257727699950845,2,0,0
508.199555641356,1.5775920788985776,0,0,0
545.7280404615241,2.4537358467972203,3,0,0
645.5822322146767,3.125179989104028,1,1,1
570.4506539824723,0.430695368971014,0,0,0
578.9056687375519,0.6069532892664263,2,0,0
508.3826627929361,1.4373030386176593,1,0,0
641.0459145203504,0.8027494003993403,2,0,0
540.9762795959498,3.9395460444791435,1,0,0
413.891208982643,1.2839963773741407,2,0,0
640.3369970125191,3.214666698183895,2,0,0
569.7903272539028,1.7379545554010076,1,0,0
455.6955978871518,2.9664048800010554,1,0,0
452.0507032600757,0.8089501562901705,1,0,0
529.6575545140762,3.560649652472016,1,0,0
546.3184795267584,0.6419877769418513,0,0,0
519.7292265631206,1.5797514868026241,0,0,0
531.1308673442885,0.48161507286683036,1,0,0
669.995737457638,1.2907208359302973,1,0,0
607.1543152234885,0.7659651191650224,2,0,0
519.0635591265025,0.62041012449527,3,0,0
594.1310580767483,6.821587642783421,0,0,0
396.74760964724607,0.34888322370799885,2,0,0
539.7927049946809,3.095988075722161,1,0,0
680.930634973311,8.29106008061859,2,0,0
478.1954104607626,0.04020437114832048,1,0,0
415.23660713809153,2.401472189865586,1,1,1
434.79111114069394,0.583144071934809,3,0,0
391.0366962657612,0.08266054802875655,0,0,0
421.52380918722963,1.0313064456417258,0,0,0
462.9491901409971,5.473449123435202,1,0,0
359.4432980821358,0.0236697015130841,1,0,0
501.56183339496033,1.7729090426829488,0,0,0
590.2277173786647,1.3918880906660624,0,0,0
409.22438198530796,4.133195386274872,1,0,0
651.928392364177,0.17548157211433285,2,1,1
551.0792088527595,2.2884290675968173,0,0,0
603.0580585624057,2.27955429912863,2,0,0
434.2165446147863,2.2117573512318516,0,1,1
585.4525227066615,5.706192233474985,0,0,0
390.8066099604687,3.4642003657678564,0,0,0
589.0247500836508,0.08575806388420938,0,0,0
517.1839339793531,1.2738469539570494,0,0,0
555.3251219984784,1.0148397139631462,1,0,0
382.4405394375149,0.7425541361117205,0,0,0
410.4930157723395,1.200540736731377,3,0,0
559.7228218253384,0.9696472008302864,1,0,0
405.1651995775799,1.132443770025433,1,0,0
546.3206292099123,7.751562064854792,0,0,0
363.2862193539754,0.18561916226677636,3,0,0
584.8174212666668,5.108021422194246,0,0,0
376.74766852314906,1.3087635785268852,1,0,0
555.2299937679524,1.9549617063268743,2,0,0
562.5630933646,3.546067391505226,1,0,0
430.3228181570425,0.8940216950285779,0,0,0
558.2026567084727,1.1257187637142991,1,0,0
526.0442263333556,1.0536338796374478,0,0,0
446.1158143807262,0.9391467157659037,0,0,0
399.14453159237917,5.194699620444357,1,1,1
303.7374308327421,3.5313636269606605,0,0,0
534.9650047299693,0.2308216802683932,0,0,0
343.5197228637945,0.22885488699021306,0,0,0
509.53441994413083,1.1167763854631463,4,0,1
473.6551783917751,0.2077396473224553,0,0,0
567.9142775438196,1.9304005565120979,0,0,0
469.7954500510136,0.31024939166446336,4,0,1
467.0552213652909,1.4778514770031104,0,0,0
573.1870704288295,0.014492273914552286,0,0,0
533.5058029084117,0.7613391921002886,0,0,0
531.6155957182779,2.261387211851374,0,0,0
546.9267589808526,1.3234479638121772,1,0,0
346.4427876792894,7.658075662024661,0,0,0
575.6788679986983,4.144594979651445,1,1,1
561.2468794013603,0.8896724957645568,1,0,0
398.3316871423503,0.09310707166861895,2,0,0
475.5919526325799,3.7367579868661034,0,0,0
496.0692712372369,4.843510162128941,2,0,0
486.5503215598267,3.436580071319831,0,0,0
533.3859966568534,0.27381689903756656,3,0,0
643.1366781831184,12.346101784268942,3,0,0
608.1766727672829,0.598387413058309,1,0,0
368.7780806568594,2.576194253439681,0,1,1
562.2069990306048,4.772691728823548,1,0,0
632.893331953541,0.5375560748726703,2,0,0
538.6808520689202,4.777562070763156,2,0,0
609.0980425185967,0.7406252580022148,1,0,0
701.2270445700765,7.494137988943194,1,0,0
602.3709546106982,0.6605112567333605,0,0,0
524.9308595641729,6.133847610268693,0,0,0
604.5088474084754,0.11006296837371804,2,0,0
514.4887833096891,2.4707343939324597,1,0,0
502.3903043284956,1.519048953455122,1,0,0
464.85857642862675,1.2997044687647872,1,0,0
656.3413358832108,0.5059026282965295,0,0,0
418.15713340579987,2.445603182397474,2,1,1
653.2367724678115,0.4234418063537916,0,0,0
549.9864123740372,1.609685646026895,0,0,0
360.06938251980586,0.5840372247685479,4,0,1
536.7649292991422,6.229994904244488,1,0,0
289.9973492348376,0.0580981236639739,0,0,0
562.5508016831036,0.4456079182424238,1,0,0
588.5231482988991,0.5549634965570418,1,0,0
440.76440443479464,1.069102479470043,1,0,0
512.3547695955582,0.529833667867688,0,1,1
695.4157433750286,1.3519866664459266,5,0,1
449.4253295738063,4.118737090242678,0,0,0
394.10924129433994,2.4900300726459426,0,0,0
648.1663402462599,1.7348200985323814,0,0,0
696.2587190530795,0.18643174036691024,1,0,0
500.3695671847847,2.368288775569542,2,0,0
601.1463035408356,0.3640374876391186,0,0,0
634.1475915530881,3.086994992212809,0,0,0
425.7515767461616,0.5755155066580877,1,0,0
451.4694164632132,1.0793033563007517,0,0,0
623.0874513154735,0.8630131320907231,0,0,0
668.5014278708509,3.9153530092697673,0,0,0
556.2880860174355,0.27059609582774885,0,0,0
412.0185646497946,1.6677856722146085,1,0,0
698.706111169944,0.3064459759000703,1,0,0
446.9029102188035,2.440176162224055,2,0,0
466.4862218828548,4.709402247145723,1,0,0
534.2337834489622,1.1404707417964064,3,0,0
655.4160420714775,1.339221732019759,1,0,0
585.3975976552224,5.2462099174748795,1,1,1
541.486550036191,1.4720734079305966,0,0,0
546.3288530118107,1.3372933213224787,2,0,0
504.3514668643466,1.7270602668532706,0,0,0
555.8139514518506,2.337402683818881,5,0,1
247.0439922305697,0.22607621525252414,0,0,0
470.33925409302014,3.441974274545789,3,0,0
524.1321934916781,1.1436476029217644,0,0,0
384.8985916380493,0.1501983323815844,2,0,0
538.632331781156,3.0852664457271888,0,0,0
479.55287790138783,0.9462569222990247,1,1,1
675.547569831549,0.21153785385950086,0,0,0
657.3019725214856,2.009036821299358,0,0,0
453.4194430881837,4.242717495344601,1,0,0
484.9162288433305,4.3741160342312995,1,0,0
492.60524343916074,6.324210171641452,4,0,1
454.8340523840377,4.04544895358108,2,0,0
519.5024984028126,0.004286428779103453,1,0,0
424.17179311124096,0.956849709401425,1,0,0
386.9384665062474,3.4134685056608864,1,0,0
562.2711223900269,0.9122109345617037,0,0,0
562.952958422181,1.8403390211378747,3,0,0
419.56842403400077,1.8644182567527459,0,0,0
589.53554307626,0.9083402595269389,1,0,0
436.84222708346687,4.696712111990537,0,0,0
525.3165238037981,1.399249611841616,1,0,0
582.0344012612456,1.250170520046783,0,0,0
496.6387435296287,11.99395596591871,0,0,0
545.4740912141134,1.3604633481889599,2,0,0
448.35703561124285,0.39299898545427403,1,0,0
480.3533416571903,1.439267436284085,3,0,0
479.414056911966,3.364197170461227,1,0,0
425.3421653459761,2.999914733620053,3,0,0
482.3225836884218,3.107833903001898,3,1,1
345.13817011362534,2.462165864157793,0,0,0
450.8846252857895,0.5866434349709505,1,0,0
471.5124506630329,3.962222194434459,0,0,0
474.382024750462,4.478159186283532,1,0,0
475.85025541292214,0.43172200864470395,0,0,0
493.8235800139871,0.2795718493936706,0,0,0
547.9441518086064,7.426751596239682,2,0,0
587.4517074132523,4.054821286263852,0,0,0
435.0234773151733,4.474271733535041,2,0,0
379.67991446108556,4.349727824944024,3,0,0
395.7955587756897,1.5604050764533273,1,0,0
451.2797078805073,2.0791877192317796,0,0,0
464.8078682183491,1.576511310804191,1,0,0
423.00039338025425,0.1051278851442428,2,0,0
370.38833357501056,2.736933132517304,1,0,0
454.3879172525812,1.4077370317983562,2,0,0
518.1426620113971,2.0865959053346597,2,0,0
559.5029465835564,1.3968815538036248,0,0,0
444.25769468916786,1.3538049752184527,5,0,1
458.7002177856566,0.3769749166574701,1,0,0
407.3301691152689,0.6534383082574942,1,0,0
496.85608296252235,0.34597695227178427,0,0,0
415.1571365809185,0.4354820814447807,4,0,1
557.31278132412,7.222162002987539,2,0,0
321.4133508065889,0.3323770632770389,0,0,0
464.03703275475374,0.6274236503322729,3,0,0
530.1107339191742,1.7860746881548193,0,0,0
518.3834516322504,1.88413306501466,0,0,0
769.3033663980497,0.3344106806888742,2,0,0
534.9800024567908,3.157016661302018,5,0,1
399.594540315799,3.0761225359720497,0,0,0
490.4535752910927,0.5418274452417565,0,0,0
322.37536665335483,0.6812272481719047,1,0,0
491.94002507032394,5.560850389384363,1,0,0
416.6943942999241,3.493627037514715,0,0,0
591.5390275560162,2.393312822794528,0,0,0
445.04597254044654,0.17162394914385995,3,0,0
488.32340842047535,1.0834773629608412,2,0,0
436.4442158595597,1.638790310210317,1,0,0
673.8851351853332,0.4150603734368378,3,1,1
467.8757233882088,1.1892355836132742,0,0,0
683.2557043479202,1.8377174401137686,1,0,0
581.4151762118266,0.7931396180485003,3,0,0
548.2066727335387,3.036863225283384,0,0,0
536.873314731752,3.670790608258219,0,0,0
539.3797298216251,0.781969323620794,1,0,0
307.23274206543897,3.6484474058283523,3,0,0
472.1116605849243,0.21868479032964339,0,0,0
584.5157971184321,3.636976219292884,0,0,0
495.11028165258944,0.3315199559754388,3,0,0
359.4810153196425,0.173136737558466,1,0,0
494.75955494225303,2.053190254788054,0,0,0
670.4105516255491,1.2770807536957236,1,0,0
624.689171553472,4.769556564871806,0,0,0
493.79959906339684,0.9025653573162938,1,0,0
595.1449277058086,0.6769748691640596,2,0,0
463.34929796319483,1.3892361481640543,2,0,0
329.6128413173281,1.2174142275988016,2,0,0
407.5534011870445,0.8444944249848592,4,0,1
656.2888768508197,2.3666502102264086,1,0,0
472.60069181706956,2.850584656329574,2,0,0
475.6616020624982,3.834427287865244,0,0,0
470.01618037251194,7.213243059224906,2,0,0
690.4136589573006,0.6202812899003427,2,0,0
662.5958915362063,2.518220517408479,1,0,0
721.8780233448134,1.0026030298272275,1,0,0
484.09547895999486,2.260713542196468,2,0,0
529.5624488747095,1.2924573063798293,0,0,0
348.3357450579209,10.157754213660649,0,0,0
647.6934426118274,2.61055080149626,1,0,0
383.2220448732065,6.093684871920327,1,0,0
521.6775563762629,3.60325054701936,1,0,0
390.2697472367156,4.66404863473606,1,0,0
441.1133173261304,3.368529794496698,0,0,0
416.27375689503,1.2292603691581856,1,0,0
439.2124739324182,0.5801390492230063,2,0,0
446.08772968510215,0.9250876075648042,1,0,0
445.1731205074923,0.04088758017974195,1,0,0
583.3333911780308,1.4846461415758208,0,0,0
389.513720693748,1.4066285829088687,1,0,0
522.0541427013867,1.4899358167920829,2,0,0
621.7959152305558,7.301720846311143,0,0,0
448.6803635486604,4.848466254020256,1,0,0
428.2081109252398,0.3527889812029539,1,0,0
476.9475374819749,0.9205265111401509,0,0,0
617.972520836071,1.103143087718505,2,0,0
519.4107630953358,0.8942402672912627,1,0,0
446.8785705392402,3.2038917321073304,0,0,0
548.387665118804,1.4848331325192143,0,1,1
389.77078501635765,1.6977306556462577,2,0,0
568.1359510442948,3.8348298689413736,0,0,0
540.8607307701768,3.2790536905182632,0,0,0
469.2191528861116,0.28361456780825905,1,0,0
416.14142015527693,2.5029297114023876,1,0,0
411.3319077716543,1.1434035109448153,1,0,0
553.481733634591,0.6981191805903767,0,0,0
622.8980502489062,0.10262621211957208,0,0,0
436.2692252971205,1.335932049171491,0,0,0
545.8386703551485,0.8783644316999625,0,0,0
291.29729813979316,0.5794029927031171,0,0,0
441.53822693428003,2.3727355695260357,2,0,0
496.89410671290983,2.934882045921734,1,1,1
409.0316583018166,0.5615175716866332,1,0,0
406.3493625210404,0.10142363575420389,1,0,0
433.2220443531114,3.777678074414697,0,0,0
529.2192728326373,0.020019342460239554,1,0,0
481.26709815936255,5.532815533015063,0,0,0
276.1768766675028,1.9756802046076187,0,0,0
287.9299847364934,0.7767636297070797,0,1,1
439.31348221428243,0.5659938885214015,0,0,0
545.7686586053552,0.01809292074862293,0,0,0
225.24951572747653,0.5369917329819373,0,0,0
450.02698238483697,0.29636972505268655,1,1,1
447.3752143482579,1.8943568701513505,0,0,0
638.8337778208447,0.36435254732124345,2,0,0
461.49781882871366,1.5042231721275916,0,0,0
538.2988984740929,1.7837642330898442,1,0,0
514.1257140087463,0.7077625521502331,1,0,0
286.9433520192799,0.07138896918164593,3,0,0
576.8207216631737,0.0759310741104973,1,0,0
521.5396505456288,0.053401285666167295,2,0,0
550.826863967459,2.6874252752711913,1,0,0
892.6237706436327,0.7654797023458197,1,0,0
291.5887060501411,3.182215737397119,1,0,0
672.4696649761108,1.1303271805937536,0,0,0
471.25524805996446,1.2066060091834223,4,0,1
528.7328904403009,1.4385002446835822,0,0,0
495.4487754698758,2.4967653466478446,3,0,0
457.5763666601956,0.6390414813733567,1,0,0
443.0167071761241,0.2592776132311102,0,0,0
532.950873557301,1.624119716404878,3,0,0
348.2826303328321,0.7919534012446147,0,1,1
575.0579167521765,1.1685543898094735,2,1,1
458.3805595114746,2.0822725311207138,0,0,0
386.9930660959642,1.3629342817103458,3,0,0
454.99871420041865,1.9366360495709423,0,0,0
625.7149216862573,1.5714023336154717,1,0,0
446.4664912983777,2.69258153926936,1,0,0
535.845361820962,2.4479198977277656,1,0,0
426.9043724284527,1.5279544421118612,0,0,0
575.792184992362,2.272024171556065,2,0,0
568.5507738790204,4.135968492115348,0,0,0
684.8608833296412,1.1322231874056075,1,0,0
482.44360545007845,1.064653833301902,1,0,0
566.8654804757907,2.889929564507039,3,0,0
509.80675395389443,1.7471993880098198,2,0,0
629.5871781863015,0.14730767720921514,1,0,0
428.11676123912696,4.453323544857073,0,0,0
574.5005312877281,0.06253371087801106,1,0,0
480.5302703883318,2.759800543575045,0,0,0
493.5811822891502,2.844209060890311,0,0,0
509.1752484448373,6.119947982846386,0,1,1
525.2240396426678,0.11130960157647843,0,0,0
488.37709568780417,1.8169271918816483,0,0,0
521.4713183170527,1.1166752075166235,1,0,0
657.8118057562185,0.8028454437225191,1,0,0
598.5449685615218,0.18932161404291328,1,0,0
586.9154592496897,1.6540618175635726,3,0,0
454.4460473976129,1.3041668171309553,0,0,0
411.0759171771676,0.22086774490573727,1,0,0
595.5300558237752,1.8960247041924212,0,0,0
587.6046792529794,2.6784637217897336,0,0,0
647.2670675750982,2.9158239288671925,1,0,0
439.60193740307705,4.715628841815419,2,0,0
477.04513446396527,1.0534721930860333,3,0,0
336.05158374745656,6.11831429126904,2,0,0
460.7528893939127,4.011332696724463,0,0,0
599.6570510579447,0.703379271168658,0,0,0
453.3504620771802,0.3470004484537055,0,0,0
564.0479795200824,1.143237964255319,2,0,0
480.94968940021886,1.027990309372906,2,0,0
532.4057028221561,1.71472005411527,0,0,0
385.2308610184333,1.7511914060005833,3,0,0
508.5209449633901,2.772484599989991,1,0,0
200.88640290992765,1.4262506351930064,2,0,0
481.3103841838015,0.22146682758609498,0,0,0
336.95267562848596,3.9079639754813114,0,0,0
620.5994516546816,0.7414451115824038,1,0,0
577.7407352764511,7.101539338144307,0,0,0
546.6670981966081,0.25080925722612074,1,0,0
652.100622715938,6.352167811009355,3,0,0
405.10834791751626,0.19084634751733992,0,0,0
674.7363197915558,0.5254226080198499,1,0,0
593.2191564260385,0.09539939626912268,0,0,0
476.3444712781054,2.4423270882888675,0,0,0
613.5620147182944,3.7982270957159576,2,0,0
389.3706487588366,1.1385735898257647,1,1,1
417.54858384723263,5.276733237609832,2,0,0
439.14102767603,1.7846556575266788,1,0,0
447.1022291935985,1.988543117040856,0,0,0
394.34423572397475,3.7340767060110323,1,0,0
622.3083067095325,0.7042284484187811,0,0,0
474.11455996301686,0.8747343862895819,2,0,0
535.250496835688,4.727898259106586,2,0,0
442.96486335863193,4.624533539858848,2,0,0
317.9396699451483,7.500044397339582,0,0,0
527.0057358391422,4.642278655123682,1,1,1
308.7745024580223,0.2724919441750517,0,0,0
493.1365953914531,3.471411907346127,1,0,0
363.168496116719,1.05471802726696,2,0,0
698.7275999230808,9.377398382434944,2,0,0
591.1362722174722,1.2783825326351694,0,0,0
510.57537912714804,1.6141377329240518,1,0,0
626.3706677654668,1.5090875904137517,1,0,0
415.36840225342644,0.7764404093492656,0,1,1
554.3479378670093,0.1559708432781534,0,0,0
519.9810433718714,4.520032873269028,3,0,0
526.402008133367,3.2458145622037944,1,0,0
627.2353500106768,0.30054557181253605,1,0,0
573.2492102779802,2.999089810256662,1,0,0
528.8723662825023,1.9661791635322199,2,0,0
334.5112563771704,1.052365174292417,2,0,0
403.99537047205365,0.5861160583485936,1,0,0
487.7291066404276,3.9283549394880324,1,0,0
509.3372374276651,2.40920106457218,1,0,0
386.97962753260765,1.586995686225867,0,0,0
741.1676675578422,1.881005656091698,0,0,0
651.6394055253572,0.19096599005282855,1,0,0
560.2118320392483,1.2846030641642818,0,0,0
507.2036861283745,0.4305995208275283,2,0,0
478.7791030098848,0.46735689548237425,2,0,0
404.80815399777646,2.165304435482711,0,0,0
507.74805185188626,4.8440023389435805,2,0,0
525.7752540142751,1.0342126471943627,1,1,1
375.8239424518376,0.46575472557456205,0,0,0
533.4176417244897,2.0924966775224965,1,0,0
484.4740951175251,4.098787797109173,0,0,0
309.2192442122609,2.759184152368387,1,0,0
413.9614989220498,4.061412937660943,1,0,0
458.6394466578356,1.5381337069830723,0,0,0
688.7687657340191,2.787655285286392,2,0,0
555.6553124533758,0.3017959231488457,1,1,1
366.45184309001087,0.8562639899758429,1,0,0
548.6036289417636,0.9871150403509568,0,0,0
345.26960110616346,1.4319955410410605,1,0,0
608.2691053887073,5.292302954554506,0,0,0
452.88753481821215,4.1476595975632495,2,0,0
490.63638112608294,0.2889547172577189,1,0,0
632.579664754219,0.3793925309858992,1,1,1
371.283643141575,0.8852144807338879,1,0,0
360.28818148870084,0.6870771132079949,2,0,0
441.64006736539955,1.9078343894526646,1,0,0
603.8378851019316,4.661476351394474,1,1,1
348.0653924523158,6.555741701751042,5,1,1
216.7844401889431,2.120339251630494,1,0,0
454.88411415910014,3.642284303276646,0,0,0
555.1740799910921,1.4897325005467237,2,0,0
620.0261749738829,0.4672135681797677,0,0,0
453.6838637914601,1.4875694309294079,1,0,0
458.85733928839977,1.6197332705077003,0,0,0
615.3900734255748,2.7131415465711677,3,0,0
313.02583003045794,0.49662271470729524,0,0,0
461.1479224816991,0.9187142327329234,1,0,0
519.0423889925057,0.9051998143273919,0,0,0
544.9218721285034,6.409925905630149,1,0,0
449.01933068091176,1.1737759948256592,2,1,1
503.44410117058413,2.8137613640002392,2,0,0
251.16726465870104,2.779090329517694,1,0,0
434.17515876661514,0.617250882957763,0,0,0
545.3508712554467,1.696655331310772,1,0,0
401.7705965745321,4.49435551882018,1,0,0
505.89842215895976,1.2894673916294566,0,1,1
544.6872500802698,5.80512175290572,1,0,0
465.7450799142235,0.48276329103821997,1,0,0
517.0463770996571,0.1541057591782063,2,0,0
403.7267434715388,4.441160128076599,1,0,0
479.33887203039535,3.7635591454859303,0,0,0
561.0216169589222,9.809816193486839,2,0,0
515.6972960968434,2.2750814548969527,0,0,0
441.3468730436065,5.51935847212494,1,0,0
522.4216404290793,3.508338150385873,1,0,0
571.4609790636619,3.721271835100295,1,0,0
295.0058721422522,1.683951425135737,0,0,0
615.9074064955897,0.9637139197767282,2,0,0
466.3745261318928,5.453184266641389,1,0,0
542.5489933240231,1.1316803532823043,0,0,0
619.7246923645228,1.5479309692764893,2,0,0
362.8326302769534,1.1815938881496204,1,0,0
429.05589975724536,1.6639833320717519,2,0,0
471.1451304124295,1.2716634120803558,2,0,0
421.62464788755716,0.09831233529796879,2,1,1
673.4936575836808,4.274958187827868,1,0,0
414.3227906173207,1.1753910862044439,0,0,0
444.4453220513133,1.7780499312595082,3,0,0
520.4389031602976,0.2997578400330669,2,0,0
379.7850473923911,0.006787199467992425,0,0,0
460.4319288243736,0.5628436671198987,1,0,0
531.7453261250175,2.438755250833847,0,0,0
466.7139595617489,0.20893189872069978,4,0,1
490.66131411000515,4.791319235978257,1,0,0
447.0667887551629,0.4842006247704993,0,0,0
348.55296908192327,0.4578042358855594,0,0,0
532.1593211339239,0.4005832186124324,0,0,0
675.4933071647241,0.028160755738606727,0,0,0
501.84016307834383,2.9551136107486187,1,0,0
522.526411724755,4.1594356596119075,0,0,0
569.272275511686,1.9046790154914839,1,0,0
373.0669503453301,0.4170025040200711,1,0,0
670.2514658129605,0.6717232376069106,5,0,1
520.2328796422802,1.2922474278399654,3,0,0
663.185689908911,6.173325985845132,1,0,0
426.6967004476011,0.5683135786551556,2,1,1
681.8061922557824,2.630895833058072,0,0,0
577.5155494034783,1.157667329618645,1,1,1
555.3040085852358,0.7072088922341757,0,0,0
523.4024454353148,1.2173030330629293,0,0,0
475.1471381925551,0.147738162238954,0,0,0
620.0531658473873,3.2057924215004463,1,0,0
514.0359869848047,0.5575819063355524,3,0,0
303.29302964128476,2.5849678703539913,1,0,0
388.28135382929975,0.1415926465612253,3,0,0
481.4154247807253,6.206570656169417,0,0,0
530.9998983165555,0.42890036032111606,0,0,0
494.3411511100104,4.286758587231575,1,0,0
621.8970789793664,3.315924924726298,0,0,0
304.8898135961375,6.875303113108181,1,0,0
514.358793650516,1.299756502487609,2,0,0
318.2020774612845,2.599479665142885,0,0,0
575.9712295484169,0.9263282466840448,0,0,0
490.5541285557997,0.40758459590975654,0,0,0
541.9609972024118,1.1706527463671266,0,1,1
413.6117039410234,0.3624419622315103,0,0,0
627.9464931657751,8.03973128538137,1,0,0
604.1724664058852,0.20239724592295155,3,0,0
558.3544303011888,1.7793546788754586,0,0,0
487.04827531365595,1.9694810120199346,1,0,0
557.9857285295133,1.5447251468930794,0,0,0
429.3107432012651,2.1705189850173117,1,0,0
585.5555659020712,0.2470054677531291,0,0,0
664.9480894323921,1.6194452502199252,2,0,0
607.0610559979186,0.6771440784855774,0,0,0
427.039753019259,5.632698837738745,2,0,0
536.1417317273103,2.871571431025173,2,0,0
370.68584562413525,7.1881920740307415,2,0,0
557.2390311175676,0.07655893758513116,1,0,0
545.0603412862539,0.6713180252609764,2,0,0
313.0183660467836,0.43487618349014345,2,0,0
383.82161560876364,0.022434532523915095,0,0,0
471.6861103256233,0.5550034179547626,0,0,0
469.9140252859174,2.271233057195484,3,0,0
379.05230645811946,0.5255598992550724,1,1,1
538.8978729352184,1.4226363369768917,0,0,0
525.1473608940512,4.375267502758718,1,0,0
480.57308680214805,2.3667587596439286,2,0,0
424.42084998416374,1.0038278024632665,1,0,0
604.8707126416564,0.9319242189192196,3,0,0
665.5407113088295,1.2166410279907691,1,0,0
451.6438516153463,0.3896988664601852,0,0,0
438.78330828451794,2.010248084695928,2,0,0
549.1207665411996,0.9055940522505624,0,0,0
464.19706202530136,3.8260292665411484,1,0,0
486.0602799336766,2.8257092458376736,2,0,0
573.9653151724672,1.8858504233099145,3,0,0
309.0643912492707,0.9057494526856134,1,0,0
631.830232485267,0.4712720964456949,0,0,0
507.26805243293416,2.993574843612747,0,0,0
458.850685543782,1.3326564857349161,2,0,0
491.0765845778551,0.5091395404936017,1,0,0
496.24293550205186,0.43425987637159336,0,0,0
326.8798696555075,0.36160758915919267,2,0,0
649.4938227453235,3.002613243692123,0,0,0
504.13256322706184,0.5201005693507315,3,0,0
544.3002130447376,1.4958077249024408,3,1,1
595.1549770574043,1.2013050520704613,0,0,0
397.88375424397,1.7331491323353339,1,0,0
547.3471899035228,4.193662139743898,1,0,0
473.23589091012065,4.04608294741348,0,0,0
584.6770775216494,1.1995908228350773,1,0,0
287.2772579648505,0.030971070224714993,2,0,0
490.0905699758731,1.111798724815716,1,0,0
439.71793442160384,1.8637914042092154,1,0,0
543.2262950634156,1.6318266384954203,0,0,0
547.0044187368202,2.1072937493656427,0,0,0
429.2374105177974,0.3346508833452236,0,0,0
428.78261358239564,2.0799421758246273,4,0,1
488.9334631442671,0.40337971952995544,0,0,0
410.3357772684792,2.7767849668538758,0,0,0
584.1983695452127,0.8282679889102526,0,0,0
463.0792799552554,2.47502769289257,1,0,0
209.30117806783585,0.09809815307151726,1,0,0
462.5177943378194,1.048024457575682,0,0,0
396.14561791560277,2.441793908223399,0,0,0
336.8724184539054,0.5146174728853088,0,0,0
376.2573361777428,3.172292999177558,1,0,0
510.940847183297,1.9927237675561644,1,0,0
632.8640828248231,1.7713376701746593,0,0,0
531.318447386498,0.8725153016806453,2,0,0
439.349661178426,1.3173039623961722,1,0,0
545.5904195170702,1.8193716893761613,0,0,0
454.0909689781008,1.2790691884973924,2,0,0
430.5399630836855,2.396732593342434,0,0,0
384.5637331767016,1.1372517804171947,1,0,0
324.8171193248281,0.4519781463034252,0,0,0
461.0076293440555,0.4814284886024286,2,0,0
515.8053489920131,0.011641352317007402,2,0,0
490.337632998511,0.7160880916299075,2,0,0
458.4033072052641,2.7639485361763843,0,0,0
405.4253939303219,3.1613385420273405,2,1,1
560.8246191684968,0.4524654911697693,2,0,0
368.2868080053415,6.390513765760925,2,0,0
577.6027913843475,1.395928702959865,1,0,0
399.77829810732754,4.977317336070974,1,1,1
424.7564762646965,2.453563809733112,0,0,0
353.3214809384323,2.563388915069577,1,1,1
449.8597853114363,0.17775777680316726,2,0,0
597.5312458477979,0.4968999671800749,1,0,0
551.5628088443957,0.017707827531066846,1,0,0
597.8422112028035,2.518461160293932,1,0,0
552.2142545933935,0.84452567187171,1,0,0
389.6330171469631,3.089666125208402,1,0,0
466.92107756724425,0.8278099070473034,0,0,0
421.98008708825375,3.422207770421351,1,0,0
633.057490403904,0.2801299601940227,3,0,0
380.32113535736886,0.38080380629716953,1,1,1
589.3697689389111,0.8336888338677386,1,0,0
589.2953870108769,1.0501445504400184,1,0,0
682.9620201716087,0.8575784583628445,1,0,0
459.03134073705024,2.8848579327758084,0,0,0
571.2322159580162,0.20395779650107881,0,0,0
728.1651836538842,0.8653140180268668,1,0,0
438.23583230663036,3.630957105743245,3,1,1
346.49597524676403,0.13826521377505846,3,0,0
311.99899660922364,5.706504844652124,1,0,0
571.2712028861331,8.583179130710398,0,0,0
311.68497919414165,0.1854769613333551,1,0,0
462.7680947062077,0.6885684037564542,0,1,1
543.731318703896,0.9317066387312531,3,0,0
518.5175536829914,2.995715873428453,1,0,0
542.5444864184173,1.8123185186024848,1,0,0
522.2289855800855,2.0677046493723217,0,0,0
627.8865813313394,2.8335881517861483,1,0,0
404.7683619261203,0.2510788261934016,0,0,0
432.3004861541469,3.582032973538932,1,0,0
422.7340554729176,2.445766328047521,0,1,1
583.019181186261,1.7223825748314496,0,0,0
590.0398588395063,4.409743511321029,0,0,0
545.1225319318509,2.4099890113955276,0,0,0
618.3493666889927,0.450541531039388,1,0,0
382.19591326236196,1.1233446360539479,1,0,0
666.7224111551137,1.3626066610953533,1,0,0
652.3238621712258,0.11360134173487683,2,0,0
573.5621997245746,6.186139601921233,0,0,0
678.179890877106,0.27525614123234693,2,0,0
334.3376792322226,2.3910919349645012,0,0,0
447.55518637373484,1.4113751111743318,0,1,1
426.46965393180477,0.05193295949250885,1,0,0
572.1479323757343,5.17381166516995,0,0,0
394.98592603978545,3.818881939134245,1,0,0
575.7495149337485,1.4857588739139806,0,0,0
637.0536143996713,0.5199842344321849,0,0,0
569.5202900083999,0.25935853616767496,3,0,0
528.3751023661501,0.9032039011132434,0,0,0
401.2126659099251,0.5898921995865919,0,0,0
415.3149033874636,1.4132398677965519,1,0,0
624.9618905296667,6.787011841266851,3,0,0
577.9349003905332,1.7111133766990645,0,0,0
496.0980480622456,4.4132966897783374,0,0,0
458.20904542341094,2.1046724930604754,1,0,0
297.41921268886233,1.289653402253865,1,0,0
392.91475813155614,3.8566374570647404,0,0,0
691.1419087139723,1.274925899575077,0,0,0
371.9544428997533,4.059447166723141,4,0,1
518.9479821221081,0.6894271616089509,0,0,0
600.7443973195199,0.27579742818197367,0,0,0
374.50773319977077,3.8663852227684985,0,0,0
518.4710474781083,1.770626861640635,1,0,0
593.7915537510655,4.398115681956465,0,0,0
501.249932190725,5.55567557276481,2,0,0
786.8403055666768,0.11023993009426503,1,0,0
333.1400741121805,1.390175331603898,1,0,0
605.8728529883879,0.9398938187471695,2,0,0
482.71982626035356,1.9662418715310581,1,0,0
577.1920154836675,3.155793194141265,0,0,0
544.1307151699245,0.6586482951101205,1,0,0
426.68438028900033,1.6274609963766296,2,0,0
522.899639245934,2.4669994628313074,0,0,0
314.2098548601713,0.28873656108165197,0,0,0
560.3247500571393,3.3647367587905985,0,1,1
529.8158465990525,1.8633651611938764,0,0,0
563.8660168643103,5.973047093208473,0,0,0
605.811832508715,0.8296038793470234,1,0,0
536.7619840209711,0.22890554454751844,1,0,0
514.8089419798276,1.4124697076473405,2,0,0
411.8931663338708,0.1794353916314649,3,0,0
428.7779236350949,6.981797181771393,1,0,0
618.6734620177331,0.07890619347946942,0,0,0
643.6335405705979,2.800818223235521,3,0,0
476.1889563687946,1.4893121464468744,2,0,0
504.60027472532744,0.9196968248994435,0,0,0
409.5385625006234,0.13621973256304173,0,0,0
617.2756845267445,1.94660555847738,2,0,0
566.5416823691778,1.7600156278627115,0,0,0
694.1217436463749,0.6594631764350111,3,0,0
412.1676922820261,4.820823993382652,0,0,0
462.1992100981783,0.7251273753340622,1,0,0
523.1445922525572,1.1946757437445417,1,0,0
564.6489537725771,1.5694833502034682,1,0,0
478.43323624523674,0.2112363825428632,1,0,0
412.70389095462997,5.381257260003377,1,0,0
588.1407528923571,0.9385234968580813,0,0,0
572.1135362545582,0.16845787884940613,2,0,0
408.37258994362753,0.9797309074643457,3,1,1
635.5442801105496,1.833594455706084,0,0,0
617.0198709196604,1.4416644866004407,0,0,0
513.4296497247793,2.3718858087346915,1,0,0
507.9597862376036,0.11416518133771243,1,0,0
555.4057771115907,0.6696608789777659,1,0,0
413.8296929743742,3.421065930034479,3,0,0
503.00314791640824,0.166532117733394,0,0,0
284.761645539082,3.8687571536345313,0,0,0
587.6455645502936,0.19279294177943695,1,0,0
343.85067775581405,3.5970149504894224,0,0,0
650.3419828428999,0.8950394773954459,2,0,0
466.98799060335494,1.8945778148078518,0,1,1
478.83330180688233,0.3318426354126785,2,0,0
437.22660939154946,0.13691900263361395,1,0,0
471.1961126077924,0.48653488067016765,2,0,0
641.8531345148036,0.2735964582204207,1,0,0
251.21913434649207,0.7491131654114719,0,0,0
627.6965386088187,1.4446710784737637,2,0,0
533.8023481101708,1.7771539777511174,0,0,0
379.29783521427845,3.1200397706308114,1,0,0
392.4687606950762,2.1356224579485,1,0,0
667.6393027208203,1.8768596312811148,2,0,0
405.4493120057269,1.0613153964431012,0,0,0
384.6649489404041,1.284179880910557,2,1,1
613.7314542364729,1.0706493439321005,0,0,0
533.8552876285914,3.692423243260481,0,1,1
406.2074423463601,0.5227307037195497,1,0,0
521.6624975404619,0.011474717506828118,0,0,0
397.4247316359723,2.1072007761757137,2,1,1
610.0821398422605,0.4524520536253423,2,0,0
606.1370964873133,4.416644310163359,1,0,0
553.2006198821944,3.9186480441557285,0,0,0
536.1661061247016,0.15966143280166115,0,0,0
676.1188124867374,0.22496811234081276,0,0,0
499.9686327388225,1.3670733881487904,2,0,0
381.8125874579199,1.879234702409491,0,0,0
544.9473912832307,0.6429144021204335,2,0,0
708.6047049537113,2.5231877093857036,1,0,0
398.5240506814148,1.807321755229917,1,0,0
463.85372333060144,0.7855640878078148,3,0,0
541.6446038101452,0.051397787930126206,1,0,0
494.60951509942606,2.7737913341242986,2,0,0
401.76964196226857,0.48351561785682123,0,0,0
612.1857856230471,3.597250893951851,2,0,0
732.0040722017259,1.0904554981543146,0,0,0
519.6131459023908,1.7211323924093551,0,0,0
409.5931710264,4.126329152841141,3,0,0
345.1039474946525,3.984664352475112,1,0,0
525.7975981221181,0.9289007948183066,0,0,0
610.3877343316258,0.4686337134970262,1,0,0
547.5167746495382,2.9846086439418196,0,0,0
499.7596159081146,1.1350748756416398,1,0,0
441.07283482106936,0.42649038807626966,2,0,0
390.783636728191,4.6956951621320595,0,0,0
583.4751326324882,0.44155319512408225,1,0,0
591.3771621385586,0.05229203133025606,1,1,1
345.42702133092666,0.0409768713034957,1,0,0
658.9838978180684,1.9473914157975212,1,1,1
557.4071220894001,2.16749697296937,1,0,0
639.9594645145794,0.7451490792729075,2,0,0
365.7872251514885,0.7713572832000314,0,0,0
363.4175844584561,0.8294978848706169,0,0,0
485.10306902327034,2.2798597291800804,1,0,0
550.2784426895195,0.1197840863674089,3,1,1
679.6360822926963,5.293431032988093,0,1,1
570.6078913815131,0.5033974035224407,0,0,0
475.73187231879666,16.052356471562042,0,0,0
397.36307923341076,0.376331667811003,1,0,0
623.000057271915,2.952844807192781,1,0,0
403.5294574249285,0.5056920309430505,1,0,0
662.8468554772321,0.1686049387393117,2,0,0
471.56153503934905,4.157816557390019,2,0,0
659.058207261785,3.9144656472422112,2,0,0
567.8931290059278,1.0335881070875084,1,0,0
486.3004510557542,2.4239840284269554,0,0,0
448.06036281738733,1.6286687045144481,2,0,0
465.909212265392,3.834048380644875,1,0,0
542.8316692375238,0.7568363021852907,3,1,1
507.71564962177166,1.48329885235954,1,0,0
440.6188591931295,1.3286233814567705,1,1,1
483.4368589682368,0.8736200120724631,2,0,0
507.857702971915,4.441182080369067,0,0,0
287.1265905585188,0.36275102805721016,0,0,0
545.8168114788699,0.32388205072883697,0,0,0
402.0278775283193,1.7203385166327734,2,0,0
384.66675967942547,2.1429335493249373,2,0,0
331.265565288929,0.43288027477426716,0,0,0
320.61075021321096,0.9909462976956067,1,0,0
364.4552496887711,5.858535328733862,0,0,0
429.09790423695097,0.5663642188211844,0,1,1
695.3259137526568,2.207414705686893,0,0,0
447.4120324104796,2.695296808503886,0,0,0
517.7750106268031,1.188880822188017,1,1,1
540.0481386506328,5.546009193713942,1,1,1
513.1065186215849,2.6685938170826495,0,0,0
492.25565392740066,1.224700271350021,4,0,1
380.47062364007553,1.6848504436129863,2,0,0
645.0927548279212,2.359298363023128,0,0,0
680.7196643637885,1.7939086835052462,1,0,0
331.73413058773144,4.218937088473819,1,0,0
397.59714091136203,0.8828748324083142,0,0,0
472.0189657622994,0.7130234575346918,0,0,0
403.54622050898087,0.4811870647212224,0,0,0
550.5965553455865,0.07703049767787173,1,0,0
427.1727797593387,0.08793295892866704,0,0,0
716.5056067806602,4.081290962115555,2,0,0
619.0548594343596,2.2688508619549905,1,0,0
521.2574030632215,2.1607536329452492,0,0,0
602.6986263319732,1.907169263511315,0,0,0
610.5900424357309,3.783855571345176,1,0,0
443.6052511941757,1.308879835574997,1,0,0
418.3782755458035,4.086772104490711,0,0,0
507.81430629696473,0.8908406635851313,0,0,0
586.1636124497944,5.226594107525802,1,0,0
513.9060398653418,2.3990121240532734,2,0,0
342.3003517809003,0.5945953383617922,0,0,0
419.7175556049158,1.6606156582386344,0,0,0
492.6027136405622,1.5229829312273535,2,0,0
492.433439567417,0.2967652780471638,1,0,0
697.2542176789808,1.789268401918973,0,0,0
361.4012057601002,0.7560470632072847,3,0,0
550.5589241835875,0.10753748379295774,0,0,0
648.9113108328289,5.938420532373829,1,0,0
727.1449745422797,2.0515995095370902,1,0,0
459.56025768160384,4.189824100467086,0,0,0
549.14294527202,2.2543692662202552,1,0,0
556.9760357198647,0.8831703858402348,2,0,0
519.5481731553291,1.437701704745083,0,0,0
490.1154798760694,2.252460929232608,0,0,0
543.5975389500046,6.450407870452763,0,0,0
246.77539147803148,0.5851733852479251,3,0,0
568.2069490062631,4.158516055025064,1,0,0
512.6177903661967,5.156092433923396,3,0,0
477.75251032217346,2.219845106457443,1,0,0
704.6862195719558,5.355040849594009,2,0,0
432.5065981209448,1.014592344154202,4,0,1
459.6924010934969,6.115903815171571,1,0,0
699.1553302204734,2.4265847079110636,0,0,0
416.7938695150143,0.08582704259911393,1,0,0
444.9884717063461,4.747578640146951,0,0,0
485.297457656915,1.325130460265707,0,0,0
584.0734482129549,1.2335837003918233,0,0,0
520.7802507353314,1.6715729044656291,2,0,0
370.73746528477375,0.32359025776513034,1,1,1
446.78314368728104,1.2666120316207614,2,0,0
439.26455667877883,3.557219218339679,0,1,1
492.27789547769544,0.031207128070568767,3,0,0
542.5843658629828,0.6374297213117907,0,0,0
541.8205755887972,0.004915207759731467,1,0,0
322.3988245951598,1.0747201692980328,1,0,0
606.3940987560857,2.6062277020335975,1,0,0
525.2568845996624,3.2066316724336668,0,0,0
638.4532047593906,5.807756523465342,0,0,0
544.4198327290671,1.8755630928648246,0,0,0
610.1322957735762,0.5877406717115972,2,0,0
546.6545311450127,5.157941070288824,2,0,0
634.6225756202748,2.986118425951622,0,0,0
552.2250636017778,1.7086445350874606,0,0,0
490.2084753557096,2.3790895528730105,1,0,0
727.2434720446881,5.162386384354503,0,0,0
588.9037122279892,2.4923277800877033,2,0,0
557.3744421004413,0.9189172715394194,2,0,0
372.3695583461664,2.4967426677331708,2,0,0
371.1692382536462,0.08222357871217002,0,0,0
529.2715482141854,0.976874781547622,0,0,0
514.552119776824,1.0428398644032215,2,1,1
438.58774349916837,0.36505491859084294,1,0,0
514.098269961206,0.04671224731055814,1,0,0
658.8626928043595,0.2863122364236674,2,0,0
569.5402474550299,2.126228699416784,0,0,0
385.89914902472617,3.2418959633673037,0,0,0
488.84911728570563,8.879903570273404,1,0,0
419.5033519147439,0.850407794396084,3,0,0
461.2300083591439,1.8294799810960352,2,0,0
458.6384334370357,5.5338485293124835,1,0,0
452.2354417395995,0.36554359148416593,0,0,0
374.4864628026605,2.5291844222396986,2,0,0
487.234531848181,2.8128205374636206,2,0,0
443.939236315269,0.1863710558654644,1,0,0
207.0551309997732,3.9501541905047315,0,0,0
705.2972024501663,3.354417138447254,2,0,0
608.8769654216673,0.06794726008604846,2,0,0
462.3699275075004,0.19100610954312439,1,0,0
501.88190497405986,0.10074931480506522,0,1,1
382.8345652682438,0.8151652924187095,7,0,1
669.5722877810865,1.4237998003783325,0,0,0
689.7288694773112,1.5200605353642707,2,1,1
515.6693728246524,0.6230392447946738,1,1,1
602.3530644185345,4.851696180104689,0,0,0
517.5286778933923,0.9185635561324753,0,0,0
366.32745611240694,0.09324036808770896,0,0,0
458.8176631036343,0.7139988832830818,0,0,0
513.1927966771957,1.5147716961712725,0,0,0
454.54522812565557,1.0492468292675918,1,0,0
478.1346722564964,0.6399767436778793,0,0,0
490.86004424908856,0.28156840386685084,0,0,0
491.91215021345386,3.42033500254546,2,0,0
505.2258490497483,11.11689416354242,1,0,0
393.9394933603399,0.7995888343932938,2,0,0
428.2983850872064,0.9613076246554924,1,0,0
371.54157343000304,1.9248658146785709,0,0,0
597.7815549686201,2.534829895973853,2,0,0
289.4353058159676,0.9952579503509212,0,0,0
615.3590343316926,4.706273471931605,3,0,0
638.6349397262843,1.6419792370805808,1,0,0
469.78194130173785,1.1970929644140804,0,0,0
239.68629121727014,2.0807212132335233,1,0,0
463.86894380327095,6.106885840834515,0,0,0
493.5815838711181,3.165127503002856,1,0,0
398.94017800710867,0.08167134450909887,0,0,0
448.4781606191757,0.8078623026632069,0,0,0
653.0195198863352,1.2718130166890163,1,0,0
566.4927162301741,0.7552648289145568,0,0,0
407.54358856219,2.4091964052297454,1,0,0
340.2400830404568,3.5004960312955933,1,0,0
467.2982682390229,2.6286552094143176,1,0,0
478.6543220649562,9.08125461002166,0,0,0
549.6199187363317,0.6364135549340258,2,0,0
446.4683287432341,4.158715010812709,4,0,1
551.1499575361861,2.910197345123548,0,0,0
693.5154040060229,0.8993944383134149,3,0,0
581.5501022444263,2.6494545781626653,0,0,0
495.19114926692276,0.21979928477768906,2,0,0
481.6849528946705,3.114957761632776,2,0,0
464.33268658201285,1.5199872969561923,2,0,0
618.0640912452145,0.691442235517299,0,1,1
437.2686554048697,2.1329329050669346,1,0,0
504.52227089999826,2.0523227988452777,0,0,0
505.11979018810854,0.47014438783955953,1,0,0
449.8215807188468,0.06173799485680714,1,0,0
362.7534452115899,1.136989230804287,2,0,0
532.2974503617668,1.685671053123242,1,0,0
493.8996028144617,4.1847338858076215,0,0,0
550.024046943657,5.268209505921158,2,0,0
446.6399693560833,1.5049674417855305,3,0,0
622.0821298813048,2.8032504309769153,1,0,0
412.32262187881554,1.1571502240344154,0,0,0
671.2040284017893,2.7414890307191278,1,0,0
325.23634901717384,0.4583270826433008,0,0,0
543.4770064556891,0.9274538891895184,0,0,0
547.5430682526624,2.0114901745428293,0,0,0
420.4442932059118,0.03664968934842324,4,0,1
542.4393937861013,2.5635898666241044,1,0,0
627.9518669760159,3.610121090496142,0,0,0
278.3181160645936,1.0187921624112335,1,0,0
550.2744807490815,1.1882058428752311,2,0,0
250.67291796699226,3.8114096214469955,2,0,0
403.4335196476792,2.9891372158207092,3,0,0
662.9166364900946,0.6797746922433271,1,0,0
441.8217966607946,0.783053716481274,1,0,0
382.61200355910273,2.271869778871342,0,0,0
480.2062271015318,1.656550974910239,0,0,0
706.7906338163552,0.35402233444134573,3,0,0
316.8317752793974,0.7419242114450396,0,0,0
394.8690088360655,4.604835751524335,0,0,0
649.7431683179626,2.3306226791628704,1,1,1
685.7702343537733,8.533730357765817,2,0,0
489.65687757097163,2.913541207207914,1,0,0
376.09472974733575,5.693743080920096,2,0,0
709.5843501809159,0.4871736309184349,0,0,0
659.4442391749196,2.9523057549543723,2,0,0
567.8946987762233,0.04084938257725065,2,0,0
418.759765106258,2.22193675364419,1,0,0
495.0970659161963,1.2670499926027061,2,0,0
483.9639918955169,0.851621585742133,3,0,0
533.0851304615578,3.966871968040237,2,0,0
645.1001438131336,3.8519677031322628,1,0,0
587.9417041137403,0.045108296514164196,0,0,0
392.2623923015242,1.8806808549132619,1,0,0
637.6496450019538,0.9172009044380912,2,0,0
531.3132140013155,1.0745479753653073,1,0,0
568.7065795858916,3.568067648670973,1,0,0
646.6540859278603,0.7416629863426503,0,0,0
388.8419750486449,5.731121409961544,0,1,1
496.41744212935373,0.39600897038868355,1,0,0
446.8545448640785,2.1736980362574814,0,0,0
343.2140574634544,2.2301240963497735,1,0,0
534.670997760492,0.581226492101494,1,0,0
751.1556551584424,0.7853463762988733,2,0,0
315.9922255494247,3.6011785862362555,0,0,0
496.771938895053,2.869333366816403,1,0,0
564.0542935074774,0.7982580877933744,3,0,0
512.3078201656181,1.5269528045659446,2,0,0
488.68719474842595,0.12732910499216618,1,0,0
370.07836365541755,0.4682722032354151,0,0,0
523.2786742940164,1.3303659343504997,2,0,0
424.32360229840737,0.1797919438449809,1,0,0
281.00782950214466,3.7072572551900658,4,1,1
619.4592220513731,2.531740459889659,1,0,0
595.8385819842042,5.751766592131427,0,0,0
505.16609768510796,2.364859110836842,1,0,0
522.9074688205702,5.640245459418433,2,0,0
607.4318012715562,1.6171724316752023,1,0,0
522.4339656778083,1.8336748178595084,2,0,0
590.4017554761315,7.542006719566058,1,0,0
470.251779912615,2.055166206193235,1,1,1
631.1983738573947,0.06254086434245036,0,0,0
532.0785725932684,2.573280182056469,3,0,0
519.4051943605874,4.717648398434086,2,0,0
372.9938911287968,3.175159600096268,1,0,0
528.6955854301709,1.7533386241127897,0,0,0
416.8045082505549,2.2252409724212505,1,0,0
436.1717273471506,9.249070825256807,1,0,0
418.4624371683879,0.1900770281381494,0,0,0
393.3765068100775,2.200696561060257,2,0,0
712.4771403016962,0.6664685138778904,1,0,0
633.1339061988404,2.043804761383048,1,0,0
692.0367502144261,1.871067268699093,1,0,0
377.7104980444436,0.33318816594326656,2,0,0
507.12537499108925,0.46322524005015936,1,0,0
370.6492374795904,1.9437632218713727,0,0,0
430.4305122802936,0.27445918176965517,1,0,0
408.1873016583425,0.6162617973335115,0,0,0
623.9584006441562,3.6065981632252755,2,0,0
460.37703218982404,0.7922918517895737,2,1,1
606.8379333694016,1.3390963071192485,3,1,1
560.4120889588518,5.665198460284114,0,0,0
730.3638752104789,0.5153382388391293,3,0,0
352.0555776860276,0.9873668467541237,1,0,0
625.92332397868,1.8651338240731343,2,0,0
614.6440870400728,2.8157628238587056,0,0,0
402.66211619729654,4.6385143400992765,2,1,1
600.713333647316,4.941368244035087,0,0,0
533.6144963026229,2.9979415847603432,2,0,0
477.2523740046592,0.5183987312378364,0,0,0
417.60645130280005,0.0502445363454865,0,0,0
428.08905485508143,0.9682827731986131,0,0,0
704.9812095785926,0.3052510059735542,1,0,0
500.06828189574827,2.4784239310138925,2,0,0
578.2130001531459,2.164280915380222,0,0,0
420.9100618332447,0.08993540558961374,0,0,0
422.0147053778361,3.623032051733849,0,0,0
608.1984809249942,0.5720156596667315,0,0,0
365.0423788448468,1.1320674419774408,3,0,0
458.47862320947286,2.204841475961412,2,1,1
503.4027411072232,1.122199530954147,1,1,1
511.13726018400524,1.1642415827218517,0,0,0
482.0906714983844,0.13576125623743096,0,0,0
539.5819781095923,1.0264688761288323,4,0,1
569.2855755817811,2.8950454226571427,3,1,1
573.4637545459329,4.934361464997105,0,0,0
401.41961913321734,1.0671554590162906,1,0,0
471.58449020712027,1.1018576522441705,3,0,0
619.4762861876937,2.425536786879354,1,0,0
589.4647187573872,5.7214240183832255,1,0,0
362.7140548518936,0.6213854373362071,2,0,0
535.1479900352201,1.1601520801793077,1,0,0
302.17747506251897,3.179008269362341,1,0,0
504.693490206037,1.881646257641424,1,0,0
689.7767016745977,0.23438569362307315,0,0,0
405.2107282731014,1.9762864597660772,2,0,0
416.5676954508418,0.41342429010595727,2,0,0
576.4029781572859,1.4275813335977676,2,0,0
345.7198484790354,1.5062329218758572,1,1,1
436.7244970114961,4.178230155244255,0,0,0
559.6441137581753,1.2416317320738939,1,0,0
436.5714152310597,0.6554599062284806,1,0,0
476.4030012789028,0.5252410999733207,1,0,0
574.4185710315035,4.1469487880895075,1,0,0
542.1546083536562,0.37509643464010045,2,0,0
526.6818396295401,1.1097938417357252,0,0,0
466.08777207299613,0.41447425119472064,0,0,0
537.0061115268956,2.96829108608134,2,0,0
487.6267319900243,1.286325516647465,0,1,1
545.7805609925784,0.8650879796128632,0,0,0
450.30679748820216,0.8960135377721519,1,1,1
481.74310256204586,3.823982792706129,1,0,0
401.0042207447986,1.61385925284048,0,1,1
496.4992389993764,2.5307594095982124,0,0,0
418.8999136371155,4.54680060973693,2,0,0
388.5953549838007,4.640310619177682,1,0,0
525.8661147855388,0.7965094937187228,2,0,0
521.273977585766,6.092000109872666,2,0,0
578.2873734948572,0.050381031176940184,1,0,0
456.8874430424901,0.9458896960360333,1,0,0
540.8052846836756,4.522864370632937,1,0,0
555.0797572273664,0.6421657881776486,0,0,0
544.4773807831594,0.6378816878610638,0,0,0
417.4346317197858,0.7208561995412552,0,1,1
514.9363482271189,1.8951159172459207,1,1,1
536.4140296054661,1.1536914637856015,1,0,0
500.7178466907942,2.594625319580678,4,0,1
291.35223416289153,4.50588853509175,1,0,0
516.048962397348,2.2429393285716643,2,0,0
721.2531039397243,0.457485194008057,1,0,0
463.99607312430174,5.396652337066586,1,0,0
427.1922902144679,0.6143900989064569,1,0,0
537.3348559711399,0.3247891575843667,3,0,0
531.2378210466571,0.18854944564408405,1,0,0
619.2735165416415,1.6574011895168903,0,0,0
374.21318440911125,0.241540526544156,1,0,0
573.1380252574993,0.2988010224559411,2,0,0
559.0422061251463,0.713436977189279,0,0,0
485.7853463059454,0.6616051065058711,1,0,0
533.868731792169,1.853892149557171,0,0,0
602.9457481598357,3.3937563570144462,0,0,0
587.231538002845,2.86551158987999,0,0,0
385.69806879262717,0.608936225279535,0,0,0
582.0158186755484,0.5628977398649259,0,0,0
493.53113949674815,6.750564015769351,0,0,0
507.2874098015515,0.016540693649594148,1,0,0
507.31969910016943,4.235874705398327,2,0,0
484.975701120174,0.44560851556755265,0,0,0
619.1707497107064,5.885684786188299,1,0,0
491.6282040150788,0.838034909905127,0,0,0
388.04538716168315,1.1608937205988712,3,0,0
460.64701440302713,2.4559888128083847,1,0,0
517.8694716810476,1.7718579579212905,0,0,0
622.9214784297051,0.7652733314423307,2,0,0
560.3094684948834,1.6141145728060793,1,0,0
414.9464721252956,2.6239096868169756,1,0,0
748.5189916678892,0.08651438504922332,1,0,0
526.477531097798,0.022524979330779436,1,0,0
627.5390737999015,1.2252255779884778,0,0,0
484.8285566422771,0.28275070739510483,0,0,0
553.3359244705449,2.183338642675209,1,0,0
583.9468504518404,0.4817304539657319,0,0,0
621.8194711754256,1.1342668229666049,2,0,0
605.7368305378225,0.4404729042353031,1,0,0
587.2197000072978,1.590287103711929,0,0,0
468.49132688058916,0.24671738518015607,0,0,0
442.82539580439385,0.046756002355797494,1,0,0
533.2607510324198,0.10497040486973583,0,0,0
593.3128072341069,6.169496036562507,1,0,0
477.7279299223393,0.3069696465434083,0,0,0
606.5171965714387,2.4652813453402214,2,0,0
645.261674548618,0.14068657482538258,1,0,0
408.367908092658,0.22893785928393304,1,0,0
416.307929620372,1.4221182983065082,2,0,0
485.9624941094664,1.250494618269541,1,0,0
530.7612668189197,6.055697436475155,1,0,0
447.5432986232949,5.794869593815906,2,0,0
635.2202678867145,3.0247008309196364,0,0,0
542.4066861518452,1.8431183220508005,1,0,0
503.94470482407394,1.2137933496933027,0,0,0
356.4090476131472,0.8806676370607947,1,0,0
368.41841835724927,5.878233121864851,1,0,0
528.1009250281807,1.8471786610524779,2,0,0
286.7404373845164,1.730589469858694,3,0,0
601.2637409644071,0.5276736128500257,0,0,0
484.184615562768,0.09564668094697884,1,1,1
824.3092969594734,5.807713416383337,2,0,0
730.7916250616111,0.7529836113054333,0,0,0
481.8550930752483,1.1689049429835305,0,0,0
489.3662997468685,0.24352174661312956,1,0,0
599.558151400203,3.627081904426338,1,1,1
670.3172609918038,0.05604154691206979,1,0,0
336.1970942563983,3.5914236843371103,3,0,0
321.3624534645313,0.3023087097633048,0,0,0
437.79651944456185,4.353034941312421,0,0,0
558.2737583173864,2.616983180794738,2,0,0
549.6873590507597,0.3598574737620766,1,0,0
606.977145498385,1.6685829230034932,0,0,0
380.0302471634692,0.7498416832558381,0,0,0
268.3856137031123,0.39259699891853717,1,0,0
585.8014195302145,3.9205768372242034,0,0,0
417.18037270347656,1.033428409982056,0,0,0
298.1512135611362,1.0168028435901455,0,0,0
514.5063745959382,0.37238610226834007,1,1,1
579.3175688218678,0.9659854099312837,0,0,0
487.7942867878723,4.105472196544178,1,1,1
454.21516138175105,0.9023754022197394,0,0,0
484.06377678540935,6.056658146672162,1,0,0
462.94172375992173,5.849016024054227,1,0,0
365.1952888059833,0.31307057988650105,3,0,0
428.53193230095684,0.3903546873381289,0,0,0
552.1279905013814,3.9707962598751707,2,0,0
532.16785413765,0.9976653843994193,0,0,0
516.805980596682,0.008767152258557362,0,0,0
400.48515181466206,0.6400574457240364,2,0,0
481.8496837864333,1.820761426954348,0,0,0
282.2934953557145,3.2115489217491424,1,0,0
517.847666388539,0.2863292692580724,2,0,0
642.8857707813568,0.23428455191112255,0,0,0
352.5867867957894,5.104470049353757,4,0,1
441.4072326682245,2.781796829637127,3,0,0
532.9106778710129,1.7821214092780973,2,0,0
625.2842634427484,2.9322930205330895,0,0,0
455.1775383699851,1.1202220856810143,1,0,0
430.7749670734104,2.8414051634401707,0,0,0
303.10768575839165,0.9298029070969758,3,0,0
510.34381293081066,0.5596780130348662,1,0,0
704.2076040143744,2.611371968790295,0,0,0
527.7358461964676,1.0883246429595226,1,0,0
497.77210208162865,7.966727010112905,1,0,0
532.2082310766986,0.8599824047243778,0,1,1
498.8907996051398,5.095115871344951,3,0,0
418.698562773987,5.405007678299298,0,0,0
582.3279915677705,0.5537558218434543,0,0,0
522.5761523111754,3.2011662796845783,1,0,0
501.76132519336574,1.1350547725196,0,0,0
402.46339727217503,4.990513509143875,1,0,0
630.350793193476,1.1961259530642236,0,0,0
566.470274533311,2.727529869352687,0,0,0
444.7079162632698,1.2583454213029694,0,0,0
600.1824853681937,0.5170253476032147,2,1,1
450.2429161614793,0.44466308452733805,1,1,1
421.7996507488963,1.1082708451144916,1,0,0
424.02968825197127,2.8170362352067593,1,0,0
322.89314469119086,1.8581010112003478,3,0,0
547.1542380418206,2.333542165549293,0,0,0
316.885512166165,0.6634806814893089,2,0,0
377.15561687342375,1.3133811293879594,0,0,0
292.4411990921467,0.09082181701713528,1,1,1
491.3930307209107,3.402365486849047,0,0,0
484.9679539728128,9.188888280451097,0,0,0
467.3303786813636,1.0447139183333292,0,0,0
395.74223053294236,0.022048393807669382,2,0,0
382.776624656336,0.37215955505589765,0,1,1
546.4369863546574,2.1141359260260413,2,0,0
444.9448068291512,1.8939087772353018,0,0,0
531.6358321536145,3.1010621853130123,0,0,0
411.47513138757773,0.5857484191578142,1,1,1
518.1062742771082,2.8847300182179163,0,0,0
630.3278037316063,2.329401758837676,0,0,0
558.6165800392783,0.7796200745432756,1,0,0
458.758618178352,1.5770625776444553,0,0,0
525.7198970355928,0.318633555485663,1,0,0
475.9334825469787,1.2050212774527373,1,0,0
500.78801846947283,4.26058295598311,3,0,0
467.4388947851496,1.0935667823044233,1,0,0
483.5664794114609,3.659754078947817,0,1,1
521.2093353074175,1.7844325487006003,5,0,1
400.6641300418049,0.4260812986129986,2,0,0
398.4121173010022,1.7402759170234086,0,0,0
361.1457446168789,1.4103720314359984,1,0,0
339.97288954962903,1.0171274848200547,0,1,1
378.27173077795203,0.25482700914194206,0,0,0
515.946250680413,1.0781369969822863,0,0,0
410.7212484508116,0.15109081990747766,2,0,0
551.3614464231097,0.20798745893542447,4,0,1
503.4713748752562,1.0754227666120395,0,0,0
303.14957865619465,0.728784958067922,0,0,0
565.4975584221689,5.195102617365408,1,0,0
581.079864559171,0.9422671119620276,2,0,0
400.6137325165147,2.8364629043733047,0,0,0
542.0191542894992,1.5110987497017894,1,0,0
414.3501762590801,2.435370575274828,1,0,0
509.76703767483355,0.6025236777450829,1,0,0
373.55015930450344,5.691350419617093,4,0,1
320.68935474654234,1.510421786628703,0,0,0
461.71828103870314,3.5595519730838068,2,0,0
487.6271053725164,0.908404481817326,0,0,0
460.2320306385396,0.21119075102720766,0,0,0
381.59694417774404,2.2399475447512858,1,0,0
460.0100937868863,0.015579822124613509,0,0,0
526.9294752580734,1.2898304455193437,2,0,0
495.5106969877463,0.4283723341290378,0,0,0
518.2501030599213,1.9743681614388724,0,0,0
432.9884799545767,7.76685876850749,1,0,0
617.171791471616,1.2487461829386457,2,0,0
382.3826663445219,3.4019911054424097,0,0,0
548.7560297086718,1.4176760285157461,2,0,0
618.1891092959961,1.3697233253358447,0,0,0
548.0908092748896,5.330656628590443,1,0,0
479.747577293517,4.413929354393612,0,0,0
447.1702953337021,3.0816945854335183,3,0,0
603.6087651046256,0.7026805495795334,1,0,0
357.7025074738327,1.5749527125976284,1,0,0
402.98757396203564,0.5069406725201255,1,0,0
460.24422345082786,1.1736743445933906,0,0,0
623.7653757511998,1.3241230338277463,1,0,0
537.9767636040896,3.563301947343375,1,0,0
403.19542414897546,4.527274321103177,3,0,0
468.96922946150966,1.070988353146235,1,0,0
438.56768559037056,0.03572608696055073,2,0,0
429.0211007766465,3.9577281863102587,1,0,0
597.888955855678,0.38299589112245286,1,1,1
362.8256870736494,1.9450977345336773,4,0,1
660.8780855734374,0.050575925442161565,1,0,0
582.8229690184622,1.0200068412704966,2,0,0
609.0861670603698,8.531732797606598,0,0,0
453.7060487974742,0.21226296133620767,0,0,0
485.00592809208905,1.1022300758190235,1,1,1
356.68481854752883,0.7338833630917675,2,0,0
447.5337592933197,4.709612864991173,1,0,0
549.365484764315,4.070315150867211,0,0,0
629.6063061781397,0.5428269474695523,1,0,0
389.28431831975485,0.16934703194518322,0,0,0
463.4494063014734,1.9730959156826493,1,0,0
484.8700779767478,0.8200571454344355,3,0,0
360.4210797807515,2.2299979842709194,0,1,1
559.1349241758401,0.06529382860994908,0,0,0
427.6009668257391,0.28635377424263275,2,0,0
480.4609648822976,2.319096901942087,0,0,0
454.80506280881224,0.4774553490690515,1,0,0
421.06614942803253,3.89805747427371,1,0,0
499.2955014519445,0.12075494110568719,1,0,0
478.43904214319775,0.48537148115785117,1,0,0
462.81421177213343,13.0865694787194,1,0,0
427.1538378319657,1.135060407984904,2,0,0
531.9524670782955,2.4278150718021467,2,0,0
665.3617268492285,0.4034076884925811,0,0,0
513.9887232839127,1.882544039055208,2,0,0
599.6118214911129,2.590028716756206,2,0,0
360.97780748465374,0.7551453944297487,1,0,0
515.776143929377,3.5309804381346788,1,0,0
390.26316810289336,1.8497427736086138,0,0,0
352.30750724680985,0.9857193302893381,1,0,0
426.06285925409634,1.6312733183729644,0,1,1
619.1899334413573,1.7196357744135349,0,1,1
595.0015828669646,0.3619296575967721,2,0,0
524.30047220544,1.0307799487242124,1,0,0
346.7299440110069,0.8414537209392312,0,1,1
480.37193486120634,1.024662588702267,0,0,0
530.1700008901736,2.863509094925823,0,0,0
517.5536229578598,1.3176399478475174,1,0,0
315.62064165192544,5.637387737434431,0,0,0
410.9682151980128,0.6953636169489377,4,0,1
493.59222358512835,1.0746937069896008,1,0,0
553.629090951719,3.092520732246547,3,0,0
280.38721789000533,1.5794245054361518,2,0,0
483.78760245201414,1.5838505776335274,1,0,0
514.3048769878952,0.10963090192622899,1,0,0
584.9611988516212,1.0169888952011115,0,0,0
569.2857584237437,0.6314327264217765,1,0,0
558.2571318808805,14.631816485626562,1,0,0
420.0059493298066,0.7373651257990148,3,0,0
309.1997862876692,4.3169094953712035,0,0,0
460.6947242938599,2.2554668559462527,1,1,1
600.163182520856,0.8338098151904499,1,0,0
639.3454527524432,1.5684837807581147,1,0,0
571.0549102297786,3.671872669444809,0,1,1
542.9340822801735,4.297468310985693,0,0,0
537.9639648385966,0.34964479185808917,1,0,0
444.38812532392194,0.8297377945456623,1,0,0
486.993970644638,0.8166078079988379,0,0,0
666.906952582633,0.08590852420065218,1,0,0
405.7441994208124,1.8237896155036588,2,0,0
661.4778790709852,3.859562584271517,1,0,0
467.79718455079416,0.9611567314511318,0,0,0
632.5432109095078,2.694423814926311,0,0,0
359.31849905024615,1.9761128180762288,1,0,0
558.5904201164649,0.9420842902110099,2,0,0
426.32298640523777,0.3041119493249176,2,0,0
358.47328080758126,2.471091055353468,2,0,0
521.8534042410946,3.8560543784191212,4,0,1
600.9471788595969,2.315798000830508,2,1,1
415.5058561406504,0.03608046987569653,1,0,0
350.09840395415983,0.4872867238694553,1,0,0
490.8155235665045,0.14402338613022111,0,1,1
491.2564671222819,1.689736759289618,0,0,0
554.8319627554499,2.825093345308455,1,0,0
594.9594571364488,0.2343696001744242,1,0,0
494.0584818727506,3.6444928666914382,1,0,0
685.5503314794263,1.6216508461943133,0,0,0
522.4234744535291,2.342166051331102,2,1,1
465.35734939931,7.108826399822641,2,0,0
338.8432640897172,0.1747814176668724,0,0,0
473.7340479683832,4.629801702683894,1,0,0
466.36130545888636,0.26958482272031814,2,0,0
596.0304796281471,0.9983172527295917,1,0,0
546.2483624066854,3.813515173213478,0,0,0
382.0630878367383,4.7343376140467885,2,0,0
517.2254386411038,1.4119448411364806,1,0,0
567.1531171729054,1.8033197646816972,0,0,0
652.8031359387833,2.4630123491908233,2,0,0
588.7503967414059,3.5766348212613432,0,0,0
576.0846654311478,0.2591041715288055,1,0,0
506.0085994615164,3.32219210704789,1,0,0
538.831200542345,1.3127672386653813,6,0,1
624.9504900706158,1.1979422876990025,2,0,0
366.722260252035,1.102947183515725,0,1,1
465.0560672783044,1.4234843424895331,2,0,0
422.7431251243759,5.802683338117247,0,0,0
537.9153118726124,1.5890480511266771,1,0,0
623.0222175650788,6.122784479112323,1,0,0
440.3025713278926,0.3976096383121697,2,0,0
260.9695632530562,2.5756944231999466,0,0,0
458.777925497553,3.345176540193119,0,0,0
591.3473732017407,2.273431160268759,0,0,0
553.762990294988,1.8674958528540864,1,0,0
542.8186247810576,1.663957904352616,0,0,0
472.000669812552,3.9455626910786297,2,0,0
372.09692637802135,3.447976575643645,0,0,0
551.5294321624467,0.26087515808012235,3,0,0
416.57181899653756,3.775496831492379,3,0,0
718.4096733380456,1.069105188565732,0,1,1
557.0507208354516,0.5852467344532065,0,0,0
441.9351697446049,4.0768843304792695,0,0,0
438.8614752611372,1.1313550450823582,0,0,0
490.7055793386412,3.3043222823190175,1,0,0
476.049807797825,0.6114303570688722,2,1,1
611.6833775529955,0.007874122975521203,1,0,0
518.6416169744047,1.3682131124828785,2,1,1
426.8368261091472,0.21122833263305701,2,0,0
689.0440685155783,2.807906373087855,2,0,0
504.9308331520223,0.6461353421664795,1,0,0
576.8839675968896,1.1726997229698906,1,1,1
439.17734925552406,0.18211232516109463,2,0,0
536.3115627744523,0.6755921206308247,0,0,0
531.1109991143195,3.041849224329147,0,0,0
311.0350707903847,0.3287776165634997,1,1,1
701.527511046064,2.083478677524318,3,0,0
629.0644460922547,4.988117270788222,0,0,0
460.28046838540126,2.277848575002304,1,0,0
389.77302595441444,3.332246057335293,2,0,0
534.7561613803553,0.23075802121701616,1,0,0
508.66976994143965,0.5773166336520568,1,0,0
535.566894856323,4.498825323153079,0,0,0
519.157739619409,2.5112734829831886,3,0,0
550.6240989305926,2.0408252874886275,0,0,0
644.7305699391807,2.1799002443148745,0,0,0
556.8103205128646,1.0695555816485192,0,0,0
395.0344501090059,0.09115957230110022,2,0,0
636.2562852712451,3.0690462794626012,2,0,0
664.0614563488288,2.270842419047755,1,0,0
815.2056734512084,1.2803675268366357,3,1,1
387.6505966760402,4.600368262586641,1,0,0
524.2882013150275,0.819427235471175,2,0,0
291.79012968110123,0.6971917474749718,3,0,0
555.3149156379209,4.123931475217131,2,0,0
445.1799701833227,3.188976975588601,1,0,0
692.3445794824953,1.4471295227637386,0,1,1
422.5385029981418,0.28021390452150563,1,0,0
331.08169620327385,0.48432522359400915,0,0,0
452.873625929748,2.1355532082988025,1,0,0
302.4512228782862,0.9724001336456845,1,0,0
575.109945450731,3.6215566734798705,0,0,0
293.49169537436796,5.989665729574852,0,0,0
502.84575811831587,3.2760546996548574,1,0,0
292.2188180143803,0.9481692439463576,1,0,0
467.9702195463358,3.1088242625981275,2,1,1
664.3378155804534,0.8660066771852476,4,0,1
536.0647891435794,0.36568359482880547,1,0,0
413.65063950350657,0.06792697932385432,1,0,0
496.8796511060916,0.974598154739827,0,0,0
501.80168720444465,4.677654011267731,0,0,0
547.2630345843405,0.5462085935519856,0,1,1
363.31416367191736,0.4626366602342316,1,0,0
559.256727384733,7.001203689141457,0,0,0
229.56083683972247,0.050644052602973146,1,0,0
437.011544763619,3.081523585890574,1,0,0
451.17261575484554,0.7753583074518683,0,0,0
563.3326826071238,0.07641740111053079,0,0,0
502.2630852676869,4.997261760380984,2,0,0
359.44369461437134,0.30081416217969215,1,0,0
401.50068741829847,1.6049389952683033,2,0,0
519.8680009547406,0.6405598656517928,0,0,0
492.09326581354435,0.1348299530037214,2,0,0
442.08758903642536,0.10242340735522942,0,1,1
451.9166210488021,0.24559374026983022,4,0,1
569.6167997159289,0.1480833632329486,1,0,0
448.23074271307854,2.8588890902083195,2,0,0
491.19087559709266,1.3293768100711456,0,0,0
716.9936588080543,0.8398140589241608,2,0,0
357.6317363116077,1.0838377968700281,0,0,0
314.8157268425341,5.288650960000191,0,0,0
578.3589664798607,4.832668338640442,0,0,0
432.13569387058965,2.515285069334236,4,0,1
468.176247225738,4.320130044581249,1,0,0
421.88436218688855,0.770290016470458,1,0,0
474.0199859232487,0.959653278067919,1,0,0
659.8538112096342,1.9023450890122835,0,0,0
580.212845861812,1.954343618161641,3,0,0
586.2223511886978,1.3144014825000845,2,0,0
358.37729442073544,1.0238452786616972,1,0,0
384.88462634471307,8.56332201711854,2,0,0
216.09213405145732,3.442120720902874,0,0,0
419.0619178917246,1.1417890009282035,0,0,0
595.6703186385658,2.5987108065950997,0,0,0
551.694651574837,0.6282210096353612,0,0,0
477.8486737047876,0.2110973472442515,0,0,0
497.7699716281947,0.8690599336777538,0,1,1
431.1114457424594,1.0315852113901294,0,0,0
520.4758882401784,0.03335077851624713,0,0,0
576.5878279480614,3.3725515399829518,0,0,0
338.41132125895274,0.8900551747679147,1,0,0
529.9647687837348,1.7369933929723482,0,0,0
593.2434870954667,0.15368258111829466,3,0,0
458.48997110366304,0.3847360974323158,1,0,0
570.0700612120584,4.408988934022475,0,0,0
781.4654444472553,1.8764977534623448,0,0,0
489.5657207013108,6.002858950482033,0,0,0
539.3307050005324,13.369278482199928,1,0,0
426.19429163386087,0.9299847820666545,1,0,0
518.125116260205,0.7099329914307807,0,0,0
546.0271624982304,3.908877601895817,0,0,0
519.4842340270138,13.158957409703323,0,0,0
398.03046802911433,1.9865662118575778,4,0,1
520.6361771325451,3.1708639736700044,1,0,0
646.2195938717637,3.0441902198839568,1,0,0
544.8635764514527,0.8780635606816669,1,0,0
596.1987189071841,1.7079016593127117,2,0,0
476.29880299873724,3.5802049807227214,1,0,0
574.9900239423711,2.330234291626392,1,0,0
527.9267838216526,0.04278195663949323,0,0,0
404.9089270312768,0.8210728979866094,1,0,0
531.8521004798874,0.31208155526192743,2,0,0
400.83033365596896,0.5304644978148889,2,0,0
436.7119725115208,4.718088202766344,2,0,0
518.9328307292374,0.07518212444635737,3,0,0
529.7244273380124,0.4964117888954207,0,0,0
381.0767534922871,0.740879497772473,1,0,0
605.3985771182877,1.918835302880502,2,0,0
557.2006278300473,1.5275757754762347,0,0,0
429.5271564389116,0.4924904101138719,1,1,1
346.24152035508246,0.35883013080601756,3,0,0
485.5095420918569,0.5404651672732942,1,0,0
455.405628613884,1.3964385506316739,2,0,0
511.3140457053023,0.6326509057263154,1,0,0
463.68833388444335,5.8977928588002895,2,0,0
299.254313925499,1.2467393939242213,1,0,0
461.16530616988416,0.12119077964474124,4,0,1
469.4380888931687,2.613239977956101,0,0,0
563.3661024774059,0.7975111991986126,0,0,0
430.18003253889503,2.1196810375009556,0,0,0
667.8674673372566,0.65588170266891,1,1,1
308.8359449348243,1.6914023995456948,2,0,0
631.1167497802625,2.9581575091254235,1,0,0
477.56810291218954,5.2624211617455465,0,0,0
585.9584872343556,0.6052588442732485,0,0,0
507.9801484058733,0.8155063003593386,2,0,0
613.955553602547,1.2482365885105784,1,1,1
461.2638035447189,5.239387496006051,1,0,0
390.1379574822188,4.6331014563811745,3,1,1
642.0504287271064,0.18835386056979106,0,0,0
488.65193541178587,0.28296544336778623,2,0,0
522.155847362421,1.368411260593444,1,0,0
623.4751914044796,0.2254848854456923,0,0,0
396.8044757905565,0.8480145327056796,2,0,0
559.5490897639257,0.32124235266541534,2,0,0
441.01052435371093,2.0214245664767936,2,1,1
486.78306443556284,5.971382972362957,1,0,0
507.22789653842887,11.44823790901407,2,0,0
349.9778138553064,0.9407790313707908,2,0,0
422.1162957179565,1.8276507323473425,1,0,0
635.107289241314,3.8796048279402666,2,0,0
588.6191188584796,0.24990702819381094,2,0,0
493.7360422672765,2.3395576842587533,2,0,0
524.3123458512894,1.0513495295806476,0,0,0
470.5757494363542,0.4617118312747316,4,1,1
635.6583385827983,1.0308511036216035,1,0,0
479.9647422205836,0.15800045757769174,3,0,0
523.1842092134848,2.3775586151458374,3,0,0
614.6030144142065,0.5826913337811545,4,0,1
422.26285151540935,0.7462058519382236,0,0,0
655.8789184496894,0.25812575008268024,0,0,0
346.9538590256623,3.9999172018207596,1,0,0
662.9642131112798,1.3602419001128305,0,0,0
462.73244160480255,1.6979506293911883,1,0,0
475.7301252174718,1.6853031964421692,1,0,0
310.99898288170573,1.0569377578111296,2,0,0
454.5205282622307,0.4276985431075958,1,0,0
396.0193468973116,2.734024903440825,1,0,0
439.23536546265274,0.27176835160218255,1,0,0
486.26890342111204,0.21934803372617087,0,0,0
595.7791614472906,2.4767492215025544,1,0,0
520.7603351400626,0.4685025800522974,2,0,0
530.7676653401114,0.7327948268410083,1,0,0
390.44806111544375,1.2895807615175863,2,0,0
411.924591039727,1.193316543203534,1,0,0
679.8725018351312,2.4659735021693763,4,0,1
426.47989652367534,1.9533121772732127,1,0,0
665.6208252057296,2.067875966334799,1,0,0
475.69388011191336,2.503906907070273,1,0,0
500.2287936143504,0.6923539884134886,1,0,0
607.0365160229929,0.7781994444937972,1,0,0
627.1892421938657,1.1524988435863814,2,0,0
488.91874397209125,0.7347848372683321,0,1,1
461.1756946478461,8.391143128044458,1,0,0
494.4079551477787,3.364575637108198,2,1,1
533.7957528232118,0.3598201852390138,4,0,1
589.1303686869755,0.011219723546819401,1,1,1
500.42298589941515,0.08745088641715136,1,1,1
561.8886298023153,0.5595956725517577,2,0,0
663.8359732270941,0.24273429497003907,1,0,0
538.1309612264785,1.5243005965955163,0,0,0
531.1652856004779,3.9037891583634026,0,1,1
348.10891749099324,2.669303934289913,0,0,0
236.92698631709368,0.4856954777710619,1,0,0
538.8375729230169,1.019316797229391,1,0,0
490.51757687191275,1.4181231286513993,2,0,0
448.5217325085258,3.323630425164528,0,0,0
524.3530204186345,3.654212996351145,0,0,0
493.9596270803092,4.809641257600343,2,0,0
612.7780250633898,1.4236215356688935,1,1,1
508.6110868258978,2.3701368890414263,0,0,0
425.3076714929832,0.23711750817264488,2,0,0
599.0166238959289,1.6661474887572583,3,0,0
478.28689250537974,0.5718786757155232,0,1,1
552.6536683672307,1.130271085174612,1,0,0
452.25892938071996,2.0105199118835873,0,0,0
435.01731145025633,0.5940806165418129,1,0,0
508.41682301856963,0.10719200885835087,1,0,0
501.2828643543685,0.020573164704425252,1,0,0
547.9827035366833,0.04481749306436762,2,0,0
473.1354246690257,0.016769583676059206,0,0,0
316.3640216229603,0.23386567161266805,0,0,0
456.72261164116117,0.5475286558117698,1,1,1
579.3818467143816,0.500057261300663,2,0,0
470.2623920756894,8.6545609319918,1,0,0
475.3616597485452,0.7305842312901393,1,0,0
598.6376505905937,0.27260367263134627,2,0,0
428.80267727410774,1.5773899715280337,2,0,0
345.71967817571004,3.9032573127565016,0,0,0
483.93688804745057,2.2667825131417576,1,0,0
451.5826048751263,0.7021870670168782,1,0,0
403.3753680246746,1.6493208097317629,1,0,0
482.46215441013095,2.5095217453577616,1,0,0
549.1505647246784,2.604674899224787,0,0,0
499.0711438432184,2.1964554570278234,1,0,0
530.6981072686237,4.092948756013605,1,0,0
681.3407698515423,4.082064751547059,3,0,0
465.7121138442436,1.7299435328154846,3,0,0
527.8348634644669,1.1237339317615278,3,1,1
449.07866374008654,2.0520454412760807,0,0,0
415.3640280113027,3.409828227113498,2,0,0
441.509234658223,0.011336276859956466,1,0,0
452.12414284783114,9.655879868063675,1,0,0
535.9475797547126,0.40397234189065284,0,0,0
734.9075786700757,1.2706963341665503,0,0,0
428.39565637241594,4.111914691018089,0,0,0
458.33746943845375,0.5098887575729159,0,0,0
493.6876986888752,1.2955647005000954,2,0,0
539.5798848709748,0.284469007691651,0,0,0
526.3550811954785,1.0053059731525549,0,0,0
628.4095793948118,0.3899273569533895,2,0,0
257.36079294647914,0.9039431723787312,0,0,0
261.3070129804327,0.9350987804479128,2,0,0
450.4121827989851,9.973092438903686,3,0,0
609.7300187543709,10.52321086618662,2,0,0
343.4351968394404,0.24385234018020346,1,0,0
199.23676603062427,2.589026470056142,1,0,0
557.1179406219209,0.10626466280015755,0,0,0
524.3657223702714,0.061314362072086945,1,0,0
390.979159320057,0.22260939301855615,0,0,0
401.446039927907,6.732760604879662,1,1,1
403.02562803653257,5.655815515626378,1,0,0
511.053531747394,0.43116397496700454,1,0,0
437.3684723816993,0.35269249446234524,1,0,0
549.406391897552,0.5502823097488808,0,0,0
214.53733370956087,1.4494696947015366,2,0,0
414.3148134872201,1.6865668077213256,0,0,0
387.39460390889496,0.5010126166399285,1,1,1
474.36593216275077,2.8262854536919995,2,0,0
446.1952241509862,0.7408326208095707,2,0,0
579.7843779895767,5.105463063750971,1,0,0
314.06632283399426,2.1384334448766893,2,0,0
504.5491476330752,1.1466478127366824,0,0,0
555.8336423211706,3.120457593053889,0,0,0
685.6647436561955,3.406559228473747,0,0,0
451.82340289065246,0.6863377137348606,0,0,0
532.4458604352517,0.8301660562552073,1,0,0
319.6137207437635,5.4963434360472405,1,1,1
260.80437956869764,0.36002693703223054,0,0,0
584.47743757817,0.086129049564855,0,0,0
499.44397063519295,1.2104752636630267,0,0,0
617.8512689798423,3.231011572035959,0,0,0
362.6597111030251,2.9539100688369273,2,0,0
551.9902139528753,5.039757300698028,1,0,0
686.8817840543853,1.5237116036241038,1,0,0
541.9705608357266,0.21086475107166724,1,1,1
527.6581505591049,1.7768111944781217,0,0,0
500.85560808243497,3.0137230669599733,3,0,0
342.9118542874088,0.19594931734867171,3,0,0
635.5572935710348,0.37907280526084874,1,0,0
438.91423601949344,0.024733631940344277,1,0,0
550.4483256383016,1.8010935392961154,2,0,0
343.6965693428747,4.356039409306021,1,0,0
382.05403354922197,2.2213493917428813,1,0,0
643.5087399222235,8.039226186246863,0,0,0
465.2697711042157,0.13021582508634838,1,0,0
645.3275476042545,4.666110975340316,4,0,1
492.17693409414824,3.364751618335133,1,1,1
315.81022270421425,0.7544595678933557,3,0,0
589.2067599731721,7.263226008812501,3,1,1
441.01076822443923,0.6791798780972553,1,0,0
569.8688813517043,4.401948225039333,2,1,1
502.5210867540082,4.253042433985926,0,0,0
345.688177205713,2.8348074905934926,1,0,0
516.4294765370569,1.657798525899473,0,0,0
719.6223142152799,0.2556729921588238,3,0,0
549.2986458514459,1.5184531770265484,0,0,0
494.2482246994537,0.8825874794046403,2,0,0
607.5343401956898,3.1425223453258884,1,0,0
521.0668465203111,2.838703213101491,0,0,0
520.9534230262794,4.829549020173557,2,0,0
390.83748278408973,0.029882457492289752,3,0,0
523.3848025789598,3.3120447984406236,2,0,0
603.5443416416945,5.5762025441731735,1,0,0
416.39378478999754,3.114644179358973,2,1,1
642.4495821246948,0.27897121881910275,4,0,1
490.8293975854874,0.16954581539050734,0,1,1
411.22304884614596,0.04213113815074539,2,0,0
599.7632076920245,1.981733458451091,0,1,1
471.3205764261731,1.9867358795581538,0,0,0
575.9514887486108,8.672380968060589,2,0,0
470.82413677414627,1.015139108052098,1,0,0
494.01738564700963,0.8066536464317755,2,0,0
549.3560204334292,1.9585938003119883,1,0,0
529.0897057590006,3.492906992849756,1,0,0
300.44682195482613,5.522077743329988,2,0,0
387.8756259905608,3.250364068260269,1,0,0
592.9409984790816,1.1126015096242987,2,0,0
486.7863411098453,2.0152459625068273,1,0,0
447.6268697228578,3.880045601128961,1,0,0
364.14259847425257,1.349081471365402,2,0,0
392.02636787241516,0.48844492687973595,1,0,0
297.82013600380526,0.37199285713789493,1,0,0
489.8719281298467,0.00031551404208248276,1,0,0
440.1562419418953,2.5333850364158,2,1,1
403.34121090146846,0.2355347914608541,1,0,0
493.1876574832047,0.5590021887158031,3,0,0
536.3970630852738,0.707291449099546,2,0,0
709.3197932209945,1.6436884868730337,1,0,0
348.8116580436787,1.014853736488389,1,0,0
615.9381043300522,2.2458549959105807,0,0,0
597.3101561015072,0.11449281988376626,0,0,0
422.09072606232996,0.2646395550291493,1,0,0
520.3235954586031,1.3831428595482018,1,0,0
454.2366750662385,0.8218543597399438,4,0,1
518.5688580418739,0.7014236964625735,1,0,0
650.9131013404551,0.13876034803819648,1,1,1
560.5606232631313,4.5213355522783765,3,0,0
550.8608373233442,2.3541333266341327,1,0,0
456.96906800453576,0.2593477575450571,1,0,0
351.5943335075665,0.13451580712305014,2,0,0
479.1531789459592,7.367587491061235,3,0,0
620.6608154863915,2.2862104660216054,1,0,0
347.2832143410352,1.0807013639089234,0,1,1
394.4910631823305,2.4195193034574283,2,0,0
512.6267736234068,2.8238955193719537,1,0,0
401.53452151527375,3.0279118801264664,1,0,0
420.74765528847877,1.2997053441539608,0,0,0
457.6401418271823,1.1238265036080963,1,0,0
363.43825958098506,0.02217868878893524,1,1,1
402.5878153783632,5.2224945032073915,0,1,1
570.3427916787309,1.8491896229497993,1,0,0
369.2630217769036,0.4541875292622436,0,0,0
340.2127865505162,5.041567267638038,1,0,0
436.9975020466106,4.928606375204254,1,0,0
573.1955502509845,9.053487912733033,2,0,0
480.30781920031103,4.143844773248089,0,0,0
453.54189218843817,12.224453068934908,1,0,0
504.4358797515607,0.5612439424393508,0,0,0
325.4292567140348,3.6934822961647917,0,0,0
549.4705653775032,3.46353099179756,1,0,0
538.3435031403644,0.5251735124077915,0,0,0
459.06915259042785,0.20725192839361012,2,0,0
600.5924511796417,7.766921017853191,3,0,0
387.2503901046961,0.7020235955025333,2,0,0
612.7908993253569,4.0942087853236675,1,0,0
515.4493665595251,0.008271389766798306,2,0,0
466.3447410121827,0.04249795223707739,0,0,0
498.01263646316886,1.2542369482118794,0,0,0
489.2735234189058,0.5454941376611726,2,0,0
622.0282896417717,2.341342247216614,0,0,0
392.33208725289865,1.6674147805440127,1,0,0
423.7480760853402,0.1613050149366864,0,0,0
603.630289207248,0.35497443329670486,0,0,0
440.44650648161405,0.9822070126840793,0,0,0
590.0533077331592,0.4106172466408464,3,0,0
669.9435983008709,3.1425734963573047,2,0,0
459.8204973058366,1.0759491394896892,0,0,0
568.1362326575305,0.19617818186092315,2,0,0
384.63077186601413,1.3246265473834835,0,0,0
575.473329806781,0.19046436402757438,3,0,0
519.9423985986767,0.27608264943972055,1,0,0
547.3038282160215,0.547847197050745,3,0,0
435.4427927964605,3.9254900000530144,3,0,0
333.8916584432827,5.170228458190965,2,0,0
550.3252064749505,3.5003645617823302,1,0,0
293.65968475205455,0.8131631144647777,2,0,0
468.2649507757465,0.6361353243547665,1,1,1
594.118186641997,1.5932664229483664,3,0,0
519.1897735873036,2.5592122104371726,0,1,1
694.8342644789814,10.033142200428903,0,0,0
602.5109152581773,0.2821382300278764,1,1,1
434.61016116744236,0.10109661554706754,0,1,1
502.73133798514385,2.3706677796263134,1,1,1
495.2629297455564,3.570272305833767,1,0,0
341.78232366538725,3.7461400988883153,3,0,0
405.96010835156466,2.2692887281104186,3,1,1
443.92390930201395,6.158915018668796,2,0,0
296.3779497144063,1.430805061909372,4,0,1
504.7493468251643,4.902513580968503,1,0,0
475.09281553469594,6.872331645377025,0,0,0
332.71060986884254,3.7566940364952175,1,0,0
540.4212865277332,0.7414276685472642,2,0,0
571.587274469096,0.436848537259957,0,0,0
522.7034478864889,1.5886775298533644,0,0,0
467.593182479103,1.206666885767738,1,0,0
559.1442151751855,4.2035107835017795,3,0,0
568.0220360476691,0.2107914127032535,0,0,0
530.7403569719688,0.5961115509609609,1,0,0
417.5387749565239,2.787032307354387,1,0,0
527.6600765511181,0.1996111569198931,0,0,0
619.5480650825479,0.7735745027930638,0,0,0
440.33709413882696,0.979287745645931,1,0,0
709.7939339132431,1.9488664177640194,0,0,0
447.43690660146154,0.344265627267583,2,0,0
503.24070133401364,3.9408799863047212,1,0,0
432.7514403993664,1.1867565855901832,2,0,0
522.327083592026,4.978352588656513,2,1,1
325.7778307364725,1.2617345925738783,2,0,0
445.3958201183279,0.6432783104854228,1,0,0
390.78787996514325,0.30590339805542155,2,1,1
513.5338347892291,0.007504250274091491,3,0,0
599.4447375508907,1.5192470921466403,1,0,0
564.6006187114551,0.2266883719705846,1,0,0
262.83406391411074,0.9942654800874869,2,0,0
704.206965292788,1.7796470054858398,0,0,0
529.5279940620868,0.6450602732449984,1,1,1
422.35008595069996,0.38528759829072556,2,0,0
515.7127918990941,2.9808368173443895,2,0,0
517.6189822502693,5.8670619236883,1,0,0
433.31512830484365,0.21169997722026296,0,0,0
519.7916667342075,0.3382350090108312,0,0,0
439.2527712379693,6.438384612522242,1,0,0
459.56380073099774,0.07703310363562624,2,0,0
431.37208642449156,7.600277918225935,0,0,0
356.73287102603473,0.009310604418084902,0,0,0
514.5836470215384,4.137694213267388,0,0,0
558.5299436516339,0.7343892531055082,1,0,0
551.4883596076372,5.580327994761926,1,0,0
581.9925252635235,0.7623606362656847,1,0,0
532.4340210014868,2.1244044368129353,2,0,0
446.72745017830965,0.1668340229704203,0,0,0
583.9663864431188,0.5550141909704824,1,0,0
364.2482460158065,2.9716049287937896,3,0,0
409.932861748752,1.5044608599377922,0,0,0
403.5799928576755,5.261319109714832,1,0,0
608.005605913931,1.119861604289118,3,0,0
594.2788514140076,4.0775570584949845,2,0,0
548.7305237044994,1.1918791947588203,3,0,0
607.1929865211797,7.750252163249482,2,0,0
412.0717217588012,6.429487815956114,1,0,0
534.859511986098,0.798379793659543,1,0,0
487.4825571616836,4.341774993788168,1,0,0
584.6882103884914,3.7626425449515937,1,0,0
488.47757674478027,0.4731679341212189,1,0,0
461.50571115899186,1.9578775530221473,0,1,1
554.090851856099,0.15091814099192466,1,0,0
587.6169167191233,3.624463861567812,0,1,1
433.1654805153198,0.3836431996962597,0,0,0
493.8924328647624,0.1468941995253284,1,0,0
394.15593663583473,1.022381699368419,0,0,0
250.19389825070607,1.7203980947403656,1,0,0
520.0459631413729,3.8608980018072003,4,0,1
560.8905356254631,7.3180608459846885,1,0,0
526.2066809086725,1.157825356150812,0,0,0
305.0438282245633,0.1247019335291993,0,0,0
464.91505699235256,2.7655258402156275,0,0,0
278.1652239948919,1.665615234804042,1,0,0
636.9701107654184,1.18802082605084,0,0,0
391.3945417881914,0.7400092928260784,0,0,0
625.5403609459896,1.3959115580954977,1,0,0
594.5869643684146,0.8270336863757307,1,0,0
409.94096474639383,2.8294853506014572,1,0,0
386.7215048732255,1.5700587498194682,0,0,0
535.0370216386339,4.188668160625366,1,0,0
415.5675962816929,1.568525564298788,2,0,0
510.2484642158208,0.5443063141356865,0,0,0
451.71724091930815,3.808851645050697,0,0,0
321.8841585534367,1.6293601786061465,0,0,0
276.9531980875541,0.4634632422453631,2,0,0
522.6684248494597,1.9537159510659259,3,0,0
443.84422536693745,0.8854517929592023,2,0,0
444.69101830858676,3.7210054732068265,0,0,0
569.5863839093786,1.2077091900497103,2,0,0
617.3442276632445,2.5924785346665535,1,0,0
472.74552786381906,0.20082601100438124,1,0,0
465.94012930901386,1.0084427806146448,0,0,0
550.0143033113884,8.177691791956768,3,0,0
364.3064430300425,3.305320252408288,1,0,0
522.3153054747697,0.34856583251041046,2,0,0
555.1885971822154,0.6508067843983545,0,0,0
568.0230208417629,0.800405384447725,0,0,0
306.3247297497535,2.1017342577680593,1,0,0
423.86447301910596,2.829344539975876,5,0,1
412.17367471765334,2.7688051737706485,2,0,0
509.9886954409213,1.4261857859147433,0,1,1
548.0744579767984,3.330118358396083,4,0,1
649.6710407445981,1.1492287019429555,1,0,0
450.5034519631927,0.2645057127050635,0,1,1
450.2427501690786,1.6622538955137736,0,1,1
614.9672018878747,6.085705817572022,0,0,0
529.6576938530305,3.150011633171352,3,0,0
626.7651511187973,1.7288232947284423,0,0,0
528.8728003009836,2.0814736725683876,0,0,0
384.28833812867293,5.3346428004731905,0,0,0
366.68716452221935,1.1184315164383212,0,0,0
344.84877509410705,0.8051210777407871,1,0,0
566.2051834758473,7.565638866184128,1,0,0
618.8596823087008,3.9820282935854125,0,0,0
684.9362141386381,0.7802967743897413,2,0,0
584.310533232324,1.2464237367669755,0,0,0
616.2838577534985,1.0725539890577538,0,0,0
441.99836673463153,0.32291117520167456,0,0,0
384.3584183256143,6.3315861461597915,1,0,0
585.0079332417554,1.036077925641338,1,1,1
541.7680752239401,4.164155348659236,1,0,0
510.74443743408926,0.4198531326907676,1,0,0
538.737148063299,1.5875746456271211,0,0,0
532.3185482458206,0.048506257859681934,2,0,0
628.3816859853562,2.889716328425004,2,0,0
629.4985584816956,1.7393577734504981,2,0,0
554.4220352340348,1.9648054256732868,1,0,0
584.5802872562929,0.10621278475495101,5,0,1
551.4062552424775,0.4740750801247452,2,0,0
453.8830267965381,0.15447684348887827,4,0,1
575.6564674913141,0.6819246884179719,2,0,0
360.55049311407384,1.9747090336001003,0,0,0
605.3891552295884,1.6702787440454265,1,0,0
380.5477060233965,1.8942723042164962,1,1,1
528.5803286794733,1.5936904749718515,1,0,0
415.4846041573841,0.6377368222814364,3,1,1
555.3388983074427,0.5607708420082451,2,0,0
496.6074774072091,0.29481949700362853,0,0,0
340.5244041836668,3.781889845155396,0,0,0
542.0699631018479,1.9167236714825142,0,0,0
442.20792231672897,0.4128457792093334,0,0,0
588.114672081337,0.3901070422965687,0,0,0
500.13256887344073,4.1276971175999035,4,0,1
539.5420985388038,2.7152650386625594,1,0,0
404.24310449847883,2.154087618727381,0,0,0
441.0667768572638,1.0446634905170393,2,0,0
454.13613638989153,0.6075566883921935,0,0,0
585.6702480242556,7.769862946346745,1,0,0
667.7377087805489,3.1914603388369156,0,0,0
419.4828248257124,0.7184398540002508,2,0,0
607.684814465768,3.7620313337140394,2,0,0
283.0322582274298,2.8453520289144034,0,0,0
380.5810598907711,0.7050259478651671,0,0,0
404.1221543813225,1.112179014999216,1,1,1
364.74913105592776,0.41147544444140643,0,0,0
341.641161021242,0.23543407551933115,0,1,1
541.2998912137798,2.565758108755412,1,0,0
478.59323022721384,0.62261625147149,1,0,0
537.940539760511,3.430256584385033,0,0,0
569.0472686121514,10.856265180545185,2,0,0
526.5616993172533,0.1594284534395306,2,0,0
565.7763176150373,1.2812427673495324,0,0,0
493.04677137577306,3.239608508654837,3,0,0
381.30066116942555,3.111328909533203,2,0,0
605.7814180820797,2.85420903084522,1,0,0
441.0887867218873,0.8584757138593083,0,0,0
406.4403701237574,1.2097351537316174,1,0,0
482.2082124195602,1.8075801698130558,0,1,1
408.7189080703487,7.294752201968527,1,0,0
458.2569618010568,0.7936469226700998,5,0,1
534.4053921563467,5.13164055384193,1,0,0
534.8341739246127,0.6276603972700036,1,0,0
410.21699335743705,9.033305224610672,1,0,0
451.22946270512557,2.2189239898514397,0,0,0
607.4333004770244,1.2454202315166525,1,0,0
549.6400117733941,1.9006799064753064,2,0,0
707.5065039348542,0.636368249791686,0,0,0
618.0128173741527,0.6408895319838118,1,0,0
614.4293068559939,0.24107136507794197,0,0,0
361.2131449544198,0.24219019881537307,0,1,1
576.3860351633423,0.8544147594924526,0,0,0
494.68931983030893,2.8781710515851864,0,1,1
444.90181964617506,1.8728397797019796,2,0,0
516.8015340532529,0.21647276139496816,1,0,0
594.5211534611484,3.8242848506757157,1,0,0
550.0831591004212,1.8394313154355413,2,1,1
412.152619865794,6.480994626603524,1,0,0
574.245891359262,2.2184496099472755,3,1,1
436.2412457924036,0.3851677422367451,1,0,0
521.6683118964286,1.2840845846091555,4,0,1
469.6649932522866,2.091077465792362,3,0,0
478.11337482643745,0.057343675584622035,1,0,0
576.6242975040509,0.030045079157424725,1,0,0
395.98062801841024,0.2771521929135881,1,0,0
694.5195074276933,0.5798075707129464,0,0,0
317.8913930705504,1.1226564389418328,1,0,0
440.2332316745143,1.336676851905861,3,0,0
537.021188994174,0.2970640755233116,1,0,0
558.431416643531,2.2379866305987632,2,0,0
489.9524279428295,1.813364392597899,1,0,0
494.26092969984575,0.697595242889777,1,0,0
541.0550085327617,0.02750807610727281,4,0,1
476.893052254232,0.1616565155399371,3,0,0
639.3181257934906,0.9941570180407756,0,1,1
583.9349114231602,0.33441120412885783,0,0,0
587.2824351005635,0.9458384907266346,1,0,0
403.3843276629583,1.9787048351318448,1,0,0
492.0611575594297,1.5847748285071737,1,0,0
469.9534051279296,0.5257861046595309,0,0,0
399.4398624310534,0.8426478680965113,4,0,1
536.0164183945767,1.9039974755606528,1,0,0
446.23542422201837,3.9444778512880636,1,0,0
565.5403829850237,2.798462880747621,1,0,0
392.98084371056683,1.6121839993197173,1,0,0
671.904061284182,0.8997526922656005,2,0,0
410.3667341407938,0.9084220707688115,0,1,1
521.9302337200436,4.230839079043532,1,0,0
579.1859310388068,0.08006872631771463,1,0,0
442.9359569799887,8.842806751529201,0,0,0
585.2468643432951,2.1835240757169805,0,0,0
377.0816402199584,2.285991855845592,1,0,0
645.2117699182561,0.07747716038997787,0,0,0
501.41492649657584,1.8604206980643319,0,0,0
440.35885920311205,1.3263150397410972,0,0,0
470.08182275725653,0.2236044533187601,0,0,0
580.8919269392719,0.6512442551957651,3,0,0
441.5544708149562,4.420275399814875,0,0,0
425.0642310577222,1.596963908058,2,0,0
477.8463402416262,1.0668807583725952,1,0,0
382.3037887230032,0.15091779645198364,1,0,0
682.0543907941816,2.504376958907744,3,0,0
443.3605408785277,2.427041976302074,0,0,0
583.1616786180404,1.9040617746611417,3,0,0
520.9470083647773,1.4277720885576528,1,0,0
401.5465949518032,1.1375607169612518,0,0,0
499.4045290787271,1.7992167832087564,1,0,0
578.4002779310748,0.5315683860184014,0,0,0
481.1738664913693,5.669236843471409,1,0,0
619.3112945851028,1.7773245208137962,0,0,0
602.1515392781864,0.745586713281414,1,0,0
591.891485465833,1.1945101616083376,0,0,0
454.0343227727003,3.2765472777479356,0,0,0
392.0157552218513,0.35255824400851526,0,0,0
438.6412394637206,0.69298428010661,3,1,1
519.624094066672,2.275796069748094,1,0,0
554.5786713532356,0.7581017318157305,0,0,0
282.8428595239552,3.1452640894013904,2,0,0
499.18867983882495,0.27956690572094495,0,0,0
515.8089225323184,2.8767436769938355,4,0,1
472.24557436844486,0.1415998239401259,0,1,1
629.1273839015879,0.02534514316937574,1,0,0
542.1780074250871,4.569952462685379,0,0,0
631.0191908080897,1.7413885478061832,1,0,0
478.4039479649768,0.8671949683570778,0,0,0
593.7477492506926,0.5294802252277813,2,0,0
663.506639452752,1.9188442364597038,0,0,0
631.1693449272661,1.4226311966383427,0,0,0
390.7858406571267,9.558517580664045,1,0,0
474.6323922457619,8.17465686430261,2,0,0
465.48352945502035,2.015850464324511,0,1,1
548.9254535076327,1.1699151630512599,0,1,1
568.6353555014533,1.3511685078069908,0,0,0
416.11073259742636,2.294423059421274,0,0,0
506.78385139169376,0.2142230828077339,1,0,0
298.0072667843864,0.7960419902277596,2,0,0
644.194500580189,0.15651179877448756,0,0,0
448.76257593233066,0.15238191600908874,2,0,0
505.58639398444967,0.4359121637946846,2,0,0
469.03502860119386,1.3281605115239628,0,0,0
614.6027575013416,3.0721362647230013,1,0,0
216.24935586026209,1.3291034753355182,2,0,0
498.3389657674091,0.8173704057885914,0,0,0
489.4181242502302,0.17188496674566875,2,0,0
454.6363612408317,1.5983292602726944,0,1,1
672.6226545635633,0.6329000925016315,2,0,0
411.2670541144229,1.908681985716966,0,0,0
577.1796177235661,7.5609142604226705,1,0,0
535.6252788706083,0.2360233469085136,0,0,0
626.1519252535516,0.47683267444315697,1,0,0
433.2810915222495,1.281468271431626,0,0,0
426.7031100876241,6.922774924113787,1,0,0
609.6069907477398,2.955151366538763,1,0,0
542.532130833011,4.570063971528853,1,0,0
345.5062653323241,0.8120750892647647,1,0,0
446.06949855367293,9.666269122294887,1,0,0
538.6382653848061,0.21702610618156043,1,0,0
583.7764221546589,0.1088551518110754,2,1,1
432.0769346807045,3.870372491167671,2,0,0
208.57440101830588,5.241861590587928,1,0,0
552.3223185737033,0.18990827299195717,0,0,0
377.9679310056024,0.24078458379143153,1,0,0
298.2661201877589,0.06747380168159045,2,0,0
216.76740750158592,0.22076300535840426,2,0,0
581.3980860197742,0.46997638790782187,0,0,0
512.8617450404967,7.018230255830966,1,1,1
477.4343619287748,2.20439876263645,1,0,0
638.9024362962762,3.015144222032453,1,0,0
563.7324683023072,2.9934635175365933,1,0,0
661.6300042721916,1.5317529752981738,1,0,0
360.7264527833004,3.1939219257400606,3,0,0
496.54493760460366,1.8117282189809711,0,0,0
338.32866250519857,0.7553480578541607,0,0,0
477.0617668144533,1.647013429213926,3,0,0
475.13841462333227,1.5250313285943224,1,0,0
562.6613637263071,3.4683369072198014,2,0,0
504.5563881141898,8.004685229723174,0,1,1
562.3407138279915,1.058802730420177,0,0,0
570.3440133138894,2.8826898604968347,0,0,0
715.4928677383142,0.21019444295252665,0,0,0
468.47033447138756,2.999655204950777,0,0,0
405.8977299333621,0.9285741184029083,0,0,0
524.6083615316409,0.08037389842861253,0,0,0
419.77199728604563,0.9027443273355042,3,0,0
648.1960768436536,1.8865159574427586,0,1,1
471.67819610547673,0.25396330429133884,0,0,0
443.442363212601,5.154951778964766,2,0,0
452.8684278848882,0.16170963678354258,1,0,0
571.8417423471641,5.3187120783150075,1,0,0
484.2253016768515,2.4561042492641354,1,1,1
435.8333179869618,0.8000961398200181,3,0,0
666.5351917623531,0.9910543143871839,2,0,0
414.383015933825,2.700382889053708,1,0,0
503.5566074032994,1.8399505272705357,1,0,0
565.230615161023,2.2273072173027275,2,0,0
336.8664889582927,0.9858555551466964,1,0,0
548.0260501405925,1.3381328538736115,0,0,0
394.48923245195505,9.18401124825122,1,0,0
582.2782780834002,0.48140072446411986,4,0,1
403.73489880810234,1.0820755191595357,1,0,0
569.276903184886,0.6901229628040197,2,1,1
610.5833066294713,2.89728877992933,3,0,0
586.1436525632805,2.8879539479423793,1,0,0
525.1316648238103,0.6918811310126265,1,0,0
476.86990570703006,0.16978793141150164,1,0,0
442.35804236651563,0.02299706427490836,0,0,0
647.1034690817104,1.1153122849396087,0,0,0
430.0504779832357,1.0564101992743076,0,1,1
396.2933926430004,8.91175606051491,2,0,0
566.536893503283,1.2690098001365164,0,0,0
420.38631968135047,0.59255345402204,1,0,0
404.9936502533873,4.437029157788311,0,0,0
355.6395737830235,1.350881535431002,0,0,0
451.70901605394823,1.8284638813327463,0,0,0
491.7284976103507,0.20111902991743744,1,0,0
524.3091727660699,0.9655015636119505,0,0,0
595.1306244299483,5.772811546696421,2,0,0
552.6897923665794,1.7807849326311258,1,0,0
480.912778044682,0.8447196118011184,1,0,0
480.180432362028,1.9652199718535943,2,0,0
551.0157468915183,4.8250474685479965,2,0,0
627.257016292857,0.640384634467402,0,0,0
512.6314199483201,1.406866678215368,0,0,0
453.0869145789591,6.37333301416077,1,0,0
400.7133998914454,0.3784413460364787,1,0,0
355.47947355877744,2.543532259659799,1,0,0
566.6269672043524,1.906329643660675,0,0,0
557.7978523639557,2.2768391659705385,1,0,0
557.7363525106662,0.8653220670491585,0,0,0
487.1340553647944,0.7534036526233766,0,0,0
640.6934745891751,2.305353600277127,0,0,0
451.58815054151825,0.4855277674708104,0,1,1
595.5269237207206,1.0882641701172175,2,0,0
496.1257105010457,0.41694008659945403,0,0,0
439.16492353206627,0.01667903688584505,0,1,1
559.2530307317761,7.016943457593333,1,0,0
540.9636118683993,1.1302221440757898,1,0,0
535.6972759266926,6.97022007315093,1,0,0
508.12784220561986,0.3023982925734905,1,0,0
496.2106918283169,1.7703923329129108,1,0,0
738.8371992870439,0.44872366821693843,1,0,0
618.4256645196173,3.1220015922362636,2,0,0
572.2826894985512,3.062205527567508,1,0,0
511.1799158203388,0.23893499246615657,2,0,0
600.7157200596669,4.862302303807355,1,0,0
551.7994776391452,0.43290608355048205,2,0,0
502.62047527740356,1.8985440776031424,1,0,0
469.6435674734085,8.485729060881441,0,0,0
491.9082662337312,4.280873555358632,0,1,1
182.95742641219442,6.2729300878741645,2,0,0
521.0600839297642,0.8389214971994051,1,0,0
451.15239198896404,0.22314988659537086,1,0,0
659.2669998282884,0.4173644278869552,0,0,0
501.93440708117544,1.3882749217578283,0,0,0
381.1036580465038,3.1522933172133225,2,0,0
495.01198458718824,0.32539940739965806,0,0,0
395.3878914937496,2.156040723905828,2,0,0
547.3407415712467,0.7818751039576315,0,0,0
529.0947364339486,0.8346768527823585,0,0,0
595.7839631108268,2.168932022433857,2,0,0
420.91182083054343,1.258465531522027,0,0,0
503.4008096228147,3.3429808447967413,0,0,0
363.4978204573365,0.33901247302976045,1,0,0
570.1494781924714,3.120802888314683,2,0,0
551.8871180440123,0.13278233497751235,2,0,0
549.5805021027571,0.4314767752999106,1,1,1
500.1619031356941,2.1350978658438615,3,0,0
541.477289078879,3.8610179084751617,1,0,0
660.4339108308596,0.5825226145262283,0,0,0
471.4905742957986,0.7925893878563021,0,0,0
513.8645183710084,1.5405781086893395,0,0,0
391.387370081859,0.4754304245514136,0,1,1
413.17390384016676,3.3336707735611766,0,0,0
509.7813293093307,2.9712276106397275,2,0,0
610.3933546701908,0.31399010369489583,1,0,0
474.37191757484277,1.2466070076696352,1,0,0
476.40834706878763,2.981779376148525,0,0,0
459.31147554956254,0.8229548853573629,1,0,0
446.5243329155677,2.0053690867444924,0,1,1
529.4971455708821,0.1030353158631211,0,0,0
350.2742354821355,1.8765040535347752,3,1,1
628.0939576666727,0.3312899267925925,0,0,0
433.45777018705394,3.550788133257923,1,1,1
572.1903485438141,0.8784040957091298,0,0,0
373.0001402606124,0.6613290835920033,1,0,0
566.8840130546218,3.67630612151115,0,0,0
567.1944607814497,0.10288981822793351,2,0,0
538.4202072005896,1.0103790705683977,1,0,0
400.55714782002076,0.924082159145436,2,0,0
524.9548189598077,0.6703871568050859,3,0,0
381.6943815265611,4.855261344418024,1,0,0
474.7236744903815,2.7800296952429733,0,0,0
602.9413100955326,0.1321154326703597,3,0,0
579.6701927070742,2.5083400619319582,0,0,0
501.5182942540433,1.4985850146256297,0,0,0
402.51934240771584,4.622603836767857,0,0,0
564.5587712174193,0.7506836605667359,0,0,0
501.93812376980253,1.7073925716230107,1,1,1
267.96844017695764,1.389317744143986,1,0,0
578.2629826316518,1.3449679110062132,0,0,0
497.5767166130308,1.2179996000210034,0,0,0
620.2451247983072,0.4604105421678243,1,0,0
390.47294811571953,2.8187978351160026,0,0,0
182.32961868039996,1.2005382127265696,3,0,0
527.9083858345185,6.364908194802483,0,0,0
529.1563676681973,0.6043963182855522,3,0,0
330.9328372393548,2.296091509073792,0,0,0
402.1500454133394,5.650868070720062,0,0,0
775.5217743719902,2.1780665664622694,1,0,0
469.4389385846197,4.100121357020819,1,0,0
573.0958976376216,3.514495340763391,1,0,0
434.93401726316165,0.8929420999945359,1,0,0
290.96971011468435,1.833201259472558,2,1,1
482.9741753204095,0.33982495332426704,4,0,1
473.43954397138947,1.5336988878148914,0,1,1
460.0121761331628,0.523825859385987,0,1,1
488.53591644936074,2.723100592018216,2,0,0
526.4268271645636,1.501800152505085,1,0,0
484.98830487461936,1.0594303690163147,3,0,0
373.5993832052636,0.6261285750496659,1,0,0
548.6184791561939,13.288447762969442,1,0,0
305.06282446775765,0.1488233122742333,1,0,0
294.96425427158,0.08907586467265202,2,0,0
573.9180494701568,0.4899027465997235,0,0,0
550.7020272135356,7.08592229802478,2,0,0
494.2604634925964,7.749277986723944,1,0,0
360.4551495244928,2.1280028389135928,0,0,0
429.2089059325925,4.242305649773588,3,0,0
473.7253252313496,0.48149959848092233,3,0,0
340.4106031425887,7.154110526884942,1,0,0
426.0971341976767,0.3081326837599235,1,0,0
565.233033817668,0.2132230138238456,2,0,0
642.7305364289216,0.23804356848376607,1,1,1
458.05652473414494,1.7025417935136338,0,0,0
575.6488354316099,3.0371333285970947,2,0,0
308.5939929412533,0.913518419333028,0,0,0
565.9451241113611,7.623992277594455,1,0,0
419.6051585272519,1.1398075398209258,0,0,0
530.734561670797,0.32609355115205385,0,0,0
475.22475817602907,1.2545943452924895,0,0,0
632.0414009783834,2.272859885374739,6,0,1
412.5564351660082,3.570272270077059,1,1,1
562.7606297561831,1.2278155846080208,1,0,0
472.0492536703467,1.8008683584795024,0,0,0
484.1694521990336,0.6221599270127091,1,0,0
481.614610684079,2.076445185061417,2,1,1
415.4326895505887,8.533391902312843,2,0,0
498.59010340933287,0.10059510184678506,2,0,0
493.73517778781786,4.352445410111365,0,0,0
524.124024840673,1.6523631203690345,0,0,0
508.45051456928627,0.5809684150350047,0,0,0
579.7994549612237,6.197289798115907,0,0,0
592.3508616047369,1.3207958902524444,1,0,0
394.9376678172199,0.8060070356382399,1,0,0
586.8772500590771,0.4005579690438555,1,0,0
381.36635728901456,0.5606244869757131,2,0,0
558.7855888137735,3.5777158646184213,1,0,0
561.9738784702869,1.9059613487107765,0,0,0
308.8683108337496,4.889348731236241,1,0,0
509.297924652941,0.5278489375171797,0,0,0
453.15038866396844,0.25825608630971936,1,0,0
424.1234742064625,0.01221227106918614,1,0,0
635.0852330699006,1.4179923808962744,0,0,0
434.63208593625814,12.762424111165513,1,0,0
419.36230708819505,2.3746592722639166,2,0,0
507.56949400050934,0.7374794112086125,2,0,0
568.5589746298416,4.1888437051005365,1,0,0
485.83514139898733,3.043974035649281,2,0,0
616.6370545669253,0.031070430127660455,2,0,0
553.097566196409,3.3950140304117298,2,0,0
282.178868026857,0.7148554751149387,0,0,0
447.05330364929915,0.3242696879093221,3,1,1
443.8157900648301,0.5132218765846908,0,0,0
547.9360953429423,1.2644044836308466,1,0,0
237.51829436258885,1.1063111450086702,0,0,0
754.9009708717722,0.6818487034361955,0,0,0
553.102609489421,0.3780116670562085,1,0,0
514.8876803917691,2.872909560313967,0,0,0
618.1567716419146,9.232418533081605,2,0,0
734.3654052812625,3.0082790211878083,2,0,0
587.0746644588403,0.701774784549208,0,0,0
594.881309647162,0.5615690609958212,1,0,0
513.0690024464383,0.49094672246424376,1,0,0
485.84742466330516,0.29397463662318823,1,0,0
452.42045559950986,1.602937706425782,1,0,0
417.3888008285458,1.8597672560052851,1,0,0
431.29859003005026,2.444970620882222,0,0,0
364.9444035657017,2.280202579511015,0,0,0
492.4128549314977,0.6915641495766459,1,0,0
331.5332422773613,0.8018837230496166,3,0,0
519.0916524143711,2.288356884385843,3,0,0
496.36693919576584,0.8598669870883038,3,1,1
514.6935298386687,0.47809670356322953,0,0,0
447.78684299800074,0.9378840776941131,1,1,1
807.6860370180503,0.6351396770728405,0,0,0
636.0115900180313,0.18491648756621704,1,0,0
375.5457499915277,3.5455484962658526,0,1,1
523.2868087426898,3.836161457616317,1,0,0
439.19938570626766,0.49628256507470336,2,0,0
398.55202732925864,0.13393028499330167,1,0,0
365.99279288760647,2.6851478611102393,2,0,0
543.2216690759254,0.4753183548804617,1,0,0
431.8619764930426,0.9998883818801869,0,0,0
596.7826024025204,0.1325686263986542,2,0,0
599.3782214530439,0.5130635335693738,2,0,0
637.3914385211449,3.1491290234998544,1,0,0
414.76132339258965,3.2633307129823947,1,0,0
547.5365610692011,0.464078060280376,2,1,1
563.2454216642301,0.8186867731546678,1,0,0
452.5821824896035,0.28829143811292834,3,0,0
422.8228042607125,0.15413497501811727,2,0,0
660.9520665775973,9.700023503765685,0,0,0
522.7495875732054,2.131867886828994,1,0,0
563.5967750711739,1.562193671691788,0,1,1
417.79239881720724,2.9005865925122403,0,0,0
378.07155334778065,3.6661276562311476,0,0,0
443.055022550789,3.2871765905940866,0,1,1
487.5978612610003,0.03335550616181767,1,1,1
393.57799931826514,0.4135758195145586,0,0,0
499.0155191349617,2.1278728260007074,1,0,0
331.14948119315,0.9424386487801204,2,0,0
387.99525775301277,8.089127042393168,1,0,0
567.0911248276875,2.1896676280350253,0,0,0
560.3790520277894,6.272238624065532,2,0,0
460.8123234613134,0.44990657992204314,2,0,0
398.22356909230473,3.989568946823068,1,0,0
397.25964484739893,0.7753062917880257,3,0,0
462.6731754058686,9.125142723588986,0,1,1
564.4518491645291,0.343211169896303,0,0,0
592.8245691344324,1.452745447789082,3,0,0
450.3468264518031,3.1485714466885337,1,0,0
384.6507574015216,1.133531256585773,0,0,0
526.7843637866333,1.2625396199931358,1,1,1
417.64650293741505,8.58888085337119,1,0,0
448.17473611387976,1.1078425908100231,2,0,0
632.5276090437037,1.8530463130493458,0,1,1
582.7115428565768,0.1121666770755367,0,1,1
515.7974312251451,3.6929815045403958,1,0,0
372.8080998887277,2.089203258510151,2,0,0
521.1396567470659,1.035096684242475,1,0,0
606.2657290787527,0.03260338695282645,1,0,0
462.43663342344644,1.791353439216397,1,1,1
635.1114089986715,0.025477242587043973,1,0,0
629.2745289518207,0.0024086776679675907,2,0,0
666.3732832143473,1.9147388632086357,1,0,0
530.5243126531353,0.41901653978066433,1,0,0
558.7391699806012,0.42610811800695064,0,0,0
641.418728833109,2.1184268318074486,4,0,1
544.7393937068975,0.11038532766960502,0,0,0
449.87658922097876,0.7520229960251027,0,1,1
455.14571634721386,0.3237016046465956,1,0,0
523.8554953773739,1.7358411679723973,3,0,0
370.9438578053781,2.1680296325359287,1,0,0
485.67410846358075,2.5540610924248575,2,0,0
609.6547118230254,0.5893629341072585,3,0,0
280.8746148834719,0.1869731407828495,0,0,0
653.4482101794515,0.1639036477943123,0,0,0
612.237421870316,1.1107798784271794,0,0,0
454.02353841695236,5.831788123584577,1,0,0
554.3390827871809,0.4911081898697558,1,0,0
500.31477269063265,0.5934230345146235,0,0,0
622.9990368438683,0.21269712301961374,3,0,0
598.2683142769941,1.8606285772847424,3,0,0
359.9929276816991,2.2780741863273772,1,0,0
558.7262413464176,2.059653643076166,1,0,0
479.4372146356752,3.948437570865653,2,0,0
508.28325705181,1.3327216594272113,1,0,0
427.18280990301844,0.2887965408707951,0,0,0
674.8137069120835,0.6833056313278122,2,0,0
604.0061819902576,2.1719646080657418,3,0,0
426.02288360270325,1.8992916265160638,0,0,0
366.53893930897675,1.514318367568113,0,0,0
461.4327369022152,2.2974825350389247,0,0,0
543.4502646091306,2.0288594951823176,1,0,0
524.0205843946223,4.262731366270942,0,0,0
625.3132824768244,1.7638577301312517,1,0,0
578.9919722180853,3.0155807911706263,1,1,1
596.9569025752907,0.57191952886278,0,0,0
532.6855400610438,2.2675418542939547,0,0,0
361.070126978901,4.649541129026424,1,0,0
480.43014688530985,0.9746489955737228,0,0,0
606.0089739908666,3.0201282490934287,1,0,0
494.8477071475354,2.5804365944170877,4,0,1
550.3090368623747,0.12274296965100488,2,0,0
468.12516847538666,1.7421964899645699,0,0,0
397.0188151458155,0.27895946756134604,0,0,0
487.66559359538894,6.841933359539697,0,1,1
530.9047443032654,3.3363333811911455,0,0,0
434.43122805385565,0.23244705744542885,0,1,1
476.42887551433313,0.25965252483255,4,0,1
406.0536758014017,1.8051398626681368,2,0,0
611.9244917564096,0.845901715847896,0,1,1
470.5544242411966,0.07105925407342532,0,0,0
645.2755545126183,1.5602073341109488,0,0,0
652.8747850540908,0.9815398468140293,0,0,0
491.89540352782564,0.21311466838954232,0,0,0
399.155126745265,3.2381725395571412,0,1,1
291.4102122266663,4.932015102956715,0,0,0
352.79629269732084,2.826048353716226,1,0,0
362.61651751013403,3.456694151551747,0,0,0
637.8469627461504,0.4879443560642694,2,0,0
511.5824587226946,0.6118901975825654,1,0,0
538.9604524091988,0.4677203906761068,0,0,0
277.9578991064874,2.8968794439553114,0,0,0
380.2033570782738,5.909836389214815,1,0,0
588.7079776446287,2.523466611007501,1,0,0
528.6774112382586,4.265123785157047,1,0,0
485.2794721314403,2.0360882713294144,1,0,0
556.4842358600123,0.9809348655654427,1,0,0
663.5797806135815,1.109421327756708,2,0,0
477.89575364629496,0.1566181921897127,2,0,0
506.93698026580694,0.06392520030717487,0,0,0
519.2596918731305,2.3780081548715444,1,0,0
739.2109635273993,1.1540337469655504,1,0,0
290.06437355809743,1.60688444891209,1,0,0
568.3223014788808,1.6313585647021396,1,0,0
488.51977512409366,0.64973197821247,1,0,0
556.6771726184179,1.292116967385998,1,0,0
434.2627446005275,1.2726273652991302,1,1,1
495.10349691415496,0.9834426282771516,1,0,0
571.1410579465495,3.43711522999092,2,1,1
811.2910201043841,1.1999112275463912,0,0,0
580.8036189402071,1.8508876099987208,0,0,0
415.19344019694915,4.517521531289645,1,0,0
457.6240317977297,4.023320909574624,2,0,0
454.6585891616146,4.422241028436301,1,0,0
320.4356827369985,0.6294351786714912,0,0,0
466.99098082985626,0.0712180619535598,2,0,0
573.2829081821745,0.6050955088002349,3,0,0
372.5767880923205,0.6534206467756379,3,0,0
604.8482651050592,4.801726533826558,2,0,0
548.7774821084338,2.095321682583615,1,0,0
426.5766678028962,0.1704709125100656,0,0,0
485.84703626621524,0.2909271022227138,1,0,0
659.8321807641033,0.3384382409701599,2,0,0
573.3547813505866,1.990785566788556,1,1,1
500.87836548981477,2.6591780703148644,2,0,0
476.2316683039016,3.9271451792454624,0,0,0
507.66090704516597,5.648153150894584,0,0,0
448.82364420576965,0.45055304242213706,2,0,0
289.52504942809855,0.7414680069131755,1,0,0
704.2177910534731,0.5497235581169114,2,0,0
515.5324999199402,0.8887078431868188,3,1,1
539.8147265122537,4.922343701919371,0,0,0
494.2092250123091,1.7118620170539098,0,0,0
426.48831992754117,2.6802869522341024,2,1,1
481.40755190512294,1.3471567538508218,1,0,0
340.0605237805689,0.05856498231035419,0,0,0
727.7086498053304,0.13269735375809175,1,0,0
376.5488001577604,1.5440476055784162,0,0,0
396.80337161528206,2.5373002511339964,1,0,0
455.97407956136,0.4849854080893136,1,0,0
628.8075724852378,2.559617889544896,2,0,0
501.45089992626544,3.3284828628471264,2,0,0
376.3864203969538,1.061707979509642,2,0,0
625.433836075734,2.7441457971712904,1,0,0
573.1000626785482,1.0351297308168648,1,0,0
553.8434957216452,2.2685864761668473,0,0,0
571.5734241170841,2.88782194230279,1,1,1
739.4361900582451,9.638365679262565,1,0,0
718.5094895036112,0.8474516354558592,1,0,0
431.32846569967046,1.05879666939264,0,1,1
662.3884992811152,0.3621328322097837,1,0,0
538.31681897589,0.4564957585235783,3,1,1
549.9095816137749,2.364390026518101,1,0,0
330.77291683566716,4.9789282021281736,0,0,0
482.9614234611804,1.0037481231685912,0,0,0
418.71764096634354,0.39652251546673506,0,0,0
582.8058814893309,0.6712238118959855,1,0,0
607.1080500402805,1.214128720054089,3,0,0
292.5513648983689,0.6868133710884342,0,0,0
497.79651359957296,0.5320475206407865,0,0,0
612.1861504794252,2.6634948457075582,0,0,0
481.3321037686555,0.015751709041795257,0,0,0
572.9063645002365,1.549714840710129,1,0,0
535.1165467627084,3.15749549143367,0,1,1
534.1660231952626,0.6191146310493263,2,0,0
472.86850219317023,1.8491071033414144,1,0,0
378.34191958642907,2.210670306844189,1,0,0
387.84698525749724,2.1285648965917763,0,0,0
570.9352514455318,1.1806384212966008,0,0,0
501.94582555188833,0.8510641835867152,0,0,0
486.14877553927755,3.6148519779051553,1,0,0
457.61099576776473,2.841324100771551,0,0,0
469.48111545192484,0.7750200594713087,0,0,0
604.691179448814,0.21744163127717245,1,0,0
466.4755918131973,0.14903236264820177,0,0,0
365.89352866984314,0.19804126142020598,1,0,0
574.3651775540174,1.7487116474659372,0,0,0
479.51233361352826,0.10608897119113778,0,0,0
503.13958655327764,0.8217400014126834,2,0,0
660.7578306399511,2.7983515582973464,0,0,0
497.94394426494927,0.6972666336673558,0,0,0
528.9183673118725,2.881991774336703,2,0,0
382.1076508701675,2.736649870984368,4,0,1
478.03305476490397,0.5642673403743166,0,0,0
560.9526045208602,2.609961022526442,1,0,0
344.46262661587576,2.7548804559783915,1,0,0
520.084509311571,1.0131822892384166,1,0,0
510.0791072644806,0.4725094662424899,1,0,0
504.12874555874396,1.4732404006049544,1,0,0
603.7158898658244,5.086705785994821,2,0,0
533.4438514848522,2.0411743634353954,0,0,0
647.8071898356444,0.37971374653504125,1,0,0
400.64104844059636,2.2961739999941635,2,0,0
513.5924567218348,1.1144478968174718,1,0,0
508.44667863899474,1.790667725057969,1,0,0
393.07455062449196,2.6489994647017947,3,0,0
595.6295002091346,1.4469956807154059,0,0,0
732.4673305852818,3.363844901544646,2,1,1
498.2993925516169,2.5613879195535922,0,0,0
550.5021088273767,1.9094049127902553,0,0,0
508.4518475815327,0.3269041785291999,1,1,1
428.6415330092824,3.6151571999422205,0,0,0
317.9239722197984,5.494796106652902,0,0,0
429.42265169046345,0.29460035195963596,1,0,0
360.80416190482686,1.3398034416037428,1,0,0
670.4102078059118,0.5992090383360161,2,0,0
488.4890306076761,2.8091065497030403,0,0,0
465.40806709528295,2.557605614709015,2,0,0
588.9153824787805,0.30370525940085147,0,0,0
387.8248897144112,4.191585331533961,3,0,0
423.31359619954475,0.3992766135082961,1,0,0
506.8072269248621,3.191652206242102,0,0,0
602.8768991423481,1.2212195791763059,2,0,0
550.1685045168788,0.795804438642863,2,0,0
524.8325142515882,0.3445189301330388,0,0,0
507.81177352360163,0.3669186223340375,1,0,0
540.0235855526776,2.1687712665036547,0,0,0
520.1652905129255,1.598929143074484,1,0,0
397.00277252230643,0.26041196250927684,2,0,0
504.60792216331515,0.23913944765327738,2,0,0
392.6311341082247,0.15011654660434867,0,0,0
508.10825429008236,2.7233388957771165,2,0,0
451.93520585117585,2.4887709127021456,0,1,1
753.9381622782862,0.12041527309972494,1,1,1
496.0105616248288,1.6431890974042564,1,0,0
359.5760433738411,0.17695469525617727,0,0,0
486.58197893230755,4.681524730108743,2,0,0
551.9358745637888,4.752838310747188,0,0,0
667.3363946152524,2.3962000976117057,2,0,0
441.05476000612816,5.212492885290752,1,0,0
341.757202597636,3.336816255217897,1,0,0
581.6837011430981,3.526793940392988,0,0,0
361.94012941003484,1.6865817674294707,0,0,0
456.3844558492515,0.7307372442737893,0,0,0
474.2379514489006,0.4912873707720273,1,0,0
493.03665466998916,0.7926144061608568,0,0,0
568.9164457074336,1.9803882273184694,2,0,0
431.6365717713612,0.37907071358869376,1,0,0
472.6270747833239,0.5985385217945808,2,1,1
498.57296470506117,1.262452399871948,1,0,0
514.9597957518788,0.5306675945018401,1,0,0
509.78271747079225,1.776590912879866,0,0,0
543.6005775222579,5.132477116111819,3,0,0
584.3839509641737,2.7573617603427443,1,0,0
539.2634115650968,2.195784780607738,1,0,0
545.3585523509219,1.7480027136890743,0,1,1
341.7776833253522,1.3386578387709394,0,0,0
505.02276991656805,0.4129757105250738,1,0,0
547.9507548001609,4.502082313150113,1,0,0
572.894119457045,0.5714639556134405,0,0,0
430.76492257662056,0.19150008373087132,2,0,0
434.0960725111355,2.772710159756036,0,1,1
442.58993247164017,0.3862365466796682,1,0,0
553.6413899891344,0.9300990407978332,1,0,0
603.3881054924209,0.05738530719262838,1,0,0
459.25398927083984,0.29483863863655957,1,0,0
590.7962313627049,0.3803936850483318,2,0,0
512.3479809164594,0.11189268556672852,0,0,0
487.57142228375636,2.138050410290902,0,0,0
478.8615770182031,3.628105812664224,2,0,0
574.6611364602157,0.9346238107451204,1,0,0
532.557781678707,4.152118164792212,2,0,0
727.5825427647637,0.4799350036804185,0,0,0
414.7775357002676,0.7872423214527591,2,0,0
551.8101702029976,0.3267727124569791,2,0,0
447.0798990188487,1.938113353943541,0,0,0
413.07130130113563,1.0890047147761748,0,0,0
498.9132862965028,1.9001260329925984,2,0,0
513.7352479407036,2.8682391872824256,0,0,0
791.8173555060092,1.5780082901925727,2,0,0
481.5854184316798,1.975736496905994,0,0,0
386.9821270515316,5.474452867850422,1,0,0
527.3010717494386,0.7106782719376026,0,0,0
292.5359962453632,0.8899632185427464,2,0,0
490.8043217395734,2.529593704160606,1,0,0
501.60252822951605,1.889923269665159,1,0,0
579.4600382945212,0.39332679304910567,0,0,0
597.3622249427847,0.9436820244345194,1,0,0
449.64303810922826,1.2616146987589067,2,0,0
484.9385985370067,1.0873514498135957,2,0,0
423.3879169389329,0.39269851303144315,0,0,0
387.1937445192306,5.165394229019515,1,0,0
530.9894779380635,2.87364967573973,0,0,0
372.64144514034007,1.3130744839054782,0,0,0
458.5373099428137,2.2792500296707066,0,0,0
400.4826040100763,4.551548906318484,1,0,0
554.9683186290259,0.2927681683039517,0,0,0
680.1430099266488,0.5763591942786046,2,0,0
369.84120171966686,1.5648367515164037,1,0,0
314.6981517102431,3.209003942044554,1,0,0
487.51131146499324,0.07385686738732439,3,0,0
501.56977959577586,8.272603175838269,1,0,0
521.8659306757297,1.2135962562864284,4,0,1
455.3679484765655,0.8901729617693639,1,0,0
479.93607011745684,0.6926698528408156,1,0,0
536.7510410540602,0.3831848963825019,4,0,1
604.0430892644839,3.1363415597332436,0,0,0
304.4951229681717,6.220678131208229,1,0,0
463.10605609685376,1.0676589053642762,0,0,0
521.3808793941064,6.090714752019974,2,0,0
408.2023895389264,3.4722440645715746,3,1,1
673.11696317673,1.311899824367781,1,0,0
436.4590119771263,2.241876409815731,0,0,0
495.8707312992717,1.1418030935190455,2,0,0
555.602209684229,1.6361668157527416,1,0,0
440.87152111981055,0.11959839131303654,2,0,0
315.3426952195583,2.3831892968815573,2,0,0
457.13454730834667,0.10854206687697367,1,0,0
602.944055592704,3.397466849456765,1,1,1
466.31048732148616,3.4853321816146496,1,0,0
415.35656985410213,0.5411970942705204,2,1,1
592.5672209502721,0.7821269653983819,2,0,0
466.92251039769474,1.3128992132257589,0,0,0
448.9839186349783,1.8159652148958034,4,1,1
514.945608966331,0.6775400017991663,2,0,0
577.0750209618787,1.795361967982612,2,0,0
738.1713531732546,0.7070372129173751,0,0,0
582.7236107657423,0.11417953583686667,0,0,0
615.9839966388345,0.005061498957267019,1,1,1
449.40338010121445,0.21328057491845978,0,0,0
397.41318940305234,3.1428464309523463,2,0,0
506.2331349619123,6.510629066708612,0,0,0
510.7169915259596,1.1136211499383413,2,0,0
392.1487258635403,1.4376848003303624,1,0,0
482.4705470095987,0.31763550186603146,0,0,0
539.9317601719131,1.6016044429468135,1,0,0
536.0393395018081,0.31250053619146045,2,0,0
550.4287853384272,1.8894541343089957,3,1,1
529.0964730137443,5.413861683063521,3,0,0
449.29913407299443,0.43556225792830305,0,0,0
448.60993733511566,2.8926299342665747,1,0,0
380.1048602006124,0.04756601958647445,1,0,0
678.4775039185095,0.9415990640138391,1,0,0
501.3450364619293,0.2347503802919883,3,0,0
477.5146944205148,0.8691971161803285,0,0,0
407.12079185475415,0.3812000651565885,0,0,0
793.5657902327778,0.9345905686434471,1,0,0
392.66719677771044,1.0809304928493548,1,0,0
457.11520743939263,0.7150395236249554,1,0,0
541.5836836286061,2.137846501309179,1,0,0
560.0212965744278,5.022962525430266,0,0,0
595.7932055215684,1.0236368131745321,0,0,0
680.7608507769263,0.42723601855747484,0,1,1
550.6157655460712,0.6314026300258069,1,0,0
394.3969200033332,3.8483085953515928,0,0,0
474.30548748782184,1.6955813388559584,1,0,0
530.7832372513885,1.2139794545776794,0,0,0
706.8226041505824,0.3241832686825363,1,0,0
360.2194521575703,1.1946826411553424,1,1,1
620.2576505225228,0.652823634943772,0,0,0
517.9914369546417,5.735140012710339,1,1,1
583.7830535229481,4.3095393242177495,0,0,0
489.8005283364068,0.17526504916706184,2,0,0
415.7567369873674,1.4540429380196864,3,0,0
575.0872779401332,0.5099350739957473,1,0,0
565.4431027105621,1.0579014222214886,1,0,0
597.2056965739722,4.18867179998384,0,0,0
498.6695364621365,1.4994965248867191,2,0,0
440.0177976680151,0.8135778480441139,1,0,0
344.12130049761583,0.466105860126971,1,0,0
581.9373268139407,3.222127060134394,1,0,0
542.3889482443986,1.9590895718622736,1,1,1
403.4217367136041,1.2624696862504612,0,0,0
446.14263267033755,0.49048272340888105,1,0,0
453.32411880485597,0.8136712161000509,1,0,0
351.7015568017582,6.429938268787155,1,0,0
418.23176033948664,1.468313125296618,2,0,0
386.61696431936457,1.0239835443831797,1,0,0
458.75209881120634,1.4738723209143052,0,0,0
426.13025016704376,3.0190811386255967,0,0,0
337.2995079133251,0.8313610257843381,2,0,0
702.2590230569481,0.39374856200082003,1,1,1
625.254073102923,1.7586456777691428,1,0,0
422.0980578480014,2.188468393912932,2,0,0
527.242139665361,2.4945819550757844,1,1,1
541.7465089821295,4.273930994093623,1,0,0
619.1085854773477,0.9278017640983119,1,0,0
418.13949733399215,0.15669057337858613,2,0,0
609.2106783982426,6.356839808975042,0,0,0
445.2094695793065,1.1419013171346633,1,0,0
366.4137595831387,1.952386748899182,0,1,1
572.4136559314497,2.195057690379792,2,0,0
629.0758424122428,1.5815804771048534,1,0,0
758.7908973530684,0.4594743071636767,3,1,1
380.02747349097865,2.814162233971262,1,1,1
569.8919685080789,3.256751965036819,0,0,0
459.0198756206467,1.6102841368987908,1,0,0
578.3358710524031,1.3410545435510008,2,0,0
352.9510448768749,0.24193712015002494,0,0,0
373.7230224301436,0.1753722888238333,3,0,0
422.4125176833516,0.8297126726341896,0,0,0
507.8964045668084,0.7445814925423108,0,0,0
435.89187334616446,6.143346352030442,1,0,0
565.9054343913419,3.0614636640063684,2,0,0
602.6894618257915,2.1571740503088943,3,0,0
559.9577541245355,1.4581626511129901,4,0,1
661.8787639660868,0.36632589507174385,0,1,1
541.5826629455343,7.675378248985259,0,0,0
378.3103289659833,0.9401374971005749,0,0,0
636.337651353834,0.22617077929341378,0,1,1
439.48437643940025,1.3616424987116087,1,0,0
591.041849968557,4.142915182613259,2,0,0
657.3734216555106,4.365892037727818,0,0,0
545.66880107304,0.02205296983260491,5,0,1
350.384118683535,4.3483089073927985,0,0,0
408.1787833490208,0.6334919784049838,1,1,1
632.2744466885135,0.07950422569650517,2,0,0
483.08773143571835,3.764991817882463,0,0,0
507.9573534942166,3.988242274985451,1,0,0
575.8824416163609,1.8138250889432752,1,0,0
569.6322862080324,1.7086693221123754,4,0,1
527.8799812385461,3.3545800762960463,0,0,0
479.1331628779534,3.086453638309825,0,0,0
468.73315542676426,4.41646844531815,2,0,0
585.7898825291343,1.6092636994537453,1,0,0
555.3569531067793,6.862102785834764,0,1,1
474.269999938221,11.117718670147603,1,0,0
608.211231299314,0.24782896171110474,0,0,0
487.0965884870216,3.78816599645877,1,0,0
414.83378256656067,1.385583518453538,0,0,0
424.1029301096655,0.9806292997144508,1,0,0
402.1259163690234,1.899034901305267,0,0,0
472.75899833963126,0.1151852551019375,0,1,1
623.3724278336193,1.412307273038524,0,0,0
419.4904818969491,4.094189879703715,0,1,1
518.8475761018103,0.48022725430379704,1,1,1
434.33106543725864,1.111610745287585,0,0,0
473.96909587285626,5.609592116587483,0,0,0
348.99587880147476,1.1192050083672447,0,0,0
477.94617708434623,0.8874795506851594,1,0,0
480.6294620195038,1.1615545098729516,0,0,0
554.0287944035696,1.465659509422232,1,0,0
522.328091325537,1.9992976394159028,0,0,0
380.1607875047955,3.2258158611459438,1,0,0
608.4198244043542,1.203333032595754,0,0,0
521.0303040221995,3.4018012923124017,2,0,0
519.8393517177486,1.5259407705795047,0,0,0
499.0817646614861,0.8264316661530634,1,0,0
448.224255277778,2.1456015496518046,2,0,0
521.7802339748727,2.529727560989482,2,1,1
547.5588435928582,1.6331124152706438,2,0,0
325.3104308654445,0.11656155943449935,2,1,1
446.12391626539045,0.3723769477662165,2,0,0
474.5053029596411,0.6717784317143446,1,0,0
525.6170605694278,0.6643148144656429,0,0,0
619.3311005927126,2.2381655753927916,0,0,0
422.82591854032177,0.03703817258916722,2,0,0
450.2038153182158,2.8185674219783,1,0,0
448.746588935345,0.616701680953996,2,1,1
419.84724098954587,0.7421906861496298,0,0,0
465.28135048877374,1.5011705383023775,0,1,1
577.0802219987971,0.48650273274521655,0,0,0
394.61645046356546,4.316472825093787,1,1,1
542.7814395152903,0.17846866492687333,3,0,0
329.80977699816646,1.1753498465747252,4,0,1
443.8662003557794,3.786551692193666,0,0,0
467.0510699782014,1.9134125681171787,3,1,1
667.4859672914065,0.6915534229715039,1,0,0
472.5197695247312,1.0920774764542085,0,0,0
279.8756526549082,2.453080286163509,1,0,0
300.111109313875,7.243245014783634,3,0,0
503.4029586346681,4.4724474381395165,1,0,0
561.3770855789909,0.8384166551543819,4,0,1
537.5455857627253,12.637582268338342,0,0,0
516.7570105800991,0.007021638501968683,0,0,0
616.2259597505667,0.05603727477448372,3,1,1
446.04087792628684,3.472731060925016,1,1,1
589.4910556026825,0.4449442706114143,0,0,0
336.7985114973583,0.12538821880088385,1,0,0
409.5052167061934,0.5413826673650508,0,0,0
319.29586050681837,1.1106007643478755,1,0,0
472.51546993302077,2.6228656405888993,1,0,0
495.37387827336573,1.9581177836589592,1,0,0
511.41014922265197,0.5426235139759679,1,0,0
506.1883352887135,1.3994191243262148,2,0,0
407.2446669188272,5.213175391410591,0,0,0
480.9759155586784,3.3748829850749296,2,0,0
350.25533313942515,0.7807287549407763,1,0,0
636.322897513225,8.064380915611864,0,0,0
469.6373927101999,2.4662567920567855,1,0,0
451.1113880956309,0.128969003949066,1,0,0
658.8940328444082,0.0715874675617479,1,0,0
375.7753466450771,0.3688265634761671,2,0,0
387.4412885968031,2.6028469123149023,0,0,0
390.3779675131435,0.40604206273717175,2,0,0
493.2128618300518,1.4327774466792753,0,0,0
543.1631629637598,0.19579932363948033,0,0,0
573.9675468117833,5.073734847385826,1,0,0
757.1995317494968,0.8430689031428819,2,0,0
275.0567545799236,4.7748062610019595,1,0,0
560.8735589124417,5.796327179837301,0,1,1
444.2869427427769,0.012295009116749609,1,0,0
441.35848511112266,1.2477467292917506,1,0,0
438.02278717461223,0.0499302136262308,0,0,0
409.12303291920267,4.7870505290812355,1,0,0
668.4524834603452,1.4613141021746956,0,0,0
584.2297327013903,0.15580203297789919,2,0,0
502.31959785573747,0.23368959050547145,3,0,0
635.1015752487001,0.9674231895074344,2,0,0
348.74710347011245,5.634643137460482,1,0,0
366.9294868669074,2.361223303881152,1,0,0
282.2032267805312,4.044140279016137,3,0,0
430.05854598767127,0.9128536928487337,1,0,0
516.1698526704753,0.08835042795965609,2,0,0
510.2858577932334,7.323901590438111,0,0,0
514.934191105988,0.03464431336843203,1,0,0
358.8943168933918,5.899669839288761,2,1,1
580.3154742614022,0.9198766657623767,0,0,0
523.9627518238998,0.02028331645436641,0,0,0
573.3054281465999,2.336936125783253,1,0,0
310.7237822409948,7.878819651491639,1,0,0
531.149085879779,6.740893502438369,1,0,0
381.2234760082473,0.35093899858594,0,0,0
460.2676747448638,0.39994762484481805,1,0,0
553.4364898636384,1.667297800256012,1,0,0
509.1093606255913,2.0283850794501794,2,0,0
414.8460020220681,2.68967471347601,0,0,0
500.62731561844186,0.39946537443529934,0,0,0
346.8464684756357,6.388712150261575,1,0,0
615.0267395898296,2.0363105992438384,2,0,0
479.4715980503749,3.755248127807894,0,0,0
611.8549944255326,1.553343318035554,0,1,1
447.3468312903957,1.069816074396915,0,1,1
447.6424011593417,7.560490626337337,1,0,0
423.58132133621535,1.7451284988664968,2,0,0
587.6173931693075,4.032912193870283,1,0,0
429.05688426715244,6.127696617703635,0,0,0
564.4595432415176,2.250043704855112,0,0,0
461.75476023307095,1.5923039618288544,0,0,0
302.403670010838,0.0070340568216037905,1,0,0
442.9685932213534,0.08168490766535334,0,0,0
382.08917856371517,0.44841627569862696,2,0,0
503.39027236823375,0.41161054315739115,0,0,0
380.95922643255096,0.5880946963413571,2,0,0
592.5975100714617,0.7274987827225037,2,0,0
490.89241396469725,0.8927788830757599,1,0,0
482.24040052412613,1.0913093145257686,0,0,0
565.5892137787582,0.20820336876146142,1,0,0
596.3906934075862,0.0865707438573508,1,0,0
497.9901248230348,2.2413750210312866,1,0,0
422.87997004507093,1.541503300625849,1,0,0
322.60303838878707,1.174492749762555,3,1,1
431.395024296482,2.012649387284936,2,0,0
438.2787753352038,3.516797250978202,0,0,0
510.70574529922965,1.1161591189843543,0,0,0
465.4853118861973,2.0495314352143814,2,0,0
568.7932972051428,6.139714749223352,1,0,0
438.70167287293106,3.6604746251072093,1,1,1
494.2958833147058,1.1102545893773423,0,0,0
618.398744319689,2.069680334987886,1,0,0
534.1825213954967,0.38977051377163796,2,0,0
493.99624583114354,1.6443360814158747,0,0,0
439.8055558064823,7.961491591613722,4,1,1
436.6768603285023,1.4609302894200793,1,0,0
414.93867470480524,5.252156227792772,2,0,0
445.8993134217101,1.0462516591889668,1,0,0
575.5665838744314,13.527010645009899,1,0,0
477.81117287077313,1.7312904618498497,1,0,0
365.0226930618769,0.08637665548411526,1,0,0
676.8169293059783,1.7674282991741133,1,0,0
531.9965191145163,0.6419888249544452,1,0,0
359.30565994868306,0.0660410977505814,1,0,0
455.8151072759176,3.439100563849385,1,1,1
511.08863828284177,0.6451810534386068,3,0,0
670.4592093297377,3.184655794781698,1,0,0
389.18875417411306,0.6799660166253475,1,0,0
597.6040719355947,0.4321530480449685,1,0,0
639.9486426972343,7.294367773758942,1,0,0
437.134569492543,0.8977224749796648,2,0,0
472.24863811397665,1.8394743854223696,0,0,0
396.36907526262297,1.8831221733249957,0,0,0
479.65388589196954,1.6441144546510762,2,0,0
496.3410025657069,4.923061851252958,0,0,0
565.964999808237,2.244423586743554,3,0,0
609.0183471020447,1.0341334650800327,0,0,0
425.1903935378353,3.9665236186267854,1,0,0
303.26749357740056,0.39949599595144636,2,0,0
497.8755220723758,1.5715636191749833,0,0,0
529.353752996864,6.013601485109144,0,0,0
524.9417687685042,1.9637803238487859,1,0,0
467.3326752490956,3.3961934784471235,0,0,0
512.4752099663934,2.1200954596193076,0,0,0
651.5444808352247,3.6573141427418956,1,0,0
538.173416896251,5.782307801809326,1,0,0
462.6631574996916,0.6374422844544229,1,1,1
449.98021829040044,0.37184265140520806,1,0,0
483.0147642322269,1.323261175898212,0,0,0
663.673996183064,2.420400488108598,1,0,0
481.66992904738026,0.5154473556037743,0,0,0
498.0205655479292,0.00821976889403324,2,0,0
451.7686429063697,0.8399450142687739,1,0,0
609.8983357441965,6.938481545311784,2,0,0
695.9837254744675,2.3746736430542437,0,0,0
545.0613049431388,1.0260742812060737,0,0,0
508.2772903785426,0.42781293305289025,1,1,1
503.6782833174235,0.8803916150681006,1,0,0
261.56932112142545,0.37227228609471835,0,0,0
574.5150864284817,0.22478328867511513,0,0,0
513.4166415995844,4.744778856669376,0,1,1
542.8342050660725,12.106967901513563,1,0,0
428.8537805916295,0.3585271294726051,1,0,0
461.55431210229085,0.11213050074641939,4,0,1
458.8975063496827,0.800152628983852,5,0,1
602.1622984073039,1.238526852767648,0,0,0
462.1240163396907,0.45837668631302525,0,0,0
708.2660322109798,0.7174252136961697,1,0,0
543.0862419015037,0.4484651273751263,1,0,0
372.43173400042684,2.976747805085153,1,0,0
487.1453706748043,2.493607124895715,2,0,0
434.8324877843584,2.015450201379362,1,0,0
280.5617530179976,0.9794916022452862,0,0,0
659.9470940113789,4.794691556509499,0,1,1
570.3142542220004,6.982192201048261,1,0,0
553.3207317899313,0.38144786649792506,1,0,0
516.5403660299704,0.5046623965203922,1,0,0
361.79824313075625,1.4915396763202728,2,0,0
451.6382860444563,0.19137175315998198,2,0,0
584.1780774784013,1.1469927541300649,1,0,0
394.8779970217497,1.7435492090777331,2,0,0
246.82306837491862,1.476596945699969,1,0,0
477.2893992219074,0.8036691621424558,0,0,0
485.82424459724615,1.5637198892403088,2,0,0
513.5563416414709,6.3786803690348215,0,0,0
572.8518643514536,0.46138747547536235,1,0,0
563.7605812231209,2.1274443302665134,0,0,0
525.8769805243921,0.0887329838301584,0,0,0
619.553138808671,0.1374495387478591,3,0,0
348.10302191866856,1.6051573839691111,0,0,0
550.458181447739,0.221727216150551,0,0,0
562.6538363336942,0.04520052244503719,1,0,0
376.04377139197607,0.3763082608151739,1,1,1
349.71293913176106,1.6641251493145046,0,0,0
425.40578735243986,2.430343589287398,1,0,0
433.8458557484708,0.4524931317295604,1,1,1
575.3419463502431,2.2068041058420125,0,0,0
438.5461216308905,0.40295084769207007,2,0,0
414.3651481718796,1.9010265320041975,3,0,0
438.8366263305441,1.0619195236573018,0,0,0
611.8632334154212,2.121474437898684,0,0,0
501.3043374376952,10.61784782694367,1,0,0
482.07489746430883,5.55534613875186,0,0,0
488.99945012989485,0.008581901623938992,1,0,0
629.2060334326522,4.333291579768818,1,0,0
425.0828273396758,0.13760891099407474,0,0,0
631.5508290940104,6.117198727441798,0,0,0
521.0496298921504,0.6620859052652193,1,0,0
483.95806180246524,0.9626463660030249,0,0,0
750.0900497934281,0.1922250545846035,0,0,0
394.4360510201404,0.23818148690730329,3,0,0
464.6314240432994,2.594667249082068,0,0,0
376.7568760836,5.776708076662627,1,0,0
595.2461970536169,1.8870592034967222,1,0,0
668.9188933651678,2.5165061317640345,1,0,0
666.9922781404639,2.870714979697606,0,0,0
622.3948753146004,0.6098308331530354,2,0,0
480.2379532204034,0.09256883727958702,0,0,0
463.4759022510153,0.0037489993929705617,3,0,0
332.88302275059345,0.8635646243494639,1,1,1
703.5873535181793,0.5527306401305697,1,0,0
546.8978078148468,0.12868822684354764,0,1,1
450.8043095130517,0.3957517021238953,0,0,0
632.8056888986968,0.265917737707529,1,0,0
402.7235483239999,4.927348457735649,3,0,0
540.6622034222675,0.3022673026811702,2,0,0
482.7370865709165,1.5428595535576435,1,0,0
563.8677139880301,1.7984049188054245,1,0,0
493.64264608138785,1.5682869709516751,1,0,0
354.90721088887756,0.2086253168506901,0,0,0
507.55763726700377,0.7677938505003056,2,0,0
604.8864141875363,0.10526276258628489,1,0,0
497.0783594146015,1.0072694609668793,3,1,1
577.5115121589085,0.4179856221388208,0,0,0
395.44705143259466,1.6493955104720865,0,0,0
497.37392067301477,2.3605672036189214,0,0,0
437.54895449114224,1.5190862548303437,2,0,0
574.698084010471,1.1391589602769903,1,0,0
503.1491562261996,0.9798688151820645,1,0,0
569.0073676336613,3.6864226230663193,1,0,0
608.7710426157867,0.49530302863648545,1,0,0
569.1618575121388,2.6501602651169587,0,1,1
527.3118434293644,2.8333613671823277,1,0,0
400.1787741488595,1.086697655980066,3,0,0
499.72138893330987,0.7056521470636149,0,0,0
446.69095979841666,1.2718009329663944,1,0,0
465.5936043295774,0.19569743529750602,1,1,1
462.5465849249749,0.09403653748852796,1,1,1
402.00744252177554,0.23667357666495628,0,0,0
304.266141086601,0.4144051516604883,1,0,0
433.18569516722334,1.4030718168656613,0,0,0
519.3379451924159,3.782761454106339,0,0,0
365.182295457251,0.5374388950632528,1,0,0
501.5682236471624,5.4717271869917,1,0,0
690.0268424310965,6.1980968245282675,0,0,0
602.305655525224,6.383718407572451,1,0,0
664.3541509120529,3.63492682259825,1,0,0
539.1127876932726,0.9045633207756697,0,0,0
616.7509822986447,0.15092158191450694,1,0,0
427.60352695322126,1.6824534026957112,0,0,0
435.5659732978016,1.6359766299106713,2,0,0
226.08597938625275,3.793916890662803,3,0,0
618.6145474042299,11.038452306671918,1,0,0
654.0323979819887,1.4191926847895218,0,0,0
444.682275465273,0.846863179286112,0,0,0
474.6048293602765,0.4113483455902255,4,0,1
424.61378863090385,0.009622761939351973,0,1,1
538.2653551477491,1.4230854618612856,2,1,1
612.4932545303241,1.6216944394829438,0,0,0
325.7228026118959,3.4852356458702323,0,0,0
540.9438530642252,1.404686542134691,0,1,1
472.33282282808545,4.965059322116163,0,0,0
511.33943919666893,1.9781716985517581,0,0,0
545.8994001674291,3.6693703277125893,2,0,0
481.1797561227179,0.3210459274274279,0,1,1
489.64131465942194,3.8666847352474236,0,0,0
478.6124832445361,2.248745647399105,2,0,0
597.0316201788281,0.3732207591728149,2,0,0
541.8759960127496,0.4208583407755075,0,0,0
522.058353773736,5.220956590338345,1,0,0
372.90482789077174,0.06549139252393438,0,1,1
462.1420256786846,1.2417830637526415,1,0,0
589.8669160339174,0.752226120305109,1,0,0
503.76965731239227,2.1877118761080774,0,1,1
565.9531469589139,3.6605356292120623,2,0,0
676.6511800327634,0.8937561843209514,3,0,0
603.8606069208817,1.1133973991854405,1,0,0
509.31583376997423,8.025652785773515,3,0,0
448.9010829804273,3.064180833436427,0,0,0
244.64504039441016,4.550020221859745,0,1,1
483.1615077527147,1.1552212283045409,0,0,0
467.3987504183151,0.5333451943965835,0,0,0
539.0366194395376,1.0615923126288724,1,0,0
484.6094773025312,2.5182094950892293,1,0,0
467.9614940563206,0.23178805279764286,1,0,0
322.06010694927795,0.6307071236717124,0,0,0
406.00321708499337,0.09551678422799818,1,0,0
547.6651040800557,1.1324925262507624,1,0,0
671.5907631132694,3.5140870358950633,1,0,0
490.24746162543767,0.049945864763508666,0,0,0
532.7811073574123,2.2498521191156224,1,0,0
595.2478156952806,5.3911331293126645,0,0,0
418.91060637997504,0.5408054126199079,1,0,0
536.6814043285442,2.3659551150555984,1,0,0
425.95098936678414,7.385927655663751,2,0,0
586.4824438491012,6.5550267899598635,0,0,0
515.1403047951733,0.5355737826140039,1,0,0
529.845181398144,0.21145684045742544,1,0,0
421.7401402581411,0.3210008487974156,1,0,0
570.7032359610785,2.4215629850671863,0,1,1
708.4712921231016,2.5874950859755286,4,0,1
399.2088304571794,2.243167620384954,2,0,0
466.0240992352476,0.8191823806065535,1,0,0
523.1607474168092,0.37212173403640764,1,0,0
578.6406211995817,1.738628670565908,1,0,0
444.0453714710531,1.3220588280305798,0,0,0
216.696970985726,2.6100492841226246,1,0,0
635.9189494164025,1.1645003225929496,2,0,0
576.0506119584143,0.8269129927856638,1,0,0
325.7052469513335,0.6948035102156016,2,0,0
439.24312082204443,0.4751704645197225,2,0,0
656.8182429527326,0.6178015470423722,2,0,0
644.7796418457866,0.19926598487743838,1,0,0
593.8640022678944,0.8519184022657607,0,0,0
482.38875660401374,0.07451050159591797,1,0,0
508.298741881251,0.4126069080338356,1,0,0
486.90741948738736,2.746917736225625,0,0,0
612.8239783268838,0.7874752552661352,1,0,0
412.415759350489,2.2066689431530975,0,0,0
419.4200345115795,2.5237983831212056,3,0,0
601.0274586836016,1.7406536046926038,2,0,0
495.5638544488438,6.373676184042737,0,0,0
637.8467355453809,0.04334607876472648,0,1,1
432.84877930194546,2.683809831568993,2,0,0
494.5221639661175,6.37798579791344,1,0,0
407.7587015156047,3.9649451764821286,0,0,0
500.7362681423567,0.3675877405634909,2,0,0
352.14530630012007,0.7914859617860964,1,0,0
451.2366579045037,0.37857594775877995,2,0,0
356.3746135071882,1.8391340050583898,0,0,0
569.3923233191258,2.4908954543281423,0,0,0
571.6589339759652,0.7627368661936466,0,0,0
326.9737269515655,1.5509133982835193,1,0,0
633.3885745500572,2.3483139606630714,0,1,1
749.7415126419854,1.0940797526273012,1,0,0
504.6006386736341,3.848510071828811,4,0,1
435.88857397753554,2.9528752554132227,0,0,0
782.4330591003046,0.13370221308739433,2,1,1
368.1031501697489,1.9410994660454077,1,1,1
502.01064668690987,0.5366101850814564,0,0,0
517.9622272631923,1.6307121829405435,3,0,0
634.5147620452415,6.2879283309029645,1,0,0
535.9738975126788,4.224954598081695,0,0,0
450.13661042115484,1.0367628713594543,0,0,0
404.8815629612044,0.6892495603235254,0,0,0
465.81781797538645,0.5342058840342503,1,0,0
399.30726390548557,1.520775475450132,3,0,0
504.7825319784683,0.24263757797388882,2,0,0
443.58038201395135,1.5937957991751872,2,0,0
350.596220671025,0.002669059158794543,1,0,0
625.5145788374904,0.7826795759002777,1,1,1
450.23274765709607,0.4967542996130042,3,0,0
373.18631950246873,7.096065067917202,0,1,1
483.17408655124586,2.5983429908705586,1,0,0
506.83715659676585,0.8604995947963111,0,0,0
325.35332744209666,0.19488409160068815,0,0,0
533.1647667125762,1.454651726192393,2,0,0
395.28424313097355,0.4801925841763299,1,0,0
671.1028809190788,1.5375938019869169,0,0,0
552.3960512076735,3.608016611894396,1,1,1
460.0100009890683,1.9131452867257361,1,0,0
425.48322296826495,2.009088047869606,2,0,0
489.50322924363763,1.5575421206851516,0,0,0
561.279074158329,5.241882555104553,0,0,0
497.45058714148,5.373634970816719,1,0,0
478.28411928631436,1.4378458834896028,0,0,0
505.8370290817896,0.7298736364030667,2,0,0
439.6141068763045,1.2308432556207047,3,0,0
465.6794073156962,0.4129610875768013,3,0,0
291.4207561094996,2.0230955604294536,2,0,0
597.3726230852368,1.3866637383566094,1,0,0
529.8797780321762,0.2180689077634643,0,0,0
422.654415596657,0.44041518372739946,2,1,1
689.8734981355238,1.3064378824459675,2,0,0
508.70164803923865,4.371186797955912,1,0,0
396.38564280248033,1.6712228566543088,1,1,1
585.6737421470458,2.288485401545562,1,0,0
539.8048216509262,0.8280892636178883,0,0,0
539.457998548422,1.6945155565874295,1,0,0
457.42443953484093,1.1861687073122127,0,0,0
545.0495723778034,2.152507699445374,0,0,0
473.82417097789056,0.10379867404966764,2,0,0
555.5941451645842,1.3596731865194143,1,0,0
309.5055545989361,0.7019328944623793,3,0,0
456.6126537020811,0.7895995548009331,1,0,0
672.2155097808195,6.484157462594647,0,0,0
423.29325445996994,0.4034854152405372,0,0,0
439.6161702506813,0.7457400514618466,2,0,0
455.2038661550025,1.426261357406498,1,0,0
378.51938641113566,3.975942148648847,0,0,0
279.1719223771748,1.0780047153500907,1,0,0
476.9413601476387,2.7241034527822774,1,0,0
513.5859424081657,3.8810865281696323,1,0,0
494.7494931461348,0.7421747715228291,1,0,0
485.51214380521134,0.99763002669123,1,0,0
504.30408708503876,0.8818412549243245,1,0,0
602.2841471550764,3.577796835299374,0,0,0
480.95538140707833,0.09072051615885128,1,0,0
442.591742291273,0.7375560368995469,0,0,0
471.8874515111914,2.2751754631987926,0,0,0
557.9346759756776,1.6668586144155488,2,0,0
641.202687854325,1.1464284150630237,1,0,0
437.1856260830822,1.5528324926269772,0,0,0
509.89337870288836,0.44025766486914697,2,0,0
533.8357441935959,1.1267538800451502,0,1,1
400.7421993271177,1.3931179248540748,1,0,0
502.04171672129183,4.629095157229974,0,0,0
353.43261426579045,0.6044686570288269,2,0,0
323.0949696260601,4.047309947272686,1,0,0
536.6746407892257,2.067005740692852,1,0,0
461.6125258669217,0.041101109226100496,2,0,0
520.228040762122,2.5792889720301577,2,0,0
498.210502299165,0.07239847014004436,3,0,0
402.35999513362026,11.890022270657596,0,0,0
495.47456980356634,4.121423099548973,0,1,1
376.6898694985145,0.7057749581522403,0,0,0
639.0972358001401,0.5952257203216282,1,0,0
364.40296551400365,0.9607256647168776,0,0,0
480.4214729031419,0.8806316988056956,1,0,0
395.7728411952752,0.9315063692280537,2,0,0
557.0421173360795,0.7662623924338843,0,0,0
466.8568628718497,1.9411422656529584,0,0,0
448.133328037879,0.35888420573614555,1,0,0
585.3201545051554,3.7413624126460516,1,0,0
502.9430591677552,3.3469129672055384,2,0,0
551.6644445935967,1.2943723450014781,2,0,0
401.86740634825355,3.8309748129535595,2,0,0
359.5183056072493,0.5677654516510746,1,0,0
510.72079620401337,0.03544311807936528,0,0,0
468.1153644505269,1.9310035756187724,0,0,0
562.6434672453944,1.224644291376478,1,0,0
492.00915473374505,1.674795275487175,0,0,0
520.507533923463,4.5920018131684595,0,0,0
337.66174700587567,7.008160176980133,3,0,0
688.8436939614256,2.0127215988146463,1,0,0
483.5758014967968,2.8883181038500685,0,1,1
569.7586970339199,0.1750596048515665,1,0,0
416.39083297803734,0.3504112739642504,0,0,0
530.8009902217341,2.6425479493434407,1,0,0
369.71552364752546,1.1290346591339118,1,1,1
545.2067838259671,1.1810558107980045,3,0,0
464.4025915614167,0.738095723637503,2,0,0
502.91905039355674,1.8697058134358842,1,0,0
569.7974030130098,0.40953939192453415,1,1,1
376.74596887797196,1.971904864564781,4,0,1
431.5508269387203,0.38183404148370526,0,1,1
545.7324281086766,0.13190791884314096,1,0,0
709.8221474546747,0.8020231457660949,0,1,1
486.1917665338518,0.5256936509882778,1,0,0
559.1136117923933,4.396299504371016,1,0,0
489.302853014152,0.11304219507183126,2,0,0
694.2245594756299,0.3886595981898555,0,0,0
325.27783330347444,1.5913328311094386,2,0,0
509.4621044669358,1.3119617326621087,1,0,0
337.4455966437939,0.09387300511119845,2,0,0
249.34284294632835,0.014557709441151777,1,1,1
529.7462053117816,8.85705309641439,0,0,0
513.9497796147459,2.15077633894193,2,0,0
471.5163062257799,0.9095401218569834,0,0,0
489.3805909960247,1.2713883336320873,2,0,0
809.8299434071257,0.6199920285561943,0,0,0
474.1824861968566,0.845854730517824,1,0,0
551.0124361250075,2.0941915018312467,1,0,0
435.0635180386119,4.287948159673737,0,0,0
529.5232575040603,0.407000557451146,2,1,1
476.17663249443825,3.669686857443055,4,0,1
458.948151727027,0.2592076700715236,1,0,0
681.8898532200325,0.48412330998393754,0,0,0
617.7184963184338,0.07576781329803636,0,0,0
513.6746647399231,0.30353472259400305,0,0,0
269.57880640560336,4.98514742461527,1,0,0
463.899077674743,1.230294642136757,0,0,0
770.3027564405083,0.161695430396764,1,0,0
476.9338333360292,6.424139976357333,1,0,0
610.3217572053658,4.223802326326928,0,0,0
644.1942401952601,2.81040414822674,0,0,0
521.8963915855975,5.42028854270204,0,1,1
415.8178368131848,0.49725459442769915,1,0,0
256.46876682171114,3.620286353777449,0,0,0
568.4163208608954,2.3423091660982163,1,0,0
418.5243997176452,4.0767412296513035,1,0,0
517.6150451887692,3.1882275161333387,2,0,0
375.0179660410636,0.8508103830230884,3,0,0
473.47624595297975,2.9779705490533384,1,0,0
503.37190549010535,0.6088598846668122,0,0,0
526.8593581044298,0.7967570438434902,2,0,0
388.5177812647586,0.22836690761453352,2,0,0
619.6910948761353,5.469094823400495,1,0,0
440.31052152680286,0.6878089926525137,2,0,0
332.5530539546755,1.470533638193321,2,0,0
489.09765800365363,0.9929673803501252,0,0,0
503.437530902646,6.4341609042047585,2,0,0
516.0589433171759,0.816084364641897,1,1,1
636.213240368508,3.0150791592453827,0,0,0
476.3551163264141,3.867791389879267,1,0,0
488.0380375631229,1.1440071425227831,0,1,1
389.68156187669064,0.9501829068504536,0,0,0
582.0553502887897,2.7546361054412993,0,0,0
518.4309064078103,4.881304491716621,0,0,0
457.9972272705837,2.8124369334579877,1,0,0
309.5325306534536,0.5152794360074154,2,0,0
644.4412195055088,4.38401586929465,1,0,0
377.2320035543943,0.9806793600876993,1,0,0
440.8721990630294,1.7171260713858825,2,0,0
535.8344511076003,3.5608750416306316,1,1,1
380.34420713833134,0.41748244757440994,0,1,1
350.6490221746857,3.0696828077018923,2,1,1
287.6052417299335,1.8134868947173808,2,0,0
572.0996952905635,4.476248934048103,1,0,0
445.4813755273678,0.37741275734000246,1,0,0
792.727009247333,1.0918082771026487,0,0,0
400.56449343691264,3.5776446880148303,1,0,0
407.85489765710787,0.038838076803405765,0,0,0
443.46070297145985,0.23802065216123905,2,0,0
524.3134655138489,9.326703300298561,0,1,1
452.9796661214689,0.6581033743059521,2,0,0
561.2332214002512,7.421693453004079,2,0,0
402.14116100113455,0.4030859429230777,0,0,0
361.8408281536419,0.8959972673227365,1,0,0
320.1785260590892,2.7956770344648763,0,0,0
277.64258320628034,2.144593639369535,0,0,0
448.1930980524943,1.7403530513444023,1,0,0
469.9019687606778,1.5096161754405013,1,0,0
436.85629725168167,3.7086375794606927,1,0,0
624.3405797187162,0.5356244185793974,0,0,0
622.8030209608135,1.1684812562340388,2,0,0
466.5197012555498,0.33790810383202735,1,0,0
320.60788868080374,1.812391692892988,1,0,0
443.3294891944947,0.5768164701449524,2,0,0
440.01786060829386,0.8124569918591895,0,0,0
434.2865037721942,1.2744818078778661,0,0,0
430.2281096101755,0.05427088844235833,0,0,0
434.6537104275193,0.19288510041335888,3,0,0
461.345838410224,2.3162738134360685,0,0,0
436.4458901184443,1.1206269950676095,2,0,0
520.8322508625592,4.001855591004875,1,0,0
536.0368715904862,2.372737364625877,0,0,0
408.935491281751,0.01626786513518274,2,0,0
627.1065326007033,1.917938954258198,0,1,1
401.99376981593855,0.19682467838952267,0,0,0
338.2199386184663,3.0367569611837752,0,1,1
538.0778071365052,9.537188056298067,0,0,0
418.259186558566,1.5151529374244284,1,0,0
532.1291470757388,2.2963163278535204,1,0,0
259.63313988994696,0.5418181535591562,2,0,0
639.2455941483067,1.1510758533523004,0,1,1
567.2293408040402,3.8772084561274207,0,1,1
349.9523450836998,0.3664590123015073,0,0,0
352.1222876153714,0.6172275210639763,0,1,1
667.2265904097528,1.1791377351943282,0,0,0
426.26200965020416,2.491318760561491,0,0,0
416.5815151267376,0.9428379160484717,2,0,0
273.39479058507175,5.2547554390851055,1,0,0
464.92217943984457,0.1984411436535868,3,0,0
477.2280385164247,0.926625558122567,0,0,0
571.5493096769485,2.4685487455752124,0,0,0
360.09215718155247,0.5123326138200542,2,0,0
347.97132077593903,2.136630629901871,2,0,0
545.0962634776477,0.3587724379782519,1,0,0
600.6730071227065,0.11521645674860259,1,0,0
342.8847648882117,0.25797652343387534,0,0,0
608.1514086299742,5.318085353518272,0,0,0
503.75418414868216,1.6048122724937155,2,0,0
609.1805339074646,3.1826634021590814,3,0,0
492.97796384823835,0.8088947550584833,2,0,0
247.77220825120497,1.7962074841403974,0,0,0
484.8032617683961,1.3662041389119524,1,0,0
606.014381867127,5.8278607293731115,0,0,0
410.62539809162854,2.7532793245893497,1,0,0
461.20350310925477,2.6226901770347557,0,0,0
482.38664964490215,0.09492395900662332,1,0,0
210.0486120131518,1.5955477932677313,2,0,0
667.1347575437476,1.2584356419790315,1,0,0
409.86243201028253,5.257801629121648,0,0,0
550.5735432472799,0.5950392408541606,2,0,0
491.3298863851791,0.6289652493689967,1,0,0
625.761905635936,1.0598342541386678,1,1,1
540.6056122428081,0.5577610754446716,1,0,0
476.50757284790257,0.2766489629946446,3,0,0
410.648490748072,3.895631780765822,0,0,0
579.7850701382139,1.634142427020293,0,0,0
312.65586960453834,3.9517884907968424,0,0,0
564.5890420275892,3.557308621196946,1,0,0
390.09552484451274,0.6626894032632961,3,0,0
625.228366195664,1.5869847848078726,2,0,0
516.1299542662695,0.17377048495908776,1,0,0
564.4123767850109,4.936143526840208,4,0,1
508.19888138247194,1.035911012371132,0,0,0
324.76229048590034,1.0006821712176794,0,0,0
413.92708366046617,0.7212379101513352,0,0,0
567.2389337611382,1.2348321046567676,0,0,0
516.6655817359843,0.5800613539856581,1,0,0
618.0989905305672,0.9395345873001598,2,0,0
540.3274563037172,3.2183463808009587,1,0,0
403.32981092973404,3.594615709202403,1,0,0
420.39358622793657,0.7253356670475499,0,0,0
510.29173905232375,1.2660408685835043,1,0,0
268.59559339998947,4.140088094037587,2,0,0
667.3441885622985,0.10822258945679777,0,0,0
544.1746736377557,4.399063790219745,2,1,1
622.7034597048872,0.4948323899418608,0,0,0
341.9396059190831,2.269759617481477,0,0,0
624.4565160355255,1.7471891320674007,0,0,0
723.1498911027749,1.6101282775333279,0,0,0
367.91216446226827,3.923106886236743,1,1,1
577.1401794903767,0.21421773881954317,0,0,0
500.1109944687293,0.852442136860251,0,0,0
345.5566151751756,1.5454752152162212,1,1,1
549.288397185187,3.3350755215269987,2,0,0
583.3603204837349,0.4878231516124453,0,0,0
439.8873447331153,3.2483909569785254,0,0,0
616.5916520255223,1.02044655207408,2,0,0
333.32365932108024,0.41876202312040495,2,0,0
350.5243853550356,2.8458041667084735,2,0,0
513.6597395588752,0.19059794297828173,1,1,1
502.5385277972272,1.4462537239082167,0,0,0
428.3426511575895,0.13201420352082743,1,0,0
580.9594435971886,0.8814112137609648,0,0,0
553.0894314215949,1.8379727186628838,0,0,0
585.8139070934016,1.6243819579800949,0,0,0
487.6863564647732,1.037229822990664,0,1,1
560.2580267978341,1.1209002506986114,1,0,0
455.43496969700055,0.5143563099338081,0,0,0
705.3818690086596,1.2171804506228165,1,0,0
418.7454229878014,6.126089788656298,1,0,0
710.5297429458312,3.800288009039433,0,0,0
503.4887947089409,0.31385241727060803,0,0,0
362.4489110431257,0.060466481128994706,2,0,0
636.8079350488601,5.421838005862813,0,0,0
512.5901388394959,1.496261920757681,0,0,0
585.1124098380238,1.5436788347068222,0,0,0
622.3855918542594,3.03479337338129,2,1,1
533.7955554145025,0.7557649820561537,0,1,1
440.77591551871853,1.3152032282007609,1,0,0
597.571337766925,6.925905998731295,0,1,1
500.07555074545957,2.2303901743881567,1,0,0
568.585781860842,0.33386916832458313,2,0,0
284.62694262085387,0.2859557362149944,1,0,0
544.6981717009852,0.45697751887232807,0,0,0
436.14141748549696,2.910960283174173,1,0,0
665.330963717853,0.7001847528484748,0,0,0
562.3087347889095,0.04324180593302966,2,0,0
523.9857745849297,5.7710441594411765,3,0,0
548.6309993350221,0.3719687126710025,1,0,0
400.1559147123282,0.01920831757436302,2,0,0
662.3256690528053,0.5413394855238793,0,1,1
699.1370418416905,0.5358341521668366,2,0,0
539.2913510548217,1.0963809897183907,1,0,0
659.0403568573638,5.061226898632165,0,0,0
443.0851801327466,4.2269882969057,0,0,0
420.2886433775019,1.220903576362598,1,0,0
504.0924748728923,1.058318338355313,0,0,0
543.4941038367899,1.6194028321379559,0,0,0
460.60133187568795,0.5579839141631757,1,0,0
553.7768190368483,0.10719186994854259,2,0,0
530.6389482073414,5.601125090652312,1,0,0
400.1693224708945,0.4133079713143917,1,1,1
551.8793017451721,0.4422929167792413,1,0,0
586.3528242521521,1.2790624209913237,0,0,0
517.1469317590391,1.3530259774276028,1,1,1
615.2648103261693,0.03721247430224039,1,0,0
378.2596206503048,0.320231260118191,1,0,0
546.7950422131852,0.9501282433266001,0,0,0
382.9719293603225,2.302322385231506,2,0,0
