study_time,attendance,assignments,score,pass
4.370861069626263,83.63514971044489,0,47.24999317904638,0
9.556428757689245,89.83406985956861,0,66.62003809185401,1
7.587945476302646,62.52339493962495,2,56.12777910548311,1
6.387926357773329,81.24370498034995,4,53.666108027125524,1
2.4041677639819286,78.58729915718743,2,34.145853166137115,0
2.403950683025824,91.64151883941355,8,54.80096692375425,1
1.5227525095137953,95.30435302406303,8,59.7786415172599,1
8.795585311974417,50.60783857386934,2,65.21365105913189,1
6.41003510568888,83.70099595293964,2,62.32477737414917,1
7.372653200164409,52.59178995598645,4,54.965280381539415,1
1.185260448662222,77.44293325386779,1,27.03675569120389,0
9.72918866945795,64.38163645218391,5,74.22579581608395,1
8.491983767203795,65.33882997610706,6,70.53092476792055,1
2.9110519961044856,67.64792517261783,8,49.09195315106476,0
2.636424704863906,81.0646224524805,5,46.121454951481276,0
2.650640588680904,66.70249828343846,2,35.56856056030182,0
3.7381801866358395,86.63495252951401,4,49.32476554069099,0
5.72280788469014,70.22636927869348,3,56.35721603611988,1
4.887505167779041,53.41766001549793,4,46.89074992671071,0
3.6210622617823773,89.18799212420537,7,50.88387271506235,1
6.506676052501415,64.2879162296353,7,65.99166424268735,1
2.2554447458683766,71.63834397996314,5,42.18490693442294,0
3.629301836816963,84.27219416109509,0,35.53003016963747,0
4.297256589643226,66.6228078574356,7,52.516618071964125,1
5.104629857953324,52.82928280733578,7,58.357296937024145,1
8.066583652537123,68.69605235064068,1,57.259484274574284,1
2.7970640394252375,97.22242913471517,3,42.94115358889827,0
5.628109945722504,82.08671986492791,1,53.142147578132196,1
6.331731119758382,83.57395743336035,3,65.84550417785984,1
1.4180537144799796,81.61410768188199,9,58.62613883057797,1
6.467903667112945,59.94960694797184,6,65.6190771942247,1
2.5347171131856236,70.916693205114,8,55.37273222824286,1
1.5854643368675156,87.5469899181659,7,49.924906802295666,0
9.539969835279999,55.06864487765796,8,76.79486274148373,1
9.690688297671034,63.892638804485614,7,84.87978851268542,1
8.275576133048151,63.81595542329268,1,62.09462704758795,1
3.741523922560336,71.6009463797253,6,54.07307271585933,1
1.8790490260574548,99.01843704710924,1,36.37062711266524,0
7.158097238609412,53.3751273341911,1,56.13525339750341,1
4.961372443656412,75.93504971902975,3,52.9848361501615,1
2.0983441136030097,58.96823410061052,0,29.338479534118623,0
5.456592191001432,98.53382727048721,4,64.41774326202766,1
1.3094966900369656,55.66517523637321,5,31.861020444388377,0
9.18388361870904,70.18005011807956,8,85.39688702706111,1
3.3290198344001523,86.89424924173031,9,58.68291830006204,1
6.962700559185838,85.22772140137226,7,66.43837856445292,1
3.8053996848046987,71.13643184469662,1,32.99807759902025,0
5.680612190600297,67.32620839763591,0,49.52300631942715,0
5.920392514089517,69.88061892764352,1,50.330059175096366,1
2.6636900997297435,63.213813157931966,6,35.637098558868054,0
9.726261649881026,60.26664693533999,3,73.24397716527604,1
7.976195410250031,74.1519848779445,9,79.65719973976671,1
9.455490474077703,63.42668780338037,4,71.80739074528896,1
9.053446153848839,64.3730832448625,6,77.8132023336072,1
6.381099809299767,82.83780317372785,2,67.3323100491562,1
9.296868115208051,98.42686658499461,9,100.43535414496432,1
1.7964325184672756,80.18186002796875,1,35.75554381626993,0
2.763845761772307,53.84897335324831,6,41.55036865052176,0
1.4070456001948426,53.77918069270335,4,31.95765824684362,0
3.927972976869379,97.5711610422783,0,50.456247860902124,1
4.498095607205338,64.86453951536669,0,40.60834900534642,0
3.442141285965063,54.60334930412377,8,50.46442652082795,1
8.458637582367365,79.95222935751907,4,66.41070886388356,1
4.210779940242304,81.18243891451331,0,45.815375792299335,0
3.5284105871864266,82.42524100593441,6,56.75369321283548,1
5.884264748424236,63.37010139287706,8,61.98314444995227,1
2.2683180247728636,50.75553421072375,0,26.090887165650948,0
8.219772826786357,98.25076847272359,9,83.01656777224323,1
1.6709557931179373,62.54465228455513,3,26.866606736159653,0
9.881982429404655,83.80131440262738,2,79.60438185760745,1
7.9502029236699165,85.33149349393548,4,69.70264758784215,1
2.7884411338075514,80.50037085397429,6,41.20818861734992,0
1.0496990541124216,65.64536971068242,7,33.383214688094625,0
8.339152856093508,63.554812688203285,1,57.93031261796818,1
7.361716094628554,79.88341413513515,6,76.64650720234202,1
7.561064512368886,93.30478168058457,0,66.69232712286212,1
7.941433120173512,97.33668644616978,6,76.550160543932,1
1.6664018656068134,55.29529022018788,7,35.98176686923463,0
4.226191556898454,57.74143062988599,1,47.013809053994194,0
2.0428215357261674,97.23681293915399,8,60.065663736361785,1
8.767930832880342,86.82676141673963,0,64.29738044951445,1
6.609683141448022,94.14969124148865,5,77.11095237781834,1
3.9780822236738427,60.13163170676716,0,37.526756588150306,0
1.5720251525742128,79.3792935554701,2,39.67197195979331,0
3.79884089544096,85.05697972087368,5,53.69475861845937,1
3.9266498982407234,84.00559427234863,2,54.76407376661908,1
7.566455605042576,70.4075845433349,7,67.15645033051436,1
6.738017242196918,50.76974458456542,4,55.64375742944664,1
8.98491468318694,79.14630284021315,1,76.75076315749423,1
5.249934326457543,62.65507695898044,3,39.083153978995526,0
2.0763482134447155,72.51271230714451,8,47.905247738744606,0
7.419203085006955,97.87905075419087,3,70.4919990519261,1
7.847065437552077,69.95176588212173,9,81.64416310511562,1
6.051494778125466,91.99008033322133,9,81.2040651676486,1
7.938704619591049,59.42703028746256,7,75.17305128072883,1
5.444160367279517,83.62302490125144,4,61.51271057375925,1
5.704595464437946,98.85034772194717,9,76.38090437925068,1
4.847869165226946,55.09465504364684,0,39.05418923182929,0
1.2287721406968566,50.4159971113596,6,34.318522944515315,0
1.97102284293974,71.67913963163072,2,42.657130252115465,0
1.2828626711806081,54.63127415256836,9,36.65113411028584,0
6.727693701374023,87.41921748381156,7,71.85382637639322,1
3.82920382968694,95.72743319242795,2,51.48669924332905,1
5.577136220482325,71.70104863543794,0,54.400659089021346,1
9.168098265334837,62.93558210777205,4,73.83767765676683,1
3.2436300623398746,71.72016595033048,1,44.65160957452447,0
4.693446307320667,86.17239089250005,3,60.489498756871356,1
7.799960246887438,50.45270807901855,0,57.09579778724266,1
3.059183489424602,79.47269947423486,8,49.8177592065657,0
1.6928191884591368,80.66458424436895,5,50.96894077508995,1
3.6077630762239123,81.88441234479677,7,63.6660424400221,1
2.4509915852860398,62.10110399904386,3,37.20298937865504,0
9.367278871083158,85.70263616890634,8,81.63833399366992,1
8.273083416079754,54.56957431658882,1,51.93379858600363,1
6.700633808593811,59.96351682334004,8,68.76380222273963,1
8.84314531168946,93.87350233272409,4,76.8690250476106,1
8.23304869209203,86.93615753632832,5,68.66014505455675,1
2.6791305299743224,50.687277700567265,2,24.70500746322678,0
9.0330309864098,62.41881301849001,3,67.54088597094596,1
5.854080177240856,60.720324149658225,5,58.46114600015664,1
8.266961396476564,63.54031640184863,6,79.42546715801653,1
9.06482169931144,62.377988513994325,0,66.4586089224897,1
3.8620312747467747,53.126314787142285,6,45.34102815751949,0
1.9904673207490908,72.94702582984101,0,33.73619214106176,0
3.051416462877475,86.63667373930826,4,50.700922364123144,1
4.843970097636307,80.33658623587182,5,62.01855239492278,1
8.362132893302437,83.643583429904,1,68.70402892756407,1
8.74657524930709,54.05745892681196,9,83.1311026796396,1
1.0625691747807164,97.57453550883936,8,54.70746552769281,1
5.596725723198092,91.92459169215124,9,73.97450614182867,1
4.7566990283390105,90.25451592478314,5,60.26372813780047,1
2.9989702942365724,91.14919025208837,6,58.938350941761506,1
2.0787883060031453,96.63552540663807,9,53.817227561471945,1
4.038536542632651,77.21269830568488,7,49.82342805915175,0
9.486187335212673,60.0141008933813,9,75.87367698565778,1
3.908826388186797,80.83918039262706,0,39.81401368327456,0
5.669115595690295,87.14407468339695,7,71.7870618773568,1
7.3271706300566,86.89586966770128,3,66.59061977754408,1
4.272666421413646,76.072451208344,9,63.20764748362757,1
9.746038744488645,53.42293596667891,7,76.28059415804155,1
9.662025654479,68.5556469215064,5,76.4400355189271,1
3.2660406624282774,96.03833042316786,8,56.014384066535975,1
5.475236553031469,79.2224454878713,3,56.68343828444029,1
3.707904788350927,76.91659716278568,1,42.73868441169555,0
3.5635644493972087,63.44267571910967,1,40.913950078628055,0
1.3319825261907952,68.42244599582895,4,36.62513446476125,0
6.486079005819072,94.76730445765847,9,77.87484946160083,1
5.524111209059753,83.3231523763418,8,61.087057532900424,1
1.463308761249904,89.36935133761665,2,43.480246545425906,0
3.507818178129503,72.71727115338275,7,52.92905054147222,1
9.174392973699883,81.5123609728079,3,76.72388660981126,1
3.1560570160027517,62.41918043716038,5,52.508514540217156,1
2.304053848821008,85.27304151417431,9,59.643292331337086,1
5.405074842498067,71.38006668516687,5,60.671640212124046,1
9.870854086995406,72.12727574073728,2,74.98092422034408,1
3.178497443603504,82.46611622884409,4,48.57409434249998,0
7.049219926652907,96.81403107344633,2,69.49088144390774,1
7.854576537958458,53.20031733043105,0,57.26751151820476,1
3.1387378959315972,91.23716186735038,6,63.62184681878378,1
7.553947137506736,64.61915552060965,3,75.52181275753063,1
4.3100481944732785,72.1959727253189,6,56.66033681697981,1
6.690752475342215,51.09566643875045,2,42.01608194811804,0
6.7017673968480524,65.05230389171565,4,56.26580578529636,1
5.821972156672826,75.13156213150653,4,68.70681383217493,1
1.8126079304896747,52.80880386737195,1,30.498943953938692,0
8.51772246030314,74.55478646915826,9,85.08528067848816,1
3.8870205847456223,96.35553144292138,1,49.507572799580714,0
2.678666593598688,55.26966090539026,3,30.029120943480596,0
1.3669762739928752,88.22203640377522,3,47.690441064824455,0
6.318036488694176,70.48355266879963,3,54.61919698674032,1
7.098079256580542,82.7586857262169,5,73.96456108345917,1
1.1492904603507053,63.01182989926147,1,20.146492422761252,0
5.608837524693529,57.97461312706791,5,54.35982813744663,1
3.0384619767814414,58.02313071356132,6,49.564034750240424,0
6.806555113685048,53.52459728215723,9,66.84168389073844,1
2.569297861044923,59.28233524506215,2,32.78894050191312,0
7.218439642922194,83.21096924944841,7,75.1086703311889,1
4.480618116704837,94.08453059217541,1,45.94843529900217,0
9.43056989863061,90.70628427955809,7,80.7440002417904,1
2.2376884973139393,84.25671549372422,4,48.0366395481566,0
4.069597159452327,55.521593170555136,1,36.89341412033918,0
2.021261691165302,64.45937231479749,6,44.976543953173035,0
9.322242564507064,65.49034376612344,1,73.8492310381259,1
8.896054180428829,62.49784731988106,5,79.22283814308578,1
3.3214746494364005,75.75028298548615,9,49.22741671994615,0
6.939856414307611,76.77769074398363,2,58.243442853463655,1
8.354999801810942,67.84429875855551,8,80.81621517184038,1
5.996807304395161,67.6894579368218,2,57.05588226254061,1
5.766855205204059,91.42777989530407,2,71.50979791559297,1
3.1766706181040654,89.46464241598429,4,46.1846781491502,0
1.837924910253093,65.38979158403728,6,46.64740403374714,0
9.074941821579941,95.68942219366296,7,89.94290881619129,1
9.103762514469974,97.6407508501253,6,78.60985849407011,1
6.697913115459412,66.33712710150203,8,66.65162752411469,1
4.051268119438307,67.72124743965274,4,49.88535489070398,0
4.142886171513948,75.28170767109793,9,52.77710961741779,1
7.533601109832154,97.05604062668368,2,60.41528771230763,1
9.073992339573193,93.81597165711557,5,74.70854030181742,1
8.983777818386056,55.12839812917949,4,70.75307680610581,1
8.018879912718614,69.63653716357081,3,64.56202441899711,1
6.77828481538859,77.6685594874886,1,56.09221343662143,1
1.7572596849554394,75.156623627577,6,40.40517633722166,0
2.454658426851524,59.693153396844636,4,31.060626095021327,0
9.086987696743714,92.94083855840773,3,77.03517413704034,1
6.457861536936309,83.84703914984186,7,62.341429189274926,1
1.0827734645496667,91.89541874259018,8,54.92069864231992,1
1.913243885794289,92.93821396747362,8,61.909332222599616,1
6.971515921972502,87.41779268328699,2,53.45259884790275,1
1.0455542546159682,71.96053006248587,2,28.47028199520516,0
2.4472724627574878,80.52733775077122,4,42.37450648584482,0
5.938604104299275,58.01827030598716,4,54.22607908020739,1
7.227056779234239,83.68227087374538,9,84.2476172801668,1
6.867651335523405,58.96266278696404,1,51.69600160273659,1
3.018423785145038,84.69747952550784,0,40.06010546972111,0
7.409612992127823,61.479908037698436,7,84.38731219095558,1
3.135241787471201,55.877565007510995,2,35.88301390158277,0
3.9285972834334095,58.26422450714787,0,45.95345307080844,0
7.718422646062217,50.09960676095351,0,56.1319335455413,1
6.846696091424932,85.9369808926765,1,59.246029759548364,1
8.6430106944476,86.62005245291896,5,75.59739927223653,1
6.91851603070309,75.74666749566298,5,67.2802174272158,1
6.114777430019244,58.06814005276918,2,46.36196354219419,0
1.8430729104528323,54.177716875534486,3,27.149349782946004,0
4.309442227534902,50.95644832186435,1,36.71884262910491,0
3.386821309135529,58.28740884826104,1,37.8870469097921,0
3.195906790411752,94.54277674915733,6,65.47235303551119,1
9.75709499277201,62.07684208508409,0,64.98375545539396,1
4.537879522000844,67.71356636086078,6,57.31105775015302,1
9.02841899659402,55.26727422406666,0,53.58278801727984,1
6.680247633975366,61.118065237408516,5,67.03810094553597,1
8.153301731874835,75.96122853901025,2,58.94646434644247,1
5.523733837946729,80.38763415478263,7,69.72689179667562,1
6.192134961637232,62.26761570831055,5,59.23633475427032,1
5.432659244369775,52.88660796125586,1,44.42601389652668,0
2.7571868901824006,69.55164345636993,7,47.15010389822883,0
7.502069037353548,61.71016854631671,4,57.51713262870227,1
3.526951261967702,60.9776961614901,7,43.68671260894153,0
1.2188436978830846,97.99314013567276,7,53.674761310312164,1
6.80925066316451,80.8150242962862,5,68.35044450561534,1
2.5939961146634403,77.8439221586048,1,36.785373544992325,0
9.464127259176228,70.78875517616609,7,84.77425260191126,1
9.585357193023286,71.44721667150722,5,79.86750238267486,1
9.233779511984036,77.04525019190405,5,75.317814867792,1
4.331428302298999,84.82149035180535,7,73.40856974624951,1
1.1391095487598069,85.10730480909147,0,34.931521079042014,0
9.354867063289529,58.58469538527248,1,66.98508679882715,1
4.8536573348558285,75.00563760383135,8,60.201921444358845,1
9.699893371393026,70.5979047517051,7,88.44263672844761,1
9.672579793803276,93.52634831346921,6,84.48296411442668,1
8.677085099206241,81.57094606091883,6,75.49783560946054,1
3.6500400286262713,76.62520332079909,4,57.70438931807299,1
4.465879557417328,55.76973210894587,1,41.21369330012394,0
8.660230043651712,80.28189446617057,5,73.56897262453417,1
3.852298046406499,55.860195284011674,9,54.04797730743438,1
2.5254347201748324,66.8603287782876,2,40.93620500360232,0
6.0112113621251515,57.14209824071659,3,56.304958552616704,1
9.425392967447028,84.60368235121845,9,95.37938085803293,1
7.264268170074757,60.31260569180763,1,50.167343044218676,1
6.1305505308042845,69.5929686594013,1,58.27638906021603,1
1.8745884439369167,94.78373888093893,7,50.91277000371053,1
6.535065040292528,60.21581916994852,7,65.18557478596658,1
9.91048465093837,75.39025319793896,9,96.21697168229744,1
2.260756137128716,70.9635830583011,5,46.10648396949036,0
5.664966871273631,50.90620205228649,4,53.35195737682749,1
8.8963576473516,89.63790567864064,7,75.45317652461542,1
7.66691755978784,53.452295315729984,3,60.14276711675676,1
7.273141668957412,73.71275104884768,3,60.556156721588856,1
7.322356755883983,78.03391474694749,4,71.57718472549098,1
4.2354203609777965,81.42132283072935,0,50.5582895892861,1
3.64232659838044,84.43158146539378,0,42.03095231760651,0
8.284250399306622,62.663619176135754,1,58.885130370430396,1
8.291020552112627,50.49893883292247,7,78.38628838801954,1
8.803650867220934,86.17218311774559,6,78.85417143635988,1
9.219164973008242,76.78282996737893,9,81.15798632007362,1
5.60208158974844,91.80588516036244,8,67.38881773175622,1
5.513646652184796,91.06941814503472,4,60.11406176386335,1
8.184656610700976,92.16630838939416,1,66.26636030557539,1
6.849675376999887,74.254732998977,6,72.75175370108289,1
7.31770189531933,66.68141979184328,7,59.60336818627958,1
8.16213402492491,89.5779101295685,6,75.27124110626744,1
9.010048076358096,72.56470565146275,6,78.58216484995499,1
4.041956411663822,59.17210982017173,4,47.01264610438209,0
4.380246573759496,92.74870097807371,1,60.18501734984251,1
1.845837458567821,94.12799383861736,5,55.19377400824274,1
6.204521268965566,73.31548780700851,3,51.01356690720766,1
1.3234804641706788,53.784986365489374,9,31.21265852765231,0
5.190382163192141,69.39130449584655,1,48.89415847656967,0
5.883801712368189,90.17688297313018,8,69.10614727146456,1
3.5788712691545594,95.08870142731143,6,52.4608350640503,1
6.317499345121097,60.17363712487979,5,59.72019235037269,1
1.2745022494514449,53.348680601263574,4,31.53060201930847,0
1.3361336987429298,93.86752265664194,2,34.64608309248634,0
8.403405045936925,69.47024694894377,9,77.73767558918028,1
4.241715772701366,77.08804821337816,9,58.524785690582036,1
2.143544613866963,98.40329060253794,3,44.181254043989796,0
5.700189340493239,53.328236395711144,2,51.206638118128225,1
7.9299419778874976,82.41590037260478,7,72.984950695461,1
2.9423892474715885,53.705271128743355,2,31.620102608492942,0
6.606014282371002,68.77344642332503,6,63.665694623425004,1
1.768127184943912,90.19072725967234,6,47.864092076845566,0
1.4651354905174694,71.67361163778172,6,42.20768340848422,0
5.782191684113332,99.85911769514752,6,81.07998293166487,1
5.865716094490959,77.9529642473301,1,57.57509833469578,1
6.736869113483859,66.05810763179767,9,74.48143459215443,1
7.534822003503954,61.00556629523766,2,58.642714839693376,1
9.782668715162812,67.52602671430809,9,82.27182261161933,1
5.646703134710758,68.62666368797754,8,62.180444705698136,1
3.9066082564712135,53.43568388619805,2,36.012083997141026,0
8.156675752918332,68.47870997133866,1,65.2881451337661,1
3.437490261358668,73.21192598696125,8,46.89462198476304,0
4.950742786350725,86.13688761194024,9,71.5574488132719,1
1.7061074320803935,82.83647423608039,8,48.79528148404596,0
1.2281566907391177,85.43828276145771,3,41.43900944557809,0
9.663835732101326,50.418184093842854,8,75.82509294288812,1
8.523821084609853,60.8833699790268,2,60.37726784254608,1
7.263767854843282,83.08421441999283,6,71.21076000502204,1
4.680576499728429,74.19946840898736,6,55.50947675756922,1
2.559648880637612,50.2656737834173,7,45.9096885935879,0
2.4079333840397745,90.22473212159112,9,61.091110721961535,1
3.252186083481358,88.64047866451688,3,58.378189434438944,1
5.943039982355084,77.42095814967813,2,54.46402663408938,1
7.431363304300561,53.3231662888136,2,40.41601342570892,0
6.941776390459581,88.32575247662923,4,67.15949483013259,1
3.5194050725134858,79.1856793865682,0,42.50601880457967,0
9.593787525968747,89.09799885789795,9,96.27099074247397,1
7.641072250261916,87.58734961979202,2,69.99958749366579,1
5.989186472602606,90.15010359789186,5,64.5095757769321,1
6.5054867161091705,75.90040332023125,2,67.86837636369302,1
4.776400561850109,57.01622590967575,4,43.81819157934214,0
3.229578905510417,83.55787366898443,8,55.84203238543822,1
4.2037541078613545,81.02368925259853,1,41.92632811078229,0
7.820614994179322,87.11265935995436,1,67.33475658933376,1
1.1295413976678028,58.49405030253676,5,41.14095087296439,0
2.0446537645622462,59.74875999501446,5,37.443267201821506,0
1.4140237781957747,94.52047586096643,7,48.752262388801405,0
1.3665592208707311,87.49888992260354,1,26.602653039248423,0
8.699145256099065,95.41142443501614,8,86.68419268204518,1
7.332920734420213,87.93576605819604,1,70.79776873972664,1
5.267564461785927,79.8577652995151,0,49.04397107049879,0
1.8805074458590134,82.70663685139368,9,50.625577215151615,1
5.4245428760514915,94.45639619700049,1,62.98820611857407,1
5.261245937025091,78.94033772559703,6,60.42051043795174,1
2.5588168291901368,81.61956621641937,7,57.74022217201211,1
4.904664843141758,57.82383580018003,4,43.44727697882408,0
4.586542609576361,73.69606100580513,5,58.43080122382849,1
6.542650882469948,85.81985559790495,0,66.69085713019851,1
6.715842857808794,63.54713491581827,5,67.68263925106402,1
1.4077360879484007,60.112709026226746,7,29.736125389433653,0
4.371513531638241,65.69134041122078,2,42.373453574403015,0
6.632739241428127,62.075031399641674,0,50.576448003744225,1
5.528226327220789,60.745631851819795,3,56.91459867518528,1
8.7084085706949,71.24254214340435,0,58.25671491543862,1
6.928242684570505,95.3919256941767,7,72.1641077791423,1
2.466409843732867,75.35298233693591,4,34.912186768845146,0
1.6351187266038685,59.39601904076615,0,21.865398094810114,0
6.78177350385684,53.8485834690437,7,57.805409275135744,1
1.2386017948745964,84.80780725689627,8,55.62488045242391,1
6.2719802314611695,69.13993822181939,9,66.86499627061184,1
9.462072172824618,91.09154732926797,1,80.09245152355354,1
6.179267600882911,82.97553843203852,8,71.87884707012046,1
4.493529335858697,89.81207252706842,7,63.43107484203695,1
6.789593965981179,63.59730197092244,6,62.06994132348543,1
5.12427601442365,84.6179461230529,2,58.856876344687656,1
5.910551103843415,63.203099234685936,1,51.285406452834565,1
9.473183278988726,96.95342397251457,6,88.93566315139324,1
4.474923740206968,81.81871407666873,4,51.95312987314584,1
9.650715074415228,66.2255900087671,5,75.97237274394116,1
9.148155777604574,63.47559311461363,3,73.72801241028407,1
2.762120213103668,59.54632925358217,1,34.824777899320495,0
1.624251707876489,84.7320479446864,8,50.158234495331065,1
1.9070020123968399,60.935780649896365,2,28.045531798615368,0
1.1639964308639477,79.76516329637445,6,51.47006966085955,1
1.8499866468033557,63.23175134626787,7,39.82092494010802,0
7.147060960747211,83.09844723969343,1,62.51357566701699,1
1.6406978361420608,90.74698642702697,5,44.492416964444786,0
3.8707806726438516,88.90126215723265,7,69.7978379966955,1
8.60387779872509,88.04256654653909,6,79.97808589404924,1
1.209447421622433,59.3861202846126,2,25.951363488617677,0
8.330216343300421,54.419247349225934,0,58.56841166185323,1
3.5366929729605996,84.94744142436929,5,49.69999284480286,0
2.0634834485949063,68.41736068971757,7,45.40062403439737,0
7.270634488277356,71.61731132016736,5,79.69638373827583,1
6.660485621018956,51.55745463966955,4,58.2681422747511,1
8.897248121743477,62.97882246375246,7,78.69611695647603,1
7.615639394234972,51.6838201937232,1,51.993818564745766,1
8.231328373463636,93.95928863006239,0,77.89046422810172,1
3.538311153141758,62.16983416092653,0,46.037669517976646,0
2.5969558940175053,77.8668584786504,3,46.608238892817695,0
7.755532764767725,51.94896603305652,5,67.63151974906746,1
8.261512653405376,83.3423695652829,8,81.13644737941766,1
9.91454627800606,66.15136728770469,0,71.37482948056481,1
4.713559092202838,94.89595934788329,0,47.86079524106664,0
4.348162772135049,94.4059094467018,4,52.432016815792075,1
7.987716646677971,66.26453091808739,9,70.38114292518736,1
4.06723186227716,95.0480447845234,4,58.90394261311681,1
9.376815930432082,99.80788367493895,4,77.93457239303865,1
8.725714766587107,91.2707832061974,9,86.51163177923233,1
4.860946246375165,92.24356738776146,5,61.67165457219438,1
7.757839610123476,62.450436805454494,7,76.50078108986388,1
7.7908858667621415,78.83511994288781,2,63.71386448357245,1
1.9281148195233935,53.362795698368394,8,47.21577437082445,0
9.1229761601161,54.745896841083486,0,66.73444441862644,1
5.547271352030714,99.94463060166453,3,58.36320430229806,1
8.438117194969674,66.33196247129555,8,83.70430218566342,1
3.880446409275506,87.40919560244231,7,58.207085116402546,1
9.059709056465804,90.33325265134081,9,87.90376545910166,1
4.502815108607468,92.90116355036146,8,64.98765823107915,1
1.0975388633226852,99.88141487010782,0,35.434590143852404,0
9.148437787773373,62.07482426284339,8,78.28941321553171,1
1.821580091075202,52.017541342984984,2,24.514704556465265,0
3.873822738313734,70.5595758997293,9,54.78070849301409,1
9.550557703457244,56.504033491447345,8,81.3987126132405,1
9.555464322438006,51.12129445810275,0,62.311392190535635,1
6.160940993109575,68.0213413570743,0,53.847655839667986,1
6.686534909528193,89.18691255376183,8,76.45056279978581,1
5.036009697804878,78.30903456125354,5,59.05782883731924,1
3.638896945282581,65.6388994605177,3,46.85021573873965,0
3.957980908329244,82.71710027463598,6,63.69962498360044,1
7.052666104693346,61.600909015440536,4,69.03871496955833,1
7.77137076493912,50.71907230360425,9,78.77460761634796,1
8.124211393532637,88.21766932182138,6,83.43860361291613,1
8.106563285150985,81.18715424320045,7,89.31601580917581,1
1.8208549274382133,88.115131225048,7,51.727932835923326,1
5.449782742323233,51.94690083438328,0,44.460713038541506,0
1.5180288401497986,91.85598139153261,7,60.36654499572402,1
5.94575994091362,80.97631000181516,5,50.391848454615264,1
4.973774512360393,78.169767535632,3,53.25032037926997,1
8.989337644824698,81.23070240572657,7,89.57837759159146,1
4.158235112968708,93.2216623434182,2,57.65898903147742,1
2.053603147848453,79.34682532794535,3,52.90032121180403,1
2.2869251384755227,79.04751899440896,5,45.6863099823574,0
7.85359568545725,99.53395785328829,6,78.97407777133175,1
6.56396256984635,87.8365083534284,3,63.510341621889296,1
1.9101040851051123,72.11469027255677,3,38.77526832159883,0
1.756961255034977,85.36985000164638,6,54.5039992554254,1
7.30872218313208,69.46152358458943,5,75.55277303546467,1
1.6548670572777417,61.44377312417495,7,40.42739386447284,0
8.396740533613206,79.84259384438798,0,67.20152325477137,1
7.3561800444084655,96.40910490569757,9,80.64562379773727,1
1.7321390257770979,96.45697600077314,6,47.0617101910897,0
1.7635394267667273,67.09526390527452,6,46.177562372601855,0
9.87975620651058,76.38387331108476,6,92.3249999695367,1
4.368437161805083,60.58179492849306,6,48.530305885224266,0
4.335779323602019,99.78155547494417,9,70.8281450211501,1
8.315196105317522,99.05589539339678,9,88.07735886421061,1
9.525237196454729,82.47544648537237,7,90.68817822564539,1
9.874009574405838,90.22070298387368,8,90.49367865540901,1
7.780403667330475,85.755008064185,8,70.99624605861013,1
4.386336269778242,79.6579109519734,1,52.847508190043236,1
1.7515064502880189,52.667399849444884,6,35.04033405698986,0
7.994322243346931,72.73821712763305,6,72.7958577755843,1
6.025638247622245,83.73931510837053,3,63.42792535408158,1
4.817998083222786,83.87658069418424,8,67.01713284013229,1
9.157189465852625,68.65613092111917,7,82.66339489936082,1
2.000777340755362,97.08459933290152,0,30.980600677416287,0
5.433625938617732,58.36785161183905,1,49.46003023682283,0
1.1021828029067717,75.01797231077803,1,20.471023956011592,0
5.217945777947136,84.54419882754114,7,69.30081425690307,1
1.5067294811365362,84.85679029459047,0,38.58259090461272,0
2.0693612464126474,82.43194783844078,3,34.233789869969385,0
2.057736220993944,63.76441067259301,9,49.06016925965537,0
6.842892719044572,57.8103284343311,4,64.84345777359435,1
7.71440391338881,81.79701634133554,8,76.86610636748703,1
6.250318885874437,79.96510580697189,6,70.60930800000686,1
9.659552936270877,58.96780051446205,7,66.0610754720646,1
4.373835215713337,85.25695727852818,8,68.93724385334218,1
3.571408776536747,72.75859958668282,6,51.834594952154454,1
8.817392153705143,83.38802958015765,4,75.81422275939283,1
3.0123625466750736,91.86835398850754,4,55.54252619445003,1
9.669002854965502,58.48642142884616,9,92.53738908210123,1
1.109390272208347,50.957243399841836,5,33.26270358776427,0
9.728909440368751,88.95512931978934,4,91.37465541302504,1
1.388439207555185,80.4848712576308,8,39.32124115243027,0
9.02028802328264,84.98197848110608,2,77.92577784991535,1
5.749309981776698,91.90774874943213,2,59.658855269441766,1
9.936683165073703,90.14054674122502,6,84.78448432415443,1
1.6641690826185898,98.04600734644123,6,40.091240442711104,0
5.984688559611887,76.7967539426059,5,66.02140422585452,1
9.72372282057189,74.42478163299526,2,79.32249885984068,1
5.707880597531339,70.0943599945365,6,68.27782474098387,1
6.664587743217362,57.68455214221023,4,64.51075654692504,1
7.261738200861554,78.63036164410113,6,68.03925106224627,1
5.090869582909959,63.85062621629894,1,53.063063356000136,1
6.648022720756571,96.06537561064877,5,79.0414638065367,1
6.258828807307902,79.15954021385488,7,67.74208647443244,1
9.110422094418901,79.64200902540551,0,69.58685449827475,1
1.409017423073121,67.74623304385051,3,28.698185993273043,0
3.528668706330073,52.599467598885376,0,40.82761526458263,0
9.553703356689029,51.58718826864943,0,55.6857375341953,1
9.012374055018247,71.16675720765987,9,87.08675079920805,1
5.100910775071417,54.22826890486189,7,52.78888860623709,1
6.581193380213831,80.34234777700695,6,63.46940713638869,1
3.496430646830194,94.04865028198287,9,54.323106915938794,1
2.6930904375138516,94.14574082593612,0,40.632143795495125,0
5.173285644459839,82.95227050661163,1,46.429183801293156,0
4.180170052234475,60.56159157364655,3,45.351424999635356,0
6.252905006657849,93.14984156794361,0,68.05616412067545,1
1.6996117326848634,94.3046717656604,2,41.786996825316876,0
9.769553268995498,59.83267924764793,7,90.7839726306951,1
9.875896700316426,86.87130428853386,7,84.52950852075152,1
7.2834554261777065,64.32597744635615,7,63.31036636479864,1
5.824867297097083,90.13201561764649,5,61.02886322963798,1
3.78574854657695,99.86189499518014,5,58.561808537662266,1
8.324155177362538,51.50130026646964,4,78.6859094053751,1
7.162580552984913,94.86829328954659,8,71.96281718403134,1
2.463552454104022,81.1315266799329,3,45.7555358653121,0
9.198344660444583,98.66913095824106,9,90.09263590949256,1
8.402835186308522,73.25047587632139,6,74.8703034391842,1
9.548199219627316,92.36939652856869,0,69.1617155003755,1
7.531475575495239,53.11970342991386,8,73.98898052664805,1
6.520736763422109,66.7639525039148,6,64.41324390350937,1
4.76418732661557,53.3508268875605,9,63.26345245281683,1
9.39455635018612,98.76715667395354,8,93.47915472327946,1
8.794575005503674,90.84869536359184,6,73.56936375071155,1
1.4069680309557047,92.62737106229852,1,42.30576545334415,0
1.2373027704752682,96.89826157169472,5,35.19098916233635,0
4.388170301902447,54.25517430598927,9,46.867890386726955,0
8.294979977036496,69.27987962566667,3,63.672850372224296,1
9.8854851638345,53.551744452200104,2,64.97367144507085,1
2.3537520199317536,60.53965507750143,1,38.910763449816606,0
6.347176438169216,61.468288851883614,5,59.320586912659344,1
4.428017709679194,73.45536055237893,7,64.41362317398297,1
9.72922958033143,63.42810837268213,5,74.83499302053201,1
8.579070308221379,55.048905340888055,8,76.99825498842648,1
8.54495834240024,58.37455445470539,4,70.60736960597386,1
5.218238438154732,57.363778177604544,1,48.78065272944027,0
4.733375521038987,98.65383989561491,7,64.93839870180022,1
3.4606636473763563,87.96462534592368,8,57.80343139673442,1
1.507379469858344,98.3880732634781,9,53.56266643200593,1
8.782501386295479,71.98702432539542,3,63.246552277612004,1
8.316109082170698,63.918424083132834,5,70.33656331945186,1
9.997459059575176,89.91465986045932,9,93.04327198063227,1
9.969731533665149,66.31269590205734,7,86.64283090933071,1
5.998885350423647,64.96916868526742,8,65.94168321299681,1
7.9208867366245945,61.62529961039156,4,72.77393258350638,1
9.502891568941852,56.48394891121177,5,74.81008489411562,1
8.646826516096702,62.8231530508383,3,65.27005001463368,1
3.226132915688779,67.76598742369438,4,44.74894691638113,0
5.054897217790842,83.69971040728652,6,66.00523541552599,1
2.162434736363455,53.12824211097258,8,33.884609276163815,0
9.586459245328502,60.52534698326715,9,80.51365772753469,1
6.455571710057921,90.45118201458382,5,65.942329475238,1
3.0577852495311646,57.346096179188535,5,44.54770611579989,0
7.045306159652711,67.13225732612608,7,72.00264069456112,1
6.5631541641210625,93.23294609290701,3,67.29179328765188,1
4.223464462295564,57.74626555717213,2,30.04801138298984,0
2.022018329796661,54.13684178090949,6,30.09155326729722,0
7.044158760335196,74.22689975400054,4,64.29420462059055,1
5.68276930813414,65.12097556392682,1,47.442792093056376,0
7.950865525620754,78.1704182241927,1,65.23230498954159,1
5.68147151000794,90.19024452417375,5,63.11744009511445,1
8.669633502866862,56.857424407637154,7,82.06360716737063,1
5.9671615489703695,79.03495422771425,0,42.07658608893351,0
6.0484417438184765,75.2754380194932,5,64.3379782825894,1
8.889882423925105,57.20393930065998,1,67.75064594064088,1
4.631345795911574,81.19992427644912,1,53.0243985542846,1
2.2061370560557667,63.68202089303858,6,46.07165648819633,0
1.2590440868200508,74.39171592720062,9,51.26831475421511,1
7.796235301062571,54.11361621385309,0,52.19536193643266,1
6.582785962181182,72.97920286068116,5,59.300271884225474,1
7.336717912893012,65.32317340214101,6,58.107133221633994,1
2.9166774535801965,91.11906055926772,7,54.10609126728283,1
2.2273432802809277,52.84893634986842,6,35.10373168659088,0
1.1309019910109375,70.9303637459165,5,42.741663147115325,0
4.155288029259372,72.9215712065719,8,57.21512095751276,1
6.309259181691698,86.25030381495594,2,56.26935836680748,1
4.530196405897591,78.71437875451055,5,50.322618386035614,1
4.937274298213562,83.36061685970905,3,65.6386568178995,1
9.137428250443735,88.8524642825878,1,74.23244896203713,1
4.134299203209704,93.11014868290944,0,44.697018304551634,0
5.625905402438297,65.69377483612352,0,48.457868501888655,0
8.052877114670288,76.90113526819515,9,90.81917193463534,1
4.568885040891431,92.00540392196,2,52.49764316954737,1
6.598780302050861,99.47255654825283,3,72.27072202197112,1
8.761273378720706,94.47596555218816,1,80.0814617459116,1
9.54568561291878,68.57336313121884,0,58.843317544710025,1
2.323661328361341,59.75832586093252,3,32.353742306738766,0
9.339288626453449,74.46962687032944,6,86.34276433416039,1
5.429046637715844,87.0820725918021,9,67.77333777060733,1
3.324199494690625,74.62845353766488,5,51.08266053108901,1
5.132221806144352,74.15904316568343,5,54.11641398480273,1
9.820293177569294,91.91152105409003,8,90.44716268651385,1
5.4335628459358265,68.07018895335932,1,46.75205188765139,0
3.958764492587574,92.98973374058228,3,56.87409335359171,1
6.700607688850532,70.34024004758618,4,63.613011029526476,1
3.1613105690037377,66.41165528391697,0,36.22434665524888,0
1.6827699529779752,72.69949555998495,7,56.761174622179524,1
2.159917497195843,88.12234793374341,7,59.93477890170257,1
2.152412550619952,56.30010139319971,5,27.745875068290772,0
2.3671242416106493,59.82096079360087,4,35.56486108004077,0
2.2494445538446914,97.5722412831546,7,66.65121352720479,1
6.767872703228932,58.77458136906787,2,52.59878777342481,1
2.6369207595923037,78.38636589655273,2,51.13924349630307,1
4.111005549914768,78.96572333309689,1,44.11311067516161,0
9.071095689154106,74.48122310251225,4,74.52985752379138,1
5.265654762365851,82.23726242884092,2,59.31730933616059,1
7.008019646689244,61.49133628988092,2,57.036463245371316,1
2.5508788408146685,77.63311338883742,5,48.517451418595996,0
2.730601169278037,68.60866276234486,7,56.110348171631834,1
1.3678175463983098,83.08336298145946,1,37.55810129630823,0
2.520415567649481,57.06117716865747,3,36.42809164959314,0
3.5073130512876274,78.54387084197381,6,61.46736071761824,1
2.5930943584907213,59.263517769166185,0,35.127964502578955,0
1.7983228038135004,63.93215315575182,0,24.503544150306308,0
2.085722839905407,60.93549001617916,9,56.609637371600876,1
5.147008912294532,59.14188899344086,6,58.689439219755805,1
2.8570034656521326,91.28554757803334,6,52.60229775732136,1
4.278428749432679,64.28537838304452,0,30.573669339147017,0
5.530755437693712,96.35618909322247,0,49.672752016111964,0
7.213553457664288,98.49632626725955,3,80.11733972049899,1
1.3538092585698904,78.56302349685487,4,47.03627960175817,0
8.194693590181384,57.15005613328632,4,66.54490513455902,1
6.6511035054181695,68.72741216897907,3,51.022520297907136,1
1.7358312875398472,89.8866131674107,7,44.21026411966942,0
8.862207616960994,68.36953643485353,6,68.70305725501314,1
9.287851604786319,54.350860915139435,8,70.44395999890463,1
1.5497016386937736,77.8392455464094,6,53.23429370207622,1
3.4918988333248335,92.25604257480174,9,73.43589648113706,1
8.255811518137552,89.79631935717512,0,62.613717630012445,1
7.734337213452926,58.75615700651766,6,68.25485828973193,1
2.6606891742073957,83.63823072062334,0,31.970934287564965,0
2.8841439100303927,61.025213171782354,6,44.65209326918624,0
4.334248925122438,60.91037672760861,9,66.14087706074025,1
5.360706866719192,93.70358866525926,7,74.3082061871888,1
6.564292943772664,62.48344763701151,8,71.6098128374532,1
4.320222756127952,63.16236732590056,2,43.578925292095605,0
5.162812445198331,50.03266953806498,3,53.13369866739297,1
7.727238443203809,93.53345170627588,3,75.92957146081845,1
1.330148826015381,89.62974066045673,8,51.55924423479252,1
3.2719324990961867,81.3664467545339,6,52.192549830842175,1
7.420146272960972,87.51328819694211,2,68.94658252146081,1
9.056861539184794,57.60242837122459,9,82.00629409663797,1
5.6050969790409955,72.91617972937877,4,55.19318058864731,1
5.789021367387841,67.56096936743904,6,57.338814978534586,1
1.9645481020579845,54.68882631285082,7,35.244853602493215,0
5.026711301411092,74.3065242607462,0,42.76119822631136,0
5.793555398095209,96.03698251713178,1,58.83835736789032,1
3.1822345327125667,52.00295595253473,6,41.74863495434535,0
3.4231890785444286,64.5730456746897,1,35.38419036211627,0
4.395557467941604,60.37704681028517,6,48.61699400911775,0
1.1806407799995373,61.907332683284814,8,41.934803835564715,0
3.8987124902486046,95.42172759396877,1,57.00811796530518,1
2.9030320629689017,73.40345271171451,6,48.481617722991615,0
3.9474761696012317,73.31497064699094,3,47.350218041899595,0
2.077859186373261,88.02878212276411,1,34.123497105128685,0
9.014745526659055,57.72461020024629,6,73.27576163441563,1
6.342332081986438,74.36326770500254,4,67.9723224244798,1
7.111920872300407,71.49926070605298,0,62.196688090862786,1
8.102541147466045,79.8455345273328,4,77.30623481690174,1
5.485979790361515,99.97788516252193,2,66.10260864666337,1
1.7822825927868133,88.47244470410234,6,49.636809152988945,0
5.83395887636693,69.89328515087136,5,62.14381574451104,1
6.281570062187912,91.37765261370234,7,74.04489772847414,1
7.70895526765897,58.53541816562401,4,62.02097538771949,1
4.884935916067114,51.523184315448006,1,42.30013186804752,0
2.148222725160074,60.222418623213656,8,45.885837631293796,0
3.55398315218852,67.02057780571297,7,55.041932119236755,1
4.267740667587716,75.529037872978,5,54.498697135057775,1
6.8132551719844106,80.75645702706,9,86.81901987290215,1
6.137004742020207,95.53028586072108,6,65.2950484830278,1
4.204870533080616,75.49270047752289,8,63.44454130751345,1
9.878637239136816,75.06378223128647,6,83.70610233187475,1
6.451973374211985,52.51215049114911,2,52.02424342903736,1
3.1350411256239505,51.74557763281119,5,37.13600000640906,0
1.9160422535836337,77.5579980958186,6,49.944327032907175,0
2.375732252658988,71.90893066241722,1,38.715548133625894,0
3.213619555460573,91.95901974901493,2,51.82399068602581,1
2.446132359336001,58.033979235592255,3,36.487082591452506,0
2.679103216461752,51.24858310585248,9,45.14561694086338,0
3.565856518244624,72.45193839650629,5,49.23205636745273,0
2.560362357652793,61.873927837612875,0,33.531318389826026,0
9.070888821637826,52.480718666941875,8,67.070778843673,1
1.7221037109547799,86.22991434238145,4,46.84415719536562,0
5.720602506132292,55.579649997862376,6,69.4078716034355,1
4.693571442906954,80.41597500038858,8,65.99432494941873,1
9.841407552177458,64.05248750834446,8,83.01815089235176,1
2.008350119512471,58.674802517751104,0,26.83801507949134,0
4.580700391411675,68.98757614596587,0,47.13748655551898,0
9.72523389947832,90.07228881114769,2,78.35641282416032,1
8.789564133045822,69.60467884522863,5,79.17260067549358,1
8.353648638543518,87.53848246055279,1,69.15908434523222,1
3.3211254434044584,56.27431483995753,9,60.058839002131236,1
2.5379882865105925,88.63857098325396,0,47.71449340764009,0
7.017788979319879,61.84666624533243,0,51.99209643049441,1
9.364383902148273,83.86965649444363,4,79.57769727538046,1
6.010866037125368,78.28907774204981,3,59.42920919885008,1
6.144514205229099,96.45723586058438,0,59.61491015550211,1
3.5198118429425573,69.3661258987657,3,39.67175175903912,0
7.925436398727432,53.30825944172202,2,54.183356404782,1
2.6833937370177106,50.95777427756264,1,36.95308882609712,0
3.913113127638193,91.34292804863765,8,68.4173791238031,1
4.828927947547751,76.23678188307161,0,52.378277873546594,1
5.568493408160095,88.76220259174747,6,66.12423598362307,1
3.181687591735722,61.72128000057573,3,49.88488080879981,0
2.033531422652832,67.25418727566168,4,38.23156841258983,0
6.495580381974693,51.50519361056595,9,70.24384086254196,1
3.597674979162302,98.07461622870561,4,48.46764969174827,0
6.231143992803511,83.39339533504068,0,55.0250619070405,1
2.389264437467821,96.66025438796531,5,50.165293225859614,1
5.330260916693358,63.274820371453615,8,61.306313004794795,1
5.793304892964272,80.57318056128304,1,48.510983793227844,0
1.4664118314018422,83.92499841463189,6,48.02896332052006,0
4.029438503745285,65.87748501287942,5,55.05348957910714,1
2.209732092450768,92.40546175078151,4,43.051002041873716,0
1.5703747342549097,97.35807314501238,3,37.32258803317162,0
9.909642091509507,94.24275588480022,3,79.976329098518,1
3.9011846047725065,86.95334879696863,5,58.069421008654025,1
8.288870012691714,63.8732339862477,3,63.6233034847911,1
3.2917658928738747,64.08080210528159,4,43.01274384777197,0
7.133524500015364,98.1680160223019,5,69.75072358325392,1
7.842050739007179,50.5142247967846,4,72.26095316157858,1
6.360748665470599,85.80249866210723,6,69.91048606679908,1
5.244185696951425,85.31230812776312,8,73.56319756921921,1
4.706568227325417,81.13447704748987,9,68.33903342206823,1
4.139814398886958,99.50544230434329,6,62.34130441091242,1
9.365762298230432,65.59397178818627,6,78.03869140316166,1
8.475574670089562,66.99859318966242,3,64.85123292415761,1
9.685242195998613,53.946970147327775,0,62.35798626977277,1
2.1186750113699024,72.13990682718688,7,41.19633544701305,0
7.577807276832798,63.05242631174241,3,57.22043441802199,1
9.44506411138934,67.16933510888221,0,77.80799817736812,1
2.6310975954909415,91.72858951278138,4,50.06862665669884,1
1.5984664063009975,96.77422567637478,7,58.35318594293772,1
7.670085843610531,59.286653600259285,3,58.166114012950324,1
6.170258018619207,68.6254465776733,7,59.18090610407431,1
8.576458990824449,96.4315281057697,7,80.9228623310589,1
2.2579513896366055,53.09042303446113,2,29.106524433072888,0
8.15740580673901,54.618026405568926,8,73.35493661449652,1
2.8146458804297008,58.13954946031147,2,34.76041115602198,0
2.4729034857913406,79.76064170634373,0,32.42675509842668,0
2.4783921813789362,57.52361355029987,1,32.08762001857346,0
8.33117248208244,98.40381907253668,5,82.05393875487293,1
6.986774986265801,72.33572636292601,9,78.1459749779647,1
5.707588822922074,75.07589801750832,1,60.412875034925555,1
4.229474357111522,62.332930790270325,5,48.02778207509409,0
8.894804867317974,73.54801262173667,0,72.61583109128404,1
4.532005966803719,83.09568163185057,0,47.91842229071369,0
8.349394955244193,87.55885684770215,4,68.37803689344271,1
4.952214177131966,87.69340413549565,9,77.9854461782877,1
4.392499864824169,78.89455563470442,8,72.99354822403062,1
5.164118071026458,95.21798874969286,7,71.4814693702979,1
3.7124008674772786,90.87039236530546,2,50.272046869073684,1
7.72848442158626,87.85240573493127,2,67.6411185275882,1
5.5244835108323125,52.78027608402303,0,41.13676053194643,0
3.0899142563213555,50.343898110982465,2,40.6062469806391,0
9.096171159471115,60.62236385977365,0,63.5811987650468,1
4.455020992358903,83.17617969567262,7,69.59765785672013,1
5.891975750025898,70.55987444412729,0,50.8021531600135,1
9.158248998680923,70.12031296496559,4,72.76560541577726,1
6.618141963225929,94.2293444114807,8,74.35301081701519,1
2.0520823663752767,94.77814240659194,6,46.975274127381475,0
9.458489112521276,95.45876320267928,3,84.5008036554404,1
6.6493724776427605,65.69390382575136,8,62.48256676164915,1
4.014150531913775,84.5527906369631,8,57.344902433976536,1
2.2534486539704854,63.58165906371848,1,38.964154118173326,0
8.146226703432664,59.53049165372249,9,71.81753445915767,1
6.580654803356621,59.23162286736846,9,72.98628548694373,1
5.801149827786894,67.1053810431797,5,48.822304394384304,0
9.045033247458619,71.49788098899108,3,79.92496574486918,1
8.097374901020777,91.54745855275343,7,75.59995287579218,1
2.365073917594761,55.994554673635605,6,36.241767272690694,0
3.805498610159934,86.74629236974471,6,60.453093651654704,1
3.236402258330192,76.57274570946527,9,58.50587567553078,1
7.695516633154092,64.39726713379963,8,78.27170048638439,1
1.3017919126220145,74.64097922664124,4,30.509940184814567,0
6.129007163841849,64.99710348885114,5,58.71013981919689,1
7.862128171666215,79.8040977619153,0,60.166479140853475,1
8.890890730855745,71.69219614276221,5,70.41116850634526,1
4.078735738443167,58.22027645394394,1,42.839248921000845,0
8.391315742048116,55.829153727784835,5,73.42058206161,1
1.995685632596865,77.33478410360651,8,47.49453236886361,0
8.618070625610663,95.12065166430517,7,93.24010512382573,1
2.147397960987842,67.19788432788428,8,42.96785399891278,0
4.575585615043305,86.65000536113115,9,74.36526630424108,1
8.175658292015981,82.93306774698834,7,82.56940708296774,1
2.349256846138964,96.57774571547405,2,38.60177201796198,0
3.0632625570937733,91.04905086495705,7,66.53864938036932,1
7.500273115537596,78.33026294527315,5,68.77805679531478,1
7.480328828914669,82.85152491170537,5,78.28269031615721,1
6.770328695967676,94.91932332920175,5,73.05568608824707,1
7.2455360002039,69.97593922934674,2,63.09266789208267,1
5.884519990128366,66.33973529288886,9,71.83055444097003,1
3.266191530162575,50.540554181759816,0,35.722379827685835,0
4.111263941535275,91.32755370957321,3,52.243853004931026,1
2.634379451212831,90.04903502016825,9,60.84493574180761,1
9.176055052002654,55.22272590500757,5,74.73009227500806,1
6.250526152895084,78.84286905663501,9,73.97329747991216,1
4.607662750872759,73.19908490834436,1,45.98145655771846,0
5.1580522327971945,55.935454775455575,6,55.628721762593884,1
9.525550056506338,99.02841135303618,6,99.17397741942185,1
2.380162628044722,60.73479437316777,3,34.64611469160316,0
6.276068488151175,53.36170900452806,3,59.421792241135336,1
5.5529981099601935,79.74236897509547,0,48.58951912274729,0
6.503088118911831,86.94333385665163,1,56.19186743994092,1
1.1629916543875645,51.622172302359346,8,53.68360668821063,1
8.849115180497364,82.93588193635111,9,89.82646146833837,1
9.38906454235251,76.61459379757272,7,86.76726815748243,1
6.086198652302881,55.16325044375242,7,63.95610725381113,1
7.26985741489203,58.626193847318106,8,76.97364376132852,1
9.302494430595662,78.39871486580402,6,84.07113668580828,1
7.3651477088205874,64.81788067566441,8,76.35221210958822,1
2.3728513862283522,96.9157864325658,9,53.64615146962888,1
6.186595241501319,90.93701147420254,1,65.13369733598962,1
6.460435417445703,99.17836032568314,5,70.87188239474575,1
4.817176041721474,62.9835419475207,2,50.33965520382294,1
7.627998120622506,98.48618163989886,5,69.1102453216087,1
9.409303132921133,71.56169348957789,2,75.6659216733046,1
9.330116616160987,67.37593976568773,7,69.65388323663711,1
5.057554342637189,52.51747634846766,3,45.663437265545355,0
2.019142412566797,52.63826289298013,9,35.359432976229996,0
9.863570790661012,84.60056279733274,5,87.86320642375752,1
8.550082778013408,72.8964497217014,8,80.96569821245683,1
2.1219641308294017,61.32608130180529,1,27.153708029487213,0
9.28757694355635,80.69851531626163,1,79.8194795378344,1
8.829067258559155,62.642905912505555,6,70.45487559488053,1
5.669542514134649,78.88158771722112,1,38.85621972338913,0
6.321478921704363,67.96043734913451,1,56.563700982587925,1
4.591024334831173,91.17761133059095,3,47.4754114762634,0
1.492854749398282,91.03480803833897,8,46.44966794343889,0
4.016775174813109,73.86751990612007,7,53.65739898120517,1
8.225681037382103,67.54095546675077,1,56.27072257845568,1
1.0416882070414257,68.12798982795474,7,37.17820005330245,0
4.001492545220298,90.2857262834109,3,46.06677117485031,0
4.58351824231849,66.4089741398806,1,45.65219937922186,0
5.836560426441306,60.4529686853423,9,59.17496645904827,1
9.278700547714845,54.234417093765344,6,74.8145598606139,1
4.1171139492936515,73.33465604422042,5,58.396005081090436,1
4.122578817066049,74.10660494599209,9,64.75673942058869,1
7.637511232987736,92.04543552014536,4,73.39263336027439,1
5.069961468008264,61.0619348223032,0,38.72470119463319,0
3.021443406459838,69.04956368341999,1,38.617971716938094,0
5.07195564519424,90.42028694468455,7,63.00726868704114,1
2.2677131834181985,91.18118053744868,0,39.698537371833226,0
2.58748287855601,69.23055379893842,2,29.130154445196574,0
5.4853099546553175,72.95620116433405,1,55.34971540425501,1
4.770329045540931,65.16429454246415,4,51.567016405509634,1
9.2336131096129,96.6277439209656,3,92.19897212440006,1
4.261545092049698,55.932188287079015,6,56.61768925558582,1
6.225295152502391,96.68747115007349,4,70.96365178963929,1
6.690378591275773,84.19332259176716,7,72.08992486537116,1
1.1178501092950026,76.57860763433656,3,30.914811018267653,0
6.971836348150395,51.632953039224795,5,65.06111412769009,1
2.6023237018277627,73.77980959110042,3,39.998212429870385,0
9.649632857225097,70.38740525013661,1,77.20620902590797,1
2.3379645497780164,58.060940598756126,0,31.112220747193344,0
4.731617113543214,82.82048017503286,0,50.54421525647474,1
1.7681470127077947,98.55754536841428,7,55.38062930890307,1
9.971868266613527,78.10944055322625,3,74.69403880684771,1
5.519755092981184,85.73766382219729,4,56.209393392196986,1
6.358465155880394,53.42252262830084,7,56.5355353260761,1
1.6036882964958474,70.88334979084973,6,46.52093099411411,0
7.7496442335926,55.81792425822479,7,64.76499050783808,1
2.889150337860272,80.63979177682552,7,48.53189068137233,0
9.082488604966423,96.92410791070773,5,87.17726103291014,1
2.8462567643380643,83.08888662358193,9,55.89770418559062,1
2.716189485972999,53.84015241572108,1,29.834021944121538,0
1.328947010632854,67.73331024925415,5,34.63195328380591,0
5.248602505989993,77.53316897204257,0,37.874804832356,0
6.083570199363548,70.16038780666261,0,46.631559708996434,0
1.5913777548551713,91.68220052375861,2,45.3693646158139,0
7.9797485502550956,90.73355023549945,2,68.42181731425545,1
5.079599512732249,80.59155100516108,4,48.07301433512087,0
5.7195124239482205,68.67289725663527,0,44.15946010238923,0
4.966864722444053,62.7668186881622,9,63.4636390424439,1
4.606867547877934,55.293715910656466,5,51.32262555861529,1
6.036762981773961,67.7448841743277,6,61.03587709836136,1
2.3971622133764123,70.65862586038597,9,47.737378589572685,0
2.63735317445744,83.79114625520367,2,35.313129820068085,0
8.756070589121656,82.90799121487868,3,76.49367549213193,1
9.515039159202695,53.50540698206285,9,85.81616997897127,1
4.359783846517777,69.76296577155789,9,67.17220897431548,1
3.436702058291984,59.0889433608681,9,47.35725650627013,0
6.795995889151142,57.840635265840284,9,76.15978492753874,1
4.678607539882868,91.36510748686229,9,68.51950950915074,1
1.2284772009431038,52.095760835812875,2,25.903974072480914,0
2.4053733762957132,70.95914379510606,0,37.78257022316769,0
7.443750059626578,58.41018278832591,7,66.03703561723201,1
6.930315477191362,93.9665107839237,9,70.02251561438878,1
1.2438639325313514,77.85202566375176,9,51.09923510276109,1
2.997749457396545,61.569031818842404,1,37.20231055411081,0
3.0796731692926427,75.12136435831883,0,36.13339091957399,0
7.047034692388555,86.5743179851558,7,78.32012557717549,1
1.1773948397892773,97.9059004459717,6,51.39346163506387,1
1.9369772378611647,61.02230021227095,6,32.431544692679225,0
8.199244768358703,94.30908860646726,3,75.40151529572233,1
2.6069019584890025,96.71520570837451,8,46.66125847071194,0
6.874714970666872,95.82102722660332,5,72.50141707375644,1
3.1436450294205387,81.7707178430955,1,40.3857292798879,0
1.8949725348341064,81.49103272173538,0,36.381717577827345,0
3.1885497189950867,70.16053165919114,0,31.62563194461314,0
7.500402386700932,87.6198941151894,8,77.68054748880388,1
8.701268212956572,76.56470091754659,3,56.395465343761146,1
8.471978781102925,83.87190356141473,4,78.30898407910823,1
4.5746517665660935,71.42289519243977,2,47.85812780659202,0
7.012766229135815,86.57482320215695,3,67.47248529542921,1
2.844858658742389,91.22357588022746,7,48.12421237760655,0
3.6383295723491194,57.32181283014081,3,43.378502585052864,0
9.067022366690077,91.6464857787114,8,97.09280608463493,1
1.1170173115966242,77.01482658951537,8,43.76497094045678,0
1.7695767776902127,92.23329545451122,5,49.768317065212656,0
2.870976296314246,71.56508531705073,1,33.47130196105702,0
1.2387898348643773,68.95202426915175,9,44.49527550483214,0
2.632918915808176,95.75303662586111,6,46.23380249700838,0
6.247374048727229,62.55846337742007,8,69.94501828032949,1
4.792820955332481,92.21061626430716,5,62.42649254178154,1
9.034045399692774,74.2010286254702,2,65.3341036569746,1
8.356992055645968,75.70477212756299,6,72.48708103230832,1
4.076356165280884,65.4234140744742,4,48.314235911738244,0
3.3348109008816325,78.65211003095078,0,44.88901259351427,0
4.417231673505402,66.26055981381057,2,53.36196232926277,1
6.31265448263327,51.96347071208262,4,54.48168673156535,1
3.4125727674058863,63.5999302672178,6,41.319599547847865,0
6.617340170642207,50.31895217032953,2,53.37471220592886,1
4.684704869721164,98.91773935284283,5,72.02325814962043,1
5.968424627667822,98.28736049098737,4,59.21458925902276,1
4.92513876221785,69.75776487361526,0,40.78004502672916,0
3.650191835877259,86.4185427169823,9,65.2313437157142,1
9.53607976265941,67.29030492052125,5,78.63548596572426,1
7.872452147437848,83.5546578542988,7,75.70355945215486,1
2.261018581898073,90.27150215229895,0,39.487112921687306,0
8.816211783081215,97.33781223461204,1,80.17012859506126,1
5.386880784245623,70.0106137924836,3,53.445906348010695,1
9.050970042046822,89.16489914780239,1,73.07428148311435,1
8.198697303525837,63.29642253160594,8,78.92753412673954,1
4.8269215402231005,99.51661518968243,9,70.63701784849924,1
1.2022237748810567,51.288479938217556,7,41.1102806602612,0
3.4180962344645147,80.17644032505605,7,65.27711166226115,1
5.874707931947802,82.97529908256635,3,55.801419543860604,1
6.701303978435325,84.40227785370644,4,60.57707558436831,1
3.3209891688988207,56.01937893945445,3,41.269355719780656,0
2.254204666655417,96.92648917365652,8,49.92144747023453,0
8.514372131193692,59.059163952504136,1,55.77672244695202,1
9.85961962633197,81.13767016199205,7,77.39337032863827,1
5.731211640724172,61.133803956154246,1,47.08493815260776,0
2.5451135726347314,65.36082085106355,0,32.16886260435647,0
3.4507659386743206,77.32292708640622,9,55.86389287358231,1
1.1655160889272005,70.85967092822882,2,38.037147640765504,0
9.228689259044492,58.01128004882531,8,86.12626664510063,1
2.05975974601127,58.546820121042416,2,41.50706458647786,0
6.188648279628282,70.90723940813999,8,68.44805555025194,1
3.466496986184854,87.86414891377504,6,61.61082489761066,1
5.9876020226421405,94.89823234238943,9,77.95174305986329,1
6.862783495166778,54.20638311296914,0,51.617743972322735,1
8.467676233364815,69.65519537797005,9,78.89800940373777,1
2.8577914458454288,55.01227818614383,4,27.476906731294577,0
1.0989624579263242,50.82962403162989,8,39.930156774190536,0
2.2319706706192655,83.08593413219782,2,45.85631477539579,0
9.100167776632945,80.12247209832938,8,77.9094908711723,1
8.865010698062637,58.15095569074431,4,69.72184688662342,1
6.376717919532775,61.690641654653206,8,71.34901793613268,1
6.40465174390288,51.18538768222592,9,63.58138114095509,1
6.9853300709163,91.74736028472019,5,78.41637680665889,1
2.5783415076110465,98.73452980242757,8,57.81065131199666,1
9.229707513324637,56.77297683973454,6,72.55463796505225,1
4.768934724028658,61.573760688264905,6,60.56823639132893,1
4.448246754245477,93.4204761973467,7,59.59860794973091,1
5.670259347545538,96.32318989780924,6,65.6237335479465,1
1.4226937009754954,70.98136914034052,8,39.9301498233931,0
2.4965503188047147,52.53112361345371,8,38.52911233062337,0
7.642302547837334,51.96959168464097,5,64.5675598314509,1
1.7451880113261382,78.69749330345053,6,41.77051503877334,0
6.428368985197494,69.64475544465895,1,57.47833704146744,1
3.2081419871318886,51.43262137888273,8,38.79729467166664,0
4.503660526377789,79.16261961562785,0,40.65434806405522,0
3.598243630936299,50.565126829451124,0,33.418651651148686,0
4.201054448184542,89.36859790746365,2,59.16425459918039,1
7.471413146658209,65.32164113516858,5,68.84606881842922,1
3.6740954406085753,52.012900150461604,4,39.02739427392915,0
6.097641762672074,79.41761104915767,1,48.86583536120618,0
5.284453619791897,69.88422072165274,8,60.14830407342484,1
6.973040488263833,98.69002066785748,9,82.2597880289623,1
9.431467653922821,77.2099331251851,3,64.53185873695419,1
7.593148874892252,63.76195905185041,3,57.02748173877681,1
2.934463407316811,85.47194323169873,4,44.62612018285881,0
1.2806482155515622,63.57460012713557,7,38.188578079973674,0
3.360376398698426,95.21216457037826,9,63.09384896586209,1
6.355701376302293,68.73609852536882,3,55.34499754808643,1
1.462832321358253,77.49342813881026,4,41.091555959448925,0
5.467296224811127,52.52865519121144,3,49.71861219657139,0
6.371585640252003,71.30606189761154,5,61.39943034801758,1
4.008195017352648,91.61817698304975,2,54.74530508636782,1
7.938209833712397,90.2824402681671,7,83.58548433156278,1
1.9593842782039461,61.215927942676316,5,30.892707020091258,0
1.6762400356222789,61.303953550528135,9,44.61224839747661,0
7.55369880583243,90.86526561066184,4,77.4793763696967,1
5.459421845855786,96.51992100846627,1,63.5405319283297,1
7.195621567849624,54.768046063650175,9,72.26306561151961,1
4.913446047433716,72.50293197131126,9,63.15166701982999,1
3.2176182991519613,66.87271394821144,6,50.25650465138542,1
8.371920859067798,93.53442277287198,1,75.9587982836595,1
8.194742910720812,54.176245734000936,0,57.805748018852164,1
7.252268237689841,60.55629712790187,6,67.57125105471188,1
3.449306235069664,87.62341687932471,4,50.284540467469135,1
6.312076001821784,52.56469244906078,0,40.645861738408755,0
4.248765072460241,74.62676903571446,3,48.76003547175476,0
1.8242386599397074,72.105351733986,3,33.36722909049167,0
9.255822179160186,66.72005894943743,9,80.92552169231695,1
2.2313676782706526,69.72861576594619,6,51.2445955669379,1
9.552136184387223,76.49702934651165,8,91.46757661454211,1
5.014051956621602,58.06836791941916,1,36.02327470475839,0
2.666196359547577,78.59979391417964,0,31.486526090610074,0
5.877108526405223,90.27161646499931,1,56.64921734876306,1
8.856512522887675,88.00804648950796,6,79.48181541061095,1
7.590023977686051,57.69499523468868,9,74.8457098263558,1
8.259050330753048,57.462473487073694,5,62.316068310851335,1
6.929050300396456,63.40871838724567,3,64.46052682464905,1
7.230489080660672,68.05373631705186,0,56.34853857370979,1
8.642760864087872,70.42277907042413,0,62.63807781801072,1
3.2470120797326736,83.98486084166726,4,49.358921437584684,0
5.404824672788264,52.83402160829177,0,40.78678947885369,0
2.99088497637642,51.73363521130332,6,32.32130259164258,0
9.889012071969823,69.59552814719545,0,70.38334870786514,1
9.49653405717952,84.85818460689902,0,71.3363937247945,1
1.354841302316553,59.67176714782413,1,21.903451592666237,0
7.350176552641196,82.0752240628126,9,84.86059913913266,1
9.327234856740992,62.991406897014976,2,72.88078641977559,1
2.6251781061460018,94.30430544067582,0,53.61146569582901,1
6.111507074973665,94.78449721333082,8,79.16702704482984,1
9.239394678292376,64.86436021406632,9,80.4391061205304,1
1.3055138072721895,61.49968769816203,7,34.448528452800616,0
7.276782405221559,70.56519860331156,4,63.08194360066948,1
3.676141066352957,62.026579259007434,1,35.65553603107379,0
9.319565758388773,83.61919216458517,4,80.22750326058924,1
9.73952420648831,91.30323422741428,5,78.39460441487084,1
9.498398402020905,83.65460654556085,0,75.82480679400294,1
5.267927949917174,91.21752236246748,3,60.160878305183246,1
8.758383858903821,69.84960811037371,8,83.40912326657468,1
8.600944586815633,57.815848535443045,1,56.62874510957346,1
3.871904259189301,86.89754736987962,4,54.66222935859067,1
8.460239267356096,68.0237252570777,0,69.20419681825197,1
1.3330687124394336,83.56354126145663,3,33.43186968513308,0
6.366428906338477,63.53219709908828,3,52.45252512403284,1
3.0700795355893273,54.06148174033363,5,45.12862953363305,0
2.0851019719955093,99.62908977438818,9,53.46898153460608,1
1.6925788146628824,57.81007539652997,8,40.63949677648705,0
7.266598982903258,99.42104969817404,2,77.53797321893022,1
4.058874673912595,98.86399662832235,8,61.58522789844656,1
7.522900943758853,89.69090519540198,5,82.24398677178618,1
1.5882070671904813,82.97114810409988,6,43.15347105741172,0
3.837613040475493,78.89035251255423,9,55.249164321949486,1
5.855421631378035,93.30507726889174,1,62.28715211317083,1
8.116508483550671,64.4719760809744,9,78.46287591517601,1
3.8687725263886295,73.38406062424386,5,51.42498212364975,1
6.633022387933082,80.9694984683251,5,63.612370177571115,1
8.973799734125684,70.55952379347455,1,68.53912056093137,1
6.542768693640741,71.3743227045134,1,45.78798750911598,0
3.096635272782704,66.51423337510423,1,38.53127006036864,0
1.2196070340088423,78.2115908342268,9,54.04775842124251,1
8.830889865108368,92.5287264007558,0,63.085923758140055,1
1.1914246976534844,60.076418900315645,4,29.946173076892666,0
8.872315054157795,96.72165193767208,7,83.00487178135033,1
5.760434206244907,84.45438268741148,1,48.58321566788366,0
9.451609286616065,91.1636606340015,4,72.3427725215346,1
8.189049121962988,77.80953463150058,7,72.38392641430444,1
9.981406994800038,88.97583507120316,9,93.3879024184291,1
4.156406339065391,50.81001986697336,4,49.77072289776164,0
7.904694600380142,90.91902123897677,1,61.18560682464122,1
4.617378222483179,52.006942954268325,2,44.160937794377425,0
5.318880582735179,94.49566881814312,5,66.04131149220392,1
6.64754916896533,99.59813736193217,4,79.47700185377268,1
8.863094027677048,64.70337310883889,3,72.58163939302266,1
9.856751222793656,60.51592781428968,3,76.58153192340708,1
7.914460724780664,88.26816819290204,4,77.54925608036345,1
4.759901039506004,62.651317046012664,1,39.973740234737846,0
4.792213020493632,93.27811915861017,8,65.080388232149,1
7.638240714300023,55.142129607873834,1,62.31818326521596,1
3.148994311914721,56.29775981896791,9,40.38030022529323,0
1.994267018182552,98.95757775503077,1,38.247053056386335,0
4.191599418766989,83.69194491350024,9,57.411534258575024,1
3.5851509248867357,92.34436122144764,8,62.800283201064325,1
3.6667730841039106,66.2164688675759,2,40.090763154236726,0
3.1024697594491895,83.82418747603022,9,61.7894574149986,1
1.378838706727257,79.71209136542986,6,42.26284513970833,0
1.1608654126007243,80.15750600614734,3,28.12111726332946,0
9.889501507624283,84.12662297688607,5,77.18615623487466,1
4.849958203622761,78.76795865645494,3,53.84993602185486,1
4.4589398244371345,71.4531184651333,9,57.87495982555752,1
7.116825544237629,63.79613471902734,6,64.05979887300961,1
2.9642849907855773,88.4290665456601,0,46.042222026571494,0
9.549650655552028,61.313621500159314,2,73.93750311214403,1
8.07710512973997,84.61771530772072,2,78.75950944390286,1
1.8046990208103355,61.66664113246633,0,25.94180972009125,0
4.758226982064356,81.2665084977227,5,54.965354287374254,1
8.912064768059482,87.35391335645144,8,88.85744266937739,1
9.502588200622693,60.93569444532696,7,76.98967699051168,1
5.2066136012488275,52.997165043065415,6,51.29191195403507,1
6.520702502896369,56.548687149708705,9,66.55761068973527,1
2.503305514828677,80.29984836355128,7,58.870226862293165,1
9.92051763523279,92.47232031128678,5,90.8641132951931,1
3.0850453124509905,52.24984106177122,8,51.144280892175566,1
9.48458596721613,86.70756295208231,2,85.47447040574659,1
6.846819840931316,67.0659322975026,9,76.86654369428399,1
6.469631153909732,73.92641849597612,9,66.86905326766632,1
5.614196599148578,96.44297749227829,8,77.44078806413205,1
3.076028305459828,66.59857523679227,3,46.43098838391311,0
2.5887522880495744,73.2668466969743,6,50.18313971280564,1
2.9843758816315784,50.68412073803405,8,45.149906260603686,0
2.6779443592982908,54.079936000241915,1,34.34536112657278,0
8.01626026210078,62.9295795567392,1,60.858976571037424,1
4.151127332500571,51.392612041053724,8,47.28297839357673,0
1.5205840890705673,81.56876630241254,2,32.42538210940081,0
9.721923671267302,71.31991784008113,8,89.52420780285726,1
8.954072964670832,77.4072601364011,4,71.46344196716026,1
9.349770548756917,58.732359294816476,5,70.3107928148482,1
9.954170403817917,64.79660147183081,1,74.9767547605623,1
2.5650572429753855,83.19122374263625,7,52.45159865199333,1
4.566178170123929,98.26513618151999,8,71.19639829101428,1
7.824146281336822,52.52083868011046,1,50.73189332795132,1
7.26418556248413,94.5192160427633,5,77.42384016242846,1
2.3850631570586955,78.84406006556043,5,42.27839306040789,0
8.34249812491556,78.19597833778118,7,74.08686419817293,1
3.019965146529946,75.01392676038802,9,53.07727929976465,1
3.0143585334036076,53.46970429520917,4,45.92302874021817,0
5.832769806040722,54.493842586808036,8,59.68973113150131,1
6.336459413575328,80.0456002829543,0,66.70293071420261,1
6.220775870540301,67.04792857177792,8,56.90736740049414,1
1.8233815365797938,95.86340332888403,9,48.14453908665711,0
8.897147763673424,70.32952686797361,6,84.20552306448698,1
3.3904003832983545,57.164072935132054,3,47.979246592810064,0
2.1656342915452376,85.7359416751018,2,36.23166777431476,0
8.998732718820794,64.6676710720505,9,82.73843299933338,1
9.60086348406778,76.27351536779466,5,84.44732162319367,1
8.759148555389055,84.8916392752585,0,68.11635612269906,1
8.285644672523903,95.01320556010353,2,74.68152048758947,1
6.8971778257511955,89.6095597400838,1,63.42342211699706,1
5.957716335482254,83.8180533936362,8,63.52676279723817,1
1.7828808392026914,83.98165911975718,2,36.38559550213051,0
4.676078917636288,97.29623220160433,1,54.631089724345394,1
4.354196653110826,64.7912048748268,3,47.723953898542455,0
3.337784053842936,50.05560470980937,1,25.05307113906204,0
7.510781023197264,63.59772796990993,0,60.40169300472936,1
5.4628816157089375,60.8945689813372,5,56.23024703742632,1
1.7294159431688314,83.0917292556999,9,46.297667385845465,0
2.981648817548302,81.68557998827646,7,62.409239254342715,1
7.149328872936364,79.67306913523619,9,75.91564219715858,1
1.6851777354127018,50.812172160472684,9,40.261303413930655,0
8.660862226438919,86.43890272253238,1,74.44452817491094,1
5.4563187431257685,66.17652062427457,8,72.5545555907605,1
5.325279195939832,83.25279945033157,2,59.007433795021235,1
6.331670061935658,77.82892142510767,7,73.13757592067995,1
8.422128693326343,67.13654627139536,7,71.24349802059834,1
4.1302828711197375,56.72881335520539,2,42.104856872346154,0
7.102145373031572,54.720944883024046,2,53.26570169920719,1
6.09158767596212,91.57591665561118,5,71.45136261674034,1
3.403254431524792,95.9198771040779,0,49.77706426639695,0
8.907669877196422,82.48940233821497,3,83.45131767004631,1
8.176834194462353,55.17170574302417,0,46.64397311077336,0
6.926066511925829,70.10136084441203,2,56.50785000137115,1
8.655235561848176,86.44696000525786,8,91.71151053207845,1
8.805647808638222,88.99104420050341,4,71.71790306867953,1
7.3752667904353135,55.91093111455443,4,65.67786845101125,1
8.533119955273047,50.00153594226912,3,69.33606306311972,1
7.277243155023553,85.60685229403025,2,65.92657223649454,1
7.121266945842704,67.82980879931029,4,56.847953933223984,1
6.5675024039366585,62.72406658091301,3,57.04713360295601,1
7.774449756018771,50.644873489476275,7,75.35911751423035,1
2.427445947637663,77.01497033807499,3,48.936807715887895,0
8.927836832790355,92.55753677129908,7,87.44584707922996,1
8.846591749707088,97.8815823136294,5,78.71124499905045,1
1.2632255473110323,78.28724753066446,4,46.49428796600155,0
8.432350755082865,75.7230663869947,3,74.98328808706128,1
2.1598288072610066,54.252819274462055,3,28.517439975259293,0
4.016069688332277,77.44364007712998,3,51.02603532050292,1
7.69157430662447,68.99895394826973,8,76.64130012249406,1
2.4468390644347737,80.35676404417885,3,39.15724902767974,0
8.36170321707156,69.43631739382734,8,80.37994537707955,1
8.489207601619677,62.01495617251834,9,84.58145905047328,1
5.567209603847526,54.748263761418826,5,52.779281153842085,1
1.0574728454515023,65.74592222944479,9,49.052486354031224,0
3.583343198574215,54.832241714387614,6,37.58961566058654,0
6.55234226538168,58.8448475411992,9,79.50650055487249,1
9.830675602246812,99.3668079289773,2,83.25017673982566,1
6.686321743150016,72.20517784533092,7,74.45826704336747,1
3.338232229577438,76.59358832525083,2,44.76229507813596,0
6.706051327896502,93.68092643686077,0,57.51692148625585,1
5.8598684174427,99.77844502453439,9,77.05099247627629,1
8.018608556360292,79.13572246723407,4,62.28640443246539,1
1.9628257494426258,90.62369105220859,1,42.44317071643975,0
7.849251122518252,66.34705121683376,9,78.11919387086549,1
5.871399208084992,65.28719787236456,5,57.985369609793096,1
9.666928034730951,70.135186049728,9,91.13869384395134,1
4.076849494348175,83.62536313368246,8,61.659472719811575,1
6.693597038205533,84.10958446275494,0,61.73500989126702,1
9.388252949590157,65.76197173247255,3,77.48143916209327,1
1.9225875519161133,56.66049620683143,0,23.864945924153,0
9.43505638512806,81.61981282327542,0,67.4841743606638,1
7.19097150070732,56.41629310943823,7,58.26694506260572,1
1.610533531946547,78.92462541146651,1,34.34285927731198,0
3.708672102521346,84.67110640281544,0,46.2051788757048,0
7.373548797807534,85.03057481972257,7,69.75883944250924,1
1.6061554132189453,87.67360553297983,3,47.434757966130434,0
6.23953414158646,93.64297107828322,2,59.178884674653645,1
4.112947512576611,74.99794959823942,3,38.54662198372737,0
6.588239659907294,86.51245947647857,4,74.36905064194167,1
1.4116783043126158,80.95863676829184,0,21.48090755212643,0
8.843831255371386,59.33199698988413,0,66.83964924073929,1
9.761400722596573,51.28448224347041,2,71.79794589040326,1
9.719900697571223,64.22706928384669,5,79.4653947791095,1
7.746866485686322,72.15168531688097,0,57.76596328241309,1
2.170776161175688,80.8552972214328,1,39.624456444936165,0
7.824368763361203,92.49796652516027,6,84.11365814287684,1
1.2212822481292136,59.81228583530828,0,19.121044508861186,0
1.1991119637609753,56.277489494923856,6,39.76067503217945,0
3.912491972345871,98.17399737371638,3,59.669031633530494,1
5.397788713641992,55.402227968820355,9,63.07486741346384,1
7.933666760270139,73.92455350535946,5,69.15582546255297,1
7.149658389458547,79.27818643966509,7,78.20903470343615,1
5.013124357390735,77.06872104537192,8,66.72780288137787,1
3.462639996534993,54.30160785164716,5,38.52388402219628,0
9.9741205014194,52.85134570018097,8,79.88922717331005,1
4.835631720123756,55.274171373051786,3,50.855684704637824,1
5.062483218967079,79.27938419363062,5,59.669134438428806,1
2.4726143907250226,77.21724438171606,7,54.958159740366554,1
8.153285938749365,61.68703960183721,8,73.56430809605601,1
7.243140032033398,81.88870709227957,2,59.78283582661036,1
2.9869265150988435,91.00337510278247,1,55.203658184379314,1
1.7414294105425843,52.07894799232969,5,25.926356036679373,0
7.124493718672418,74.90649717740212,3,61.5952197595744,1
6.890600928530217,84.46552060513451,0,61.19140082769137,1
3.459335742983884,62.61559635348436,7,55.011777078353276,1
9.557772060253694,65.38854526465745,8,86.63767072337701,1
2.3595210260281023,80.6818951494692,8,63.55846869969566,1
4.891013209383417,94.89676467218685,1,54.33610318528248,1
9.49254328150839,90.49622101514497,8,86.2466664053328,1
4.7775458523351,79.15651095497918,6,58.536202427087005,1
6.74673352897677,86.51108588786246,4,66.08711076448746,1
4.578349581665148,68.24112351038994,6,55.022609224992024,1
3.4679368211380304,82.0482764049379,8,53.041726412675125,1
9.855798831638454,73.30907955637785,7,89.1919982163574,1
4.684006056835387,59.49680682287804,5,53.123223377721395,1
9.04689283311221,85.08691369386287,3,70.44113412834935,1
3.0695914530197754,77.82323186744111,0,43.53505220468413,0
2.9179423362257495,67.93107909767957,5,40.911627725510094,0
1.2802067459606024,95.56695950393154,2,33.15704406946104,0
6.865001428382966,51.046705891336664,5,60.075662428924076,1
4.316737093513851,65.7886575624748,5,42.53106548931515,0
8.779224248556734,52.84406988888233,3,68.69685745883461,1
5.258889160224014,88.32636581108136,1,40.59815389052851,0
9.713740851232496,85.10537270568963,8,84.95350261792618,1
2.6697296413280904,66.56761093681585,1,43.19461809312476,0
8.817608511600497,83.78314511035364,2,69.78969004524198,1
7.989371675125676,69.79686130979749,9,76.32799074253613,1
7.938296601796468,87.81268957112172,0,72.40361515097105,1
8.60304905305199,72.7091831368353,6,72.86368218094896,1
7.84921591848699,70.61398639158328,0,64.24746641685732,1
6.635982894682739,96.73649577441505,8,84.07180403103482,1
2.1812038991414884,62.543954994535014,0,32.06185756481746,0
1.2927356154212672,56.02236699982827,4,24.04590156223352,0
9.287630630341182,79.2271556629729,6,79.1863705545184,1
6.549852830686643,98.46609061420895,2,79.8571902253409,1
8.168835618785586,68.89196068635934,8,75.05914803717786,1
5.33370116361295,53.10183818143908,7,71.53070415037861,1
2.0557737006615504,66.96526336547836,2,42.91326777310073,0
2.126672129822954,75.29658271597792,4,43.81768316076925,0
7.170087585060743,58.09615033161069,6,66.7654543872745,1
4.872753054095164,82.9051109028246,3,52.911181765687694,1
2.8047225403030307,99.88746945051003,4,51.54529058215085,1
5.424350920672932,72.58697379907218,2,49.45422596046495,0
1.577880433676207,67.73642783651063,8,43.892198500236205,0
6.237742617229589,70.03520834172333,9,63.38830113175168,1
3.4209406399158793,55.75730891976006,8,42.75304081022829,0
8.178031905734693,94.16368007131119,6,87.64434186334037,1
3.793257630312164,70.7412827760676,9,50.12712430448401,1
5.09698134173621,69.36372057124207,1,52.72471364752433,1
1.1045848591729057,82.98451364652371,6,32.9463674101921,0
1.65202199015103,72.10167104655618,6,45.038799279849954,0
4.532442007660164,82.41167344039229,4,54.347790344703306,1
5.319449512454112,53.07231450653938,8,65.1255229282494,1
6.400184933073733,90.68616718611136,2,61.54680252680169,1
3.624963208383729,97.02519764397013,3,43.18467505925234,0
7.254836975138883,82.4382693079693,0,60.06548423865186,1
8.741101574702842,97.72829644294055,5,83.82229963413599,1
8.018658900040148,57.571615718498165,3,62.70489100559124,1
1.3565694281352143,73.87080947401768,0,31.819629087830226,0
5.32456252532046,80.09033669727236,1,49.827973142255395,0
1.9443716057635738,79.08683237105933,2,31.13089192740764,0
3.178405142762747,70.07308895445216,8,47.91570797857827,0
9.879963339404318,66.90422046831307,7,80.89224611486782,1
2.282459886113619,56.34120112752094,6,37.69291668758261,0
5.489993381062204,69.58712252811391,3,66.35671545376155,1
6.563401608863072,58.13304075527426,0,56.532447353813055,1
7.322184734896935,86.71828382461092,7,80.05995484361078,1
6.036838151382227,60.4415467747295,3,56.54671734297268,1
1.087937626772653,52.928265264226695,2,26.817028891141955,0
3.938151774195927,77.61830689086172,8,60.50125366428679,1
5.6594047904624025,79.76148663597007,9,71.0419002085037,1
1.7907984923035003,93.59565306402527,3,43.23328379290797,0
4.155642380882627,78.8490806208841,3,39.973615617924025,0
1.298827979122299,67.2740426861723,8,40.830716336100714,0
1.7072064743951867,90.15059407631603,1,36.3797065691295,0
4.5723094858143645,77.01394465937105,4,50.22086534053291,1
2.194441786387543,53.96401423155959,3,30.380928520261584,0
6.107867634354023,78.29252801566233,8,71.53084166237278,1
7.2051847222353915,95.40092727108312,4,76.4841521772517,1
8.205280291981746,69.81563127491103,8,79.46727315197424,1
2.8013521982032907,64.81629009499001,8,53.16386921274824,1
2.507343240331628,57.173472850901,1,35.48929821100189,0
1.9411105630096022,57.572276096767865,8,41.4787076764391,0
6.72787224589273,71.63857421709095,2,61.75747080710169,1
7.35828153838211,79.78399120807647,3,57.99474265621509,1
1.2842753034307783,54.03077025848009,0,20.708981460404054,0
9.42591021619321,96.97842945125828,0,73.71382196901202,1
1.4677415528632518,87.75668087225979,0,41.32234603756536,0
5.871667017709634,79.33119591418313,8,70.84313032647152,1
7.381544675058247,91.42193354694953,7,71.66203303361152,1
8.83872211371477,54.00933784060567,4,71.36933094463333,1
7.4267823891918505,73.84194388665622,4,71.83541183746195,1
8.215552747628127,81.50465634308317,8,81.08084103336742,1
4.0550517328852544,91.43264530591446,2,55.156331901814625,1
8.33342602371861,89.17347800246338,2,59.94063660041974,1
1.7210336174620764,63.85346248566998,6,26.264595085849873,0
9.05334990454475,97.0440084779602,8,84.48660588462418,1
5.928331385383626,56.21729207154352,5,57.25204305150617,1
8.355679929662443,93.75668093105762,1,79.56622277567223,1
5.070864560664702,98.54701248023093,0,49.28628810297901,0
6.792199256768725,58.85767616113128,1,49.34991209074332,0
5.737623948425019,86.10330321018927,0,54.96214265880562,1
7.584305695797987,52.01427593889992,9,69.06421728576473,1
1.7346698382753063,70.27114125695775,9,45.008737721979735,0
1.5431687559150742,75.8141649598837,8,44.35271908038402,0
3.223929106091318,79.0322612954817,9,64.4032663766962,1
2.435902121018695,96.79686241242797,7,60.799240772512476,1
8.846052099329814,83.61253436470973,6,81.43136741752507,1
2.9729258862223986,74.06389756096185,2,49.35620006899877,0
9.782787302372181,90.48375181329448,7,92.60420382618913,1
4.032062125939961,97.52664104772045,1,57.1877736167084,1
2.6390612411982937,51.10330743411454,1,26.223565573482688,0
8.107286564282312,99.12606361280194,9,85.00586663651185,1
6.928369979507885,54.306606953184016,2,51.611920526014785,1
5.483761448078251,90.71933896343808,6,66.20099768371519,1
5.998271958438681,64.01673762757062,0,49.4959472659209,0
7.472816004450374,56.608982887693585,7,69.96766143154493,1
3.0560926719816885,71.99278198569175,6,58.743822296025485,1
9.967005244510677,82.19782897238068,3,84.10076556051283,1
9.773138459321048,69.04759225117375,4,75.00601147445909,1
6.852931177122432,52.72827041413495,9,68.06676511457351,1
2.7958820583623063,79.97305698293583,0,45.496038332268306,0
7.122054181881622,95.12016380553374,3,74.05571926408884,1
1.6497856808125826,69.16076829736258,0,36.456069710391986,0
1.2758725198522547,60.81663888154135,0,22.21093794548693,0
3.3191459966009234,72.12886729664078,9,52.67608247911532,1
5.163606610653847,52.41813555243904,0,38.05825021220383,0
8.814452548675424,91.02437922401374,6,81.36964405490058,1
7.544521627896772,91.31704054750934,6,71.8013052548842,1
7.684358690799829,79.40002317148142,3,69.71776571398567,1
4.829440010032679,67.65514444691948,1,48.00567960129746,0
4.113414932922666,89.98916822228917,2,58.25771498340539,1
4.339348866861425,77.73435123941836,7,50.215737203232585,1
9.88884607362452,91.29661542750081,7,86.11257721406075,1
1.3609827227123423,81.57293962915102,5,45.30469787496065,0
8.803283465102037,89.22027366063986,9,89.69986501725998,1
6.208078677151541,79.928149660888,8,71.24285056596379,1
4.947538772706315,70.70705341078332,8,68.26907908631718,1
7.527318943736229,97.89729299630687,3,67.9560116041924,1
5.380020472822325,77.05569124394223,0,46.37316277402418,0
8.860809142734945,80.25447592702692,0,64.14782926956474,1
9.106316776101327,61.024381970737466,9,71.7743582522611,1
4.795488341861098,81.28253947136382,4,57.026291217795965,1
3.4914501751154643,78.5803824741472,1,40.41710268264004,0
6.33115295734026,59.241919897351245,5,55.76383671344779,1
9.211270110550219,52.979354867657186,6,69.38303138146173,1
2.895959701050999,80.21796598573856,0,38.456454838884596,0
6.606699252071345,88.18461346751603,5,65.49618272781774,1
6.684041980832685,76.17006854610041,7,71.37906810603474,1
7.5980172017375285,61.338631265982286,4,66.68757622515665,1
2.1841091661453382,83.32609883465175,6,46.44548727862223,0
7.442424682138797,54.00528633048011,9,69.60137111104089,1
9.181292685990769,72.09168524009773,5,78.46142400357562,1
2.6171479798321777,58.16833791992101,3,36.39199267446585,0
3.1378899243148988,59.22295255299417,6,52.10713216424639,1
9.742555846374756,60.11469745791018,9,86.33851615704786,1
2.628792574385408,69.3353528521989,8,55.42249872895825,1
8.689465840326212,52.55751028101988,9,80.26713729773209,1
5.430500708032313,69.8896720464549,9,59.52731445346609,1
3.2250796696285935,75.58537235573505,6,48.009685675835236,0
8.836749111452603,74.16471424831626,4,74.1926727165446,1
5.007747295023989,69.13920502015202,6,62.12271953414521,1
5.633356185367211,91.95733040353763,2,69.3930450350902,1
4.233100324597891,57.26633462102521,1,37.92466635486097,0
6.3365576629143465,75.2848371890687,4,62.54451996272572,1
2.4717148532652047,53.10207084782772,3,38.28875192911627,0
4.519733829865846,53.55778394389549,4,46.37686679096842,0
9.724710901017588,78.69329248385482,7,94.45202613950669,1
3.3232008943101476,78.30092124439105,3,39.36734596880551,0
6.910629980871629,93.90167564222284,8,82.11375217435996,1
3.926710578022254,77.89368378300367,6,58.34272429719306,1
7.961258131179406,97.98955102024252,9,92.96334945353843,1
2.177862946465148,52.43474241999649,6,38.92999420243966,0
9.728389405706903,54.90038423903705,7,83.56966839227479,1
5.084105872452753,52.20329307851907,5,49.83582105462168,0
3.1244541701181756,59.263842516677,7,43.39446725428103,0
1.6614707259701138,77.0635055470839,2,30.690390238178217,0
2.5278211457878665,82.27860907137139,9,48.11567751347363,0
5.677965537004159,52.27925789743344,9,59.86681109667657,1
4.033028587881576,97.29854449227997,0,50.91214817237719,1
8.459950292943486,92.10826883251906,5,78.89157163405187,1
4.877987712956253,64.83062410785466,0,44.82895629700544,0
3.238428453288669,53.8593765113234,8,54.52435030677206,1
6.554304879436271,58.49435366095287,1,49.73239775383874,0
7.360994951969012,56.34722068774863,1,67.41062345639618,1
2.5033771711085486,56.16418896494734,6,45.142357539979805,0
2.508572946594859,75.9280844332867,1,36.33666145008413,0
1.3300428424018866,62.29237212467002,9,42.23991537828257,0
7.627618135590764,67.90698582645723,7,67.46953664200674,1
6.974240748596245,99.47526666921613,5,74.58519891931056,1
5.2716778817483245,84.21571244626725,6,52.81512247642912,1
8.597534040722774,97.44903335235007,6,90.50121108566168,1
8.251031376550479,57.12782775165578,5,54.31045120816278,1
6.26818927957077,69.10697374162847,9,70.28179338718162,1
8.814441524619328,77.73659016411771,8,77.6732396657151,1
2.8525708903309144,53.8379030944369,8,42.90833212036742,0
2.007276574579551,50.209372181397896,6,34.2384348627044,0
3.4277465036529065,83.52171668984587,8,67.82337816252802,1
1.5137817048038338,82.09097584007176,9,44.679947748688996,0
5.780525752009288,70.53944049998059,2,58.63575863401123,1
9.429451230654653,74.48220380160163,2,79.29392644009044,1
1.3540918660165868,70.77215002960448,0,16.309963337748783,0
2.098989226090241,51.200252242244446,4,30.778257969317366,0
5.069791254550918,66.76858031087312,3,58.80182583014503,1
9.404875157751144,58.85411276986449,1,60.1067423661178,1
3.8454049447907543,54.921209455068436,8,57.694767743697476,1
5.565113278195532,97.83602169446749,2,61.08703999231248,1
1.3741557314535289,79.96798625210829,7,44.55568788506172,0
2.3350888086587998,86.43281421183013,5,47.952746370441204,0
9.879671106629623,65.76818716330587,4,78.84167083979715,1
9.68606826792441,69.65735647470076,0,64.54935735856107,1
1.0444598284096864,61.84619969483617,3,28.474061384736586,0
9.566306068809151,54.84828354827124,2,70.1390074784282,1
6.752079440339504,58.95158187207919,0,52.33030096047131,1
8.811264650680199,89.8757022648243,4,80.76516174557062,1
5.092658700704732,83.87729025918878,5,57.03304536053587,1
5.640364257213252,77.34644379927384,1,56.56725047476492,1
5.399619222312282,73.7544936433384,2,53.75682258200481,1
7.001778317914939,96.12171418280622,5,65.94190558604694,1
2.256861292806816,53.63674738893342,3,30.718473095879215,0
1.2697623088541015,64.0300406618958,8,37.08030114129622,0
3.7713694743207182,67.4968926785357,4,42.56402471031087,0
7.342126864629821,89.12129061063939,3,67.06462085408376,1
2.816681069106535,99.62573100809857,1,49.03848433142114,0
7.060891899924256,62.03352573785765,5,60.78055597317829,1
9.729208414965434,93.71536670685403,9,95.88594151317308,1
1.8451064421047656,91.53113802158956,1,38.99068645625527,0
7.053419064026136,61.23286988208833,6,61.74169426322372,1
4.993751973741141,69.96662900996112,2,48.23467291835757,0
8.813280289397548,70.48364346462596,8,85.5357406028701,1
2.594348105026473,98.91103342632792,4,51.394082087736166,1
7.23363357003548,59.044595068944915,7,70.62568567786614,1
8.543037606832993,89.9578985552391,5,86.0650403202756,1
9.501527975266209,66.7096357086555,9,87.69521585981806,1
7.1492322546068126,86.54351728880802,7,66.10577212524986,1
5.474572876075846,71.00055021478315,2,54.026018025392446,1
6.560625161810925,78.917988155827,2,57.387965097434844,1
8.820144860308464,91.63058866630655,4,88.64141395145509,1
6.1354877197494675,90.20827824919421,9,77.73626911157648,1
1.2734835372715319,93.321159176985,2,35.37657395209043,0
9.3785382595628,52.980866267232955,7,79.61951082518985,1
7.20574075928405,84.60252765198724,9,79.86341660685196,1
7.088620471995219,56.999368836088145,7,57.9531264422035,1
2.9410763715794546,70.79092840092055,1,42.25796428443701,0
6.929969232093915,77.42942075273442,3,61.8509728159545,1
4.544779650887426,70.13697423734153,9,68.86808198950963,1
6.861096793373429,75.98058379015038,0,56.47750518319321,1
1.9593372727719165,99.82631543993097,3,52.94104841501622,1
6.920607741427324,56.760865685642734,3,59.75578916235851,1
9.994723531936,83.77280226682129,9,97.97607518620603,1
1.4339083497450043,69.80004831928076,8,41.6504587920951,0
9.794567657991855,56.65048994536644,2,71.73301617630169,1
4.662171646505835,57.936838168715475,1,34.060735763083485,0
8.836781053035333,97.46365531228085,8,88.7878173444857,1
8.04146935652446,93.9800748355881,8,76.97871152364345,1
6.10314634888001,95.3520980207511,0,53.40647544635988,1
7.646042883261939,99.57663879136933,5,73.64918472499737,1
8.906640051712131,60.415769500425895,9,83.96003578839498,1
4.637262894859297,67.7719668682031,7,56.781103860975975,1
3.943298454069148,83.46095149624333,2,48.911912765987964,0
7.0083404700722625,74.19012699303237,8,72.42580182713223,1
8.270613477471327,70.91947666891667,1,70.03251288246658,1
7.860566212989542,67.89056246677966,5,69.69020959409742,1
8.18032283972771,79.68903159717262,0,66.05250907154722,1
4.920249833316397,78.77967143200411,6,57.383884632042765,1
8.360507945575193,58.07289170321201,2,68.97145370717081,1
2.081881498335476,73.58699187592195,6,50.607451488468485,1
5.900401881647646,77.67358881049249,3,58.61964128604146,1
1.0518279444830942,78.51434693656952,8,41.89196865498392,0
3.9212724691024325,60.50535964561759,4,37.67808857061216,0
4.298153813842581,87.11356961261434,2,47.28185779981867,0
4.565554224483298,51.259954741053484,7,41.370307237103745,0
7.25920486020876,67.74159277715813,5,62.06528953375126,1
4.4970229114331115,89.01063242678168,1,52.9731547721764,1
5.038242603602776,78.19464605277011,2,52.3976070808498,1
3.1378971778689473,63.05812162554301,7,60.22325729928127,1
4.35926612466406,84.74765596715238,9,63.36534383946409,1
3.045426645368363,78.36954720780366,6,48.4923386844107,0
1.6587633139159927,89.81218047281936,9,58.55131870906977,1
6.431037340432401,86.75125930949116,5,58.54588305378158,1
7.013915186995146,80.50539610181173,0,51.8123586526218,1
6.575413114086531,74.40888376554071,8,74.51893750637221,1
5.171446394205152,56.65910628337617,2,45.87784284119176,0
4.418072021613068,63.06665089426919,4,48.14787520435882,0
8.770002846146427,70.95497364585427,6,72.4507505353168,1
5.671736066225963,79.96496435031943,6,65.54702050413884,1
5.312636898667579,75.68539276076524,2,49.228686048335305,0
1.2307785922579213,64.40922629797647,3,31.840377494168713,0
4.071230448635407,50.32321788948553,9,47.66069980075652,0
4.421760569072713,74.8119610950407,6,55.640406236962995,1
4.589405028072104,64.28129942811215,7,66.3557596712734,1
6.221551323045991,86.73041503552676,1,57.00220217720036,1
5.802422920541906,51.19731326352417,8,59.71251764080789,1
6.471145835141002,79.24139056528955,6,67.11553135794645,1
7.883949353879155,97.07371187530327,7,83.41451737370917,1
8.316871648444842,58.72046335557498,5,71.54125714731798,1
7.46310768603845,73.58247453752978,5,70.6764695448338,1
9.599713263594412,54.57109959085691,8,81.76647540409165,1
1.1640932440872547,81.28409561306763,3,35.3015279823623,0
2.7620018711519148,77.52658402981127,4,45.569433177238146,0
1.068065874803279,70.36827621064162,8,41.38103509127113,0
6.827272427391427,76.06885107368706,0,47.895223926927656,0
9.082274940549881,94.8287329234505,3,93.01306962904391,1
3.1913406691866935,59.814715115553355,6,49.541981628335556,0
9.34331090316676,51.12822558526736,8,73.15842616499124,1
1.5424065126060476,93.08324423495505,9,54.78730785543375,1
9.409924241249628,78.85585411939533,5,73.97567382916571,1
4.16460418515671,94.53292277309211,7,60.711890011897665,1
1.9127874560429485,79.84726117065863,8,42.10817292578335,0
5.372845832676931,90.50805449798511,9,71.76072128457805,1
3.3109891094845714,71.4836681677574,3,36.09326986709979,0
3.5638561176573056,87.49299656441343,0,46.00929402917488,0
3.765609684336579,95.6520733444928,7,64.93477582959488,1
8.22723308049397,78.60614818611032,1,62.583106860384824,1
5.85245149007729,59.03925752811898,0,47.778505729817454,0
3.8017692924040327,63.43988075150991,6,45.64098892736109,0
6.493004049798265,59.93222884487029,9,71.00334372380195,1
7.445356068008742,62.342851379786644,8,68.4865455111674,1
3.453616006601804,65.32077246755182,8,56.809162398509166,1
4.7219419137281635,77.75668933765942,2,41.8787572682637,0
2.096974840032528,79.39958147319163,5,39.2798690666207,0
2.630344145812123,71.32498736209305,6,41.0051353312558,0
7.130060685684845,80.77103899104176,9,78.89838391776173,1
2.6329451292606425,54.078746280568296,8,48.163798027681636,0
5.726470453003541,54.389411852908,1,48.35236265480354,0
7.381416355501894,58.59147301788292,7,65.93964104092083,1
1.9618923078526946,75.90387490201724,6,30.605188680159046,0
6.105809976660132,60.69973393491568,3,54.932481537563184,1
3.309065053312274,64.16422017462887,1,41.73483674053537,0
9.666341877138219,70.0156418086497,7,96.73894628645223,1
5.351910820479323,90.59330620051898,4,59.815569858999,1
8.253932947976423,50.693106795643004,5,63.151019223904584,1
5.952038879406356,82.46894101183112,6,68.10215060702188,1
1.3907127956933725,83.44382655203427,9,48.70591972796991,0
6.698362380346201,89.93278901783182,0,66.8485156433966,1
9.562630079859913,96.63764695301566,7,86.76350119396358,1
6.414506381316981,51.006892447464494,3,52.13036104586911,1
8.372699734841111,57.68918527566081,8,79.55131962826553,1
8.957858170135669,94.30856470279966,0,74.62368182467767,1
3.0527179475403923,72.92592810935076,1,44.94740652929733,0
2.90840355917404,78.22953194667318,5,45.82804712272382,0
6.498828899658926,83.15136018615738,9,81.75597506598537,1
4.699256228260342,83.95333022478187,0,40.3630783423515,0
8.558751725800484,96.58702016582541,3,69.65083812138803,1
9.1002081105821,99.84747087058349,7,95.85048139638182,1
4.180792413724463,86.00787304654702,9,64.74307185991016,1
3.1318350307703384,64.36106046025753,4,47.571572621328926,0
8.024729637194756,93.98762011471717,8,84.81728901093469,1
3.4732543199332246,52.46104572703808,5,43.069380775124046,0
8.403528866623105,61.55404264372481,0,53.84375283061185,1
4.813644282838865,94.86928587318575,5,62.394809334564286,1
7.0079490936232345,62.80957572196775,5,70.69065436629026,1
1.8598178245120136,61.03255298108742,5,37.89220648724466,0
6.614733922089157,56.906264657012365,7,67.55593998625062,1
5.065909108635062,92.95558788234582,5,66.48809170484715,1
6.279476168579267,75.00291295955434,4,56.834714647454476,1
2.5121278697037708,83.74466015270774,1,43.96968905309476,0
7.631863704497639,61.953319203751484,3,61.1766706683144,1
8.765173697889058,87.90202105056082,9,86.89821276314005,1
2.9506582008169806,88.00027724810492,4,59.64185012354301,1
1.8614309996814555,65.629901245415,9,49.982642206189375,0
1.2127472744170276,70.53413165051414,3,30.031465745853332,0
6.777743503989394,60.484513871510046,1,54.3567619964486,1
6.463846324799027,98.82805116614522,6,74.1507466056298,1
5.92027671442663,82.28012885292058,9,80.7158879997043,1
3.087523865043779,96.72719403577577,9,62.65308043827215,1
4.518153963149632,65.16927718145666,1,55.18154623684,1
6.350287016675558,89.09454564984449,0,51.99613529123094,1
5.470901729732525,88.2929321942371,4,61.68062453858028,1
9.890069681933985,84.58278259332707,0,71.01090597668527,1
2.227957773010598,98.28194876334001,0,38.15023046695687,0
7.256300986428344,69.67776680531577,0,54.81922745068968,1
4.638868912938629,56.53586617948787,5,46.59857101854512,0
4.853796534330533,83.58544296220305,8,73.99547458524168,1
7.458379890923586,86.46549002386031,9,88.34434810598859,1
7.231925361919327,78.75302867294073,0,61.79875796879946,1
9.921303943319694,60.34089465666982,4,73.33702863915255,1
2.155548605087127,75.22279708346777,8,45.928416936587524,0
1.936986844457497,65.60948682845647,8,49.07682397821327,0
7.51904935415867,71.37332640833445,0,60.50799944947456,1
6.205482253057681,82.26092879223319,7,68.98156013496045,1
3.4674459990382527,87.26073713454173,0,46.22141617205594,0
1.7147743209008794,61.611234545067155,7,45.512594672577,0
1.770924246367875,70.26626803234767,0,29.16430149140881,0
9.047717871977065,63.45807854958146,4,68.33938336131936,1
2.726805922468686,59.93158069309345,7,39.0079254861364,0
3.9103440590396867,89.16936099979192,5,57.555686966843325,1
3.039907620042892,95.46263472184961,8,70.67455838243431,1
4.194966752487436,68.51160928422884,0,35.97500019794961,0
1.6248145847148403,87.56394621868834,8,55.89060219435099,1
5.671538118174434,94.84976446822056,0,53.43483913460439,1
1.6085130723299341,92.30621052651158,9,51.36427084003771,1
8.203208570401255,59.140669426961296,9,81.33286108068383,1
3.103408737193897,97.81459407566807,2,47.58513112535892,0
5.860107231440596,68.83382202147313,0,51.19198174609731,1
8.920711788053124,66.96203305869182,2,69.837642638935,1
6.8578963214247475,53.121566363889016,1,48.8562132074734,0
5.796620078962018,74.30868270524415,1,57.751192985984325,1
3.9190037780383804,55.45068078204643,8,51.922312188641875,1
3.9970172175237813,62.4269910463713,7,45.77063215694409,0
7.025382596783711,65.84713108836407,0,50.418632214764756,1
9.947254250990508,90.4413161745842,3,67.28540187002834,1
6.9565527086444074,93.77443251979483,0,63.17505346003371,1
6.020050756330225,65.12331587307348,0,56.15758086031735,1
7.575854592153215,92.93490606222869,3,66.52399564053489,1
5.186850510553463,92.86154686848955,1,58.72040790500666,1
1.541281083407067,88.23254751924367,2,40.329006593117974,0
6.0606713429011885,57.334755700759075,8,59.74439579679613,1
9.618627560548422,84.51614234503646,1,83.13065128784389,1
2.577726481218937,97.25120322902845,3,46.700691173678635,0
7.210044017385991,84.12702393835785,0,71.33966916762009,1
2.8084031979315083,66.58084245539169,1,27.837873881273936,0
5.822449160257731,75.02896587154157,4,58.27525780479491,1
1.8700880468204766,82.28625216755268,9,51.285055764284905,1
5.053338426323666,75.52852043642518,0,47.72218315594248,0
7.805469960057215,55.99764708654849,6,71.40829884769202,1
4.128143718150839,65.60320223260103,3,63.312315848849,1
6.984205520384962,90.11980152768163,5,74.2322988279031,1
8.159049647107562,93.07090230477587,7,82.83772014009796,1
9.344600375315075,56.86500163577851,5,68.3015047494713,1
3.111778736699082,97.61933761993623,1,37.39416260620751,0
4.593843242283773,66.44113089243046,0,48.75285963598844,0
2.371744119973757,83.11568693653601,7,48.059505901251036,0
9.932351519425376,87.59125729783406,7,102.95992655270517,1
9.343008711318658,90.59731173189417,8,94.23529516808932,1
5.859614172525037,97.2874851112965,5,70.19211376325394,1
8.578299649387791,65.64597740144113,0,64.55593594683184,1
5.6886217954483795,92.92532272757772,8,74.34058962079254,1
6.612271192024838,56.584345171810355,2,50.56382478484844,1
1.8021198890441497,85.25204531767963,5,35.82869952142289,0
7.797433784471272,87.09888647569929,9,80.36340923248696,1
2.1494213527171135,83.88616206006603,9,53.82117426063669,1
8.434608672272756,62.61573680675765,8,73.71867789725063,1
8.038252789033473,93.65215735076018,2,65.85649340059567,1
7.378702279686788,58.44292316851975,4,58.68533677417749,1
1.325443424722859,52.681739576041544,4,35.61040133129146,0
3.7281552035079573,85.87324953059561,9,66.14372979868921,1
3.368013129197586,73.77378576163669,6,51.829250353996464,1
4.241227667243672,92.4549009979338,3,57.878098267099986,1
1.7887847208745469,69.16985705291295,3,30.03521338227495,0
9.432620407279565,58.41392942538564,6,72.71015690523949,1
5.9842201664113865,91.82210962349349,8,75.02280909099593,1
3.749718795922212,77.44548158200358,3,42.95969429954802,0
4.5728336536685505,59.45978961951774,3,47.24409639463912,0
5.024822864543521,86.0191999293223,5,54.61725133125042,1
6.405349000245556,75.55568192447502,5,56.44538493140223,1
5.6411148492684795,80.215649112016,6,67.95066276017158,1
9.274527758929755,73.04491691032909,0,73.42134312863631,1
5.472671346152472,91.43544919090033,2,55.63988651849525,1
9.929422133409814,91.4781357841525,8,85.48823848994039,1
8.662824619705862,85.46944109121931,5,67.91309448083058,1
2.8765946292160223,55.27006886982311,5,50.17399455469919,1
9.375356931795245,91.94269309520345,4,83.01654685506206,1
2.0472975809692846,83.55064902664549,2,36.261716126998834,0
8.357047376420724,84.85120830021498,4,73.42104155303072,1
4.4256096412892205,68.14914202019358,0,33.00612956175953,0
8.901768884005627,93.96397780785034,2,79.7975301312144,1
8.812510210967053,86.26858001174287,3,85.94366351778481,1
8.253328601058591,55.629523326459726,4,62.04171495883398,1
8.110273926763552,70.38890172030813,9,91.58532533314452,1
3.742112251882367,94.31901809800709,8,62.42424219150846,1
1.7282735474612696,52.35983508486895,3,38.68308390548538,0
4.626821608886453,98.07083098210248,2,58.09146256054146,1
2.561720634878578,83.95812841597814,9,57.5266976442113,1
7.254559800122156,81.56879888216884,0,69.96306737783786,1
4.11489753884007,63.527962824399566,9,61.546396234529475,1
9.780491807739233,62.439589436958855,5,79.50857626144793,1
6.768748696107988,97.10291097442978,6,65.26793258250959,1
8.40232507270925,64.91362271170614,9,71.94966934777692,1
2.192722054676636,88.77526483594997,7,53.888964594262774,1
8.758130340453603,69.65608991035396,0,72.0263952022304,1
9.30481471462055,56.9627035392352,3,70.25513997110478,1
5.3835572693704234,50.53576488476795,4,47.12199261788778,0
6.456276439758797,77.21286685076254,1,48.249390308164706,0
7.883288208126959,98.78894092744663,0,65.13519803144987,1
2.573547645343713,68.45680969046023,7,48.05968677984181,0
5.523094688170982,67.85961669965224,5,53.691075189521776,1
4.587967249950818,67.20458089247211,4,46.27897916550839,0
2.317365929460242,76.02719186524293,8,50.139400889490894,1
4.307809800623783,72.03324417121468,1,52.39108060509526,1
1.6135507844694421,93.99573133635073,9,57.69007026269451,1
1.232307162545383,75.27603958617452,7,44.17370661542985,0
2.2164966023934047,75.38789190942845,9,52.64128248859766,1
9.668036004302564,56.91857973602783,8,84.17163745410687,1
5.945765823055153,99.1369770455193,0,58.9192643500181,1
9.69239945037898,62.498644543441486,6,77.15618252653492,1
4.892480904971188,53.66820337298013,7,58.25383533304133,1
3.806345197767336,83.15731244876045,2,46.8519433126532,0
5.555276765562197,79.76831850784363,3,51.7638923678259,1
4.955605197696191,70.75728269963729,2,57.22171084902108,1
1.9509821583556952,71.1096116940339,6,33.73815782474823,0
6.767436832211856,89.25319605232156,8,84.20475709959231,1
2.9443436425863965,59.78563200498245,2,39.18968404696553,0
6.576291594080466,91.01266594724449,5,65.33950409087905,1
6.85180983158338,82.4373556947509,7,73.11152863577712,1
2.368223678157833,70.94848868897623,5,40.9813479939957,0
1.5521466439960134,72.90143082919343,1,35.66979111051334,0
8.026854274615959,62.832360359304786,6,74.9236357433515,1
5.138203813923882,87.60571663484873,1,56.2795516654745,1
1.523474159549282,75.64373711526339,1,36.04240733724325,0
9.953796854527905,66.04272713749218,1,71.00764028845607,1
1.5200250489672997,79.80250578804751,0,40.34925245722064,0
7.255317059726979,99.78672260256616,0,72.33063649669288,1
9.853110327370722,71.76311398282769,6,80.40945724009514,1
3.1526209379433308,96.03457003893098,4,56.62778428156207,1
2.2802443181847654,67.2508419962283,2,39.1943856193426,0
2.09246445480186,52.736635346249294,0,24.984504601445707,0
3.72947632810836,60.21210531842144,9,53.019730014832845,1
1.9094122990958202,70.9347571663842,5,46.90002870428338,0
7.229452075247187,60.98174642972845,0,54.36831554002667,1
1.5606261831705641,50.01135191091278,8,40.10739594080893,0
5.584799153348108,95.75007688737637,1,65.65453916027386,1
9.970271684676792,92.19397056154645,0,90.1762445953371,1
8.325732425554168,87.11461157434735,6,77.12992086517222,1
6.536974944079098,58.390729782301435,5,59.09759240048038,1
3.756282587079505,56.0181788104993,5,45.95688663826164,0
6.6150625266247465,53.38023747361916,4,57.57306603889955,1
5.743373175204865,86.20145943864605,3,62.4590781506776,1
4.834750455013343,96.44039803439426,3,56.65497914469999,1
2.1763933906617954,71.52679104565185,2,30.0090491689404,0
8.9794379371642,55.95703359980241,9,88.45342599001046,1
5.048061839391902,75.61964103660533,7,64.98661401196001,1
2.7516026063868857,67.4415953729315,6,43.897812977116445,0
4.309834157895606,68.74124621749988,8,60.357109694331655,1
4.727167772760343,81.06653120778536,0,57.12055085590609,1
8.447841060101869,85.93590566311012,6,76.0798689055641,1
7.6025294250526185,55.53017994365804,9,73.7274021737453,1
7.923744042772058,51.77951154032382,3,54.20324997144979,1
1.099281379857825,99.71651513428574,6,46.81965332020574,0
4.745385983617854,61.636417445777596,0,45.30083208239533,0
5.332097364717913,52.691526245422956,4,44.894328417441415,0
1.1727304914075103,59.493766454796,2,26.775775547933968,0
3.3383188787053077,51.94789231742321,4,44.275598586403085,0
7.842608408099215,69.59054473085858,3,69.03620612091659,1
2.2339873515609914,90.12008922256621,1,34.41780511993051,0
5.817791183073325,67.06222248788603,3,57.07649703624363,1
2.9368168481551375,72.20917034391833,2,43.140429529888074,0
1.1090869717950396,83.77933867837194,0,31.219164045916934,0
3.1708131183958734,75.44470350349401,9,61.93417318961103,1
9.782863794190485,93.07228430106622,7,87.88876766807381,1
8.213834006946907,93.30178375228783,4,79.12212747437846,1
9.636189798889301,50.49553477455768,3,63.50360799154764,1
5.390686395337262,88.90231532415996,9,63.62099735801739,1
1.9876257880975317,73.03668001208369,4,43.754527850189135,0
5.931635400763237,99.44202706518315,3,65.59359747552027,1
5.089396011039648,74.16160379377176,2,49.37837333774928,0
8.599213744656543,99.34479726941487,4,75.47372783363038,1
1.8827432270582012,87.72846806028683,3,45.86776846219376,0
5.394170233196004,62.430244230665316,0,38.15985257201547,0
2.3504379822458583,76.91974896434789,2,43.79250194147709,0
3.9220833420105397,99.60678197392915,9,69.74743815439452,1
7.636213696490197,92.87653038759618,9,76.75507065865558,1
5.284163164318898,54.868344689561056,7,57.511126302856006,1
4.382994566311924,85.3185998404998,6,72.77917716054131,1
4.550286507130318,67.27897929354066,1,50.88221774603117,1
5.13502091565388,50.349113094017405,0,36.639702610536325,0
8.065148894533511,70.17404845134998,2,68.96148741926608,1
9.02876220046211,61.73772108624856,4,64.58556168050073,1
9.598012178535354,90.94346352602358,9,86.41652906995323,1
8.082130476297657,66.86653044228828,0,60.13408316433618,1
3.8386620617321148,91.37618469769086,2,53.36442706086321,1
7.193212354778879,50.029896941739764,2,59.031682451023414,1
4.938428116498527,65.39095750130596,4,56.43534645565126,1
3.2920355984144605,62.0582607153881,2,41.55140676936473,0
8.567844214833304,61.678368053430546,8,69.27277585471518,1
1.345837140660925,53.40933098827313,0,22.447326824050144,0
9.115857929218812,59.35621352052509,3,74.2295631604077,1
5.153297181622607,77.777478494281,9,69.31618408943446,1
6.7348132912745236,64.56805364188722,9,71.95501270922541,1
6.934185299852045,70.8697391164574,3,63.57797756874901,1
9.056059666358827,68.84334401735943,0,67.49590093588806,1
6.730027139504866,93.79524624999473,1,53.96422315763853,1
6.525402262840556,95.26494995052578,0,66.98095201253747,1
1.5998683650462096,74.647848582793,5,39.841031862635006,0
5.6656721975068365,66.50779751578023,2,55.81863252969606,1
2.3515210073533748,55.34003520011818,6,28.831388070781248,0
7.6369039184933705,97.67014396910474,4,83.79052230390138,1
5.60999728731407,53.011347245014875,8,54.17133239121042,1
7.12205001287518,64.88251387841402,6,79.78170938805275,1
1.3750561054214585,64.90331005850021,3,42.9424754808021,0
1.7631281444122289,66.02006430701074,4,29.997079917052044,0
7.4469104925641405,58.214342163620465,4,66.7840385432028,1
1.6487590239880603,89.15807154618486,4,37.905157294294966,0
1.6413105498873275,56.12489309829946,9,39.84699049955387,0
1.108976277113987,81.74533295765814,8,42.984318267981536,0
9.60851258469532,56.19230133529087,9,85.13990669096081,1
7.637575235131062,53.52678187964783,2,59.869094691696674,1
4.179262676518578,95.47147518429382,5,53.52980182951378,1
3.668820231588897,59.506438315935284,7,52.395789669740616,1
4.147329067712646,91.0625077279852,8,63.03485202449158,1
7.971881780630636,77.2315435553568,6,65.92610756145402,1
6.95233549963373,53.89282598043848,2,52.75936397345514,1
2.6667601108072114,97.77240957190338,0,50.967657693073804,1
2.5669840180067593,62.34805834959462,3,35.53793123889751,0
1.8855608474205758,92.98226726763033,5,38.144800362262444,0
6.942724477312043,58.44050028922821,2,60.31810613707122,1
7.8793539599956235,92.69714410709264,0,62.56836210855661,1
3.385417854925036,50.6614406452647,5,43.197666120266824,0
1.1885046492782152,75.58902282847403,0,27.759297617892393,0
1.739545007287846,88.47212897107784,8,60.04771488844697,1
9.710740313605275,96.73977587463916,0,76.71921770809719,1
3.659002997296782,95.46010681032436,5,51.21010065288234,1
7.923008330543203,90.98124347738224,0,64.56517667562156,1
6.621972119688374,94.4095674830652,6,67.28885009811326,1
4.437456756876063,59.960984291853826,2,43.129255513614424,0
2.851185359759996,64.20921478558644,5,52.36764489866147,1
2.092477763434658,64.44842624605292,6,48.039256888102955,0
6.5351167123498,68.85269655008494,0,63.53734504274491,1
7.971704025740092,69.66603351925943,0,63.154580663961916,1
6.795138281870176,77.22776623273377,4,65.8595223173865,1
5.772719199242425,57.99398816832207,5,51.270327155103395,1
1.3775610108847265,84.56233318929947,8,49.60484395614987,0
9.716398998349455,58.37832696522533,0,65.44368667641812,1
8.18842772489117,65.51542410522738,3,70.48990267923485,1
3.6353983303086825,75.1672565303077,9,53.11589371667121,1
9.819732964229656,89.82202807617386,7,90.30868551555085,1
6.416934306726899,86.97346166193637,9,68.30922441214325,1
6.241803923865218,82.27671782052612,8,73.58009792825986,1
7.732658614865789,57.78866302900851,2,63.378651390577524,1
8.305928092811238,77.35226728077889,1,58.62777019034569,1
6.9083074659835235,54.37232508999427,3,50.154473588485864,1
2.1528617172958002,68.86815883983255,1,26.944856135189923,0
4.044407553950485,70.67582651449796,0,40.536660930885205,0
9.352752762934447,51.99057197228769,2,59.37351234220632,1
3.0215405065946674,63.69940497349859,6,53.109975135786556,1
4.34950321453762,97.78247336332447,0,53.26302298922562,1
4.888691946497763,97.68163039148448,1,58.74314674860585,1
4.95464490725007,67.61635271262696,0,37.112890921971754,0
6.5164562424507295,52.1550054474162,7,68.69467327411962,1
9.487682539702368,58.954746966409076,4,76.37288398892737,1
3.1662344064925447,69.610889671677,7,47.302710734569494,0
2.0935123867082623,97.38898489846149,2,35.97541777955577,0
2.777234408739436,57.059953176859246,6,42.62352188141041,0
8.982324101883425,88.1757921834106,7,83.03220110263395,1
6.812297313896854,55.4341269687346,5,58.567090482319855,1
3.573161103152441,99.06287886956383,6,56.05750919624018,1
8.343522450717554,69.08082495545675,1,68.04903927694522,1
8.752329967270924,88.7617269449528,7,71.38729282219381,1
8.618629048212503,67.12955414055659,4,78.38165043488993,1
9.27033880275599,81.38344385794043,6,87.75730961474268,1
3.270169181560254,59.60080423700184,0,35.284513120379216,0
7.795377358716505,57.30105096484813,4,63.44677423077448,1
5.14485547546726,96.90320697840656,0,60.21049274862618,1
8.577986976010553,95.88236389522167,7,85.44334826815077,1
7.5564160944545185,94.37344701064413,3,70.70196715284845,1
7.9880270184975215,81.27167250832967,3,76.015227184267,1
6.905456539129643,90.41341056081392,1,74.11828448914203,1
2.596858925227362,53.451846845568745,4,32.16481456275424,0
5.905242270072445,66.73945209453396,0,51.67204354610634,1
9.862027655720574,65.68515623785781,8,79.58372576057248,1
9.43649259847407,81.78226609763067,4,82.22534123296384,1
1.388563622173105,67.79788867353203,5,33.39127732104764,0
2.483333341564934,57.42533908218404,1,37.70200971703869,0
2.1855589610910573,79.82335377067719,9,52.37420392685221,1
7.53381918986766,90.71919603345407,9,83.11724810539846,1
8.360067968712507,69.10617472299866,0,70.68776774774004,1
2.9216022967960473,56.61343575492408,3,33.927027614895636,0
5.552674236566461,59.83440986564115,6,61.1379051130526,1
8.5663272521008,61.8741652584692,5,68.22661862862626,1
7.595213902896255,64.99487964972681,9,81.456021128615,1
5.880134849426635,82.13975352531546,0,62.97637754887943,1
6.313129214128956,80.04727422688595,0,54.26529234933574,1
5.57524492224652,84.80399307835197,7,56.346970535931945,1
3.677936061869385,68.12509922657566,3,41.38652476656167,0
6.085197935731145,91.19988259399892,4,77.94913607696417,1
7.199967718450816,60.204383057788014,6,63.10058254364199,1
8.859906242747268,73.4520373759077,7,89.19024817849896,1
6.726622185813232,90.0469360770715,9,75.61576180154138,1
7.850093833388422,59.00793238663096,6,65.79785210346155,1
2.4406447145911567,55.49315568703915,1,34.74710816407154,0
5.154017269778109,94.18419838439948,3,63.32205083955595,1
1.0839845784438396,67.14648313795979,9,47.82473874021666,0
3.220109780694607,84.1935062454516,0,41.383153569926286,0
7.5381554360170435,51.267430213196924,9,76.2428067341171,1
9.926289562144271,84.50234442047248,8,95.78965160838294,1
1.8926028962849433,65.80506557734853,2,38.94967446962074,0
4.613448842751595,52.787042679372085,2,39.7855617410739,0
8.200638718292435,80.49063807740585,9,88.31853102857849,1
2.8363207116600897,62.04019080365866,8,46.18698008706228,0
5.995764543720576,69.340362102594,9,67.99542519943354,1
7.597641664267073,54.02904061432568,2,57.30878531751657,1
6.543869052341611,57.35816255474727,7,58.936274473393375,1
2.692222611538745,64.89886177479218,1,26.25318353833275,0
4.198461118171655,54.48797502800786,2,47.457318311784235,0
8.054126060368574,95.54131323431577,1,67.42177656032189,1
5.98803862718815,50.30235215919892,0,43.68220016082496,0
1.0470665218862147,74.19301094321557,1,25.8396519919025,0
7.848916840252844,56.162372906627574,7,68.810023389741,1
1.3178021944621516,65.38395447389743,8,39.67468261251816,0
7.711604044581089,96.30297799091328,1,75.84433296739154,1
2.8223250414871366,58.08472766369934,6,40.584522763561665,0
9.622661321074421,98.29161598591662,4,94.17356213995214,1
4.31146676171876,60.289718849471086,2,49.34060645942064,0
3.942384547042712,87.07830542334148,8,59.463179404743606,1
2.339992452992002,77.33386324486558,5,46.49917941240058,0
3.750437939411934,94.22393637983797,0,49.616102258996726,0
8.889856856453804,77.69966277515655,4,79.96721913360794,1
9.967009038645227,76.72796095781544,6,89.55576851917792,1
4.314785774561635,59.772900018419996,3,46.438962160897866,0
5.037495678590883,58.311468102582936,7,51.90880332551974,1
7.498638443824634,95.82445755577571,9,87.44497110842397,1
8.97576202418567,66.39190994250171,4,71.61385122639125,1
6.337399007681057,68.6041127481448,8,54.32220390277938,1
4.523731283600464,87.99118292141942,8,66.96740367972588,1
4.713596567637614,66.94117412114036,8,55.97978481833647,1
7.260563318471262,97.60312233195015,0,63.29181290767291,1
1.0289643724385082,86.89638844994002,1,33.24384407625801,0
6.576304037138566,79.871462128671,2,53.074723607444426,1
4.199437093972216,94.04475802723763,3,55.905820263599296,1
8.147775981493758,52.48029541747414,9,72.89943131133968,1
1.8369157584081894,62.85313460946044,8,39.654419245444615,0
6.2938204025355144,73.25181671104549,9,71.67585615108221,1
5.328756008975113,61.34892697357605,5,46.59747704878438,0
6.780929733147047,87.1952593651076,0,60.44136036721953,1
1.5836823503467152,95.96040155268625,8,55.05952678505624,1
6.219854086853181,71.18850599654617,5,63.98206553131761,1
6.053361291635714,67.10663000559475,3,60.3432164976002,1
6.045940849745539,98.07753660687831,3,71.47972714355177,1
6.431388999368093,72.24262164137704,2,57.422992854074835,1
7.08821143503726,74.45242002246417,6,75.2540306044703,1
8.244900997126928,67.58249361709527,2,65.07382724250812,1
3.428386481153929,95.47742365060691,1,44.28785513320533,0
8.425444691620559,78.44777416409254,9,81.69780261534515,1
5.484301140371082,88.10872935908223,7,69.18901245893836,1
1.6935245122089806,90.59033591754431,3,47.07061257716978,0
1.5269583631958128,67.09245209586291,7,41.769841718806894,0
4.008144868264547,71.684716566019,0,38.17785495311249,0
8.064072794003208,92.42358872031323,4,83.2687408202119,1
7.369128412668242,68.16276758379051,8,66.12038978174508,1
8.09753468205166,89.69675667259256,0,64.06067348965445,1
5.655421507974484,97.04961612872185,3,67.85591426962392,1
4.961790981599415,81.16051865340035,5,67.98939673670499,1
2.3270727403565554,87.08136437259444,9,58.163179334663084,1
3.953734782483804,90.25486560205675,7,62.09457138385519,1
4.9061742955648775,92.25198244483212,2,54.752140360320645,1
1.797403867116555,69.7526668928398,4,40.653175193681015,0
2.985507574400901,52.56317295879991,6,43.343328114698544,0
6.384027646573649,70.09381356183698,0,49.175625531346626,0
7.620968028152708,83.68781148920449,6,73.66621474567245,1
9.985127602536547,72.51751928903964,7,81.34366381599165,1
9.39801998209202,87.44815754301993,7,87.29262524527022,1
6.783086795816724,67.8491214734332,8,71.07936778632659,1
4.791232479646649,81.73720705520148,5,66.6492405080325,1
6.725596282374094,59.32099024269873,5,58.43729285622698,1
8.070864562722088,87.46847183224784,1,67.69098058926735,1
2.065025718310486,77.28479844065129,2,43.80647473131384,0
4.689144007266594,60.203219427330026,3,56.53213261682143,1
8.558220570720554,64.59555867489036,3,70.5433253430632,1
4.4544965673973955,87.43043542909162,7,61.23379760847345,1
6.146850441044679,74.13006178307603,0,50.60818240379143,1
6.289924247759784,60.80157201965361,9,58.47475877039358,1
2.6602862782027543,98.36355951851488,3,44.17165775108972,0
4.260118974870595,85.75625099084439,3,53.53528228912433,1
4.01060159867739,97.85674162698982,0,48.50510115141228,0
1.235770376788583,71.35525226801715,2,34.7024674343232,0
1.217725875022197,73.75501703458602,4,35.23912055134095,0
8.485273393081961,94.89776080925097,5,77.26540872499903,1
3.457637289755312,76.25246701226924,8,57.870647849183946,1
5.662708896149339,85.36394559528335,8,82.44905438669902,1
3.6885301622989575,62.6086438747765,8,51.638498136945095,1
9.466113206038065,72.33632343513203,0,69.72590066745681,1
3.3336708297919637,56.17249329051776,8,53.754730042178544,1
4.866911314650416,60.299001793848085,7,53.56616515356017,1
8.854572254361416,50.04717076338155,1,67.65080018399846,1
8.577402101126278,51.963252582433014,0,50.58078572477165,1
2.674912760616496,98.86419115884647,0,40.99518606439332,0
8.223789788161394,62.117684756838116,5,68.19814988031564,1
5.123681980641034,83.1655354752001,8,67.32385927203323,1
5.346719848768197,91.95498493998058,6,56.462688225885586,1
2.201319751743494,77.53302296182821,4,49.03020512057141,0
1.7254136238141218,57.65722500419781,1,29.995323545084126,0
7.551453762763886,86.40582186680831,0,69.29317260135755,1
5.468150371197698,80.01257050497915,1,61.40970169480159,1
4.931656323536616,86.56252946736876,0,46.92422156620842,0
7.5655740578715704,88.48733114285436,2,55.902299628600176,1
7.889616090919988,98.77051838423725,5,84.81106634635528,1
2.430173509024182,78.6781640013355,7,48.32240339465463,0
6.492026345298772,67.0820556345301,2,50.91890593749258,1
2.2181867404991698,82.42322784501185,9,56.699400321201956,1
7.762375774261411,53.422035462131305,8,83.15627417060774,1
6.912596406404256,94.8698659160793,9,80.47940933115342,1
9.609531589751121,55.96905056690984,4,77.59395465534016,1
1.6206221472077906,66.39214189429092,6,35.083239336978885,0
1.5134924903612887,90.78726903130604,7,40.369854333950485,0
3.539683672238801,79.8656189165356,2,50.22780638276964,1
3.355351153623154,69.68177601387211,1,42.41165443131874,0
3.2228091916479986,73.67178296875107,1,37.88706667556994,0
9.15629122468933,92.72736966010902,4,90.13076356160633,1
3.245915798645555,67.00021930299461,0,27.50719993584164,0
3.447547535157679,93.48248424060856,1,41.132332568360866,0
7.8345843617616735,54.406721548834575,8,68.78060029969606,1
5.04765858205486,88.83992186043153,6,62.10828443180073,1
7.990395012596631,92.37738165273682,5,84.9919630964473,1
1.588295418079467,59.09088264186694,8,41.914731572011235,0
5.388140743060458,71.51732661861001,6,59.43113175288645,1
1.3025224016495436,58.27498873318278,4,25.645074789248117,0
1.5638788310981906,85.33020644971089,8,54.85162379961187,1
9.157937080099698,76.76738840308283,5,73.13669750408715,1
2.2532083400583565,81.76616733541604,5,39.42283544411573,0
5.791786140476954,59.824348347810556,3,50.90494450199207,1
4.699860423406359,60.587293102620976,0,42.49146017109393,0
4.126089936329584,52.07486627549532,4,40.65219656349498,0
9.098500111185452,66.10337675978649,8,84.85860109865123,1
1.1964105709794055,77.98723306668374,7,41.9633413899984,0
6.9741071755803015,92.89674569986644,7,82.00340428591936,1
9.670549907921954,83.34637237293404,4,83.88221431190536,1
6.041513651156578,71.76981616998756,8,76.69590980859984,1
9.431402158297827,97.65600571970688,2,78.24266787801375,1
1.470320913574214,85.96226002879159,2,41.36013769853652,0
4.769139871667452,96.5082601431275,0,43.864121292207095,0
3.3414201186584602,76.37939866360828,8,70.07921365775425,1
7.577388684826568,62.94521373965698,5,70.7402402133862,1
9.83167381447522,52.6413343182361,1,65.46923325673333,1
3.30877056199823,86.30424257419253,7,55.13949952908465,1
6.88757141326667,56.06514990027671,8,66.02228666823002,1
2.7828786948376614,65.13875641359836,8,58.656203513776184,1
6.087972291144489,76.62354539419488,1,59.919672575686995,1
5.175392380195026,78.22082938898738,1,49.1266192057446,0
9.748047966683833,80.0291598493568,6,78.55491269760479,1
6.476745454268199,58.31276651748503,3,61.858080404126085,1
4.145557348781369,68.98687024108244,0,45.6165924477997,0
2.0268620639914,80.85971135584833,7,51.9240772129645,1
2.361221458614411,98.49094323168924,1,42.93466808566932,0
3.0278523695611157,86.38155688498443,2,43.555641668747114,0
3.258699952062682,96.1301878546979,4,61.558673674121465,1
8.65554452057024,88.11060291570885,2,82.60224967408624,1
6.051005094542724,79.58584844462003,6,69.33140438430773,1
5.710518202369298,59.60116845681723,6,63.282145873091196,1
2.0329198468229572,83.33428259462565,1,38.34537483335603,0
8.741257240144915,81.16897829799535,6,73.20705082778866,1
7.5053287288763535,80.12345852286333,5,66.66496742119254,1
1.6090152571000143,74.48929339941203,9,54.12277382057088,1
7.370515875067918,76.43283019946378,8,82.15095517423467,1
5.8918439560838145,66.7221263559052,8,70.74649272873872,1
1.7355281117210044,75.96563463211515,1,35.19759249867474,0
5.124705773757908,59.877795283923916,6,61.043362235443055,1
5.362266584170423,90.25871986801883,4,61.59826240876161,1
2.4919708614694818,59.28884773493539,5,43.35346031051952,0
9.51128332300254,54.24831449447332,0,62.807499122754116,1
8.649778343325957,71.81230131785787,6,71.50865394623773,1
7.021201035961975,82.91537197530309,5,74.30347663488715,1
5.160660049005465,71.88584124667707,3,59.74467464233616,1
4.705889874260577,63.83770659756543,0,55.05055525265609,1
6.858761204358587,77.90855919452204,8,74.98651878712953,1
5.908886824662149,67.35011677061,3,50.510420062602584,1
1.5604579529369706,96.64338450633166,1,37.15310142994027,0
5.612523838932985,96.1322569801786,7,70.2228393610926,1
8.257632555095554,75.11859099860477,1,66.56622910819877,1
5.133158898372622,66.39419970091292,4,55.93843568582915,1
1.4676091979884158,86.85662069783196,5,45.209878661275,0
8.076503794456297,51.83564717415333,7,73.81862441685377,1
2.8122740392237695,73.73845030218257,0,37.170020525236524,0
3.327587513992349,66.81616971351667,0,25.556308970132868,0
2.482357180890663,96.02679425512773,3,48.35549332445887,0
3.971935583843478,50.600151363634126,4,43.473377134843574,0
7.810763551197716,77.64074378591745,8,81.09737521086848,1
5.674472735535436,87.03317905333131,6,64.67490636578896,1
2.843931467356413,74.25089937620206,6,49.61255577202463,0
8.900470703368367,54.27015150813608,7,77.56460990692707,1
8.916236694563763,98.62306950139511,4,81.36789331458391,1
8.835205825414063,75.90052156880489,4,78.32553860886318,1
3.1491659024338534,80.70931221595058,0,40.30924783927866,0
5.061154097628893,61.830489135375366,8,60.63821139033258,1
9.864906905267876,74.1749042553402,5,66.96346180765644,1
7.948112286789914,71.45747459791609,8,71.45836738919677,1
1.2445067910300383,53.74479210009919,2,20.640142506881702,0
1.5868413213444286,55.308017677373364,4,33.608272999432494,0
5.175382391310995,91.87362598093873,1,61.79732591731909,1
9.182981852754041,61.990997610329515,9,81.92013302328841,1
5.848316181574428,59.74791357493153,4,59.40744587687594,1
5.480312572308612,75.24557256250696,7,67.21649791192449,1
1.9492632996096753,88.43735656812564,1,38.976990585837655,0
6.911020942518647,53.097325928949395,7,67.35418599543644,1
8.39892844540203,78.84039598191279,3,72.87647961574318,1
4.423780067568061,55.960522142028665,9,56.19565449648501,1
7.980506658327947,51.82305254128092,9,75.40485080235669,1
9.680289885107305,52.63719760811087,0,71.42576575697844,1
2.833898132149202,91.70820541042207,4,52.045697151251105,1
5.709966680752672,55.89862418140308,0,46.40927625837758,0
3.58424162276118,52.2575682206146,6,41.211225674142874,0
8.135689771304554,71.8949943571456,7,83.3263229099895,1
6.198340292930418,92.19967359710124,2,55.61636088878773,1
6.711241757952734,63.1204188244651,2,47.962019034112686,0
8.181227436543047,71.08563087629582,6,76.08912988719153,1
4.563734253962094,51.99612662818756,3,40.01370830269313,0
9.23581061566339,72.45392570674379,2,77.3607258045773,1
5.797259805215259,78.88065403185668,7,58.23196710880338,1
2.421593405518132,78.54535268760723,2,44.48060519642593,0
7.263092063519222,66.62133460871826,6,72.4067703739011,1
8.13935215394429,65.77665903315678,1,63.01983830020801,1
3.85085509360774,55.331180946829896,0,25.355771539186126,0
8.714613312988778,68.33991603231343,5,65.45852577304157,1
9.155289292891897,54.97473344364823,7,77.46854288617857,1
3.4921403864002802,88.32979723560258,0,42.79568110075494,0
9.851693254436999,98.31371488740929,9,100.3892321629228,1
2.266403752438826,98.50372283333535,8,56.54205415353855,1
2.81814101562241,93.25355496876969,2,45.290868407481284,0
2.658023553142235,80.03960746698095,2,29.170412138511793,0
9.045907390070834,85.043284862194,3,80.85468396787546,1
6.8886329709246565,64.2602901340207,0,50.47552097103495,1
2.3689385490004558,81.53852100863104,8,50.315219428995476,1
4.962910765315141,72.78247747199387,2,45.30040185262811,0
6.5376822256282185,74.10086698884663,9,65.21661590504334,1
1.7511767649044496,87.88882801875789,3,48.48322137097521,0
8.94174731566605,64.09591777986259,0,67.91495038706347,1
8.232431818973817,65.90198058472599,3,70.99273114705754,1
5.5468609621897444,96.23208955643183,0,55.52137858738143,1
9.704139537332534,52.811214742548614,4,63.67444987959828,1
4.759848813475897,74.28171492066701,4,64.59398232276862,1
9.85699287132848,95.64004002039309,6,92.08843451907731,1
7.011279989232643,80.51815039090785,7,73.89579106382055,1
6.712041459285473,77.32035371060661,3,60.96064829812396,1
2.493594057662065,62.48720896146776,6,32.991351712062574,0
8.937349824741796,67.16377445322242,3,76.54367512105932,1
4.847407191285536,92.60242079023465,2,50.729244658986794,1
2.460100652042314,77.96090658842292,5,48.421621051049726,0
1.1134676797818313,75.737109687839,3,38.14264111087868,0
6.037801152745443,54.97898567700145,2,52.353489576193425,1
5.746596599104087,50.801407822756154,8,62.3232730440067,1
7.474182601322427,98.18425943435246,4,81.55678959640936,1
9.01232247716022,68.84930836434208,6,73.75432783593887,1
1.7146592617872658,80.16065310497521,5,43.44400519064642,0
7.583468413063261,53.98575365936425,9,70.98754113972639,1
2.68670749687824,84.15571428615232,4,37.48242653112638,0
8.723593478414475,96.62833543529806,6,86.03813467199683,1
8.371571624754905,78.78326264987098,5,81.74908990135924,1
5.867143794869899,56.30576611877053,9,71.10911960336662,1
7.392185187609804,79.08607637367383,1,71.9741348966298,1
3.8291510186537354,88.31736065523262,2,40.772367666892244,0
5.240511090395332,70.32082682870093,1,57.44194198999314,1
8.394732079394245,93.99188739707338,2,75.09542543789513,1
5.133386774558925,82.43414766786822,0,58.399990710004886,1
4.220184387928976,94.96244591446012,7,61.61574366800578,1
5.447912025252699,81.17526556236686,5,58.938137400999125,1
8.454243271934965,56.56439860024121,1,55.16417305861272,1
4.016872426337855,65.48458555525946,7,57.60962563029791,1
2.5638543382216943,60.08974741262284,5,43.41857626755407,0
7.408126182977027,95.44132488584312,6,72.08798056948645,1
8.433803914372735,88.02000336437413,0,57.75433674611091,1
1.9057373067118,83.81991844550029,6,48.75088823882605,0
3.1588670148035023,65.04831598158108,2,41.9546817032155,0
2.277747907848945,59.202238602510675,7,38.21465356136909,0
4.131472704239499,87.8225543994456,5,51.06498777417636,1
5.053158810148714,73.70789729395398,3,56.657504134661,1
7.739437032669758,61.28947760753145,7,80.36599693723265,1
6.860328263935067,80.83109890826375,8,72.07601999761414,1
6.588357107305881,52.0166926069226,9,62.148598654991495,1
4.171374519486889,66.30851270641267,1,44.24371872811115,0
8.57302797776284,73.42784972955673,5,78.06976013192157,1
5.241584506583481,57.397916705470294,4,49.60584706509644,0
9.81194444213639,99.23272387954198,4,96.9549947920043,1
6.707279244661631,60.45486822948071,9,74.18128230286078,1
2.1363826740805245,56.51765650216328,2,29.73085679089327,0
7.085598058678906,60.17674369434482,7,59.518598540306954,1
3.925936138885291,88.45305665798621,7,66.76270663089667,1
7.1769447701748765,71.27528296359213,4,71.22696492102737,1
1.6267703334616517,78.27079698762691,7,44.1013264137875,0
2.5739329345836346,51.050457849318036,9,47.93767931577631,0
8.701635330152076,51.72156542866573,7,72.27229679194755,1
3.044616013211634,72.29127749135081,2,43.51345771900825,0
8.53337012718646,90.83276216008117,1,66.79193162829824,1
3.5134847960896938,94.26194393537827,8,56.008411560677715,1
6.785937190528369,54.33532837978201,1,56.28460313037907,1
7.247355161588479,76.91815510505114,8,80.00029655700573,1
5.613892778305477,95.66148431396353,3,60.31394905760841,1
3.7477960902705814,69.39863771989431,1,37.81296638751608,0
2.913799387339865,91.47829157141842,9,65.75031666884834,1
1.298704191061836,56.68478271997181,0,19.922643174724826,0
3.7355176111665145,96.76972448338994,3,53.98556168077838,1
6.878465114781547,87.57116587656513,8,76.30660044501401,1
9.444743366036343,97.06671963934508,8,85.00920299522564,1
8.840840340367468,83.83086167762532,3,76.31403154051827,1
7.8945829888177235,68.17019659997135,8,76.39600869110082,1
8.096026089279688,96.90905862623612,5,81.35380442477731,1
6.984864131283957,63.77833881545892,0,54.848976649323895,1
3.342581718094027,66.60862610308664,9,65.373933468463,1
9.16475527635247,85.04042090008701,5,87.1442938084046,1
7.036590807152506,88.26581497626931,8,77.85674353091733,1
6.04396567882396,96.47017419245769,1,61.81207607110479,1
1.9989052229213295,60.24012045281047,5,46.88465828920374,0
5.023499894257829,89.8999017609612,1,58.40290892960374,1
5.143224440817336,86.92730266984817,3,51.6492987025689,1
8.78107248570403,53.18972781267989,7,78.60702188635959,1
5.919833981690096,69.36115706051035,6,68.6215224369033,1
4.423604940733687,64.13827285300493,8,65.44809193844883,1
9.791202956595933,65.22452121770152,6,78.51591274025269,1
1.9964853399368412,99.14734397773503,0,37.354377415659876,0
4.802935854807501,82.1388706739964,1,45.94726536899977,0
1.3782220765426476,85.88380788967498,5,44.1968900712964,0
7.659137086902373,98.83088186575046,6,83.6092879065155,1
9.262688969792356,68.86008912288193,2,68.40482565243883,1
3.5203359659544047,90.0920084226403,8,59.92020586821831,1
8.725075091192089,71.72654816522477,6,66.87475092743256,1
3.62996407415708,93.47668359074899,5,63.740070700023345,1
9.196931454795237,59.03287706556516,5,65.86963853614525,1
7.785657132371055,97.38430885321398,0,70.0174770787835,1
8.244160991572947,60.93858542054399,4,68.69365475088966,1
1.1620590004040905,66.31102534904657,9,43.932642449392404,0
9.665293213666233,87.80961170533902,2,79.01333397163131,1
7.540038928632909,69.68775707827034,6,65.54761588803147,1
3.7427598584751998,80.41056883832233,9,59.19664392290023,1
8.464551983729622,72.22867505347142,2,72.83611569595038,1
3.5336907857343696,87.1184968544891,4,58.12978048720176,1
8.85478455609515,61.41656261843055,6,72.59438687313022,1
2.013223513707433,52.92289936184385,2,22.14088972470575,0
7.333173797147162,64.99646987365331,9,70.27144069134657,1
5.866286289804193,73.71543324342151,1,62.709546896311835,1
1.8688102317589674,58.40100260963393,5,33.26862949174888,0
3.177044454329551,67.73986448281943,7,49.72116326519468,0
1.111636326495833,69.99915091467842,3,39.63748871698182,0
5.218911689180553,52.869592184413676,8,55.32095607454132,1
3.711387346840003,79.16536240921023,7,55.478868508724695,1
6.38521735867983,94.21717139856437,6,76.16372966675002,1
3.675140269377555,57.58714564765262,6,56.21087937883109,1
3.699272003562862,79.8904006700757,2,43.23572089536213,0
7.6887387885844305,83.23696024554232,5,80.37525823719076,1
1.4332855238051811,70.96673402096442,4,35.04880427599363,0
9.126054956727884,85.0548793682135,0,66.71709506677878,1
8.670374869520632,70.5365771745506,2,69.76062965150612,1
7.0102421490376585,75.23186439887175,0,51.832929776006836,1
6.338994130966459,50.36765222772135,3,55.16532348046311,1
9.03072248325687,84.58600570673444,9,104.27765418397739,1
2.66797161575843,83.06713394723621,2,47.78800233923148,0
1.7107224597174575,51.92004386631723,3,29.605127269531845,0
3.155591529185843,68.41250536975666,8,57.56271879522838,1
8.151204508301714,98.95159203958337,2,69.78389151029727,1
1.31203240053835,71.03682812843084,5,34.05283726121015,0
6.245261515751407,75.09727025659208,5,63.369664779678345,1
9.95893764572179,95.49650790798593,6,90.88254660025392,1
8.701264844537855,85.86309379328782,8,78.79873826462678,1
5.693011201392305,79.10350655621119,6,62.66372051327272,1
1.572768183579781,89.89023406705363,0,34.10796755308473,0
8.482361629471388,93.21831332279866,7,92.0871638833897,1
6.390806573594895,72.84440358686334,4,55.340626362359316,1
2.0343969735361016,73.75541824659177,8,41.36836763873017,0
1.844715563410206,69.30254678259179,9,48.892886564851395,0
9.186641374929332,98.33530700092302,4,89.18818198856053,1
7.022802366442706,84.85831271451752,4,71.32947071677135,1
8.4635811938508,54.16115331040361,1,62.07963642948995,1
8.910810102540406,93.14798116565092,2,75.05540471238965,1
6.1459511684349,74.0279970418134,9,74.31867960119268,1
5.657017165795372,53.43769532112437,8,64.45084052439772,1
4.873846692888912,77.48586275816555,6,58.328437960970845,1
3.8525192901200738,70.8582139487851,0,35.77693808430375,0
4.911363647728406,93.88747024313125,2,52.01244883481736,1
7.964916901571407,60.199730180469366,1,64.27817495223617,1
6.417310879136184,91.32323047460915,0,51.76215693257589,1
9.032709609593615,77.88443455927263,8,92.91417429223543,1
4.99042012941269,52.730515160673455,7,52.49062672779247,1
6.463806208468786,98.59226506627422,4,71.44437021374738,1
6.681767977827898,75.63076220516,1,61.60661884057295,1
6.32527446075693,64.54384271157912,0,47.571096542112954,0
7.323703957769647,73.4703420994629,6,68.36013320541086,1
3.1369012153732565,92.89288917587444,1,46.21222283935649,0
5.611273997912116,65.24515621925318,0,43.361312759258496,0
1.938023225275129,59.63381982433501,1,24.24205325701327,0
4.460601948803313,56.453562346544075,6,46.35016722458106,0
5.38900361759138,64.89296991951056,6,64.45864049426112,1
6.870018335909252,89.00240435200217,9,81.04043721872357,1
9.55477947327583,73.58131825976308,5,75.88245754992634,1
6.405859598935203,61.374080184677,4,62.8053193312496,1
7.692345245589038,58.30924998048746,2,56.26572498792702,1
5.556394535456825,66.63647382551895,2,42.02085381665277,0
6.706936282386982,96.99621864428545,8,82.11759196102231,1
1.638389945203961,67.15133562950122,3,42.568505173919704,0
3.289524227576623,99.40620379773176,8,65.05968063479773,1
4.256677838846248,74.26152278826781,3,40.12516127353616,0
5.252440195058622,58.95819591450754,1,45.8318827485416,0
1.4108387095214536,94.55700458967547,3,40.048404925745096,0
2.2602168779798593,73.01776865674134,5,45.09747580014116,0
3.491328770121752,85.48356717522623,5,48.86536761883265,0
9.743794218109455,99.18557916045759,4,84.80725858821685,1
3.9821230639274567,52.5087675159987,0,28.562830659323335,0
5.338369523008743,54.83472798937836,2,48.25111992406415,0
2.764879414645536,86.02283707313781,4,40.71676859880633,0
6.497020639681915,64.0912501647736,5,63.89960067645633,1
3.5261489396437686,59.21506984750495,0,31.642529707455086,0
2.8629332059458408,51.968093990986475,8,30.198021520542415,0
5.649153656013811,51.09233559931009,2,51.54225967535775,1
1.0495521924437874,88.72428015598955,9,52.3352451050778,1
1.0689762938430278,56.7216713684775,2,33.126093118611884,0
2.9716192819167198,73.38603079855754,1,28.423313113301333,0
1.3304922625073903,80.29484075897415,7,41.46816584104728,0
1.9722317871762223,71.4175900284423,2,35.944400747223135,0
4.049745844048765,51.35533261681166,5,48.513858470468904,0
8.223271116218315,89.17507512939545,1,62.55445843121305,1
6.148437790323707,50.52566122708267,6,60.05718710837942,1
5.614009533607748,88.0944947188742,3,57.639511540654055,1
3.6413994088730948,94.66522468940613,8,53.331171133753614,1
9.385783474895348,71.64199605285862,9,82.66811125507606,1
4.573135371134725,76.77712365488992,8,64.47069963520988,1
1.7838349011619434,73.84916963088268,6,34.00743503324302,0
6.5535986450602115,69.46043093117194,7,70.79138170269643,1
2.0245455412894127,94.37122676851801,2,43.85098574901128,0
4.107008285215229,94.69667553349953,4,55.67474870040064,1
5.56670744846028,66.79081823207673,1,41.694795162003174,0
8.868002722166583,80.7534877007349,9,78.79131580388264,1
5.441919223061068,96.34537810729321,6,66.12080132183152,1
7.3203288942849785,98.10292494706758,7,74.40782184612024,1
9.935351550991633,75.44795202110238,8,86.6423503338357,1
2.1834020790818345,72.64124026421634,6,49.240293261415566,0
3.4725837296756756,63.93471579642629,9,53.178227300226624,1
4.551184680378817,97.9435936595205,9,68.6367768110944,1
4.796453606849482,57.14071522364337,7,53.62621872301636,1
4.699189677389912,78.99147880238625,8,68.26040168249064,1
9.168499023008994,64.12751337593194,5,81.5475985652529,1
7.426293800201708,63.95041451738983,9,76.42626191709304,1
6.471146926816334,70.24842936880943,1,56.11322103171646,1
3.784354460765039,99.93964679078272,1,52.05147941533981,1
8.414113457991652,52.7483153419911,3,71.03482140382101,1
9.5955446033649,78.92709091017657,8,90.03711409031357,1
8.390784542952039,54.12860790176386,6,77.80469963407208,1
1.0140859467232561,57.72604149952595,1,22.29281792353868,0
6.727612331650663,71.97814708864493,7,62.55366068633956,1
1.4602184329789065,75.52300656732206,6,38.61269671526256,0
3.318464983003497,62.9396204182262,8,48.660226386725185,0
1.5357223031299452,65.8228565437208,7,49.44810811744743,0
6.43415907654449,54.348351012796655,2,56.15736940924152,1
7.179309221433461,65.16098919221253,0,52.25756024324299,1
2.030388742593146,98.3279219690272,1,45.69237618833737,0
4.454549947404815,97.23536908362408,1,52.795454906651386,1
5.106128580599878,66.74391450684925,3,59.726575715439,1
4.321477195848249,78.54269681393808,5,53.501688799977444,1
2.0892250043667375,95.47976955554722,3,37.395609603104916,0
4.770530111687279,50.30919113204483,8,54.01165256554643,1
7.760602430275763,90.53417851687959,3,70.29749404605622,1
1.639068980799299,97.41847763944594,5,40.70475495608868,0
1.7216201267371312,54.56628671667785,5,37.90754543508055,0
4.192941626523858,58.07238430164605,9,63.51001757469834,1
9.475531404570326,98.03731513856778,9,89.17642994580763,1
7.017153820506227,76.87700718201731,0,63.01242322174719,1
7.108029610053083,50.709831723586184,7,61.71994343073058,1
4.257279917540785,62.88159993817646,2,44.0272867860405,0
6.342947120876846,72.49718371344298,5,62.81502959642482,1
1.0911806562496904,84.64544555123838,2,34.72598262127534,0
6.72486441768588,86.65801890683997,1,63.98714112045668,1
9.21958252818613,99.7710756462728,4,78.90832213257382,1
6.513161215103373,64.37555996918795,0,58.34497461180438,1
8.863287341197106,76.91100509342377,8,85.90745201759648,1
7.515757499194844,76.66617739298025,6,76.75655459556694,1
2.085025747633212,70.28226297236188,2,31.609477865249048,0
9.122079765572575,58.45809469212101,3,63.57395793031294,1
1.597994599201974,98.87282815919212,5,53.56538860313952,1
5.805707252929874,92.66585933332931,2,55.03954783532917,1
2.279234114141119,74.91665141471186,6,46.61769220124636,0
1.1053594965781366,80.16227113420149,5,44.67045798159083,0
4.798308341148751,61.36305267798311,8,57.76644766361439,1
3.6553663688874063,77.18935351958734,4,55.28402321546139,1
5.374004444178427,84.7485066560738,3,56.9367826987451,1
6.194798980610957,75.75835141932944,2,51.31441033494846,1
1.393651650780526,99.51425852924706,9,56.69339851822083,1
2.1070296561137107,80.5670828123863,0,35.69675329285671,0
6.027781568053828,68.54868562960846,2,68.14339474818873,1
4.088506178553924,88.6076013807919,2,46.29926697644209,0
7.562561387945032,58.523125579082105,6,66.11050908680305,1
6.8706248373274565,69.22579068531333,6,63.46653329131267,1
8.610439266909161,67.3479475188793,0,62.544157682350615,1
7.2324354400230275,71.59035475538886,2,60.72527146469996,1
4.869379696511333,89.08899129643632,7,60.71209676118501,1
7.056699601549892,74.20865160817037,8,75.88728153868502,1
3.4784305682987666,89.70072251329813,6,55.23165023503595,1
3.756821489003914,78.82444515699329,6,61.15885583153715,1
8.10086643928714,67.10347173287776,7,71.39258809985577,1
5.01777564761424,90.49893718417363,5,71.54542474991439,1
8.185423064665173,61.91448352765458,2,64.88083041349797,1
8.401801363014506,61.219148989989776,0,66.73141870999495,1
8.718061038951554,75.2251462027418,6,78.73511638369465,1
9.249717122570866,63.04246229810445,0,61.2580523030058,1
4.878866984619666,50.454351747560814,0,38.21303584657091,0
3.8698013648902494,82.41487636494008,8,53.139628679744845,1
6.2397887193470245,75.55469107361989,9,71.30768283785356,1
4.340551810938648,72.27589072465805,6,56.24599065274981,1
6.4096675012020965,98.34842573091576,3,67.78147920371245,1
7.350272763794422,78.55995919814569,5,76.97013770410014,1
7.195645166429232,93.17157888946923,0,63.18403034367239,1
4.370975983181092,56.97251181025801,6,41.47666549477178,0
2.501741815288775,78.46032315647139,5,63.76713107818419,1
4.874764046159868,93.39898133654515,3,54.94047192434627,1
2.283347296737179,79.1552878639949,6,52.007048386840594,1
9.010873316654274,85.90070890635008,2,67.30334589995229,1
4.112897146640717,68.60217839061036,0,42.37120011772846,0
2.390137725009914,54.62247585185333,3,30.36470234024874,0
1.229029839151758,72.89501475635358,2,17.90047883144223,0
6.8124014765783585,69.72396954194288,0,53.56514827026192,1
6.732120857092689,93.35300911894737,1,63.41618022999517,1
4.065437499231625,62.19976511762361,4,45.892687413164374,0
1.6454069996288592,98.3367113767554,7,52.943615152589494,1
4.686660054057088,97.9069059902248,0,51.45783163372362,1
3.800957455570542,62.381582153571934,3,44.06501100460703,0
7.094085757615084,67.40259777386602,3,62.54176812850671,1
6.452013245074213,94.77778704369425,4,68.51751189462718,1
4.28134355377786,98.33111104480537,6,62.052171921320515,1
2.961032988294911,72.1719551418022,7,45.98848393253718,0
9.892323695400327,66.0498522820449,5,82.24880218163567,1
5.086014590765034,76.3047006625771,0,46.906496416098996,0
7.194468122022133,84.38846031828675,6,71.46975007785719,1
2.264976708205247,63.673725768748994,2,36.988472824172234,0
5.37030729693458,86.82365873095364,5,63.95842423896681,1
1.2478304788251893,52.582867855732054,7,32.52291114473767,0
5.549096061194049,52.46472463822082,6,61.73819091212785,1
9.67615666405932,69.31438525727727,9,81.22897897291789,1
4.457860416872202,67.67365960303603,5,47.4340272457181,0
1.3509641131742043,65.78166076835761,8,45.83108863559559,0
1.2786021182740916,74.5509881334455,8,53.513985018476326,1
4.4918808395218255,66.03667911557856,0,39.383396971135504,0
2.4402244281687464,59.612895923404594,0,32.14909778153084,0
1.2101688669536732,65.47347745443005,0,19.7310697797556,0
7.805922525551591,98.74521364051175,7,78.00825013946495,1
5.126707079937016,70.55567084974243,9,70.46122761321121,1
3.603202947753891,72.23563884291679,6,53.515521545430175,1
9.100748647148327,78.827249497557,2,78.96806686071263,1
2.0452506418047305,99.16703842071132,1,47.40790850741881,0
9.603269460597874,62.08006382178815,3,62.192617983938945,1
3.8257004563961754,84.06410552662169,2,42.36796223968945,0
8.995633050778132,85.7992346770862,6,84.09031466490556,1
6.426485888315154,80.3662208396533,9,65.75684578876896,1
8.440366237673388,54.4289169818322,7,67.25898106989621,1
9.856118468894179,83.84361379137883,5,91.5685135039366,1
3.5956489403687115,53.204735551808774,2,35.23183598433177,0
9.650219368668337,79.80713247749485,5,85.74472947969531,1
4.505337054121783,86.97905886108714,1,50.47956157817337,1
4.4696071426323005,60.54849453099752,6,49.11290280098767,0
4.063483938290551,92.08110037713871,9,57.620703441091706,1
5.872668466128267,51.517690276650214,6,57.98515994645828,1
2.387305388606384,92.1906431829153,3,52.86674759325083,1
5.983403368222101,73.01645253213826,7,62.56431520192321,1
5.875343311690036,60.87939699658222,3,53.98352742856915,1
7.85711631344383,56.6889072496984,6,60.69330972536872,1
8.50284965743827,97.66535837911863,3,74.4529798446767,1
4.963972152811817,53.63327937905784,4,50.61425287508423,1
3.7209992441634436,59.95467099679628,6,52.309976621855164,1
3.33401407585385,67.3911173716523,9,57.66714934055588,1
2.7516145303438475,81.01174244805603,2,31.903838832399856,0
1.5188282397912238,77.24005426380492,9,46.48148328242388,0
4.08203180951242,56.2821746206157,4,40.458405882273695,0
3.4322292291770493,64.48639918691073,2,38.961924522873254,0
9.697756472797666,61.9375885543012,4,74.51410175284197,1
6.019379436250396,60.67714272451707,2,57.63179945458329,1
4.125493351274568,70.55721682399935,9,61.27081698704027,1
6.224208408943264,85.20157262958284,6,75.7706736980266,1
2.2527703121112594,60.87264661086179,0,26.028093971678935,0
4.996393742819826,68.33394398514906,8,54.39676912003473,1
6.636108892789575,69.54587134205812,8,77.32051907066763,1
5.400080486132063,98.82282647177051,4,66.81452656169462,1
4.616009205888918,97.73331784395344,8,64.68368254583613,1
9.944635500097284,90.00687913760379,9,96.914355634319,1
8.922832859340343,62.08294604095926,5,77.41534594498665,1
6.610653623434961,53.401865704583486,4,57.66978189358781,1
6.124396250640545,65.84520688603124,2,50.730361178879406,1
6.585944318421257,63.339727471691546,7,63.72532580933537,1
2.8118089704018994,75.2962900073197,3,44.10103934345441,0
4.5562396893788675,88.88639550338965,9,68.44155687468967,1
1.3551357960180939,92.91614694394289,2,44.71182335220041,0
5.27991433738144,92.24320427052542,5,62.69298190605467,1
5.887221255618969,67.98377806115339,7,59.01243670456328,1
3.0497476249288864,84.36171717303415,8,69.44252492440484,1
9.676259624489624,65.641709876211,5,78.9462520827501,1
9.185091498435177,53.04527716175914,4,74.01035443015131,1
7.499289119103153,85.07826328014711,1,67.6291664396893,1
5.800479658888263,50.491377628489396,1,47.08268377579258,0
8.829722436829165,70.45912937292442,8,80.1476323423073,1
2.1758710944111663,66.46896346510378,1,18.800965994797366,0
8.114588148473965,84.66887692594261,1,62.657497616163496,1
2.1233873257016347,88.31227363801895,2,42.75621478700033,0
8.147895962944649,65.2047317985642,2,50.70603316425802,1
3.481908114262213,90.58135072224268,3,50.94203775153527,1
8.8938152291637,64.69583802524669,6,79.18398010771412,1
9.49637884442858,72.31631799932806,8,89.34318270745848,1
2.3391637246460406,86.3509263507067,1,42.59187276576574,0
5.164080445588541,84.64601146123942,3,62.0061654244001,1
9.828886403464166,99.36842361561,8,102.98301601821322,1
5.35066692375832,61.258051210796594,1,52.6113396590765,1
8.771927702630906,83.11589567697911,9,87.7785642107579,1
6.298583699181878,80.48409541378888,0,54.965047846182294,1
4.377969171276417,95.7549227245015,9,69.18951204649599,1
3.5720519997328317,57.818107082243756,7,47.82820136496369,0
2.8290078197747857,87.58990817934665,8,62.00991521390605,1
7.856183722399275,78.41343081343842,6,77.66544889753284,1
4.478864561407251,63.73329348939527,7,53.60892858162121,1
5.60147915980676,73.7217457073587,3,62.74435842930188,1
5.430929320010637,66.68882985348989,3,51.7019012859271,1
6.195511263098181,78.96567013942304,1,51.93839912695144,1
8.79019431062097,94.4500305407333,7,86.23226798207087,1
9.826654092250864,78.4652492206101,1,70.55217780907874,1
4.668257877164352,81.58612091632921,8,68.49815434840679,1
8.447670298956726,75.93739235573547,3,66.79240828247939,1
7.8807501518924585,52.55827532227379,0,54.59438521509029,1
6.1617605631001595,61.64292784380471,3,60.00021862837017,1
9.604424292507398,74.60008647160413,2,70.84113761109151,1
2.804270639755625,65.51176418723524,5,45.730600121546914,0
1.9833778927865926,59.08817988805971,6,34.77626663782861,0
8.6856577025988,75.20664209592192,7,81.21219677775649,1
4.952348349703735,66.14048967239252,1,49.44012289452404,0
8.622719687863544,62.90538215867073,5,71.7744604285116,1
9.037811846758734,73.19927087201904,5,77.31647193279098,1
1.562118342571643,56.66421290410866,9,45.02978469189346,0
8.951182866874547,96.38728665377036,4,80.26955740738148,1
5.0348714983248,93.38510489596194,9,75.63765711581073,1
5.59389240103809,85.38102928702676,9,78.43947602800893,1
6.639332599838892,55.31069137942281,6,57.1609471167032,1
9.33744346057078,88.79386272348465,2,86.1606739921878,1
1.1720448498678762,90.39786640545094,3,37.462145373482485,0
5.291591214860354,88.3882308857169,9,80.94615008861608,1
7.189498381875046,55.698294355962055,8,67.20739478684453,1
7.5043626192840565,82.19539785338824,3,71.7173253281466,1
7.232791883833972,91.71623978746993,2,71.18888441305788,1
2.2099161646730967,78.86767006098339,1,34.773324150543736,0
3.694560295345131,82.32036876140445,4,51.532049046044,1
4.228439728753122,72.91817397131531,3,56.21715361694426,1
8.239934869115544,76.43536599420263,7,76.51937189502848,1
3.508838851730977,51.71884291758626,6,42.97211680265782,0
2.8963446748048285,81.94815109866423,5,43.29883269769283,0
9.617032171342865,54.07236064455796,1,74.14463015060637,1
1.07976956602122,71.75072971701117,2,28.52018393768643,0
9.980387701137804,64.6327548833704,9,93.29166606043987,1
7.091391689716561,77.27139751058566,8,71.63160361640362,1
8.456223695042054,56.67081677616035,8,81.12528658403545,1
3.6515745671157385,84.58217009866591,4,55.66573944879221,1
1.1288374990035397,89.75057684642351,2,35.42720094361296,0
7.64082566705377,58.167722487157825,1,53.9830652249691,1
8.507301373006083,55.215654367594105,7,69.83605029801838,1
7.664285187581672,57.275774139367954,5,62.17515882920989,1
2.285652585707547,93.85637809492508,9,62.911092257633456,1
7.7808513003127215,76.40946308781781,6,74.62824725097597,1
7.920305038968769,73.36304980037514,0,56.03482797241287,1
6.926864641030494,55.335590955117716,0,49.974333436682386,0
7.895043395160275,82.4778003378481,9,81.56345656745438,1
8.613292957099588,93.3999795947545,1,62.3915141958556,1
6.522437028137126,91.40929346617264,9,77.05240860840658,1
1.7974424257271115,81.30273544904006,2,40.99399764349124,0
5.388650287004898,53.763935832583684,0,42.38429277351239,0
1.6988440120444457,55.619851358800645,4,34.45220986159568,0
4.667887279291877,52.46544935549123,2,45.50163685697061,0
4.663958402130649,62.87396082462347,0,40.468969054184925,0
1.5940885972621741,56.78307335801889,7,42.6591382995185,0
4.139384805725314,63.002402012621694,5,56.88506612157158,1
1.9989828891218335,69.25290278594808,8,39.151492094156566,0
8.274116890083,97.14913920355679,2,72.79107744944933,1
9.529192233680236,80.5188029890846,8,99.44968948239513,1
1.6508482773214475,91.74868928414811,8,52.631675087891665,1
9.596036865625313,85.5175750356166,0,73.46119708635652,1
5.703189394030707,55.62515652633159,2,47.91328177694268,0
3.696091101584865,86.79602031869744,5,60.89143732489765,1
1.6917586774854716,63.754944077956225,7,36.890310629668384,0
5.50561841263376,81.95539234973532,3,62.74558240151509,1
8.150639900416738,67.04809868214943,4,67.48387395283724,1
7.363778295400284,99.88361316323295,8,79.03476081243038,1
1.4520341031757638,63.17757397483889,5,35.05792945498472,0
1.6561165183111317,63.95652353871348,6,39.23563722365934,0
4.625859543693734,96.53361277811992,6,61.60066342479046,1
3.6576144464314897,51.232220231816136,3,45.221600890777566,0
3.0914589075044305,84.83444939365984,3,43.19720888100622,0
3.5290404901784225,86.2663195367939,3,50.22547255172942,1
8.23134468967196,91.81892887051997,4,79.38956506645593,1
9.363052482686685,98.72196553192376,4,85.08046731642742,1
4.645924250748098,98.78009595783263,7,70.72479970850674,1
9.154999019192473,53.263837878323194,8,75.58632629564157,1
3.8934613112309377,91.09196613764513,1,51.90803159650983,1
5.287932877094125,82.31549668286907,6,66.39545439091482,1
3.0342609803439977,82.36710671865455,0,44.72203730351944,0
6.7642843795825955,56.41749633073474,0,41.318381055828446,0
9.81083003657328,82.50935832228267,3,82.35218837292155,1
6.431437864390408,99.12412903006239,9,84.40077687877883,1
4.22032675702194,95.59092847697235,6,59.72161917424897,1
6.830357013914755,71.95653304024253,1,54.999637860430425,1
2.106286106188488,51.99739866430472,1,24.623762104121575,0
8.997931722388588,68.11467450001024,0,60.264032680284146,1
5.527755557018527,91.31951558002777,9,76.36343272913997,1
5.0441476783567785,85.07495507325831,1,64.15273949633223,1
6.272783096081673,72.96718277969782,6,62.47397020352704,1
6.623054765104622,52.75507675794155,8,62.609054621880624,1
1.6459822560386173,71.34473639116513,5,39.710314881932106,0
7.143554991010622,73.45124698589417,9,67.74327398897296,1
3.177385122839766,96.4277766447068,1,43.337516935151505,0
7.4255736925593085,82.05430517910797,9,79.4593316152126,1
8.40281314945777,65.58264583273244,9,75.219217882104,1
8.235626567972684,76.26591322253607,8,86.04511368937258,1
5.972508706671002,53.302765391108004,6,51.384286325347944,1
5.68152903079676,98.62841178248684,0,62.50119530974043,1
2.2858836520547055,68.0029950965363,8,55.17282814866142,1
7.978115353628221,73.89336774565679,1,65.96721081607227,1
3.4426844240204293,67.76419871184613,3,42.855428948876096,0
5.470258805361519,84.12558650581,8,69.82037904341308,1
3.5584668363476504,83.11160791647964,3,46.52299888698268,0
2.2044552669972384,85.76611552645679,2,30.571770000544262,0
6.666019272025629,63.407161480596045,0,47.455983139285124,0
1.4889883134061344,65.7834240582033,6,39.124073207102256,0
7.7378071071358,56.2625615548104,5,60.86436957726954,1
3.85828115735005,82.77549859230564,9,60.05844093559538,1
1.001212237040368,51.989856366782625,3,28.998913892294098,0
5.6001622531350685,79.88411677617296,5,62.6911671608897,1
1.4216671767484281,93.4847942425817,5,50.44614801711147,1
3.4855260203880953,94.54160741448167,3,53.26095001629299,1
7.362788387101445,72.45188801849808,5,70.314362089671,1
1.5642065945967927,72.96518441065369,9,44.14914186714867,0
8.554046431204021,53.84845915040087,7,66.26923940743339,1
1.034379303927248,83.5382512721518,2,32.168761176229125,0
3.2214148228171204,91.06297101864227,3,45.790041006413944,0
7.668136505368643,62.23275273023565,9,74.17667019154148,1
3.846431347563761,71.06504408166823,0,35.221478147892306,0
1.9170314925941216,91.94196683826351,3,47.380191200625354,0
4.242105269203851,93.8560233831144,9,63.71295872838603,1
3.4335395774607296,62.1589990132113,9,51.996552484401285,1
8.584407119444993,77.52853172706821,8,82.0796346004766,1
3.8201312582662883,59.62465753179136,7,56.603938283877255,1
8.100392245984064,55.093938206977825,3,71.82360687678799,1
9.026849303296613,95.55602506959788,6,94.93826374293141,1
4.904356776188766,91.02537521160545,9,63.42041834266843,1
9.189488294689529,88.00174509015869,2,74.48226261947026,1
4.395862485668736,52.43831594065702,8,50.89387495827927,1
9.676705748410974,92.18643963551287,9,95.89100627133678,1
1.8036057207301563,71.90220379526919,3,38.1351027582995,0
7.183173398529185,67.11975616479299,1,55.13678460025385,1
5.444326364112358,77.32381805126883,9,65.10909519212557,1
4.488839249100824,54.56766213617779,4,41.82732619259871,0
6.694406908737408,87.83232746761993,1,48.550921055423736,0
7.334713824708981,79.1217538444148,9,71.91927260920566,1
1.0392694268527818,59.32950484365838,5,37.32907191328449,0
2.5025777987247886,59.411609988452284,9,55.65989440886585,1
7.417414455708868,59.21243257863371,0,61.590089988446906,1
6.997468722203858,52.8501193775967,5,65.38854913521315,1
9.694427546158096,79.38992246858425,3,73.22940473879112,1
7.849340112257047,92.0174088794254,2,64.94581098707094,1
9.556954369582042,50.87491069936943,1,55.992129343311085,1
7.322864513813263,52.45023224856368,6,61.43340645421682,1
3.6824698777549885,78.6385138343473,8,58.43943463560899,1
1.9482843002577082,90.97478426930262,2,35.994935422490904,0
8.03641477010442,66.33694452843167,5,72.23859757723712,1
6.797342993283243,67.48071994038611,8,73.49021979611005,1
1.433674111539666,79.81732487483879,1,30.74111579640811,0
4.240454193108805,63.71064445620735,6,45.615375662788466,0
9.611198339358575,51.33041830388421,4,78.35975000696463,1
5.503610311391811,86.7614259050798,4,61.72219045158736,1
4.894562224177342,81.28249564707265,6,70.56358985633811,1
5.119296446433646,79.03779995278296,8,65.76971796496345,1
2.8799445160464736,87.08420644959116,3,47.33604910134083,0
4.318364537783157,83.76154187810187,8,57.89780115239833,1
4.328319303884589,60.294099408916054,9,55.61210967514386,1
1.4711951816872517,67.62405234716755,8,35.84917776549693,0
7.908108656661264,56.305507083931246,3,55.71407359206181,1
4.7485398871349105,56.49285067089405,2,48.396379873575455,0
8.39961898134781,83.80978731782696,1,67.72811418650222,1
8.653132010079059,92.93000534912491,8,85.03137151204716,1
2.9079464922879223,98.13662919305696,1,42.27859131592106,0
6.916181339531157,81.41735587747222,5,67.0784949386794,1
5.250536237466836,59.20506616804785,4,57.679518245784394,1
8.921410641293367,55.28251727244653,4,69.91291717256414,1
2.941666112588087,90.6425485768379,3,42.00102073552037,0
7.100318802790398,78.93782381799997,5,74.33486462879695,1
6.469769100274503,80.91425105068599,4,73.24831376556838,1
3.6577132981464953,89.07310443773545,3,53.484021162304224,1
2.2294081328605535,85.16386138662259,8,57.152650139233685,1
6.8647578442954895,91.72291264280483,5,77.94457760116356,1
7.647377123190976,52.810695272993925,9,63.7970696054311,1
3.84064609387015,87.37603183732524,9,72.73739185997668,1
6.803493436200824,92.54263786610477,9,85.27432889422155,1
4.556178168503529,64.30675212291571,2,48.517189983957,0
7.41886194954356,82.02236369966263,9,79.07371616185574,1
2.792937474046478,65.70810319184861,5,36.99090624819274,0
9.01193502372557,97.8985533241227,0,72.77223559738334,1
3.5866863681902177,51.67117862177519,4,43.67677051013172,0
4.310073889805376,78.98964219164776,9,57.72547021132313,1
1.522827568723148,58.325177352475755,5,34.76295471245479,0
2.0036099108914875,85.61101025885793,7,43.7836457780602,0
5.642757124410953,58.794514170933105,8,59.92901899301379,1
3.4083340905517434,61.76916309491788,2,32.80928254994715,0
8.51932203167975,74.7185405522879,1,59.72329188509911,1
1.1322404978945846,95.74174749984391,3,42.08417379674562,0
4.411846438047426,60.58571860739854,7,51.33615998045445,1
4.0361099209218345,57.212001055905176,7,48.91519693933833,0
1.1739486782584092,87.94884159270154,2,33.08717769524811,0
2.119315591004592,75.03097661669655,3,52.72146087816408,1
4.722784074267717,95.58925561908856,2,59.3275324855941,1
5.43578126002702,57.330727857992116,9,65.95184235337128,1
4.638607725293822,82.29639465115196,1,46.004879340281896,0
5.778439105708845,61.64395730759075,3,55.909136163678106,1
6.356185074151134,57.83802143258197,5,57.99372678513983,1
1.0893143901505207,84.17147075786352,4,34.780764473609686,0
5.176856435081535,79.68423099543666,2,63.43500848013152,1
9.671493167988295,87.74137291811655,1,79.54383452642458,1
5.671290521165939,65.47312882230912,8,66.61008440488337,1
7.097880407130579,72.39858281910949,0,52.350308777527125,1
3.8067747212519487,70.27358381652093,8,49.76490253428129,0
7.965922403374863,99.2044731983257,0,69.30319662518123,1
7.956293336885036,64.6124478369694,6,68.29763093291386,1
5.69166442888725,64.74086191733835,5,60.94378543257629,1
9.784124409512922,67.72741044143037,6,84.63514958443729,1
2.1299519328638805,78.22970406451607,2,38.446187224270936,0
1.152528984006229,62.61613721318726,2,32.686051951901085,0
7.931423905813864,95.7644970189637,0,69.3529906252884,1
8.264399836283943,63.284278243313175,3,61.948834576569624,1
2.0818650620851864,94.79078657800974,1,39.85518770025725,0
3.390245496627455,55.173753182329236,9,52.18201865077155,1
1.1579712702996603,82.82813511998262,7,49.282922190702315,0
3.639777497025082,95.34927592191218,2,51.92842448389484,1
7.958276865268044,58.437471919911474,6,66.4653728790424,1
5.6616447494132105,98.41634800496274,6,74.66398467829315,1
4.132860338514593,72.64416802077558,8,60.3613313275453,1
4.345653654156973,97.28575542205122,5,68.64236352533354,1
1.0121826314392135,83.84100218150235,0,30.649601156407847,0
3.698204748087123,65.07934349367758,7,46.828183219690295,0
6.8181286747413745,59.41512624585532,0,57.800078065205895,1
9.767749994347215,65.18675231125496,2,69.5108258477963,1
8.623547442855095,54.65087046313375,4,68.99011898821942,1
1.2123546818097621,57.19339831716649,7,38.14837635104358,0
9.087045442073554,55.23302201732406,8,78.23328046550431,1
8.048785719687633,71.14717718707789,6,72.73898189367553,1
8.023385112138824,89.77891881287931,8,74.78988054511383,1
5.121961831032143,57.06917771081701,2,41.720042845253666,0
4.582047636590525,56.51602165861679,4,53.475706291690045,1
3.7262415594987335,82.17144747586653,9,63.42664562912492,1
1.591253730589292,59.859149098403314,7,49.46049863559977,0
3.0541182714432917,54.88050190544958,0,26.54621781867895,0
3.2194327148022217,58.34242891027888,7,47.446611720332584,0
5.356693627391814,96.1865697938388,6,73.45540666991761,1
7.726999659370246,91.07356263880953,0,63.127949536725694,1
5.26428845558152,67.7032281177547,9,62.20557549267941,1
1.5206000450244455,82.79103836636963,9,48.97361241183943,0
9.620108208893836,76.8637836834019,5,78.932937174507,1
9.48451887184701,83.8562131741282,0,75.23844530387662,1
8.066705888335676,84.13355762313796,1,58.672545879540124,1
9.921951114077984,81.43670075299966,4,90.25439533327965,1
5.900340995202367,63.30506842686543,1,45.694908871294246,0
9.664915152278855,51.950321038140906,9,71.32381363286096,1
1.680445365550757,72.77833909950544,0,30.184531568519297,0
4.291126734352342,94.54869423453519,5,57.93323712185485,1
3.0284314120608924,78.47486292592879,7,51.794717193920036,1
2.7624977572084304,91.61955208509539,7,56.86123728824859,1
2.267226540034085,99.5812171480614,7,58.43470429235997,1
6.60172277409397,58.18081020691381,5,68.89611370088348,1
8.031896701725746,84.58888195709912,2,66.08544390801399,1
6.204685594783246,83.71467868500123,0,60.0092868702384,1
2.322664386293887,98.99777236791392,1,46.8573358971872,0
8.300113929401238,99.28003669764001,4,66.08065247842117,1
6.723592364473556,84.33393058620646,9,72.75216898555036,1
4.493491355142959,62.180739599109714,4,42.6867758340439,0
7.067172659824567,89.92779190652996,9,82.55366516387144,1
3.3391448131854955,55.35145671055191,0,34.99029065875299,0
4.106729876447894,89.03496520858144,0,49.03377744473831,0
9.257372588187913,95.50980620723482,8,89.41184346553793,1
3.6145405510427837,69.14166973842177,1,39.79142088133968,0
5.229894413421429,81.53176474915402,6,62.46609773379798,1
9.011270236564132,71.50713660484132,9,82.5029258079584,1
7.369492152407747,71.88825274940642,3,68.29984794738478,1
1.5598290354823248,65.518544455406,6,34.106390383971096,0
2.325727398510733,88.10648102251622,7,48.151511982514414,0
1.0705743169472512,96.80882820832525,4,43.00211620851662,0
6.678296112062471,97.03754296172306,0,60.66309735810448,1
5.029060828693765,58.73906424374669,3,43.22311551954028,0
2.2084736581204796,93.7371824828283,9,59.82314964229516,1
9.621407089510933,86.8715720713561,2,75.30707020598997,1
5.766937515510579,62.64187003451446,9,61.40364373406769,1
3.1770396470160027,53.364230646075725,4,39.022568891883225,0
5.505432140392368,63.3998633442189,9,60.08087221763553,1
7.11658299461597,95.61041183907628,9,82.09513188065029,1
1.6861529617620803,81.65893374478861,5,41.12995075238034,0
3.472334335431028,86.05273304489359,1,42.61459107188942,0
8.262689417955944,62.857617555454794,6,69.63906454376003,1
5.136983833623951,85.96940777874102,2,60.453817321868286,1
5.919194278290654,51.40607531389619,0,46.86388104201051,0
4.895344019885224,68.76606728865069,9,54.56055765510456,1
1.395099483787046,81.33766742711656,2,39.79172867437915,0
2.4917480183814034,57.30482827706601,8,48.23297379902599,0
5.009874748677018,91.15017872234674,9,72.68200186931429,1
2.8826691886713505,61.751564940595934,5,47.378369856794286,0
1.4498112579371085,82.61405564092232,5,42.10842316651622,0
8.592846976466413,70.25985712876648,3,73.14261042902179,1
9.830732762477043,79.80217977388236,7,84.77195804526819,1
8.138285865970655,55.37252763144541,4,69.54108921033279,1
8.684064295342004,50.845639996080365,6,71.76458125073692,1
3.1777941728534085,95.47822136901506,8,53.64762900279209,1
9.645642779618798,63.48150043835914,4,80.45458886925445,1
2.7723313400808554,90.98385013902296,4,48.512288498259245,0
9.562868293256491,99.96751502361002,3,82.46398242827622,1
9.95337364569356,60.57156289994556,5,75.72499979523528,1
7.405505251714438,63.25853705916778,1,56.158269281681314,1
9.830293586126396,83.14298938173329,2,79.24254132052108,1
6.125858016103933,98.27243173003106,0,55.173119623702476,1
3.335876048584813,95.7907174095372,1,39.57353209337298,0
4.932962970990587,75.14377600327924,1,43.885619960438596,0
6.342048418409074,89.75551412633624,7,74.54548558414642,1
1.6577340582431348,56.787292654995056,7,38.51516735489788,0
6.601089381555215,98.87190921020061,1,70.23298529372114,1
9.83060053086065,98.21766170179933,5,88.29373750111795,1
2.7109688480535485,58.186447893958544,4,43.22334414963628,0
8.13335604659545,64.97115624015532,2,60.6940540647734,1
9.171089144016575,55.00774987533835,4,68.18205963567328,1
9.493314335381987,63.58587994490898,4,74.58995645005068,1
9.641220439649025,90.79778947076034,4,82.71055412923754,1
5.693136748493248,68.91578035826298,2,51.93859269178161,1
9.795771171923533,54.41984835733792,2,64.94423760427806,1
7.81579186420995,67.11127623894522,3,57.28453196340357,1
2.455042926132657,99.069166712064,6,57.15104750422495,1
5.29210095821173,81.48417976296014,1,55.50206049173525,1
7.464980578348036,70.80804732030789,9,73.49797097246396,1
3.22606284237175,58.3269256748635,3,41.52281085333198,0
6.765536651939986,99.30883986418473,3,68.78810517160566,1
6.999404311419573,91.04245046315643,0,67.84061545500644,1
2.464297694277093,64.07386512254597,9,42.98235004152241,0
6.085767812074806,53.50343478605947,7,59.8462377883781,1
7.944642198807469,52.831277868877905,0,54.53986068245599,1
5.490060980823477,56.01890747527669,7,59.06155694098128,1
1.1089280509849668,79.03842918072108,6,48.94185806355016,0
1.0813462217136296,96.43817106027461,8,49.71959657595809,0
4.21326409573011,74.83717140029923,7,61.23313279803132,1
9.335746615886038,92.14727412280986,4,81.58383399089429,1
3.058091016432479,72.2943309929904,7,56.33331909693245,1
6.709273199845184,85.42917728839126,9,80.93936084174466,1
2.998682836239885,86.59363686432505,2,43.30493026795692,0
3.8950299069359375,58.69818529516694,9,53.05809981921305,1
8.632378806413357,68.06080294879058,6,78.01493811385235,1
7.559752980429522,81.8651078269012,3,65.08126705219493,1
1.8585934958188957,53.53483040921831,4,34.30657958001602,0
4.858318188877902,68.07700938814783,8,58.935710871184476,1
1.26252787280738,76.73997331405963,6,43.17514459903885,0
5.328011319427081,99.81122465223194,3,61.77833611449289,1
6.9619061053096125,73.72667813112204,5,63.464628078932336,1
2.066523612383364,90.80283785571618,9,61.10000395564973,1
3.5999644501824912,71.60336425333088,6,52.67861271312862,1
4.580529629519413,89.81953613098545,9,67.5805821102984,1
9.275779221904447,79.77074008100541,8,88.41006185992788,1
9.939295138806676,94.32977207511992,3,75.63947065208619,1
1.4042016909605426,70.5471276175055,9,56.63607086388467,1
7.849071311458529,80.21522099107395,2,67.43336167404311,1
4.3455165976210886,81.50093403094137,7,50.361998647981224,1
4.5321236760653205,70.86914709002366,0,49.90683513862848,0
7.788384760123204,57.21560218437408,8,68.34966194251388,1
9.265837889308678,54.67797034561678,0,67.95114731660907,1
9.558357350522936,50.83357752998165,1,65.64969745017243,1
6.194103274344887,93.67671321226072,7,65.22145621120772,1
4.214090433704525,61.823745611934726,8,56.923884395128965,1
8.087941772729014,60.575337464088406,6,71.55085734351121,1
3.2590124493607022,86.80177002130327,2,52.09445060012885,1
6.07666625950166,66.00080565436959,6,64.79439234576125,1
4.227206153723858,75.30223462059183,5,47.529642919521386,0
6.909679663370885,58.12555326487281,1,58.997410659408835,1
3.163590216041562,97.98728607309846,2,47.14381473813573,0
2.7243365116134317,92.57907000086186,9,67.9967301026004,1
9.264151780078933,93.18948114825017,9,90.50370380811792,1
1.916233146545832,70.33868742860025,4,37.626315172342956,0
5.5536211696143845,88.11806068535864,9,68.09392239081075,1
2.9876750466670803,57.193807769489005,3,35.60352738581123,0
1.350369669931007,50.430950129589014,1,20.066429971871166,0
1.3241693646228376,50.998646628901405,3,33.80268493861597,0
2.576995948952446,79.33008687022803,7,44.02646430805837,0
8.800933190554002,72.76974526239704,4,77.85848771017733,1
3.54230869579324,75.90076744542598,4,52.62507432018265,1
9.554132535177661,50.37315702086097,9,87.77034739687947,1
6.234600636902742,71.13433098287129,2,56.73211012157477,1
4.929527707918895,85.90340806004303,7,59.28519216723597,1
6.220799512025091,72.13468509837179,5,61.88561285283718,1
5.65028546703641,86.61096031561112,1,59.20820807976945,1
7.828986283815927,61.65094821984174,1,60.06386557753284,1
3.5424645937556702,90.65710022408626,8,62.74309179693329,1
4.177453524402722,79.42156202267262,6,63.54016690827223,1
9.046848722799256,60.53815497149531,9,84.30570687758795,1
9.518108618353649,61.83602379269165,8,83.13355787223001,1
9.033024047378271,81.40152322847685,5,70.36376889433097,1
4.775031945615822,91.49697966062217,4,55.40500070299217,1
8.023289527061936,70.78138910145776,0,59.32748877477606,1
5.287021599709889,62.91502145637961,5,45.42404853819106,0
5.477858669314919,93.35058034553002,5,59.84812451789777,1
2.8421209815155555,83.46341458754175,2,41.907366477856485,0
6.320172729326648,72.40427436415382,2,56.793555832373904,1
2.6752230797801313,74.39500976396509,2,42.22366965630849,0
3.984082291604744,60.21282339681982,2,40.957795506812694,0
8.695271814579417,81.34013150324219,6,81.11860173834876,1
2.863682282897697,67.93712552714443,9,50.610601827236486,1
1.6404245665608954,99.78225883371746,1,40.34686663068709,0
1.6210683335153466,74.00917576309439,9,50.56295845026359,1
9.46706068452797,74.29428030948065,9,94.98673876879934,1
5.562283941656512,78.29258937053359,1,50.725982478936565,1
4.684708646353165,95.83780015593734,2,56.89579323609168,1
8.297907229071265,90.04090499298752,9,90.84744532934354,1
8.522433351194644,72.55650348989207,6,69.18114976378976,1
3.9897192980404412,85.9349632986398,2,59.71821610492981,1
7.242562517264157,79.31177493903809,6,77.90149883099195,1
7.940105342666979,74.61835243506245,8,69.52859001702893,1
6.891856181793591,59.61578863921753,9,72.20092670875042,1
2.3643556732008943,73.19681317274454,3,36.95855514850726,0
8.882947751653514,62.29092935112873,6,73.11527740401564,1
5.851850974624078,95.74210749258273,8,75.73439460500573,1
3.542251837330033,66.77034067481735,7,56.99435906846757,1
4.827053668939245,97.61320072666862,7,65.08986385183039,1
1.3381398135901663,76.65276450473556,8,43.424287390453465,0
2.150801211001758,81.57721893380801,4,45.08800554698174,0
7.8899207546427474,77.14702222446638,4,73.45349205041614,1
1.0001047127982954,56.469030848335045,2,20.905575959471587,0
4.749092456340629,68.79106095039705,4,61.00114507528204,1
5.702591629770296,54.957305613881196,7,55.783578197216734,1
1.4917097800087507,81.14770220916908,4,44.62623076122658,0
9.757703466750996,72.34370976002194,3,78.75015351121495,1
3.0351279812470473,88.89924857854683,7,58.87703408984073,1
3.7377884767265277,61.02352404996849,6,45.87624251741685,0
3.735482610295246,58.22830292146675,5,37.52665283386606,0
3.073749959056149,70.31661154818839,4,44.35672577019127,0
1.0132643987768026,96.32926916091905,4,41.87870206185325,0
7.564103146791967,85.52109075062059,9,76.68673342071958,1
9.701609498193568,70.94618123964594,1,76.38161782067218,1
3.0186413495654056,75.86360848771552,3,43.59464210320948,0
6.967424726230802,54.210650558854915,7,61.05495548909822,1
7.677066942628436,99.22879481880565,7,85.07932988070428,1
8.635828411814723,83.32036523474595,0,71.23335163506094,1
4.803662773122483,64.27020342317113,1,41.717635196884245,0
3.726378150763863,79.29041971076222,4,56.58597632909489,1
3.92765620620728,55.4741183034497,8,63.49673633822308,1
7.413591997886615,98.29183344037918,9,79.1053575441786,1
8.351015198550725,58.7392493941683,6,70.45838097912116,1
2.6345257098094237,82.4015159027607,9,57.57813232437028,1
4.338469073419887,62.272723126946524,4,59.775463456678025,1
9.11746177074235,85.87806913242679,0,67.6818431794029,1
8.260241677252653,88.84106836201406,5,73.25560645189373,1
9.863725624862283,83.67098644557163,7,83.68782832155915,1
7.788234337138727,80.72497301275962,6,81.26578155648129,1
4.5387568092513,94.62345469760058,1,49.541664064367,0
6.31574050595174,53.931335549487905,4,51.50743218101698,1
6.949128288225882,66.54573828900976,3,61.8641995713081,1
1.7061023468541157,62.4143739815423,8,44.79593048665317,0
5.900472631934786,99.40069810327108,9,82.67767495121943,1
7.383887456253486,69.46948898334367,0,58.21991416130666,1
2.505891736009543,86.63063496201994,5,49.76330969845503,0
8.025685456830015,84.23625819405024,2,68.87295166446864,1
6.253955024627005,60.604061873868886,8,58.929459067663615,1
9.569996071278352,61.94988401057756,4,73.43692219774663,1
1.3818006838620254,64.0642281776517,5,36.44243973720234,0
3.3879352379992027,70.55636391296896,8,51.88746796543004,1
6.413984913698417,61.71625328252634,8,58.762530620130136,1
3.669039209853376,50.98257413734239,7,41.965015951664,0
7.42981747664118,93.96965284035977,8,81.14307674583809,1
7.831047542697379,98.2804915690442,3,79.30315066372647,1
1.9226436765982702,67.0785193515784,5,48.14819466908095,0
5.624690177860909,66.92534397127365,4,55.28190117908603,1
5.580015000319503,50.35459063871855,4,47.422080839650704,0
4.3235269319398695,84.0125344165187,3,50.958847491985935,1
9.396323763127048,91.27199478743144,1,71.13114107089612,1
8.44755687885899,57.33041501800016,5,73.37563660625216,1
7.274884437186731,57.98331746835754,8,80.45747557333704,1
7.428939721614978,89.50416249857189,0,60.533272935871445,1
5.1554452943180715,80.81453741770723,6,56.061379976092866,1
9.288950689869182,52.24302788138585,5,77.15007846371307,1
7.251358845279569,81.12734952311408,2,66.18525682422687,1
7.560829554902348,65.4458861421883,0,59.112558746645675,1
8.755218134086107,68.4362577735423,3,78.24783764334799,1
3.4666443040797192,88.48657091484401,8,53.04676119167497,1
8.263638134800328,90.54675963363053,1,63.510135737796276,1
2.7571654266084282,70.01783134199152,2,37.982604954736566,0
4.1080775702039904,97.35764680031774,1,52.06469944541773,1
4.020494088428585,70.3231358976036,1,41.42466987772072,0
9.806729215502266,88.5918017615055,9,105.91495124950487,1
8.708835013731342,74.19386322821296,7,78.25112374619097,1
7.310528754312338,94.8766163261042,2,66.26200225803188,1
7.5435108545385114,95.38806218250893,6,78.95569085185089,1
6.05865514962314,54.37084039355419,7,65.45896242624872,1
9.523816003976671,96.82466656551128,2,77.03934127361977,1
5.466328775941254,91.27674207602078,1,55.9797332516876,1
4.424659388829051,89.56553571563335,7,67.9893808600078,1
2.467318032384319,60.04556698427612,2,39.62429242267755,0
8.075850870349523,90.25596043773325,6,80.54418298368185,1
7.609995388680323,92.50663673425184,0,77.89392406494967,1
4.459195346717214,64.45751672270755,5,61.53648698387644,1
1.2267407256330642,97.61300391811619,8,44.387023898301486,0
8.550975949462096,52.49300731995821,2,54.042975844860074,1
1.1027618510866626,57.495462662356985,6,38.7410202934672,0
7.333298016661459,76.87905690257571,5,76.5570353772858,1
9.732313987534514,78.78962355611549,7,85.17466208021519,1
4.938951953333831,82.25750416504516,2,50.86103205756356,1
3.114760644963575,50.848456465773324,2,30.726887195021405,0
7.343839090390436,98.01833873110651,3,66.2846374520656,1
8.354153278140267,52.2294046367072,2,67.12130176127273,1
5.917872844700626,57.153097636170116,8,60.828818710331284,1
9.703317477305315,50.70072587630285,3,71.23580893447233,1
1.46501849492165,78.34292166470473,5,31.69894026455472,0
5.543160384740753,96.61334419604862,7,75.7111603608964,1
7.466085525902951,83.29735830402322,7,79.25852626016997,1
8.76376424034261,91.13287342402137,4,72.43523722766969,1
2.6133005071701105,50.664060172929005,4,37.56086469514783,0
8.200031335873133,77.1007649239863,5,74.1541029541995,1
5.974363681466907,72.97814887527609,9,67.51448847070372,1
4.568983137909669,74.94839721103965,6,42.81479824335251,0
2.185435257211842,53.6106592667594,9,41.708727757330166,0
8.787661830180213,84.22176805346538,6,82.71699529582129,1
2.415458873617438,75.16102074293173,3,37.88277583818109,0
3.7880907328818934,88.2574424930632,5,54.30921122853363,1
3.610409787661932,74.26453170308577,6,59.81519237918776,1
8.842726307717689,57.4690818113216,4,69.06681602625349,1
