satisfaction,performance,workload,years_at_company,attrition
0.3745401188473625,3.690811976835592,62.4128477038911,5,1
0.9507143064099162,4.186725588765489,38.619318105258316,2,0
0.7319939418114051,2.001871595169996,73.61972816774075,12,0
0.5986584841970366,3.4994963984279956,60.65581195346208,13,0
0.15601864044243652,3.2869839325749948,37.86019417784771,1,0
0.15599452033620265,4.331321507153085,78.11690287406034,9,1
0.05808361216819946,4.624348241925042,55.91827316676603,2,0
0.8661761457749352,1.0486270859095472,33.64492259358275,6,0
0.6011150117432088,3.6960796762351706,61.341645220753364,1,0
0.7080725777960455,1.207343196478916,42.65994535064051,1,0
0.020584494295802447,3.1954346603094237,70.18467259386512,9,1
0.9699098521619943,2.150530916174713,70.89110367830953,4,0
0.8324426408004217,2.227106398088565,78.94736779273309,9,0
0.21233911067827616,2.4118340138094263,55.09347655122519,11,0
0.18182496720710062,3.4851697961984405,52.747843986386854,5,0
0.18340450985343382,2.336199862675077,67.67378027232402,7,1
0.3042422429595377,3.9307962023611216,36.623532817096326,1,0
0.5247564316322378,2.6181095422954788,57.34577568965621,6,0
0.43194501864211576,1.2734128012398345,57.31238000654255,8,0
0.2912291401980419,4.135039369936429,34.47365614051936,14,0
0.6118528947223795,2.143033298370824,50.89920427534568,1,0
0.13949386065204183,2.7310675183970505,72.6642399283601,9,1
0.29214464853521815,3.741775532887606,72.80768109973302,3,1
0.3663618432936917,2.329824628594848,34.96188324598405,1,0
0.45606998421703593,1.2263426245868625,34.53604413739154,1,0
0.7851759613930136,2.4956841880512544,43.134773850096764,13,0
0.19967378215835974,4.777794330777214,73.73830312769968,14,1
0.5142344384136116,3.5669375891942328,36.44512925367495,11,0
0.5924145688620425,3.6859165946688277,65.99984013137231,6,0
0.046450412719997725,3.5291286145505594,35.05828098065516,11,0
0.6075448519014384,1.7959685558377472,61.15689268739127,6,0
0.17052412368729153,2.6733354564091205,47.803364955957235,1,0
0.06505159298527952,4.0037591934532735,69.44569814829336,14,1
0.9488855372533332,1.4054915902126366,41.68452244126818,14,0
0.9656320330745594,2.111411104358849,61.960091469497996,3,0
0.8083973481164611,2.1052764338634145,41.78412672879425,7,0
0.3046137691733707,2.728075710378024,65.68301415560768,10,1
0.09767211400638387,4.92147496376874,73.68390172803744,3,1
0.6842330265121569,1.2700101867352878,36.340089956338005,3,0
0.4401524937396013,3.07480397752238,73.32978442977517,3,0
0.12203823484477883,1.7174587280488418,59.6787627207149,12,0
0.4951769101112702,4.8827061816389765,36.3555245433512,7,0
0.034388521115218396,1.4532140189098568,51.3770927679856,4,0
0.9093204020787821,2.614404009446365,38.04301467425489,4,0
0.2587799816000169,3.9515399393384247,65.01739444332847,3,1
0.662522284353982,3.818217712109781,67.94340672089749,10,0
0.31171107608941095,2.690914547575729,35.289826013639946,11,0
0.5200680211778108,2.386096671810873,55.30699263473222,9,0
0.5467102793432796,2.5904495142114823,70.73125280129585,2,0
0.18485445552552704,2.057105052634557,76.80815207754983,4,1
0.9695846277645586,1.8213317548271992,55.675893337088496,8,0
0.7751328233611146,2.93215879023556,77.51396118057036,6,0
0.9394989415641891,2.0741350242704293,56.78444852280149,14,0
0.8948273504276488,2.1498466595890005,49.709524729995394,7,0
0.5978999788110851,3.6270242538982282,72.41015642764478,13,0
0.9218742350231168,4.874149326799569,54.64913552290445,7,0
0.0884925020519195,3.4145488022375003,53.59512552822615,2,0
0.1959828624191452,1.3079178682598651,54.51562447049142,4,0
0.045227288910538066,1.302334455416268,72.33925009348727,10,1
0.32533033076326434,4.805692883382264,71.5970770844026,10,1
0.388677289689482,2.1891631612293345,50.175999622010565,6,0
0.2713490317738959,1.3682679443299017,46.664992993526255,3,0
0.8287375091519293,3.3961783486015262,54.59640120195647,9,0
0.3567533266935893,3.4945951131610644,58.63862548685545,13,0
0.28093450968738076,3.5940192804747526,41.91686053139985,4,0
0.5426960831582485,2.069608111430165,69.69775423577954,10,0
0.14092422497476265,1.0604427368579001,54.32413828662114,13,0
0.8021969807540397,4.860061477817887,46.70227742099798,2,0
0.07455064367977082,2.00357218276441,35.34104964819953,6,0
0.9868869366005173,3.70410515221019,41.94225802018035,1,0
0.7722447692966574,3.8265194795148383,77.46405858779919,6,0
0.1987156815341724,3.4400296683179428,45.25498434097633,13,0
0.005522117123602399,2.251629576854593,38.44296446835177,12,0
0.8154614284548342,2.084385015056263,53.03363958274966,10,0
0.7068573438476171,3.3906731308108125,45.35438716801244,1,0
0.7290071680409873,4.4643825344467665,31.757962513559708,14,0
0.7712703466859457,4.786934915693582,46.15726086397086,8,0
0.07404465173409036,1.4236232176150305,57.20543119697343,5,0
0.3584657285442726,1.6193144503908794,57.585618600998345,6,0
0.11586905952512971,4.778945035132319,47.82794605884443,2,0
0.8631034258755935,3.9461409133391703,52.36513781263003,2,0
0.6232981268275579,4.531975299319092,78.27589591173832,12,0
0.3308980248526492,1.8105305365413726,48.867423861515576,9,0
0.06355835028602363,3.3503434844376074,42.91134066299915,3,0
0.3109823217156622,3.8045583776698946,42.173352203338005,6,0
0.32518332202674705,3.7204475417878906,52.88823063520671,10,0
0.7296061783380641,2.6326067634667925,67.97600743584721,5,0
0.6375574713552131,1.061579566765234,40.29940920942366,14,0
0.8872127425763265,3.3317042272170525,65.46480635703841,12,0
0.4722149251619493,2.012406156718435,31.057491167470815,4,0
0.1195942459383017,2.8010169845715613,50.9466488991973,10,0
0.713244787222995,4.830324060335269,68.79325326013935,2,0
0.7607850486168974,2.596141270569739,46.93664778872157,8,0
0.5612771975694962,4.359206426657707,58.18685507226998,10,0
0.770967179954561,1.7541624229970045,40.24896164129554,7,0
0.49379559636439074,3.6898419921001153,67.09976955630862,11,0
0.5227328293819941,4.908027817755774,32.61395516343798,2,0
0.42754101835854963,1.4075724034917472,72.62713224377501,6,0
0.02541912674409519,1.033279768908768,39.909819321083404,14,0
0.10789142699330445,2.7343311705304574,73.71990158541654,8,1
0.03142918568673425,1.3705019322054688,47.62646206502586,7,0
0.6364104112637804,3.9935373987049254,66.13417872372433,1,0
0.3143559810763267,4.658194655394236,45.96126488930942,5,0
0.5085706911647028,2.7360838908350353,75.29558356173237,2,0
0.907566473926093,2.034846568621764,36.33185627591872,6,0
0.24929222914887494,2.737613276026439,38.92598946362993,7,0
0.41038292303562973,3.893791271400004,54.65150625794011,14,0
0.7555511385430487,1.036216646321484,34.096921951907305,14,0
0.22879816549162246,3.3578159579387887,39.79900923508809,7,0
0.07697990982879299,3.4531667395495163,77.18831911060072,3,1
0.289751452913768,3.550752987583742,78.82448305739436,7,1
0.16122128725400442,1.9680883199235089,48.8129664665211,5,0
0.9296976523425731,3.856210893512507,76.16430105069679,8,0
0.808120379564417,1.3655659453271056,57.24123378367159,12,0
0.6334037565104235,1.7970813458672033,43.487123293688356,8,0
0.8714605901877177,4.509880186617927,65.11993605402994,7,0
0.8036720768991145,3.9548926029062654,62.94509032874286,6,0
0.18657005888603584,1.054982216045381,79.45626595543666,2,1
0.8925589984899778,1.9935050414792008,43.252364370464164,6,0
0.5393422419156507,1.8576259319726582,63.60297513308677,13,0
0.8074401551640625,2.0832253121478903,32.601187751472345,12,0
0.8960912999234932,1.9902390811195456,35.68230193483597,11,0
0.3180034749718639,1.250105182971383,30.195918747554664,9,0
0.11005192452767676,2.8357620663872813,79.97303405298365,2,1
0.22793516254194168,3.9309338991446605,70.1136848573739,1,1
0.4271077886262563,3.4269268988697457,69.33615073667704,11,0
0.8180147659224931,3.691486674392319,55.48630376440899,13,0
0.8607305832563434,1.3245967141449566,45.003354145272,5,0
0.006952130531190703,4.805962840707149,37.5632142231338,11,0
0.5107473025775657,4.353967335372099,44.23373694232318,6,0
0.417411003148779,4.22036127398265,48.79856109645696,3,0
0.22210781047073025,4.29193522016707,67.8155048490147,8,1
0.1198653673336828,4.730842032531045,56.98308944515762,7,0
0.33761517140362796,3.177015864454791,33.87418132777413,2,0
0.9429097039125192,1.8011280714705036,30.901450447945614,12,0
0.32320293202075523,3.4671344314101646,35.116608976703155,7,0
0.5187906217433661,3.971525974671756,50.524935684868964,1,0
0.7030189588951778,3.9516695734161016,76.65964585245092,9,0
0.363629602379294,3.0857960966675204,61.87012406046108,13,1
0.9717820827209607,1.2738348773343122,70.09129499377576,7,0
0.9624472949421112,2.4844517537205113,53.31872972522743,6,0
0.25178229582536416,4.68306643385343,48.08330415975214,13,0
0.49724850589238545,3.337795639029704,35.420018635831134,2,0
0.30087830981676966,3.1533277730228537,73.79665110931025,3,1
0.2848404943774676,2.075414057528774,69.15800145139514,1,1
0.036886947354532795,2.4737956796663156,38.40590487988626,10,0
0.6095643339798968,4.581384356612677,55.61302819381302,13,0
0.5026790232288615,3.665852190107343,54.36874039606224,5,0
0.05147875124998935,4.149548107009331,61.25457763432643,9,1
0.27864646423661144,2.8173816922706205,77.30934469956307,13,1
0.9082658859666537,3.5209888778246317,58.98857208812398,6,0
0.23956189066697242,1.9935344349728301,57.01086333893093,5,0
0.1448948720912231,3.821843321133945,32.5161466467332,12,0
0.489452760277563,2.710405334813349,33.1453738009012,3,0
0.9856504541106007,2.7701820592589823,39.367339566339446,5,0
0.2420552715115004,3.5972892983075266,31.623538584587415,8,0
0.6721355474058786,4.745122485875706,67.16764477850062,12,0
0.7616196153287176,1.2560253864344837,66.16651519969815,2,0
0.23763754399239967,4.29897294938803,36.802811721582145,5,0
0.7282163486118596,2.1695324416487725,71.80394503976405,6,0
0.3677831327192532,2.7756778180255113,37.7393017423056,10,0
0.6323058305935795,1.0876533151000358,45.05877934986794,8,0
0.6335297107608947,2.204184311337252,42.44884495806825,8,0
0.5357746840747585,3.010524970520522,48.615354928652394,5,0
0.0902897700544083,1.224704309389756,42.73318829449809,9,0
0.835302495589238,2.9643829175326606,54.4475463219226,4,0
0.32078006497173583,4.70844251543371,50.37039406773427,12,0
0.18651851039985423,1.4215728724312209,79.32847453896633,9,1
0.040775141554763916,4.057762912302017,32.796317506411285,11,0
0.5908929431882418,2.6386842135039705,37.10906881936758,7,0
0.6775643618422824,3.620694858097352,32.641294695430126,6,0
0.016587828927856152,2.0409463919409174,61.29205974911879,4,1
0.512093058299281,1.6379690501654331,32.72546387068598,2,0
0.22649577519793795,1.6418504570849057,71.82198686880616,8,1
0.6451727904094499,1.2819677825725786,55.59693153409639,6,0
0.17436642900499144,1.742586819604972,56.35038122907669,12,0
0.690937738102466,3.656877539955873,58.079725385609706,3,0
0.3867353463005374,4.526762447374033,38.54068531531054,7,0
0.9367299887367345,4.256502742364647,39.88451515572438,10,0
0.13752094414599325,3.7405372394979364,45.94086614365023,7,0
0.3410663510502585,1.4417274536444107,59.67482079109257,6,0
0.11347352124058907,2.1567497851837993,40.505888797010726,2,0
0.9246936182785628,2.239227501289876,35.81658635666306,8,0
0.877339353380981,1.999827785590485,78.50584432092161,1,0
0.2579416277151556,3.0600226388388925,31.099090740481145,13,0
0.659984046034179,3.1422152595186903,70.13487026680107,1,0
0.8172222002012158,2.427543900684441,69.40175747875111,6,0
0.5552008115994623,2.415156634945744,44.8607056922548,5,0
0.5296505783560065,4.314222391624325,36.78133080036567,9,0
0.24185229090045168,4.157171393278743,37.28143233527117,13,0
0.09310276780589921,2.2311833267229826,64.87158086185963,12,1
0.8972157579533268,4.655153775493037,62.140329554308686,7,0
0.9004180571633305,4.811260068010024,69.13728371256934,2,0
0.6331014572732679,2.3069701681201633,76.87405861995524,13,0
0.3390297910487007,2.4176997951722194,64.5963681633296,12,1
0.3492095746126609,3.0225366136878353,37.79257682757218,7,0
0.7259556788702394,4.764483250134694,42.17213083827053,3,0
0.8971102599525771,4.505277732569246,72.10968654365573,1,0
0.8870864242651173,1.4102718503343592,40.465303791710426,11,0
0.7798755458576239,2.570922973085665,33.62611584772407,8,0
0.6420316461542878,3.2134847589990874,65.16400270211253,14,0
0.08413996499504883,3.01252989020616,50.1263177745071,12,0
0.16162871409461377,1.7754522717475707,76.00200262729518,3,1
0.8985541885270792,4.435267084672619,62.51275355468308,11,0
0.6064290596595899,3.7077631319873494,34.52094888958304,8,0
0.009197051616629648,4.351633499407214,77.39282836268303,7,1
0.1014715428660321,4.435057117397889,42.927863182012295,12,0
0.6635017691080558,3.993423414662959,46.86062452031429,2,0
0.005061583846218687,2.7568424049988693,50.1130206841771,13,0
0.16080805141749865,3.442187020061698,32.56121482021566,14,0
0.5487337893665861,1.6414616244789726,54.825771111530244,14,0
0.6918951976926933,3.6945816698996308,36.16592455376461,1,0
0.6519612595026005,1.717013022957123,50.048516334417585,7,0
0.22426930946055978,3.7757983620406272,47.53548939960422,13,0
0.7121792213475359,1.9183926430158746,68.64200417132517,1,0
0.23724908749680007,1.47020520060088,70.15852558163655,6,1
0.3253996981592677,1.6611379605718297,37.6706441194544,13,0
0.7464914051180241,1.007968540876281,48.32755936896131,11,0
0.6496328990472147,3.874958471414121,48.66765805159159,10,0
0.8492234104941779,3.9296041962335164,37.570522196804255,11,0
0.6576128923003434,3.059733399653038,69.92267525255953,10,0
0.5683086033354716,1.6454512042215348,65.36141641677116,8,0
0.09367476782809248,1.334217350042759,39.51908931485174,7,0
0.3677158030594335,1.076515865749148,48.33609542968995,4,0
0.26520236768172545,1.6629927078608828,35.29025124282571,1,0
0.24398964337908358,4.563422139932587,61.4103298546522,1,1
0.9730105547524456,1.966147366806727,36.06859622743099,4,0
0.3930977246667604,2.4170853088688626,79.29670843124589,5,1
0.8920465551771133,1.4213819379253327,69.03410373439311,12,0
0.6311386259972629,1.8894452189926811,49.511927479199755,7,0
0.7948113035416484,3.0768982831208205,58.92819661396772,14,0
0.5026370931051921,3.4310107323826102,75.56709081082045,4,0
0.5769038846263591,1.9814092566648442,57.704964019791305,10,0
0.4925176938188639,1.2309286369004688,38.72492431989776,14,0
0.1952429877980445,2.5641314765095946,48.93516777905796,12,0
0.7224521152615053,1.9368134837053366,72.15724325148727,1,0
0.2807723624408558,1.8782156929192078,62.210650799480895,11,1
0.02431596643145384,4.839451210853821,62.536219216690014,10,1
0.6454722959071678,3.4652019437028962,73.34107428442445,7,0
0.17711067940704894,3.2275137726883836,74.69865287312524,2,1
0.9404585843529143,2.6631004140932877,75.98962858897181,13,0
0.9539285770025874,2.715777333720577,34.74245966265781,11,0
0.9148643902204485,3.1636200153523233,57.20630009815504,2,0
0.3701587002554444,3.785719228144429,67.02547606091593,8,1
0.015456616528867428,3.8085843847273178,67.84634225635068,12,1
0.9283185625877254,1.6867756308217983,60.33581009850019,10,0
0.42818414831731433,3.000451008306508,38.339366759183704,10,0
0.9666548190436696,2.647832380136408,69.8710276970832,10,0
0.9636199770892528,4.482107865077537,66.00556667574729,5,0
0.8530094554673601,3.5256756848735056,34.30678857745181,10,0
0.2944488920695857,3.130016265663927,53.19049123371882,2,0
0.38509772860192526,1.4615785687156695,38.69886997609018,5,0
0.8511366715168569,3.422551557293646,46.873852285648596,8,0
0.31692200515627766,1.4688156227209337,30.904054610284273,6,0
0.1694927466860925,2.3488263022630083,50.01649342053791,3,0
0.5568012624583502,1.5713678592573275,57.49384605781052,8,0
0.936154774160781,3.7682945880974756,60.97912964135434,14,0
0.696029796674973,1.8250084553446104,63.17451725643551,9,0
0.570061170089365,2.567437492752104,71.814565655123,5,0
0.09717649377076854,4.582699110475115,40.7731453637865,13,0
0.6150072266991697,1.8172655335958812,36.0240911219234,2,0
0.9900538501042633,3.0312202558351165,72.57685859489628,2,0
0.14008401523652403,2.677086644664088,37.8306407446325,7,0
0.5183296523637367,1.072496164182919,78.73800406680976,1,0
0.8773730719279554,4.171032454291251,72.12691146993185,10,0
0.7407686177542044,1.276183625258399,55.04383029447996,12,0
0.697015740995268,2.8970200839078144,79.07107124610127,2,0
0.7024840839871093,3.2427131797557998,34.86883645540021,10,0
0.35949115121975517,3.5137058264583483,45.15328805875508,4,0
0.29359184426449336,3.7545265172315023,61.91122075203057,1,1
0.8093611554785136,2.0130895340908603,47.50034342365893,4,0
0.8101133946791808,1.0399151066337975,76.41862759903958,13,0
0.8670723185801037,3.893774649419648,33.281304408890875,12,0
0.9132405525564713,3.1426263973903144,57.47059160304823,11,0
0.5113423988609378,4.344470812828995,59.54331336975572,13,0
0.5015162946871996,4.285553451602777,62.63640618886121,10,0
0.7982951789667752,4.373304671151533,42.78331116659072,5,0
0.6499639307777652,2.9403786399181606,48.22832137599322,9,0
0.7019668772577033,2.3345135833474626,72.18402648324889,1,0
0.795792669436101,4.16623281036548,39.74713844850799,12,0
0.8900053418175663,2.8051764521170197,71.3433923586681,5,0
0.3379951568515358,1.733768785613738,58.13277114513712,2,0
0.375582952639944,4.419896078245897,68.1093755597041,9,1
0.093981939840869,4.530239507089389,65.68036831317357,6,1
0.578280140996174,2.8652390245606805,40.375574769243954,2,0
0.035942273796742086,1.3027989092391499,58.440636821693644,14,0
0.46559801813246016,2.551304359667725,73.38615764025462,3,0
0.5426446347075766,4.214150637850413,51.605811840096464,14,0
0.2865412521282844,4.607096114184914,78.32953851116584,8,1
0.5908332605690108,1.8138909699903834,52.610755005085906,1,0
0.03050024993904943,1.267894448101086,37.139281833394236,12,0
0.03734818874921442,4.509401812531355,49.47173400388366,3,0
0.8226005606596583,2.557619755915501,77.58512031952685,13,0
0.3601906414112629,3.167043857070253,45.986042466992714,10,0
0.12706051265188478,4.872263248203035,73.40490799335313,1,1
0.5222432600548044,1.2662589116568914,74.0625340840945,11,0
0.7699935530986108,3.5932720298083822,47.509326216598055,11,0
0.21582102749684318,1.2964216902994683,34.16288290253161,8,0
0.6228904758190003,2.5018757138660015,66.22789545794092,1,0
0.085347464993768,4.2152581807737874,45.575614950699304,13,0
0.0516817211686077,2.7338889310225376,69.14618071287862,5,1
0.531354631568148,4.988729415611802,52.13274241302166,4,0
0.5406351216101065,3.2362371397864087,54.26333711713108,7,0
0.6374299014982066,2.284648610543814,68.89547033742684,14,0
0.7260913337226615,1.8804453036190125,49.118166553081394,5,0
0.9758520794625346,2.4020821371446472,52.15636726614572,8,0
0.5163003483011953,2.4901330950382032,48.80952343848111,12,0
0.32295647294124596,1.274854710895844,48.367025763864,14,0
0.7951861947687037,2.4782967977070927,56.29732884507297,11,0
0.2708322512620742,2.8569540789568997,70.43997222505755,1,1
0.4389714207056361,3.8909510089552186,48.08841559612829,5,0
0.07845638134226596,3.626917938886432,56.21273602688683,4,0
0.02535074341545751,3.835062620916617,63.53636627213004,3,1
0.9626484146779251,1.0334547275074284,43.471972315182754,5,0
0.8359801205122058,1.8706695983221442,43.87614024511963,10,0
0.695974206093698,3.646737153599426,76.67065635117274,3,0
0.4089529444142699,2.9359574727189885,66.17672866655442,8,0
0.17329432007084578,1.0212539026733838,58.85933381116544,13,0
0.15643704267108605,4.21797856972729,62.3860027210306,3,1
0.25024289816459533,4.09123829316135,31.46497215517092,1,0
0.5492266647061205,3.1936766519742505,60.905148278084845,9,0
0.7145959227000623,1.2658533031050885,55.47544366121009,9,0
0.6601973767177313,4.066060198130339,57.287483988971786,6,0
0.27993389694594284,3.334854350925456,47.97119134154086,10,0
0.9548652806631941,4.127839908631836,34.07369488564709,1,0
0.7378969166957685,4.006987969583362,39.66696168060261,8,0
0.5543540525114007,4.212008287831349,77.53723566063358,2,0
0.6117207462343522,3.0720322656184993,50.4349781135467,9,0
0.4196000624277899,1.56129807277406,53.334157791543205,14,0
0.24773098950115746,3.6846298935187547,32.63548949267195,8,0
0.3559726786512616,3.4818951402078824,31.87831147719903,3,0
0.7578461104643691,3.9690127487963487,65.85907235233788,13,0
0.014393488629755868,1.6795240242029412,56.90473320605557,5,0
0.11607264050691624,1.7799007996011569,55.435299210813334,9,0
0.04600264202175275,4.561638068877314,42.15622652113343,13,0
0.040728802318970136,3.999911193808283,67.2375365814961,1,1
0.8554605840110072,4.632913954801292,38.411828955424596,9,0
0.7036578593800237,4.034861284655683,39.496737183051,4,0
0.4741738290873252,3.3886212239612075,53.035608567413774,4,0
0.09783416065100148,3.6165309481114947,44.31399310559705,4,0
0.49161587511683236,4.55651169576004,42.373149061657315,10,0
0.4734717707805657,3.315227018047762,62.26188222766658,12,0
0.17320186991001518,3.5295652973135496,62.54858726092723,9,1
0.43385164923797304,1.6259068640144023,71.22585348999647,14,0
0.39850473439737344,2.895684880464411,50.885428348648794,6,0
0.6158500980522165,3.865588447832396,33.65425455130751,11,0
0.6350936508676438,2.0837707932654617,43.683319246072884,8,0
0.04530400977204452,1.8090167220981397,79.00027315984084,12,1
0.3746126146264712,2.255307232897662,59.812928761635106,14,0
0.6258599157142364,1.9660025119713338,65.48685424005102,4,0
0.5031362585800877,1.8596505481455834,30.36789148127073,3,0
0.8564898411883223,2.6994033714723478,55.91028660912605,14,0
0.658693631618945,4.631354055534136,31.876432876590155,1,0
0.1629344270814297,3.028238586954873,58.461510604572396,10,0
0.07056874740042984,1.7516815232612921,76.03854248180377,7,1
0.6424192782063156,1.3078866775234963,78.42095652502039,4,0
0.026511310541621813,3.784624580551701,57.02763376944621,14,0
0.5857755812734633,2.5311950577455513,52.9102402626108,8,0
0.9402302414249576,4.287323786341437,77.2508547124247,14,0
0.575474177875879,3.6380430745630807,63.68049159983475,3,0
0.3881699262065219,4.184965802165474,33.244963976920474,1,0
0.6432882184423532,2.087784157673795,53.28627888337488,5,0
0.45825289049151663,3.7694356898442325,42.01225092321519,14,0
0.5456167893159349,2.056247938774875,53.49021607243408,2,0
0.9414648087765252,4.756273917801167,52.773278600318086,3,0
0.38610263780077425,3.5454971261334975,59.107240140737105,14,0
0.9611905638239142,2.2980472007013684,47.83852451746256,6,0
0.9053506419560637,2.0780474491690906,38.2135224727964,3,0
0.19579113478929644,1.763706340286574,55.185971729497815,3,0
0.06936130087516545,3.778563835574911,71.5101442172881,12,1
0.10077800137742665,1.8748624519917092,63.200611403380115,6,1
0.018221825651549728,3.3812130637099562,46.91839329626079,5,0
0.0944429607559284,2.0585401077014294,76.77615113794286,10,1
0.6830067734163568,3.6478757791754743,75.61037856245912,9,0
0.07118864846022899,4.259758914162157,40.46741996920494,1,0
0.3189756302937613,4.112100972578613,31.970879256018147,13,0
0.8448753109694546,4.043405323723126,67.06543541753811,3,0
0.023271935735825866,1.7508896227690083,71.38051306745766,3,1
0.8144684825889358,1.3535397879380748,78.39322829756776,11,0
0.28185477477339993,3.7957953139495424,74.49181970441553,6,1
0.11816482762165625,2.4733888551774053,60.026738410320746,8,1
0.6967371653641506,2.729384905613389,56.50261696061904,3,0
0.628942846779884,1.1245963711735643,31.392052563129315,3,0
0.877472013527053,2.0383057971001968,42.33282234223889,6,0
0.7350710438038858,1.134705615497856,52.98073758664632,8,0
0.8034809303848486,4.51674309040499,61.42519500417839,6,0
0.2820345725713065,1.973586732874122,57.86259166592053,13,0
0.17743954377972282,3.229348678292032,67.13179948408452,12,1
0.7506147516408583,1.1559172826445216,43.98834654435204,14,0
0.806834739267264,3.6673895652226323,58.24763038262366,10,0
0.9905051420006733,2.2921093830163755,34.40711216953961,3,0
0.4126176769114265,4.591676747830663,50.683276179160345,4,0
0.37201808579278317,4.552472755736144,67.50804164773005,1,1
0.7764129607419968,2.301162473446991,64.6700426714522,13,0
0.34080354025301784,4.603843582761872,79.53213685860895,8,1
0.9307573256035647,4.984630693995115,43.8945562993878,4,0
0.8584127518430118,4.301662656495792,54.90946495869896,6,0
0.42899402737501835,4.379485391020916,46.476520688699836,11,0
0.7508710677914974,1.9960349444363596,52.03015570295874,3,0
0.7545428740846823,3.3068095954310253,72.84750649346941,11,0
0.10312386883593261,1.2690236558694714,64.21045375942433,12,1
0.9025529066795667,1.3796717472866789,74.12205956737908,11,0
0.5052523724478571,4.995570448133162,40.17555541659432,6,0
0.8264574661077416,2.3065569977036438,73.66805589207189,12,0
0.32004960103061175,3.9927356481953855,32.98811370891922,11,0
0.8955232284962005,4.226660212107266,74.42996402185761,9,0
0.3892016787341631,4.432093084028917,46.45368897303639,9,0
0.01083765148029836,4.990513189608626,45.729381670703326,10,0
0.9053819764192637,1.9659859410274714,55.604428834933195,3,0
0.09128667678613356,1.1614033074387988,77.03450938616159,3,1
0.31931363759041487,2.644766071978344,32.389068234070265,4,0
0.9500619670508049,1.5203226793157878,47.611548753537264,12,0
0.9506071469375561,1.0897035566482205,72.82859943416679,7,0
0.5734378881232861,2.4417073085659444,49.80272387177334,3,0
0.6318372121697993,4.134953004300946,39.957844879853354,10,0
0.44844552197831977,3.2647227649002835,51.23970906657059,8,0
0.29321077169806453,2.251111956841416,49.27762507458347,11,0
0.32866454536991596,3.617368021970879,75.77081007333517,8,1
0.6725184560770384,1.9280727212352429,68.09671878715486,6,0
0.75237452943768,1.05752578428834,55.255777787200316,4,0
0.7915790437258485,4.0574135457457094,79.41852833607855,11,0
0.7896181427945539,3.4949723394560364,53.26387656379617,12,0
0.09120610304869037,4.0492104980038395,32.91189154101376,11,0
0.49442030470258147,1.1557520667506624,43.11371609074924,5,0
0.057558760016644284,4.348478511322609,51.80352401096563,12,0
0.5495288823237355,3.4781048001452133,37.845131207306004,2,0
0.441530501373377,3.2535814028505605,77.37825631620214,13,0
0.8877041827582998,3.4984561924581263,68.34244489088866,6,0
0.3509150125520787,4.457732987473456,43.41436002138863,3,0
0.11706701642760586,3.3477460262356282,59.540226675895795,6,0
0.14299168205283586,3.3238015195527173,66.0724578554786,12,1
0.7615106317174722,4.962716628263063,77.0639464453399,5,0
0.6182180633162611,4.026920668274272,74.08176745877054,14,0
0.10112267612279024,2.769175221804541,55.759611306910685,2,0
0.08410680611499743,3.829588000131711,68.73263098965089,12,1
0.70096913145912,2.556921886767154,58.107237691379254,13,0
0.07276300636419353,1.915501849933996,57.635194502277,14,0
0.8218600592903562,3.3874075075510377,35.7370979169096,5,0
0.7062422271564962,4.712728392455806,36.3068829008076,5,0
0.08134878064189976,4.716558080061851,56.47668075112287,14,0
0.08483771408519192,2.3676211124219613,43.44307724895033,9,0
0.9866395785011755,3.11070986488678,31.051845123023433,11,0
0.3742707957561203,1.8465435942794448,66.14196019501061,8,1
0.3706421470668909,4.982524437995534,31.62432983450825,12,0
0.8127995672575026,4.924471631471743,59.76384205520273,12,0
0.9472485773838587,3.5980357188297893,56.95968970636572,7,0
0.9860010638228709,4.2176562387098935,78.44073452889023,12,0
0.7533781852589416,3.8604006451348,54.21065696738208,13,0
0.37625958553091576,3.3726328761578728,33.18007181888987,14,0
0.08350071669866876,1.2133919879555908,57.58439839032309,3,0
0.7771469159274368,2.8190573702106443,72.05480853080508,10,0
0.558404249735805,3.699145208669642,79.842464214072,4,0
0.4242220092469763,3.7101264555347386,51.51715868445362,6,0
0.906354385094736,2.4924904736895344,46.014937124837125,3,0
0.11119748230615134,4.766767946632122,75.33266484759994,11,1
0.49262510429085915,1.669428128947124,39.56210645380607,9,0
0.011353644767419069,3.0014377848622424,60.77144575164633,8,1
0.46866064199412627,3.763535906203291,50.28572120904738,6,0
0.05630327568183735,3.788543223567237,32.054118247777765,4,0
0.11881791626807192,3.5945558270752622,47.364423715284886,7,0
0.11752624677710488,2.1011528538074407,43.26142612513373,13,0
0.6492103021160636,1.6248262747464879,64.30455769717435,11,0
0.7460448792654233,3.5437613073068435,77.4395248845959,3,0
0.5833687650971596,3.397208464557751,43.40235936893189,10,0
0.9621725484745419,1.717424041156964,70.57329695758409,8,0
0.37487057952370406,3.8205565822822534,32.767990846920476,1,0
0.28571208628186073,2.8206879669346256,56.90605050199066,3,0
0.8685991281894603,3.6710423664126117,33.52750318549473,11,0
0.22359583851945264,4.349468319080603,76.70164955653198,5,1
0.9632225394406113,1.6789137143076927,68.31756402786951,5,0
0.012154474689816341,1.0765794719873467,62.897495560229615,10,1
0.969878826707639,4.116410345583147,71.19481908123322,14,0
0.04315991195057611,3.4387897006104637,62.375989778508156,2,1
0.8911431136980711,3.798558278488487,78.44721985871456,10,0
0.5277011090862999,4.35261989995457,65.69789739323858,8,0
0.9929647961193003,4.211243739298002,76.23293047911234,5,0
0.07379656473539886,4.843680587715299,55.856594600531906,7,0
0.5538542844013208,3.143740315408473,35.85322064909313,7,0
0.969302535619099,2.9539825306396215,56.40888607115086,14,0
0.5230978441701488,2.6075487995629203,36.34364140315466,5,0
0.6293986381352625,1.6147641713768182,59.62467395882025,8,0
0.6957486889846172,3.2904289315280897,54.12465302638314,9,0
0.45454106476777323,2.108050097303915,61.12876989163908,4,0
0.6275580800840634,4.685230048851902,30.50234905274158,4,0
0.5843143119231002,3.3327632171083903,39.74202458276821,8,0
0.901158010490989,3.3713607220324406,54.566521595606545,1,0
0.04544638034145787,2.41969864350804,77.52517807945674,4,1
0.2809631895922303,1.20795740791083,49.18045201775792,6,0
0.9504114840765587,1.1269750614919545,51.21860130268173,13,0
0.8902637838909163,2.69334057661279,65.73480445033111,4,0
0.45565675278571294,1.3382615123889514,60.1896378643059,6,0
0.6201325978015367,3.4273878221605565,44.94630750491666,5,0
0.2773811829811327,4.52389202255863,50.540819778371386,14,0
0.1881211597237613,4.531659266074889,40.88498994286162,9,0
0.46369840493998216,3.6361816405289296,78.30107295651042,10,0
0.3533522280260528,1.844927325891724,36.53171907786799,9,0
0.5836561118508721,4.451987325435488,48.59183922832097,4,0
0.07773463696498484,4.544373741252833,31.29194861100056,13,0
0.9743948076661665,1.7866143398118348,41.08897459667732,14,0
0.9862107444796029,3.949704343082709,69.02355691900775,4,0
0.6981617140197451,2.146078195708492,40.05876161444397,12,0
0.5360963663441204,4.210561249411718,34.00317012644828,8,0
0.30952761628632774,4.988951599614411,53.722658992226165,10,0
0.8137950197069487,1.1201040213175713,30.498461736725925,4,0
0.6847311725538793,4.589463463163728,34.23830772131666,2,0
0.1626169393448913,3.490522134394632,70.38129347814876,13,1
0.9109271844938425,4.893530476659285,68.57366724298032,13,0
0.822537242923169,2.8600380701057104,75.7569410202448,14,0
0.949799913291924,4.3895517222854945,72.72577179553747,2,0
0.72571950838836,1.249576274393109,64.15877816199091,1,0
0.6134151959357899,2.341116200313183,32.61664286503314,5,0
0.4182430362906189,1.2680661510048399,69.14243089933288,6,0
0.9327284833540133,4.901372533916282,72.27554054202803,9,0
0.8660638895004084,4.267895629087347,69.95410728859773,5,0
0.04521867010618941,4.410189684983882,55.4239517654013,13,0
0.026366974497252005,4.751860925735577,41.64509193247408,6,0
0.3764633668780496,1.3404139444791414,72.26649878443634,6,1
0.8105533307818329,2.5423903700533335,66.35814048700692,3,0
0.9872761293149445,1.2841395561760085,79.03805871944257,12,0
0.15041689110352818,1.8431724062001145,37.78462988779665,4,0
0.5941307153521351,1.9174631081506894,41.28322915260275,1,0
0.3808908566310215,2.8764288441903147,40.589907494075135,4,0
0.9699143978146032,2.0742486698145703,69.62698838106684,1,0
0.8421189231357087,1.4039124272710444,39.34536482250591,5,0
0.8383287047111379,1.6699643563764308,33.3329914911653,11,0
0.4686931597949703,1.5891022542083637,79.92804032928143,11,0
0.4148195023376652,4.892307191649193,31.240860572257457,8,0
0.27340707193070624,4.037170027673895,71.76220300794328,8,1
0.056375496650927115,4.871045861078247,48.26834207753264,5,0
0.8647223762550532,2.758961946031634,72.08077298789075,14,0
0.8129010091300776,2.1134739266506264,57.731024560557245,10,0
0.9997176732861306,4.193172788836747,75.08156147431801,2,0
0.9966368370739054,2.305015672164587,76.30964932073132,12,0
0.5554317056026274,2.197533494821393,30.4549090640388,6,0
0.7689874151805105,1.9300239688313248,33.77060879963941,1,0
0.944765729882428,1.5187159128969414,42.51793647854277,7,0
0.8496473906774115,2.025852244067064,63.46577081817508,11,0
0.24734810174319766,2.421278993895551,74.41360982557529,4,1
0.4505441353100935,3.6959768325829216,52.99709756469814,5,0
0.12915941515149498,1.2502593688778063,60.34865581371327,6,1
0.9540510272587224,1.8420277586613718,39.424992639778054,11,0
0.60617463445088,4.236094561166706,70.24834169408427,1,0
0.22864280550346272,1.587687694335083,78.3664055676735,9,1
0.6717006844058567,2.370580586090086,43.42994664572987,10,0
0.6181282404578958,4.45863568743256,54.741297580027314,4,0
0.3581627180328405,1.6197012445737706,34.30580552531869,8,0
0.11355759219962902,1.3309473424727596,57.95683282314842,5,0
0.6715731955927996,2.9381519803200433,55.13917209233403,11,0
0.5203077009037933,2.2096780451141456,37.22182420775388,8,0
0.7723183917356393,3.2536334579354165,52.103310655903755,1,0
0.5201635011119934,4.215219561933901,46.70523260432816,8,0
0.8521815003185401,1.5485939526109727,56.091543765259466,11,0
0.5519068387744855,3.32279633821714,59.28271677143996,13,0
0.5609379715353863,3.0220350415594557,30.424778930360475,11,0
0.876653602658345,1.5763151440527983,68.05029914747777,4,0
0.40348286621239704,3.4959939421159296,65.65071459308703,2,0
0.13401522845064073,2.0945616714430866,48.31431931032611,11,0
0.028782676313338973,2.95133727417605,32.646796778440915,6,0
0.755137255673619,1.3290892971082475,67.74662698925252,2,0
0.6203095513534647,2.838336228854492,77.75875802390662,5,0
0.7040797680992236,2.2258538721712813,42.00757980110071,2,0
0.21296416150891073,4.289524844741417,46.176230686851895,3,0
0.13637147558676976,1.2279149079894731,39.190644474090746,11,0
0.014544665667881929,2.6744290996733198,58.84680616724198,6,0
0.350587558806597,2.833725696525752,37.74206973237275,1,0
0.5899176868546331,3.900024305196475,47.80969717306897,6,0
0.3922440450997323,3.297150300360844,64.85065069671315,3,1
0.43747492202372906,3.668849348776724,58.005799150467425,7,0
0.9041586944937484,4.1081971426070245,49.32312821639676,2,0
0.34825546702330035,4.448811894632755,51.012480090377096,14,0
0.5139894891598108,2.255501986889882,58.10554413116148,6,0
0.7836530127411431,3.152090821455612,30.293236394358065,8,0
0.39654278232127016,4.3604323137567995,33.92549342268049,1,0
0.6220867002278735,4.957804523860226,74.06290338815057,11,0
0.8623637087467452,4.5580772441750526,33.893949454564535,11,0
0.9495206236576421,2.485869050497507,65.34017981052526,13,0
0.14707348092903794,1.7806660688746017,76.00190820545262,9,1
0.9265876251614944,2.957570149626355,43.53418021508656,5,0
0.4921162930795382,3.966565807344169,48.52457185297571,5,0
0.25824438829895835,2.9702762830131904,58.44607029223582,13,0
0.4591357562382613,2.932723453254674,74.08544848192923,12,0
0.980032575285477,4.352921684327202,77.095279363021,5,0
0.4926180939928696,2.4456151162687454,66.97816240556341,6,0
0.3287516102875082,4.4391786992465825,34.3309880427347,2,0
0.6334008543167258,2.627219203806894,63.45770777674254,6,0
0.24014561877819307,2.3129324227133576,50.515186093633105,14,0
0.07586332810866392,2.815959644798796,53.535049974553075,11,0
0.12887972191064923,4.049787834699474,32.45741951725885,4,0
0.12804583895777244,1.5040081114559771,39.55310696731791,8,0
0.15190269351229435,1.7856768634880695,69.52568037668239,13,1
0.13882717264941014,4.805779302652368,52.697941652392984,11,0
0.6408747448032146,1.7019665095254295,45.083112081557445,9,0
0.18188008439914483,3.2709092717242183,49.20095369824791,9,0
0.3456672833238632,3.3172578666477515,72.719975666284,8,1
0.8967884099060118,2.958497848200979,67.44995087024785,3,0
0.47396164026287235,3.5789809943072743,43.61576985905414,10,0
0.6675577385210272,1.9193069031904737,35.875092010618665,11,0
0.17231987120162984,3.210649071106993,42.59991108220358,11,0
0.19228901880867078,2.4886930209875886,76.03782255273669,4,1
0.04086861626647886,3.646669038516756,59.079441892487765,1,0
0.16893506307216455,1.5648941734925979,56.67401043723915,9,0
0.2785903390319586,3.283509667357905,59.81967998462308,5,0
0.17701048427674682,1.7410814215332948,48.30141328732576,6,0
0.08870253375705561,2.1145722524601456,70.35535101597563,3,1
0.12063587110060081,1.874839201294333,56.164312465012486,11,0
0.46077876803272577,1.7313511194752684,35.837395138439774,10,0
0.2063337184057925,4.302843806242668,36.45325624145315,8,0
0.36426986104807546,2.1428302706435614,56.84295732513092,7,0
0.5034172708548569,4.708495127457797,76.82851090354197,1,0
0.6903948286293653,4.879706101380764,45.417606083809936,10,0
0.039312139841098936,3.2850418797483893,73.47705844296092,12,1
0.7994103989090426,1.5720044906629056,68.20477932894397,5,0
0.6279003894909078,2.498192973518325,42.39062214534535,10,0
0.08175903194887191,4.190929053392856,31.817037415812123,9,0
0.8735786241067772,2.469562914788282,35.09236325711914,12,0
0.9208724005318132,1.348068873211155,66.42469669237201,11,0
0.06107795985486375,3.2271396437127517,39.98348690203233,12,0
0.2768776481472037,4.380483405984139,48.56354602526969,6,0
0.8062012797930613,4.183705548574009,55.08495830032124,8,0
0.7482596903836584,1.700492560521413,66.27340842250814,10,0
0.18452101935637732,3.691058457649867,35.66156116295627,1,0
0.2093493233367103,1.8820170537425884,50.318320263873076,10,0
0.370472102791382,1.872830138208689,54.253645457134766,11,0
0.4845229851910213,4.49628709322074,57.041353198576985,7,0
0.618254771530296,1.9986758109609206,70.91803206976084,3,0
0.3689136395697724,2.0529893860720447,38.58390975216085,9,0
0.4625347161331479,1.0026135630451982,70.39157259133111,6,0
0.7474709381337565,4.482676136502071,64.64392138483261,5,0
0.0366832028905979,4.170379252836539,57.79354070994796,8,0
0.25243694434402075,3.509315740362712,64.9763935201286,8,1
0.7133495858845524,4.001063055755369,50.60088694758282,12,0
0.8952068376871993,1.6081942696979672,36.91987929840623,12,0
0.5116774421156661,2.8332943783503017,63.288262013268366,3,0
0.5321134852653157,2.4048775493951235,56.23361533428111,2,0
0.10717201133977605,1.375106105028066,61.96874002713878,2,1
0.44741236682345464,2.9445219408596963,46.8999390514245,14,0
0.5326172664550232,4.682958601370542,75.3433288669918,5,0
0.24247050363472966,1.160236476202778,59.36849342877885,10,0
0.26924323094938096,2.1658436539751755,34.27012421454369,12,0
0.37728416310462265,1.8301637448228139,52.490199535221436,7,0
0.02007119777772637,1.9525866146627853,67.81780273718172,8,1
0.3220791655831783,4.633738207517501,69.70672808661362,10,1
0.21144800699654465,2.8722762169371605,54.729852638187936,8,0
0.32749735217791465,2.865197651759275,74.73737854156505,13,1
0.11976213181925122,4.042302569821129,43.38342185971488,12,0
0.890527280739895,1.6179688160197032,50.52993486191333,8,0
0.5935924535540487,2.949061416400203,74.92984552844851,10,0
0.6791023191444896,2.719940856484239,74.81283582357895,12,0
0.7891712386073383,3.3876427621866245,64.28563844123404,11,0
0.4984421989290573,4.998230813001754,72.949027356111,3,0
0.08692028808742369,4.077795576328189,34.438663347811634,14,0
0.5371065418185478,2.5914628120697087,73.24974881038881,11,0
0.5868411180208791,4.310212209096187,46.030995327511334,2,0
0.74543947418433,1.6828334532499207,38.916575621410814,13,0
0.4316595462296794,1.1218547452358405,41.96849181710232,4,0
0.12758030279556376,1.8177934898570922,50.89842540069435,1,0
0.28377590579872447,2.3616462244570386,42.55960023022336,3,0
0.3630822963986351,3.0423230298382395,46.02837930082495,11,0
0.6459172413316012,3.4605165621647993,36.7489243035821,9,0
0.5707783046689119,4.642422868857687,44.808838277949924,7,0
0.35609672589784624,3.0394160382018307,58.61419072710006,7,0
0.9865152487929797,3.0051025785029175,52.092685404553194,1,0
0.6057748193568872,1.2009720392919285,47.33593806179556,7,0
0.23722679173599448,1.1396462106248952,67.3226064428557,10,1
0.10178247262040374,3.2046398476654883,74.6754985696659,7,1
0.15285913918433203,2.752714452993378,67.83946114511986,4,1
0.24595772838450813,4.356721579921194,46.60003510588396,7,0
0.16068137325955567,1.6427183388473807,67.22210839187768,8,1
0.18656702405130576,1.0998866484681984,37.59900912370256,3,0
0.2850951686938471,2.7961550717205035,36.51589940456454,13,0
0.17337359529475482,1.94991422700903,47.28135185180795,10,0
0.8967654246264252,1.1984574933553498,70.38511845220285,2,0
0.08023374566164221,3.898393147390516,42.31741236211509,7,0
0.5245113895702547,1.44637199982899,33.16267044493398,5,0
0.4103968269896615,3.4332780000310867,36.58547676031775,5,0
0.9823786169086064,2.1241990006675566,72.93724842647902,14,0
0.11203890216805235,1.693984201420088,61.68916423736438,5,1
0.39785559904574164,2.51900609167727,42.660058168498836,7,0
0.9694704332753689,4.205783104891815,57.76479126640906,9,0
0.8655071258939803,2.5683743076182908,56.378981121267515,11,0
0.8170720709492799,4.003078596844222,62.771798922033064,8,0
0.25790282704493983,1.5019451871966027,41.659377721080816,6,0
0.17088758739006582,4.091085678660317,73.22014935971988,7,1
0.668643219924431,1.9477332996265946,45.468428104000644,9,0
0.9293759891275858,3.709572519555491,64.70658269881184,14,0
0.5567628930139298,3.2631262193639854,30.806232318610746,11,0
0.5716126894698998,4.716578868846749,48.63285649470736,6,0
0.2799790936602842,2.549290071901256,47.58549089794042,1,0
0.7694929331919369,1.2646607553377618,57.17422142915072,4,0
0.18704374855752337,1.0766219422050116,33.636813088859824,8,0
0.3236792364042437,4.307434243891013,69.50656868630541,7,1
0.4254364386164168,3.0989425506457287,40.88904008837842,3,0
0.507610378684455,4.100976207339797,63.85189074410051,10,0
0.24240973241508024,1.9377024000460588,70.16060616220466,3,1
0.11483682473920354,2.380334982052935,58.09384781207565,11,0
0.6106200424416326,1.1204154888452758,67.04416033609928,3,0
0.28863055324025577,4.845969298296449,63.09301561075028,12,1
0.5812382214226123,3.6714716268032537,47.77648985760038,1,0
0.1543627152742023,4.732820351037224,70.44292695167826,10,1
0.4811401018548175,2.0619856297162893,44.7350684942764,1,0
0.5325894325515859,3.4458544449026434,58.56064588757586,6,0
0.05182353682242691,3.7139998731705512,67.26988695707698,14,1
0.3366042781939206,2.2701988010303538,48.94779549062538,14,0
0.13441467693897424,4.39243694006252,45.138380380871254,1,0
0.06337497047276774,4.788645851600991,52.96730050864114,5,0
0.9899602323899452,4.539420470784018,70.89817471745768,4,0
0.32235384497472297,3.95626790375749,76.49608815728324,5,1
0.8098744458546349,2.109858718899816,57.25417064299451,7,0
0.25464065476376385,2.126464168422527,63.073310266182595,6,1
0.6815027222239293,4.853441281784152,75.1636811119457,12,0
0.7602278598896866,1.0411379837427681,34.92734257064712,9,0
0.5956387406078443,3.864199892968578,41.60392889330825,6,0
0.47157618855015837,3.8249846502210487,65.44500031257913,9,0
0.41184091414726853,3.49075816379919,71.18722309561498,4,0
0.3488682665429953,4.960435384347463,72.8514514165289,1,1
0.9295291442478258,2.247517743054901,50.75535884274663,1,0
0.8306194077877291,2.3598874551729927,34.466995114593345,10,0
0.9650269106665126,1.3157576117862222,51.889073864981,7,0
0.12429722348554473,2.77119254617495,41.536729510352686,13,0
0.7308674752036443,2.0441941049393924,44.55982274983121,13,0
0.9383404568210378,2.373546808710577,68.61337784187529,13,0
0.18123306616566015,4.33828716102251,33.77635430129435,3,0
0.0664962673667775,4.741938054109983,71.3790608740351,2,1
0.741120649290059,1.7429322880207425,51.38345429120845,14,0
0.5744731131799119,2.4900357262138635,59.80319655502976,6,0
0.8418287767582721,4.714522248461576,34.48261156178395,6,0
0.1397723766262895,1.2472338427568905,46.867953917863986,13,0
0.7952673118598902,1.369442112445514,34.48504595074229,7,0
0.20162732004774453,1.6511639568249175,78.07718614405547,5,1
0.1636559428657045,3.380851336507499,70.36308246631252,8,1
0.16426579793099294,1.6018890840239899,52.98163771782301,7,0
0.8145747202313821,4.872305525802934,41.18012741618355,2,0
0.6651972206962001,2.7868581090340814,76.67275526249261,1,0
0.5230654247691193,3.0060718414006655,47.22982978634859,13,0
0.3588304841235025,1.986634463221626,38.04922158436874,14,0
0.8772005408131083,2.883841009738934,58.15821942269774,9,0
0.3924451074226354,3.647654530548046,77.1887060172408,5,1
0.8165994394715771,4.004708547816171,30.191514525016128,12,0
0.4391349085702184,4.015472330839652,41.90624216269994,11,0
0.3769444294249076,3.3115644507763533,76.92238202052039,5,1
0.46267978566960644,4.617439099975429,38.554298342858104,12,0
0.3013778741641421,4.269631389224438,35.662172581990994,10,0
0.7476093801762511,4.028192458794502,58.509360789990225,4,0
0.5027203900924792,1.2224220867218425,73.0921911647415,2,0
0.2322126951468173,1.0275118488785973,53.85549088469631,5,0
0.8995745732745685,1.8497891087818918,79.72821283422624,2,0
0.3838912213732114,3.654094375653809,63.958584976899644,12,1
0.5435528611139886,2.6447899555301833,33.70374536052239,7,0
0.9064721109645469,2.609625037197247,79.64160658409877,11,0
0.6242379959139921,4.538347552918455,50.39471183900952,9,0
0.11689804070836407,4.582251392527355,44.37012669227413,9,0
0.9398321236134751,4.636701056214343,57.89395917889428,11,0
0.6277080530714179,2.255512306060109,45.21537959104322,6,0
0.3349056146570861,3.764223250957047,34.322875356007614,1,0
0.13927207266338726,2.0865327250974786,30.071417153958837,13,0
0.794025189270296,1.7624393322977991,52.47916764601311,6,0
0.6200727559285135,1.7385298293894769,71.84317111132961,5,0
0.5334610919763215,2.368430483454376,58.61575928150383,4,0
0.8938925830509576,2.719830479119287,79.96036494717204,12,0
0.7885972112245307,4.323796684220273,44.34233228236,6,0
0.15167487973275118,1.4795643738908484,44.022753238002764,6,0
0.31172206779554823,3.9397033895795768,37.98747301169721,14,0
0.24848913981446574,3.1258196567572214,38.20317941326676,6,0
0.743946292572677,2.15178137070397,44.25932980050239,2,0
0.03353243473577938,2.9712783381312984,69.64200226367636,14,1
0.5698896848713165,2.1997682791080906,75.28783953182239,7,0
0.7624586857406905,3.384327820953224,78.75435848538407,14,0
0.8767656367617495,2.735375691420977,41.614482704822635,4,0
0.34208174871590746,1.657622116315515,74.0648772807046,13,1
0.8212573046720129,1.4663322982227869,46.412754463866854,12,0
0.11063173695520723,3.1867827282885206,35.64202722584422,9,0
0.8464522917345182,4.609652133144413,73.50124627600829,10,0
0.12748866233198242,2.375830746230742,61.80528173218093,2,1
0.39728729056036727,3.932000428890493,38.23654480405308,5,0
0.7972953657795536,3.634645419759068,51.49156287565013,14,0
0.14991742734877378,4.726219657237924,44.362884743853385,4,0
0.22925139523264149,4.283924069196564,66.83972843550984,9,1
0.7222525683930663,3.266421035621852,52.6708115312134,4,0
0.7200365365460744,3.6281219929364292,79.46399725531924,8,0
0.6411476328852973,4.5935458663361395,32.737249112979754,8,0
0.6939484444671,2.598075138347739,47.75076330681233,6,0
0.5427244433475962,2.3071788234311095,54.09500835549887,6,0
0.25179905890695276,1.0432443345407854,55.15667773741599,11,0
0.34569599350391944,4.306204296765857,45.796791119281835,8,0
0.18159771680142567,4.2039228016134595,66.46201245487839,12,1
0.9084505613336283,1.4178180724006055,73.73735367444874,13,0
0.5833917947661205,3.307429524530801,76.93596509889315,12,0
0.4008514167636399,2.8559267926675496,70.25466883997632,10,0
0.4620058036441327,1.4748363820364458,72.52900986532997,9,0
0.9472833396118153,4.922272908242894,57.52726503099977,5,0
0.1533514031160802,1.8587835498534218,71.29441132134073,11,1
0.5862298320167972,1.2689367203622446,45.17519545739761,1,0
0.505888678884466,3.3793895180076383,49.92393810546072,1,0
0.6114542354346478,3.9554667085321307,45.845650690927215,2,0
0.01811018382084051,1.1297737841887479,53.369366772396276,10,0
0.8721239089441515,3.6348705549080886,44.27898081193182,10,0
0.9321182824836124,3.1291675038058178,78.08057211272234,5,0
0.5651331835892089,1.4130600355001937,45.64223140028341,4,0
0.6966508238768923,1.6900955077854483,34.90222690554699,1,0
0.9224993811772957,3.271897189264322,56.34085830252067,4,0
0.7072386343133986,2.1854304540531535,32.854953922258815,4,0
0.15253904291426135,4.753262914605264,35.52715831542903,10,0
0.5762883601668132,4.274960917936204,40.969469459812316,4,0
0.6067150463828559,4.934268826054652,53.21751249410708,1,0
0.424130671302386,2.038683355801656,51.66254661545139,9,0
0.7364442356247228,4.878894531191908,69.98459310013956,14,0
0.9343670147690148,2.7249354791662315,66.97373269420567,3,0
0.9255685129067763,2.3900751812550185,51.315914699535064,13,0
0.4508393714041321,1.201398107877413,46.68521037878149,4,0
0.11323804584075525,1.2110610314384105,45.823439203074926,5,0
0.9848411989623346,3.7680450237866188,68.69975436470045,13,0
0.8388980864459341,2.8317159777361116,32.60362031106349,13,0
0.12466268120326685,1.9060865041444228,30.64108247553029,7,0
0.9208418826173723,3.4558812253009306,69.7772195963324,6,0
0.8698963620621283,2.0114324730004447,53.857318799452464,5,0
0.5188380571260721,3.3105270173776904,36.544056927678795,8,0
0.5912754357449292,2.4368349879307614,41.778296729725064,14,0
0.39900270387013026,4.294208906447276,76.62519765486913,1,1
0.05476163882203133,4.282784643067117,72.9751487812449,7,1
0.3351972416459009,2.9094015924896053,65.48925251119863,12,1
0.8028534485980114,2.4032764373400624,54.11126151686633,6,0
0.004632023004602859,2.450239186236378,56.01618130956929,11,0
0.3334991716911442,4.2228581026728715,78.76222676419793,5,1
0.3981686935909433,2.312717931190448,78.28852219421435,7,1
0.5373956029379229,1.836237494827384,40.76345228929171,3,0
0.9198556164127605,1.3387533675012273,70.55522831526591,1,0
0.34634599436596125,2.8667724835376336,39.86213330835084,9,0
0.3469532018962277,2.9285283956793675,40.67687389419757,2,0
0.7375012481097484,4.363634841611629,63.80465170822884,13,0
0.45221794088980716,1.884954785784256,50.25005492937742,10,0
0.22460482293998196,2.5239650946735996,76.577220355326,3,1
0.4524395161326934,4.233622955574764,34.45048674480044,8,0
0.14085702037979986,4.2944944429958944,55.57628204047465,12,0
0.1763869865062233,2.538444303915073,75.92607652215605,10,1
0.49836777273947974,2.8364960931467236,75.20568302397525,9,0
0.4189254495045479,2.2131435633971317,37.82646067078706,13,0
0.9148459010681,4.730219513677248,48.33188500482282,3,0
0.3623938991166331,1.4745750629663212,60.95607000233481,6,1
0.5805883502780435,4.73499769200588,37.96974423857011,7,0
0.6322642879195304,3.735465807341373,78.40110860228694,1,0
0.013094456588333636,3.1262886107469248,75.73746643638302,14,1
0.6635373720167106,1.1306362431379835,38.347508951723455,7,0
0.17803596686975143,2.902384767288033,36.05777306304927,4,0
0.9610703174694551,2.630992420010929,34.27042414041327,5,0
0.14866272775311296,1.6448752479004902,75.47218320183156,8,1
0.41462412372702373,3.6256384140026277,39.68119048977304,4,0
0.08534966807864386,4.884603629473143,50.81424642721774,4,0
0.9968742518459474,3.2487552442581005,52.44256828260015,8,0
0.5021950103312426,3.8590131057757833,59.95055221067838,5,0
0.5953850173200438,1.2738018102640671,33.58676718737125,13,0
0.06707647738842748,2.670667983267979,41.3379308700258,6,0
0.7499604703991778,1.4654339406579835,76.5745193459463,12,0
0.20990559309558576,3.4511833421460416,75.42050536342848,11,1
0.8980542894407137,4.753928632856619,69.06453237028461,14,0
0.20513964048200717,3.647110929886554,30.97006228091077,5,0
0.19068772066366657,1.3072121932576861,46.3503384248051,1,0
0.03654966784809488,2.4186648199403313,61.39793676714539,7,1
0.47206694510999925,3.202653517763406,43.759510588673784,6,0
0.5648411332626164,2.612831024533009,75.47933475268886,2,0
0.06570863942835237,4.334576041900689,61.69447309162209,11,1
0.7755276166950106,4.258684018839957,33.59533586582228,7,0
0.4532888347480276,3.4473240804128857,75.45027944178514,6,0
0.52439026932758,2.493831780530821,77.88833290881112,5,0
0.44076274693822814,2.0213454950529766,33.88562091958627,8,0
0.400763060875326,1.4234972728525173,56.61801174306574,5,0
0.5596403313082179,2.419590733946216,45.16821411070852,11,0
0.1552402459307125,2.652690068830878,49.641953824070114,2,0
0.18192813049527112,3.7032917004162944,38.982560897767094,6,0
0.8617856210135173,3.632639297190294,58.903605100620624,14,0
0.9461154621336327,1.2804325585650278,77.89896766244453,12,0
0.37330931627975295,2.581037261724631,55.153630013580454,1,0
0.27074467314355377,1.7271154688694477,34.145729069724055,5,0
0.6439995432390158,1.6272508212672228,61.00006667387042,14,0
0.4087341710980964,4.309208598948984,47.01114972256285,6,0
0.02538635566034486,1.1676608668650301,72.7962594795649,7,1
0.15615259736619036,2.6767315036084853,51.73390741582351,14,0
0.7159722288473975,1.6728146230660728,39.64198044711228,2,0
0.6589239419101514,4.5173208627138965,39.55528113455725,1,0
0.02709599250348349,3.2281620531001405,68.43820903605803,6,1
0.22197216193294944,1.925522545507392,43.279379915368,3,0
0.2310747965880714,3.0097091486655057,68.36166970796114,5,1
0.6718927435987284,3.9259454388124633,40.29436553832997,12,0
0.019710537754364155,4.8324720356777355,46.08431843506547,11,0
0.10410858198457384,1.8817840169816757,53.27434862198497,13,0
0.7999160853731894,4.54472708851738,77.15979248467254,2,0
0.1785446620543336,4.737216456669961,76.58657123769123,1,1
0.6527461078518747,4.6656821781282645,40.34359377111439,1,0
0.23818278104672652,3.5416574274476393,47.91095206215364,13,0
0.09944139275934516,3.5192826177388308,37.469969422688614,11,0
0.24317219099945409,2.612842532735291,55.49925396567485,4,0
0.7222669318556592,4.009591529215152,53.029127534733334,10,0
0.8556964681062857,3.1251760734037277,75.03800812253662,13,0
0.8302198645669916,3.709752284913178,76.50026888955364,2,0
0.3971835296184548,2.713831615395182,49.17836955036461,1,0
0.6680851365706462,3.9259858561725562,54.58689715094947,6,0
0.20498429541582097,4.297886070418196,74.81181245730666,14,1
0.29314773026101326,1.5857450264112645,70.33539038725307,4,1
0.8963358185211198,4.331718862296912,30.182815567232463,10,0
0.013001923510736035,3.161186127161229,46.002978209179126,13,0
0.08550853085446808,4.378663636360898,51.08871209680629,12,0
0.20788625514602732,2.7252068253640584,41.48581418416158,7,0
0.026532203873819715,2.51616194153214,39.97858079479694,11,0
0.18143543508979731,4.66024293006889,31.889225329783983,6,0
0.5830415609696922,2.004677070193605,62.16848625348803,5,0
0.42142455059249795,4.376849301144572,43.125514524158284,10,0
0.8926717110769748,2.9360822900376164,32.61735892156565,12,0
0.8174435617384409,3.056381770205039,41.54896552640318,13,0
0.34181735169787597,2.233873125957936,70.09569764180632,12,1
0.2594234334312925,3.2921688024760627,72.57445908232734,12,1
0.3796924081672669,2.3008447851048452,54.15331225966513,12,0
0.5902949425148077,1.1570776569666092,50.80353352043431,2,0
0.26806364082287626,2.087994421377424,78.89268467508909,5,1
0.624148907849134,1.0255161736263627,40.0282329794035,9,0
0.4094116521912404,4.913419148227426,40.76796414273042,9,0
0.5520471808519802,4.86298883927899,44.593358851819985,2,0
0.4361265291353167,2.58062118988922,38.637865914054366,7,0
0.29446575954191767,3.913483417358584,48.96827991020933,10,0
0.9484533069621567,2.3832243936417,75.54171134948768,14,0
0.7636057941597608,3.684372628343904,60.76739203142871,4,0
0.14011317576645255,4.221720172183916,50.597327430613184,13,0
0.8684679758979128,4.787024978768963,76.72053972856074,13,0
0.48743119824951364,2.600849103398688,32.42321162379112,3,0
0.8945522268940914,4.133191931824191,40.51380889509307,11,0
0.7998552559473152,2.063713802528475,58.294430255087946,1,0
0.42521350446923345,4.961329215174594,60.77763115965896,3,0
0.022469308320117398,1.1030783950574046,31.977875328130658,11,0
0.2686773593849461,3.414115226004484,50.15193789535661,9,0
0.5416342146608669,3.6380239266053085,62.45769824154364,14,0
0.6334782198261473,3.7521822282965154,64.90352732017007,9,0
0.2578876854332023,1.481550315156356,61.90699512581347,7,1
0.13935607407282413,4.754119133892521,46.02816121804623,3,0
0.8349302367992991,1.7247331162003312,34.676006179895474,13,0
0.9844021807035521,3.4910136129593643,51.3556223209667,3,0
0.5256901823026858,1.8907043164923398,36.437721868402775,4,0
0.1716792858483035,2.2288656680850836,77.38118292603335,7,1
0.27230732651936895,3.1858341669124974,53.75854330113141,7,0
0.018390676547466733,2.668773674258306,45.86295871784338,12,0
0.914298806560499,1.6409024039060252,68.315203555945,12,0
0.11775108289014113,1.6837456096833932,54.89742962911319,14,0
0.5765164755142536,2.6725791526511986,45.501701200622506,2,0
0.274055220687206,4.0291319131020025,70.59838711954009,12,1
0.5541780025157934,4.591858587391155,73.3576075500561,5,0
0.6514203883518642,1.3365106490375314,63.65040831443385,7,0
0.8297418037072016,2.5724156302376042,32.348221120383364,7,0
0.2064212717606032,1.4009822548915065,58.3161440083266,6,0
0.010995828658480478,1.0663699225303915,68.16474559986409,10,1
0.13688563006880727,3.6468747305758265,36.82515060417911,10,0
0.9000186418481051,3.409797767866351,41.43353756923017,12,0
0.8738900775625152,1.6520764552595448,74.12475525340682,8,0
0.5974131021703083,1.9352513323722564,31.006086092653703,3,0
0.6005168604336534,1.0948310145780735,67.6363568912988,1,0
0.6650366745462555,4.339788822777615,53.688664625721145,3,0
0.1753712786234496,4.898762384194206,52.33860794198034,11,0
0.9144119459249598,1.5418381471787632,30.35482662474436,2,0
0.4187705248920731,1.9259008550611925,70.96991154832463,2,0
0.38313852824949746,4.473638095787736,47.99124503182833,14,0
0.5189177052828375,4.705855191824739,57.03828156502715,14,0
0.046965966775055046,2.6785095312272413,63.865034316782975,2,1
0.1662833687560794,1.2024898890762965,65.1314788218958,5,1
0.7380336164263704,1.1575673347712776,77.79900294130361,13,0
0.08279866792512647,3.2957994642760418,56.566997661830456,1,0
0.6031521094663882,2.571580435572716,49.98597754872138,10,0
0.24534910968132095,1.114609710310618,77.68518132458539,4,1
0.38929561404197655,3.333009569250227,62.105511751276055,14,1
0.28869373677069987,1.0452101463560899,44.90751781382778,10,0
0.35567271646494913,4.149487832597092,36.32321227017856,5,0
0.7190459051842455,2.2257312908134863,72.12772507325906,2,0
0.297121715623175,1.1610320120369284,48.10908013970758,5,0
0.5664046402968972,3.3534088839326133,63.02348606822156,10,0
0.47605040219909966,2.5907376577322188,53.54082096829491,4,0
0.6636711653626481,4.8952016534285985,39.94648898975191,8,0
0.936829739324758,3.1767946500148088,60.084330431023254,1,0
0.7325720972102503,2.100956724148033,33.034153447534116,12,0
0.21494037859075676,3.837755458535899,50.667122993559616,5,0
0.031183135061284672,2.0859680101708453,57.33074698318355,14,0
0.2622640442998251,4.61697316563026,51.80234870592895,14,0
0.5950779307002548,2.4988878820295057,67.43360876254954,11,0
0.05142581348425035,3.199474251104821,71.39624772726563,12,1
0.49636624720123634,1.2022924152969154,68.5621537016589,10,0
0.5968428489168892,2.704484951808923,31.940647390590104,1,0
0.3342438908169608,4.32945415864398,39.70643852229861,10,0
0.7709122037458219,4.222595221453368,56.830375463188716,10,0
0.1065982531337718,1.897274235414105,76.74110202219006,4,1
0.07513778173580876,1.9043162840422507,71.74783875260584,8,1
0.7281887562036033,4.269221248852947,72.12672541759008,1,0
0.49549131620619846,4.721593680677302,45.160409687983744,11,0
0.688402396427736,1.3814436850920142,51.47239485393513,2,0
0.4348273386037462,2.800234557704901,53.53529736579687,1,0
0.2464020332391068,2.349817115856916,37.86857916749552,11,0
0.8191023176741997,4.482753821829757,31.553406512222814,7,0
0.7994158789689793,1.334099658720075,77.34514497302584,2,0
0.6946964708544268,1.8445037702321496,42.03562928317534,1,0
0.2721451372299627,4.009873350345977,41.997445186181565,12,0
0.5902306668690871,1.2051753959248623,34.168952688437976,6,0
0.3609738969400268,2.970141522857157,76.42538759718893,6,1
0.09158207332663415,2.76842813871888,58.986855746988596,10,0
0.9173135754622428,2.3376047159549946,63.351842856267695,2,0
0.1368186309189614,2.578289261275695,75.57884436315263,1,1
0.9502373538208024,3.1197623477209317,47.281008445039475,14,0
0.44600577295795574,1.6454694335535325,61.0753655569042,10,0
0.18513292883861965,3.287983513134371,31.939972736444375,3,0
0.5419009473783581,4.221729317199945,39.33862641155647,10,0
0.8729458358764083,4.040643719160636,71.56229025449713,14,0
0.7322248864095612,1.6155996187750947,68.33841781691679,5,0
0.8065611478614497,1.5969978789658956,47.532134572857345,6,0
0.6587833667107174,2.0726974709796533,48.84053138871062,3,0
0.6922765645178525,2.444298905364149,56.677721677678974,9,0
0.8491956515653193,2.6338223256339304,30.012050234256726,11,0
0.24966800885918594,3.718788867333381,42.06221680190139,5,0
0.4894249636431405,1.2267217286633416,40.411590430410726,13,0
0.22120944181960223,1.1386908169042655,42.52414733748817,2,0
0.987668007996647,2.567642251775636,70.29529212667207,10,0
0.9440593396866133,3.788654768551922,43.98369282732216,6,0
0.0394268113685059,1.7737413718259303,39.57606610250741,12,0
0.7055751725156885,3.566017925025007,55.21317303965158,8,0
0.9252483174156658,2.039312551761198,73.2822518186366,11,0
0.18057534512733353,4.544344435254065,42.067485191874994,6,0
0.5679452305526295,4.582759777066466,33.926812139639935,4,0
0.9154882975880418,2.189148817125306,47.820236792483236,6,0
0.03394597858579884,1.919975015852962,67.38259122824888,8,1
0.6974202672468399,2.645215888264925,57.53452723473973,8,0
0.29734900737255077,1.9621263407205949,70.83966847871737,13,1
0.9243961953765304,3.6895353731668146,77.9796073804617,10,0
0.9710582451653678,4.304258738193142,69.63312383758085,2,0
0.9442664891134339,3.692368523644868,60.19015394218767,8,0
0.47421421665746377,4.297401788997398,54.667079402619024,6,0
0.8620426509893134,2.5879686488298965,32.003454317413336,2,0
0.8445493985350704,1.6252678828354434,79.21609894070207,1,0
0.31910047324325563,3.9518037895903686,49.17405612875213,6,0
0.8289154741506773,2.4418980205662155,37.61141069584334,13,0
0.03700763471549262,3.68508330091653,63.33544276982284,7,1
0.596269878482053,2.0825757679270627,44.214414454772964,14,0
0.23000883728770305,1.3249185392266907,59.28891354655238,14,0
0.12056688577727881,4.9703271819510535,59.33839539222956,10,0
0.07695320162920916,1.6248060317223971,52.28649104514346,5,0
0.6962887758781398,4.953683975853924,71.80593077725213,14,0
0.33987496376806614,4.90911973026579,43.24835307777215,10,0
0.7247667715287615,4.175272415632159,52.43162958088671,8,0
0.06535634079894237,3.6376918483279903,56.884606429548576,11,0
0.31529033783061033,3.311228201004339,63.18123603836498,13,1
0.5394912923753372,4.464406181511339,69.19859252527948,12,0
0.7907231648389635,2.1577580864779518,49.7403641439128,9,0
0.3187525029320699,2.870724849939508,62.3023472048298,4,1
0.6258913764370091,3.4775598774660077,37.530547653425955,7,0
0.8859777482361871,2.6447619034779644,76.63240502712392,8,0
0.6158631881823046,2.709945816361072,49.15294032105018,13,0
0.23295947475363377,2.3211386700083376,66.47607109882192,6,1
0.02440078155653802,3.256927266738144,31.017054094108882,2,0
0.8700988739009299,4.402298112060464,40.25935714524035,7,0
0.021269410850387138,1.8061135120252514,54.354127216178895,13,0
0.8747016726841994,4.737732155013766,73.91262338661733,9,0
0.528937134027212,3.7563506149929187,56.362757497533856,5,0
0.9390676985128962,4.293092850720121,76.49352411469395,2,0
0.7987832357736654,3.2247627705200466,54.189844829139815,4,0
0.9979341105333375,4.1180668056962535,54.52245483679749,3,0
0.35071181545171015,1.0648015893578688,35.98733942502659,4,0
0.7671882889311269,4.273521699118141,70.13281220761098,10,0
0.40193091360924216,1.160555436341466,42.34827062335312,7,0
0.47987562030390885,4.55965350545145,74.98062446861576,10,0
0.6275054632183701,4.967850988954574,75.54121101651981,8,0
0.8736771141863388,2.1762698487071113,77.16550559370748,1,0
0.9840834691992951,1.8412742251431746,56.0115244551545,13,0
0.7682734138645182,4.061453455432163,63.854689239182214,8,0
0.41776678216733376,2.012105363681013,68.92579400308318,5,0
0.4213570022770702,4.462249532688814,36.55073093252328,12,0
0.7375823015888915,1.4113703686299068,60.04785974987486,7,0
0.23877714576830233,1.503820785517433,31.714895065165585,11,0
0.11047411313139466,4.916606220402462,54.87830416943629,11,0
0.35462215764077654,3.6953555930800186,37.74213408101137,1,0
0.28723899165408173,4.387548897715812,39.146146298104235,2,0
0.2963081204559901,2.297317509406072,48.25237833463008,1,0
0.23360775104990994,3.7059349980824177,51.62185833582515,5,0
0.04209318963636188,3.376967309234389,61.15862122660936,14,1
0.01787393473341381,3.412600480491788,33.721420921925784,14,0
0.9877223897360315,3.7301298381508863,55.18458806187223,6,0
0.42777313373586234,3.3014366925163943,39.13125651265506,10,0
0.3843266471596817,2.716249477210664,58.69875875158709,9,0
0.6796472826930698,2.1036907775221874,61.87023061305918,8,0
0.21825388786506417,4.074325323652808,57.835462827642694,7,0
0.9499611839502253,1.9050897200127448,66.91477552391538,12,0
0.786345014415552,3.7694172246176567,46.780462212045066,5,0
0.08941100231225951,1.9333312905973066,68.25532958165655,14,1
0.41758077578492836,3.5013206798178156,51.63835408540969,3,0
0.8791183075621647,3.9883130685161157,54.20922491612984,9,0
0.9447320222914103,1.8748555556261568,62.40510636305357,13,0
0.4674015112498697,1.2397732034452331,30.917919199961197,5,0
0.6134113892107077,1.5238949719766963,62.699711071012416,3,0
0.16703394609207523,3.423987869084102,60.92925745360577,3,1
0.9911686261369765,4.397785624902943,45.49235583766399,3,0
0.2316717013834434,1.1799872849416975,34.289714244974476,14,0
0.9427317741351257,3.936605036166585,34.54677249565206,6,0
0.6496466489923685,2.3652745838002085,76.16118734926144,1,0
0.6077367948788591,2.91411347967809,64.46396606129186,11,0
0.5126885110165086,4.7154381993822625,36.35513068853702,4,0
0.2306698117177587,2.327886018943382,47.83615846544532,13,0
0.17652803200550826,2.861347735757944,59.62414969507982,8,0
0.22048620907017535,1.0547296590427244,71.77858525453243,3,1
0.18643826214425452,1.3263948800193535,32.183046435650425,5,0
0.7795844735667533,2.034366364539136,41.83165657350044,2,0
0.3501252591667301,1.1114089632842976,74.487449514769,2,1
0.05784267656339637,3.525501304193004,30.458277509190825,11,0
0.9691026301408113,2.70559342720649,40.06995513969437,13,0
0.8837858849634257,3.192580810912088,77.9512087986483,7,0
0.927752283195213,1.6985887435853182,60.67009232610856,10,0
0.9949078226464353,2.1837281177464645,43.08356833187533,3,0
0.1738952492194873,3.6552978994109004,33.34955471979238,5,0
0.39624201890265875,4.8612108945216,31.40956702236111,3,0
0.7582384757040913,1.2016670944088368,42.237253981846365,6,0
0.6960206180537922,4.561537283421064,74.07429097944552,13,0
0.15389590633985506,3.307524805244834,50.795682714875475,10,0
0.8158331249906178,3.255678267022495,66.01666845829965,3,0
0.22444057183666066,3.0011141408310413,75.91425176899789,8,1
0.22381761482262308,1.2775763436167336,50.40202308014083,2,0
0.5369744228934136,1.3595074069446427,39.56386855186985,3,0
0.5929399348417032,3.4036480226363444,55.855896542845976,8,0
0.5800862078378112,2.363834285742233,75.40418435299273,8,0
0.09148683739775487,4.669072266310723,70.21872070688502,1,1
0.8774608626303804,2.626362149437889,33.29149216815769,8,0
0.26560004258870606,1.5731258348105643,64.6286400038791,10,1
0.12951492128280417,3.858875334008144,58.59487612294769,2,0
0.8887480798689772,2.1734136857640394,75.37315881732127,12,0
0.9556514982297534,3.1018812294235727,36.12407084251486,7,0
0.8621276172654506,3.79133114202068,56.70180566023283,6,0
0.8095160747248781,4.601056444808282,73.97313467559462,2,0
0.6552419806390217,4.168764779206704,50.501189337087155,5,0
0.5508573706091393,3.7054442714908964,54.099745886643355,7,0
0.08698675991141014,3.7185327295805743,33.523033883347914,8,0
0.4084532130706987,4.783698576128346,43.90718202244554,3,0
0.372688517012314,2.183296389986144,46.22533245844737,1,0
0.2597537837603262,1.0044483767847496,77.25612243724434,13,1
0.7234201136885849,2.0878182375927947,44.133368027057955,7,0
0.4958757350787708,1.871565518506976,53.0434367634826,13,0
0.08104621590764793,3.6473383404559927,63.56522117821399,5,1
0.22018320194981134,3.534846399062116,38.10916862039387,5,0
0.6832587636595959,3.3738455308188953,54.322119357093726,7,0
0.07613085949030018,1.0649737728378148,66.92695197379538,1,1
0.8512069140487687,3.91511221780259,73.3427606513533,8,0
0.4951465270139743,2.294121649941966,61.312963733121336,12,0
0.480586577326648,3.6602239560265244,63.452675765847395,14,0
0.5924077846595176,3.2263137140086133,36.31417362922845,10,0
0.8246809659251492,2.3709237017116287,77.28882486231736,5,0
0.34780920790219305,1.538305068416431,36.628703874224115,8,0
0.6780161525590636,1.3776755906419238,68.73364685908992,10,0
0.5657319639957911,4.326073332448894,43.24081608891594,10,0
0.2670282701694213,4.673590168326232,76.67965718506258,5,1
0.878629986355158,3.5991521870571983,65.99797696847398,12,0
0.7974260216069281,1.4137364594419335,67.69068564891845,7,0
0.6584518346584255,2.608108867552963,40.95295865299417,10,0
0.8505817290942419,3.915756800420629,52.151998831758036,3,0
0.8672942009598024,4.119283536040273,60.89065972946432,2,0
0.7083629767150348,1.4728744891643544,68.49868091033005,6,0
0.837013328363672,1.0001228753815297,35.19796879561948,5,0
0.6974714616692836,3.84854818352242,78.11826582272641,9,0
0.6801407717603004,2.4263847039448225,74.51103352772779,10,0
0.6186113782151843,2.017925326473041,43.51742952477922,4,0
0.7527166395576412,1.0515898791581018,71.1380121516166,11,0
0.1586051052930737,3.1611976270459987,55.91619615199117,3,0
0.8808707591989284,4.404602941703927,53.090324078100934,9,0
0.871843527745232,4.830526585090352,45.72170529057027,8,0
0.029247283034559146,3.262979802453157,59.04842933157963,6,0
0.8258167505647627,3.0578453109595767,66.49445588517989,1,0
0.1288698674734452,1.3402255419569644,50.546645248137914,14,0
0.3351188542591419,3.195491206170399,61.46095965041461,10,1
0.7435082562916078,2.5199163158615785,64.96564605776518,13,0
0.1607598960483082,3.4285411235343077,65.55609085076429,12,1
0.8179670241190622,2.554905391506187,32.598304906559015,11,0
0.8321341779577419,1.961196493801467,72.98739028425334,1,0
0.5074677337608362,1.379861100913506,52.9126657382524,12,0
0.00638587171683358,2.259673778355583,43.12080408481072,6,0
0.2870381331749128,1.3865793371510091,42.08822537398408,13,0
0.6169269183757422,1.7075878032959357,54.15070564219752,3,0
0.9811861780274235,4.949344634318184,74.34157697344796,3,0
0.6318135270166684,2.7764142276264745,48.91737908413235,6,0
0.2598035810641598,3.127487066020066,67.48628733917717,13,1
0.6340057030996114,4.494474114948861,34.84093654936093,3,0
0.5399853797158555,4.982275601962751,53.80283510755309,13,0
0.7798453951511436,3.330857797378726,79.58430701963678,11,0
0.10698063882695841,4.249895284176686,68.52189013961686,10,1
0.761027902502028,2.307764097346701,40.52642442203065,6,0
0.5412665786761103,2.2229758297891644,55.072073684895535,5,0
0.9629920038589946,2.610814883978241,41.68123818242833,4,0
0.3418721660386861,3.6900290506945965,50.47804636312546,8,0
0.6326218931339481,3.728766757020395,69.00420118674825,2,0
0.9320281055100175,2.2609577385978032,68.56124076452019,12,0
0.10250972799067926,1.5328396965465148,41.405018895119255,14,0
0.9372284872364511,3.5295850258620343,76.11116590774301,11,0
0.6878857223008134,1.513303448755058,59.62840913824134,7,0
0.0678370591051719,3.3139700329173203,48.996214548100724,4,0
0.30096356694681625,3.773688512225236,55.09677903904303,2,0
0.7081720886452816,3.8024459855778066,60.25356267188718,7,0
0.0673506014687717,4.013888442638387,57.99452659228927,13,0
0.5821704601762733,4.491437686262659,54.32025177680891,1,0
0.34588305695295674,2.9998359678591537,55.246640204470005,4,0
0.6209155177674771,3.9209967581182847,38.82059552139431,9,0
0.04574203381251285,3.476690941463347,70.63664521523397,14,1
0.8715368061523763,1.7465597591907303,57.08801599705077,4,0
0.9734889691773969,1.1027585794776327,36.553993085235156,12,0
0.9688778552856915,2.138165542707735,68.3078550791389,13,0
0.7496518317429247,2.7721348253504776,76.62219891886754,3,0
0.13008624013063197,3.468423777714625,77.36534496184811,10,1
0.7582631959290226,4.3998373220128215,48.450886620558634,10,0
0.02458691645880151,1.7849828668246626,36.7758436780377,2,0
0.022123551528997254,1.5021991595939084,55.91998133165326,14,0
0.32361021914954125,4.85391978989731,35.63046146746103,3,0
0.48864319040466575,1.4321782375056284,76.69937092563086,1,0
0.7704074178077932,2.9139642804287567,39.1789813677573,10,0
0.6832953766065052,3.3422549151732075,42.6382929975582,8,0
0.44590270637674834,3.165497683629753,50.331826344248526,1,0
0.2736266662816659,1.3441286281317728,49.15822342795629,3,0
0.9971245001577111,1.2281076560144775,69.73314461989446,14,0
0.42618130223597295,1.4219337098441427,52.81584102754812,3,0
0.4513870243296755,3.34235073549045,38.53841300016684,13,0
0.16362382119166918,3.1773795505372844,43.3604947743037,2,0
0.7948095487499294,1.934963168146977,55.4556692593761,14,0
0.6936822257814886,3.5510965673823662,37.372695871306746,5,0
0.2207696127887604,4.2802700082225975,60.58278378230071,10,1
0.0823810456158427,1.166315839386375,58.287365327557296,3,0
0.6804993020747131,2.9925197741921696,65.73511581911288,3,0
0.6545112142811352,3.757241648410761,76.88523076896838,8,0
0.2732595269982093,2.0092477082787483,75.61272805505779,4,1
0.9508635622504104,2.2310836211725964,77.30378090344158,4,0
0.15105789178090023,3.4545516119575352,42.23577985118504,3,0
0.4323348010426019,4.591741173774947,36.57826533196773,11,0
0.9436159201675989,4.239697681211597,45.11383502482242,1,0
0.4197273169261223,3.332520876398334,74.75425863831573,8,0
0.6385259476640855,3.920886871028997,78.6026737311744,1,0
0.3975943979627943,2.4592898808311947,72.9662475535238,7,1
0.27421520234867003,3.563862112395031,35.50088605637718,5,0
0.9839776479598282,2.864726364510228,77.37139990298965,4,0
0.409334006315043,1.7597445458302436,51.1679013675393,4,0
0.8940992036791344,3.8069530955090287,30.465514538117684,8,0
0.22995460589108618,3.225858549395288,52.119687037409676,11,0
0.2131047040250833,2.4344863278143656,32.30345848377338,11,0
0.03113408288451136,4.645356760314523,57.19389605805588,13,0
0.651666825375885,1.083736471306933,46.927701371852564,14,0
0.36852634372376114,2.263092604997984,53.67174667970244,6,0
0.864358249839637,1.2275255911105862,60.65851803715585,14,0
0.47320990669155716,4.066109264886508,73.44005479089101,12,0
0.9681934279147217,3.8084298164551704,63.09507882359643,1,0
0.18552551570312115,2.325408874945268,51.70244342390903,14,0
0.8686231679556108,3.702651608828292,70.97139268351825,10,0
0.7765968527917417,2.5837489047837994,75.27910687865662,8,0
0.770921844644052,4.025015165689737,35.98799832160986,13,0
0.8447832281168877,2.8167346509468243,56.59664887763957,14,0
0.7610239909429989,2.649118911326662,44.22559798712221,2,0
0.6262203216314154,4.738919661953204,32.35305989384737,6,0
0.13124487768238757,2.003516399562801,63.42733475569927,9,1
0.032526179491251916,1.4817893599862617,73.13853887296128,1,1
0.9208478478156868,3.3381724530378327,38.1451327238697,6,0
0.616650314520738,4.877287249136716,70.62068288119502,8,0
0.7965372909761763,2.5113568549087466,72.66978667684708,10,0
0.4815223515125501,1.248147054515126,75.71702213332418,13,0
0.11730818896239448,2.35722106923827,43.26425445430262,2,0
0.12518579220255044,3.0237266172782338,75.19765325949447,5,1
0.6855652872289714,1.6476920265288548,46.033137736821615,6,0
0.4303058948994627,3.632408872225968,57.616900672775145,5,0
0.20052472670033672,4.990997556040803,32.52537354161411,3,0
0.4915945467414369,2.8069579039257753,32.19405441843718,4,0
0.06420893707513409,2.4189142269208506,66.01866063661015,7,1
0.5819714019143988,2.6028166673378665,52.22399889888955,4,0
0.26899340443509767,1.4605847135808046,42.814618768460875,9,0
0.7975591006371882,4.533094405704896,39.52067480124551,11,0
0.31036195892357377,2.659302622085408,63.4976745429609,12,1
0.4552201490818012,2.5490976456993653,30.020077201266993,14,0
0.011620539908100636,3.6387610917218973,70.2945584598427,13,1
0.07244688779455888,2.768133683724494,33.96248030649644,13,0
0.3924935564066848,3.592933875231384,39.57448074540597,10,0
0.4799388347171235,1.24578516052315,49.31181976495448,2,0
0.6000205481193037,4.25489337488891,54.24293698580518,5,0
0.29166257870930323,4.76201581151761,47.749755790697094,8,0
0.6949818861265425,3.595061544637544,46.03560824921469,14,0
0.8601223971892046,4.8182637154352435,78.19580060365942,5,0
0.7798509888933498,1.6057292574798532,62.07898406216971,10,0
0.039618825348357145,2.9096647579214148,31.17164776836941,12,0
0.48050694725782894,3.407226935781789,51.508795422215655,8,0
0.10493017841817487,3.3269465896847468,73.7504349871985,8,1
0.24204501586252747,2.605847116356173,45.072809320533395,9,0
0.9866625932671464,2.3523376374650455,34.72781723871941,10,0
0.14249554290151323,1.5072960902016752,67.9192385794959,6,1
0.49888815345135606,2.5669698022491128,60.300691596804064,12,0
0.6181557343181191,1.6506432604219405,58.515625391325194,4,0
0.702464970544104,3.9374627059688736,32.6788279803704,12,0
0.5596486834869141,1.83532374197836,37.02495048977587,11,0
0.00977084741918366,1.2342612211381354,61.12746981065569,3,1
0.3264613082439919,3.2094645512689373,40.39119207294179,12,0
0.5177116433847114,3.3809189308776064,55.203503987421215,14,0
0.08786649914483335,4.487652245122022,57.24408430146967,5,0
0.35062693120918076,3.3079264496707275,44.17535951354697,6,0
0.033203108791366565,2.381923414893783,77.42125777707464,3,1
0.07857849715502074,4.212047526105282,72.12320534177876,2,1
0.39692327620159606,3.1611155727496842,66.11867538163992,7,1
0.13271575404306035,1.317121138524767,33.899693320470455,11,0
0.5675408482615582,3.2634022412529866,35.30650096545097,5,0
0.6894649691372657,4.632074181686649,54.639067293247784,9,0
0.8005866991090829,2.585250501992882,38.03566745954929,3,0
0.2001502442448101,2.1853032075992003,78.9132731764737,14,1
0.16748258225906976,1.5738778280720802,37.92601170137047,8,0
0.10456784033440025,1.6057820877414293,54.3733917731987,6,0
0.6364302495436367,2.7310859373672756,48.206052842075266,4,0
0.7064757264869012,3.382719296646118,61.9693210727049,12,0
0.03158614482564204,1.322461620678407,36.451820444471245,12,0
0.9362122462436898,4.758274356100663,51.51582140211954,9,0
0.05197128365147241,4.020534469780784,43.735251640357184,5,0
0.5412963353010705,3.3464956731346507,74.38757623358441,10,0
0.7090605194509164,4.313754683755963,32.02928560673475,6,0
0.8709691237460856,1.3207470272484532,75.68637470032297,14,0
0.7140869321324278,2.9073555109324976,71.64970692765002,13,0
0.8017280830697918,3.5203725074466536,44.878535822040774,9,0
0.33945019254280606,4.314611624473157,69.46453273385524,7,1
0.8148251137465122,4.13387824019707,31.560678016937377,12,0
0.08011484638467514,2.1082769988535985,78.34327751466968,5,1
0.8948166560605276,4.763520678236818,56.32974712948946,2,0
0.5475923761537362,1.4973833657234814,45.16405130327226,4,0
0.8172977699624937,4.500534474484608,48.12916062973385,2,0
0.45231828451830014,4.883760998418474,33.320267673024865,3,0
0.643577695196525,1.7086140928905023,79.46747570210195,10,0
0.5264026609361132,3.888264256815141,31.964597257534624,12,0
0.7315895217553319,1.1611420751119939,62.745356157392955,3,0
0.08162998203058958,2.62169130055662,52.13679638532292,4,0
0.0603520839905638,3.065133196790696,77.44581090943575,6,1
0.24710323401014644,3.3225809036385363,42.29998701533976,12,0
0.15954468011318834,4.743748992994238,56.60434119690056,3,0
0.8717835665922017,3.6890027491767787,54.11781042913765,10,0
0.21921398735804432,2.925111804876948,65.14332220250506,14,1
0.9758652558191313,4.238700145063557,33.400511597621026,1,0
0.33689579177110685,4.802131283817635,39.68945650116774,1,0
0.18211791568869928,1.0882645947291634,40.72824100464249,9,0
0.7896985071424791,4.930085089024155,66.90753774208449,9,0
0.6587077755008761,1.3445285562547213,39.456934816337004,5,0
0.498195716453139,4.257547117075045,58.67458819454883,9,0
0.5553635509376312,2.12133901020565,40.762191025047684,11,0
0.7192017782722638,1.528718631015487,73.08124750419893,7,0
0.22845474133129873,2.7594225588553396,77.10927272448193,9,1
0.9963339160567419,3.575826317790454,55.92464874711202,12,0
0.9747931621467831,2.5238073800939,47.61544421045892,7,0
0.6503256863469369,1.2182616331307958,41.702888750874955,9,0
0.19954245092914513,3.3978445586348665,32.48905007615219,2,0
0.6802282424312913,4.609613104442699,43.42500380987477,11,0
0.07219840897917584,2.532861463789007,62.71178899726589,11,1
0.030652502205806065,1.8653311105233081,56.68084656546054,8,0
0.2576828885112137,2.7703093837312616,77.20206391404636,7,1
0.4626229567393163,1.1934508441951235,49.813863124585026,6,0
0.8682725054083805,4.281950337921099,64.69316711641973,5,0
0.727169069766308,4.3053632438007465,54.46613737375607,4,0
0.742706521199981,3.3520018537185137,55.62881079621059,7,0
0.42549333444807536,2.412411555753558,43.388715730205874,3,0
0.3459349925469629,4.199133457783134,52.747538842099985,8,0
0.3710387629846027,3.2187480991534687,53.539249850635365,2,0
0.9876495637360578,4.303729234200064,65.3321260874467,1,0
0.04010919141248248,3.5258351703320825,77.0319999593057,11,1
0.8670314961224486,4.13762189285119,46.46606387412521,2,0
0.5786754085723934,3.39425197287104,32.110023429064924,9,0
0.43861541918959046,2.656564272862665,54.81475627503198,5,0
0.7252576604151365,4.83178343970455,57.22306660745843,11,0
0.48666894142470285,3.164455299515379,38.422027556595765,8,0
0.8734232380816606,3.4203580741621535,68.02323031380334,3,0
0.9007018640112585,1.881950557658997,79.24645542207458,7,0
0.4217209268734554,3.502603157709106,77.28873585042305,2,0
0.2768277972350516,3.2864305979317754,39.85530194118261,8,0
0.5923503285933622,1.7393535917880998,73.76816199503804,14,0
0.912363345616691,1.2383483894125749,65.22468182058424,7,0
0.21066218900566658,3.4174372788590843,52.69232819034558,12,0
0.6229665835634828,4.054769077401282,57.03054971623645,5,0
0.6315602200925206,3.093605483688033,72.4800087491229,12,0
0.733113022415281,1.9070905012785828,54.00674698191866,11,0
0.1315676851272598,3.6660879067721397,48.66036845525635,4,0
0.7158249646820886,1.320422906438409,54.66237465129929,1,0
0.909032520665641,2.7673348192078184,58.95649020175246,5,0
0.17968310887024197,1.6534670335936807,39.453882688917446,12,0
0.23754332492387764,1.7378362042395334,75.04538651334954,9,1
0.9713950940416396,1.8091757966328146,63.709347441480695,10,0
0.18097695270948977,2.5468282281759116,61.66344586687445,4,1
0.8543850933695791,1.2046008224815905,34.97481130903191,13,0
0.4922778564480348,2.5911737637163927,60.20869690862959,9,0
0.24723107440317704,3.0468297884588034,36.04803311192462,12,0
0.8707499012725114,2.933177139865301,33.93488375976995,2,0
0.4453052550026655,2.5311364016121622,56.36554478211967,4,0
0.5148173539296902,4.3565864322830095,50.13927670232475,9,0
0.3592333693997657,1.5813067696820164,59.44051350781116,4,0
0.5929508514349274,3.022786975125496,34.46110840286193,5,0
0.16352387258502277,1.2481656678262172,51.54915314236292,11,0
0.3910815366517607,1.284622715511639,38.7393357522579,8,0
0.9694123223352875,3.2954633987083852,79.35500429620583,1,0
0.25813343270112754,3.264073699551284,58.05751062175872,1,0
0.6567366645412922,4.512134051377828,64.37184304704337,9,0
0.3251900642246949,3.2314947026402927,46.27091403413039,9,0
0.7734731256866006,4.839164081619401,34.73694573896721,4,0
0.13087366071834983,1.194779393599719,78.79354313917683,13,1
0.9698210450785447,1.3920307391229643,44.312951769159156,2,0
0.45378954138363925,1.1762634462815256,51.19040925867871,13,0
0.23605046334646396,1.74110740133416,62.49319608512875,9,1
0.07349674733001266,3.1650804437667124,31.234864884305566,14,0
0.16975790508754074,3.582288725709712,70.51295652586435,4,1
0.5197739485560177,1.1823406317946752,56.82890950143101,6,0
0.3370031764312863,4.783883559382398,43.91085935344111,12,0
0.8288833658826095,4.368661506601525,33.080399264623466,1,0
0.43088752366180594,2.1864499286283725,38.124920773722074,12,0
0.2487142725876299,1.3087501209058718,74.75169294267184,9,1
0.61714498660403,1.679548292876229,64.30121119679455,5,0
0.7067772168854458,1.5077776550198907,42.49508608184449,3,0
0.16704190790094986,1.4931351171957874,33.280038247251476,4,0
0.16761921628831766,3.0742467546629357,64.53076561933182,1,1
0.03667142693354297,1.9833897699736012,58.620386298388254,14,0
0.7364020150656405,2.432558866116578,50.225976222911754,9,0
0.6638045276218051,4.95802133353729,48.180572459503196,14,0
0.4746308757498139,3.737256995701379,40.84071379645542,8,0
0.8441704489691971,4.795922668188005,63.48056282687588,4,0
0.8056701529500532,1.5702262201324624,78.53340138969352,2,0
0.5853543643967521,2.528557899330277,38.785762291841294,14,0
0.8682712805132586,3.218927213129417,59.85583100077517,9,0
0.20584121003676825,1.307032247554952,51.20925278729881,4,0
0.11191961939772788,1.0167497745118315,52.33443608723324,9,0
0.2697496115169896,3.68173733518767,42.70736400639072,10,0
0.05708685608931485,3.5672780672057414,71.25674378307096,3,1
0.531169528001032,2.643155239998447,54.262780207362056,7,0
0.9366056922949615,2.9585763041281306,57.170292609913204,7,0
0.03934354066850965,2.6617720023683584,45.238045639866286,10,0
0.1221099140100268,1.0960201793795554,39.09042328334749,13,0
0.4521990282834353,2.3414864248698497,34.295519410141026,4,0
0.9338750175279049,1.7083290215891593,65.7059570462458,2,0
0.3161561049767505,1.393696756405475,39.81171408439278,11,0
0.5072348086883924,4.826881735557399,64.50376770943988,9,0
0.0415728590503921,3.3974389001686625,49.518822302347694,4,0
0.14834320096208886,3.9146251369464107,50.78874004948257,8,0
0.9866301229588469,2.26145497306447,53.45887480463858,14,0
0.9651186964360455,2.572588517976061,48.38542540637716,2,0
0.004939980934409616,1.947695975586894,35.030998861129504,8,0
0.951811785423239,1.387862683861699,45.48159050014229,11,0
0.6391199378155004,1.7161265497663352,63.18671803469692,10,0
0.8679182945200221,4.190056181185943,63.289220073443545,5,0
0.4547398556338591,3.7101832207351033,44.311215361999714,7,0
0.5155960285792502,3.1877155039419076,53.0051313278844,7,0
0.4888465802569202,2.9003594914670723,39.67236140059687,12,0
0.6668642575461043,4.689737134624497,40.51860407649179,9,0
0.1396512547563129,1.2909397911146736,31.15235442033037,3,0
0.029973589872677953,2.122403252951664,74.83732749538723,10,1
0.3079299415911909,2.399751414282856,40.53533325374531,4,0
0.7046807627366467,4.129703248851151,41.376693846823166,10,0
0.20185345212294836,4.970058480647886,43.98007163225659,4,0
0.6734324333249173,1.9626820590286123,36.37040358477145,13,0
0.9699120461072704,4.4972293365483225,61.963144159068136,10,0
0.09390071578941839,4.322491041727165,33.757147658879326,5,0
0.6726021182251263,1.8986295905670665,36.71012131631751,14,0
0.44375021930457115,2.5973303207968903,62.237836329504646,6,0
0.8681422543775054,2.6386914771700765,46.98303102407213,3,0
0.1771497894473859,4.912882674106234,65.39739133505945,13,1
0.6926259522261645,1.7235676055155933,57.8712372335071,4,0
0.8381152896481102,4.196631884419128,42.80105865307566,3,0
0.9446142194740232,2.3367708566924397,62.541397524466404,2,0
0.6832480282896458,3.9234813831046416,35.81368401464403,10,0
0.4971747640084273,2.6800440171826514,56.820519154001516,12,0
0.6178472402012138,3.31343905246616,51.85740525225174,9,0
0.8689049844787182,4.3304470933045245,43.39367914087204,1,0
0.5706097466388297,4.216662259935537,60.200249886975,2,0
0.03038705969683686,4.4656927341588,73.56667961701413,8,1
0.9309486955069778,1.238469301378636,79.94523498815383,7,0
0.6895267510315611,3.7682022121589793,60.38813843717122,12,0
0.6765133857772465,1.5599495068870515,50.23529371645851,1,0
0.21567515239771717,2.663274272073644,41.26035501081008,5,0
0.6588854702326572,3.194353660218754,42.854804469755585,10,0
0.3938644056541585,2.610957938987323,53.97274890748828,6,0
0.6512329770414921,3.07844670321203,48.36388506403546,5,0
0.10659303030799072,4.986105235194477,75.6907261312472,4,1
0.657845304603036,1.540869254851419,48.41477338278548,14,0
0.9994137257706666,3.7018241813457022,48.67222955727178,13,0
0.04821203886055603,2.584003865542461,49.17672562169885,1,0
0.9771741842213173,1.5320391956293151,71.8310105183829,7,0
0.4069079607228706,1.6349470534972381,62.539416042345096,9,0
0.8707534503372591,4.797092424982468,60.70844251594463,6,0
0.7823854840582735,4.518405986847048,46.707151119193114,3,0
0.5670162609866678,4.628167841660087,70.89520884162198,10,0
0.7384492092513265,4.9661311033095465,31.918193067785058,14,0
0.8785155613013479,1.8332615600340718,73.53985861690566,4,0
0.404140321651033,2.421757349456247,55.63749498969648,10,0
0.3270331615632387,3.676876119699467,49.91251174317064,5,0
0.6675933855635847,2.935210159442589,54.858364035884286,12,0
0.8078459419412586,2.673558133513334,63.37077652669155,12,0
0.7622851347766157,2.431244997342372,30.63827132589487,1,0
0.7978136488586345,3.375122527773809,73.57759282291238,5,0
0.435583314812933,3.302373714560328,52.336976265569646,1,0
0.8178342161750216,1.6458313362569603,47.14832598500391,9,0
0.12020905537060844,2.8869593500737563,36.912278281702854,7,0
0.5444890979608495,3.2138871048393995,51.97326871792211,3,0
0.0057586604981215705,3.281147754925562,54.816138564218946,9,0
0.3245858299002703,1.8404287716494072,50.18233472467389,2,0
0.3664615348713979,3.969085569009147,63.933004691344856,12,1
0.3961726916092554,1.1007963792842785,51.044826437961305,7,0
0.6954672066898622,2.4193274221726506,78.07087889232866,9,0
0.38855810127034573,4.120850594142534,59.96387589117959,6,0
0.44869362262253065,3.2555716842216094,70.37389678259544,10,0
0.23754413087432746,2.044649730043441,35.467795155473944,5,0
0.3732517916293401,3.779812477372191,49.86456464729528,12,0
0.22726962726315147,3.2695637766242935,46.84238507235764,7,0
0.07319592376844364,4.184974437825549,58.47411940682959,14,0
0.6034485933813779,3.9401007447592935,73.05567600307128,6,0
0.6682127985550163,3.4404316881449386,33.91691088810033,5,0
0.6194903460096145,2.952710701243256,33.62873990223554,14,0
0.46349404380057235,1.5327285026700936,72.51588540787995,2,0
0.3797857801792298,2.045332071541535,40.64250430191787,8,0
0.8633336495718252,2.676397891668341,63.437662722490685,13,0
0.519081785136218,3.3971971480255547,57.14390661804026,7,0
0.47918187762973097,3.0548314208612193,71.64467974436147,6,0
0.025642065806435688,2.152738103838118,36.25444549182018,5,0
0.34124782762615635,1.0258574311588422,36.489148286130565,5,0
0.38019561878585706,2.9849568876032557,57.84091801391538,9,0
0.3988227808969005,2.1425039542489723,77.31893266791855,1,1
0.5801723692273323,3.9384332028421403,50.74988791853771,9,0
0.5336025467268785,1.095785061081934,46.347105012734744,6,0
0.6079050927934446,3.3393112452231635,60.33446615989429,4,0
0.7648832615421283,4.765896950024262,76.52243002725154,10,0
0.8129857387160935,1.697637068445998,71.84639164223118,14,0
0.7181230762264944,2.8865979630023815,79.77418053666099,7,0
0.9555236959549347,1.3656879672685527,31.128429160118856,9,0
0.01823258267636163,3.5027276490454105,35.64290723563811,5,0
0.1957779856835461,3.2021267223849024,60.4733881683311,14,1
0.00756287497814212,2.6294620968513294,71.02882196669248,5,1
0.647474714154603,3.085508085894965,44.26221711533833,8,0
0.8980305489499869,4.586298633876041,41.96055440171094,7,0
0.24348229657629927,1.7851772092442681,69.34878996906005,13,1
0.9270345447963066,1.090258046821389,32.81909269266158,13,0
0.06026739028956085,4.446659538796403,48.469132379129256,8,0
0.9344360268055143,3.308468329551626,55.29046112961649,11,0
0.3516226872396344,4.56263382184737,58.01743371751617,12,0
0.10142082844921652,3.3877808936526903,66.43075783963884,10,1
0.48587175918632564,4.24064435983881,47.74228617153291,2,0
0.25677656772050794,2.7186934534205918,60.63421723373036,9,1
0.28487290196192283,3.999439725153075,59.268771139547816,3,0
0.3072899649262866,4.6521658675594235,57.380805032687356,6,0
0.8030258978326634,3.288491854888825,62.02416465711061,6,0
0.5391612766752545,1.7231406022495181,42.97245855340381,2,0
0.31130769915600365,2.0751904601207927,34.23243767923145,12,0
0.6103337833109184,1.7945783075896231,35.96358360198717,13,0
0.7161506742231936,1.9874281103829317,41.229119132695054,7,0
0.27262400073353377,2.2256617974041455,55.00989677613926,9,0
0.4135491015253515,3.220535147012754,72.022137527301,12,0
0.12188609333694755,3.351966517855331,65.06466710441921,10,1
0.18114934953468032,2.7059989889674445,69.45203021010235,11,1
0.6811178539649828,3.4616831192833417,47.548781196304574,1,0
0.18143834769562694,1.3262997024454637,50.2326870824275,8,0
0.5251633836670602,1.3511529482326399,49.68409429953064,2,0
0.7090462617224327,1.6873178414306338,39.59365922022508,14,0
0.10687692309474384,3.072309992161379,33.0608329071786,1,0
0.5673122196289035,1.8559787147932543,59.54580464136134,8,0
0.25656278370136376,2.1331376139703093,79.4608341710293,2,1
0.9629268752375798,2.6012513446919763,38.34148524751314,6,0
0.4835456467199247,4.24746449604152,32.334240994963686,6,0
0.8059925497751581,1.0554485436514405,68.97658409119666,5,0
0.5502265421562618,3.5975152809464896,42.629300334236206,8,0
0.043412532854819164,3.6755061241627414,71.48219026764642,3,1
0.6331513755940223,4.194623121426546,65.19683335172577,13,0
0.951403342206657,4.731011756241253,77.28367685254022,10,0
0.6016118201463312,1.0805513957971593,50.446361787833595,4,0
0.8191888594267902,1.6151348220528647,63.098491972531704,7,0
0.8842064633484078,4.544685176223972,53.24273904066354,7,0
0.22807977194893247,2.8340742487480615,61.52943486542718,13,1
0.21204483990822665,3.258362555733854,52.479945300386866,12,0
0.6109809888509917,3.6521088148925895,39.431612321203744,14,0
0.4110284698067047,3.7162664179825495,55.394870800169045,8,0
0.8398613028667203,4.726961613266033,56.42921007187212,2,0
0.9000231233980112,4.987797669646678,70.53019241300805,11,0
0.3534213793027181,3.880629843723761,66.77603528967906,12,1
0.23687055897448206,2.1488848368206033,63.1895811970722,2,1
0.7805255152438618,4.519009609177374,35.66935477762863,4,0
0.2748060355481361,1.1968836581630464,66.03081453318575,13,1
0.8226143185136784,1.9243234114979848,55.01525781772574,10,0
0.42373825364876283,4.58954286985486,74.70497680530796,13,0
0.6675498992914705,2.02476605775742,75.99354670652714,9,0
0.09553531383466818,1.8826042384869939,32.757829530089275,10,0
0.623859324676573,1.552501172560989,71.03207801772393,12,0
0.4517676787372291,4.436447030587666,31.88486952113353,9,0
0.5866084631754741,3.000233036764347,48.358481284751136,13,0
0.16801420774486342,3.699572812216619,57.114998781053956,13,0
0.7368737449441821,1.9562655363001187,37.40503993135637,4,0
0.8627970775432285,4.0321616840448655,67.31569062845384,9,0
0.21673980009077565,4.040022179848394,30.417735208606928,14,0
0.09571455552016173,2.2503920996332005,38.42995242170184,3,0
0.023638586046336396,2.6427305320411314,59.03984149267379,12,0
0.641971500443266,1.8387611097208034,65.71937810186462,5,0
0.6070940360887808,4.906244093291617,75.83215513469581,10,0
0.54669741271407,3.5824103082336465,65.27483259673119,9,0
0.23194709611597542,4.738175522862062,63.5889635127433,6,1
0.39090599590551467,2.2135421745165327,49.71705731753322,3,0
0.594476335186173,4.127563651987559,30.06422127634007,10,0
0.4967668588591694,4.0634345755389685,36.0079629367811,9,0
0.9877855202148873,3.766622607466166,56.72772723780196,6,0
0.13643975255673313,4.862555901067202,63.756494292220985,4,1
0.6951445540475938,2.574221344425262,50.87241419482312,14,0
0.4043187681042921,1.5228692943590292,66.53395057641951,4,0
0.42819961492561476,3.686835436976243,56.093114766608934,8,0
0.7175977656581762,3.9172392019088247,33.70880977971561,7,0
0.6924361513243696,3.3002422938352587,39.60081254839744,1,0
0.9912559937021883,1.827271572533585,71.99991116219715,6,0
0.12839428945412523,3.0178237666774215,66.24563733122199,8,1
0.10410964938416634,2.2487589462765176,74.73809935062475,3,1
0.7243388171287412,2.7098661126667563,35.87786245604683,14,0
0.5783869170064091,3.5808743033786556,79.51112673075369,9,0
0.27416066655980587,3.980858970763338,40.47033569749668,10,0
0.0794193689889866,1.9288987636053725,30.5889938143321,2,0
0.08565824959643054,2.6213014425878134,79.8711469526777,14,1
0.8941908746641183,2.0766462839665167,44.053694272255655,6,0
0.1918673247187429,1.7945264554474765,63.40097262562799,12,1
0.32337156211552076,4.133548879983353,38.83411570881526,1,0
0.22665640222698802,4.637010777747969,59.011426609957084,12,0
0.3549963058319373,2.480928742738307,75.20174932272796,11,1
0.06942384274609337,4.005115697495068,46.00905837142193,2,0
0.5190597909082704,4.587981157457644,63.51269880221796,13,0
0.0676125635922149,4.384496842120926,39.395179439920824,5,0
0.8003565078223616,1.7312535541569036,61.239769935936266,1,0
0.23371208191043302,4.825167526053445,46.822517590875506,8,0
0.5400119146045106,2.50670576171785,40.560412929397586,1,0
0.8800790875614583,2.3569626446953453,45.65910253518176,13,0
0.6508773690471942,1.2497253091111213,38.94205342538997,9,0
0.5329577865513353,2.944694616419532,75.09580539189415,10,0
0.3243337531153756,1.4360544625637148,49.85934431585645,11,0
0.33300191305819793,1.994159283709704,42.263965248718364,3,0
0.6694869551981901,2.2677704870691255,52.42039205079664,12,0
0.9941393612211675,4.235305293966736,46.02680834032478,2,0
0.6618391898493786,4.501954601583586,67.2209626906663,1,0
0.5577834173700249,2.2098652698458787,78.56099559427471,9,0
0.7306505102392461,4.434792484978296,51.90168283488234,4,0
0.46520561228371815,4.428923749479164,73.05166999861203,12,0
0.060142342600785215,4.058603801539494,58.293153677980975,1,0
0.5622968158779098,1.5867804560607262,37.861783254711675,1,0
0.9576252845053802,3.761291387602916,64.53113710406708,7,0
0.17530294235765964,4.780096258322275,55.67172485629101,2,0
0.6900048908206657,3.7301619150686283,62.53032616260517,7,0
0.20093368865905648,2.326467396431336,74.48437062858325,12,1
0.5358276844730813,3.002317269723325,52.0217285328023,7,0
0.09667644964671962,3.5829001734042145,75.05888116086778,10,1
0.45037093625818514,3.0422816349140143,67.53345071408275,14,0
0.7561633288952461,1.4798117669238793,54.43024629389924,9,0
0.3475715242389821,2.2482561786080826,60.16110678289819,13,1
0.664911724487218,4.20958412221453,46.279056625950574,7,0
0.7954499607897292,4.44567218438207,79.17986498693871,13,0
0.9271778194794527,1.549200130862281,63.3675581525198,14,0
0.23464208185545354,4.8095470095948984,32.1923426248315,1,0
0.39931591580930814,2.3152904713944373,46.33109528740044,12,0
0.15241601333041743,3.64925495492288,61.165721687952875,13,1
0.9924835021583752,4.007300583826725,32.81666388996199,8,0
0.9270009679242953,4.247784938551534,31.194209565957138,8,0
0.5399571302805596,4.78299880890372,52.501211976390124,4,0
0.8420332943764213,2.2516781921152904,46.6345089846335,13,0
0.5209579772720422,4.4340258182062176,51.914930401658296,8,0
0.6235856880027597,1.5267476137448281,43.13466549400026,4,0
0.08912443211601662,3.820163625414371,38.235887347149045,8,0
0.7552704204968079,3.9679109180559435,64.45716784901688,5,0
0.12771348363523483,3.7108929648052817,55.728555813390024,4,0
0.8260676302525284,2.009258944540612,40.00771056246834,6,0
0.7820280876703859,4.492172588060813,45.97947131299992,2,0
0.7087446977429764,1.67543385348158,59.590395383166296,12,0
0.036160380524762115,1.2145391660833234,33.61146741362389,2,0
0.3031283559453286,3.8698599624476486,37.37265046330898,2,0
0.26311256991084286,2.9019028609309347,33.662280205369505,9,0
0.3601364074715191,4.396392079834705,70.61586663570594,14,1
0.08764274676383854,2.533588564233036,67.62046166060045,10,1
0.9369578230310628,1.6731143540308513,67.66564659396286,3,0
0.5538022407123763,4.345768769879479,65.8162671738014,10,0
0.30552431065802355,3.1956385265602867,63.46927118349346,4,1
0.3969815170742834,1.7567831695614196,53.84959576890875,10,0
0.44720254050483565,3.881535994345783,62.113908175355746,12,0
0.6005943333606173,3.044454553958002,31.918077739398733,8,0
0.5156794276964978,3.4172519289612793,61.07322113283923,4,0
0.9193919732144173,2.8435933528263275,68.89388527684386,11,0
0.49696348290583026,4.314835935272026,55.01791801921951,10,0
0.9921580148233127,4.318250862732199,47.87566642136184,10,0
0.8514249577450957,3.837555287297545,43.87133674004896,13,0
0.2085105143573358,1.421605509585849,62.14010250810412,7,1
0.9305952146439163,4.355415447616275,64.64005993149544,5,0
0.11636639788547609,3.6840519221316392,73.54837999312713,9,1
0.8174497084911916,3.788096664017198,47.11670412304954,4,0
0.3806232934765801,2.4519313616154865,68.48861536927927,3,1
0.8779743204450695,4.517118224628026,58.0677912094669,13,0
0.8680566901074503,3.90148640093943,74.14182453390396,2,0
0.8059254001176211,1.4503618661167779,56.390605414781035,1,0
0.7900304363070614,2.6311121376246507,55.88149141989836,11,0
0.3046791390980408,4.545521447840567,58.89385407204546,6,0
0.08091928305125218,1.188786806789516,67.46576775712171,10,1
0.40298017876516146,4.845666478568198,78.23452394142305,2,0
0.17352451498650867,3.716650273278251,33.67816771078828,8,0
0.6949510889024617,3.5255039105735064,32.67173011955086,6,0
0.34609972653778553,2.0822370259519656,76.87751687036692,12,1
0.9756102008599149,1.9951671549567083,56.49378127591031,12,0
0.640972077345332,4.768232877954382,60.7451507283468,5,0
0.822480563634361,2.193089816936491,54.12118007973645,13,0
0.13252467274184843,4.102021186875998,34.68287263037372,2,0
0.8620144822726226,2.5724871928283166,68.40446892093333,7,0
0.9227571905133943,1.557016283138816,67.36123225442935,2,0
0.4870619188189359,1.0428611907814358,45.5851660746406,13,0
0.6062529377509774,3.1770293480610032,45.31196226142002,14,0
0.7648098009029954,4.903115274195731,71.89206904527592,5,0
0.17483862726041255,2.476544775236818,33.61786288706633,2,0
0.5025660764634424,2.4287693359721794,74.0552574178283,11,0
0.3986630277723131,2.3763664713977684,42.83308449479572,10,0
0.1463739921622491,3.0821753492194337,59.6492373877747,11,0
0.36753442229153144,2.762659533697174,76.79970895008888,11,1
0.06817230938549357,4.519658506908058,63.906125076832325,2,1
0.025811906949486985,3.022083166893961,50.721490623351826,7,0
0.13516628915482276,3.031031352754275,64.47671044527075,9,1
0.9631151115891738,1.5534863788822264,47.19898181581851,5,0
0.549529535895017,4.930958163641543,43.862920817459305,7,0
0.96582216115322,1.9998915634753187,79.83416389673398,4,0
0.432497878330132,1.2934562698384107,67.53951155898939,2,0
0.3118161330852596,3.652584995900835,62.235998869090885,3,1
0.5061418628402441,3.3814654806274906,47.76448216096594,2,0
0.4395116886329101,2.660582615970983,32.45804145775241,5,0
0.10566468426174391,2.6887689355227122,31.55284380175778,6,0
0.6408263146902062,4.140255684185725,57.70906277243994,7,0
0.2160381825095996,1.7828505603985962,68.10163605195255,3,1
0.6195879548978296,4.281013275779559,56.86895952219275,4,0
0.6502010923981534,3.5949884555800726,72.03925359695573,8,0
0.1520248531286481,2.6758790951180975,31.671326654661083,4,0
0.06134962711066816,2.8321144663354745,48.33760382129701,7,0
0.7807615860684398,2.026588828744383,41.8535195587089,12,0
0.4598004237693202,4.008457330787899,52.363648407856104,6,0
0.05816379550547579,3.051498969221071,33.618819659706126,7,0
0.9948663171697671,2.2834181709993744,77.70658207855362,1,0
0.05778056099636664,3.384200463043801,41.162770053468044,3,0
0.6950352288585532,4.982937808205293,76.11538877417924,6,0
0.9836789252634136,2.7410491186262154,51.294657751834094,3,0
0.23918010421592562,4.682765603114478,79.2762066627609,14,1
0.14224936868719618,2.3800673596982644,57.70291917301054,14,0
0.1213849394224289,1.2189308276999435,76.54164320879038,7,1
0.30327514756759555,1.8169684254737155,30.267449434711143,9,0
0.10104581101064669,2.674780573310737,67.41194030904501,3,1
0.6921613416941319,1.878539714378276,75.15253265512577,14,0
0.06229179813006269,1.0009081528730221,36.986028348947706,1,0
0.5094221281497897,4.6600061509901085,34.806292586607576,10,0
0.9966968538529768,4.3755176449237165,51.22863035929778,13,0
0.8139702695060188,3.9691689259477885,76.68394530664676,6,0
0.6152194382310109,1.6712583825841145,57.11932800952194,12,0
0.30625362078661167,1.4814543048399442,56.372823186086606,1,0
0.6238958362916385,1.2704189978895326,37.056305914966096,1,0
0.5270414639116516,3.896116755091685,30.03947555466094,14,0
0.4260833838903715,4.715231842751541,70.50700453727306,8,0
0.13071037674019947,2.722143283652148,34.37872814931191,9,0
0.8866042152404667,1.4765626879841927,61.6924909367662,2,0
0.4497846488213225,3.0495712829284263,75.73082272575957,9,0
0.19462251182076507,2.3953276298345205,40.43259565792155,5,0
0.3677593508772896,2.499299697399991,63.26364181184554,13,1
0.41412975252892703,3.485322496622829,33.93492883537547,8,0
0.8275378955668743,3.8748724530488095,60.18775719188065,7,0
0.733614380561402,1.4424143954926434,38.19658604766013,7,0
0.7693048936413398,1.1423609232259055,66.7976780257589,4,0
0.011031264428647214,4.9773212107428595,45.06156473969541,2,0
0.4161539981797615,1.9309133956622073,53.169550440232314,5,0
0.4813441516353236,1.2153220996338363,59.971527101381085,14,0
0.019192276823056686,1.75950131638368,38.56367053331198,11,0
0.2598132087450342,1.1558313853938569,67.08189093088104,11,1
0.760289823122135,2.5672435784686867,45.13201703184073,3,0
0.13710970572899905,4.209607137805297,63.11859299563768,14,1
0.5353101314525917,2.3649777990308825,37.91415253496868,9,0
0.2152018720172375,2.776733627513466,64.40588296031751,6,1
0.012120774643893273,3.702347094269755,36.40940364052309,1,0
0.24120145759954148,3.0355762802795208,51.26782481349918,3,0
0.9758737549100538,4.445782744085297,42.36030368694384,12,0
0.8015371118829896,4.464142700183026,67.41876247140914,4,0
0.9595766443210334,1.0396427819646146,43.10175022534373,9,0
0.48785404392636245,4.112185225932796,74.08586531976981,11,0
0.1097361986775035,2.8429344009666955,74.59101057033064,6,1
0.547959488973693,4.955362165214652,39.82206576113929,4,0
0.4543773345599609,2.9329283035017406,60.69229725038622,1,0
0.844357082739616,4.94758378155319,34.38588208599822,8,0
0.09808258078424459,4.018277444822946,49.576854980081464,14,0
0.4882411370217782,1.9944195384532253,65.66608647506362,11,0
0.15004866469398426,3.1535799171478307,62.971162342495816,2,1
0.32467592689006,4.968542557914331,61.23503347033039,11,1
0.7373570773877997,4.430122431007694,44.12704318312218,11,0
0.47601812936876653,1.3894675751648844,48.9012474717201,8,0
0.37588828514576933,3.8254879872399843,35.14730723501431,6,0
0.3944762785700353,2.382318343483252,65.95114102168006,8,1
0.45944676840598664,1.0279290475213925,55.19443983956367,6,0
0.7850165438370569,2.6139238761079984,65.43828161728273,5,0
0.8920846889402344,1.9390176868998852,42.44717623984364,5,0
0.9553346865039283,4.275477082081887,46.22191143175331,14,0
0.7869033862552951,2.349322435383062,46.71076686300573,14,0
0.31540689574801273,4.310094775815268,31.28712048736081,10,0
0.6881347060865421,1.0023917553391812,47.05239364153118,10,0
0.4376031240553919,2.2312766001044766,70.16522867590167,11,0
0.2546706220460512,1.9646608572310478,74.86492478748693,8,1
0.8408715794259226,1.934269444274444,55.910915781796376,7,0
0.038426348962324997,1.2727464790618508,52.77508476096101,8,0
0.9017619921354235,1.748497081642007,31.541230934968514,12,0
0.46147746462473416,3.2221982795424795,73.96021687926913,8,0
0.6372014768082804,2.165444291350978,30.650510671293635,7,0
0.6593539222057827,2.669579129316592,77.23750401051059,2,0
0.8951177407065364,2.507467521388754,54.46081243440453,11,0
0.6366696821672073,4.503619699999579,47.09672467873633,9,0
0.6139335847600618,4.621195996042061,76.210921742133,13,0
0.06665204056068996,2.97182788662344,31.219549655504835,7,0
0.5184080219452041,2.3206238012624176,59.07124474345436,12,0
0.15016900081704165,1.4272028160094545,57.44662622496688,11,0
0.7374337687214856,4.81361151752838,40.96602006056911,6,0
0.5122219208126745,1.2409077796011898,51.44437156751053,9,0
0.6802277792083533,2.1906011102731218,62.61320029718851,13,0
0.041672900602384266,2.1922648046800166,66.35655984409638,1,1
0.08479201604580322,2.2816051445608596,30.03584293532899,11,0
0.7163233880626823,1.657147373089637,76.84267150455076,2,0
0.07208433599867337,4.132645723694789,38.22626861964062,13,0
0.0712567277652586,1.4899914478639569,41.67902171111796,1,0
0.01210847523488745,3.539626636612651,43.173672284692415,10,0
0.9565013982994801,1.4953841068232698,31.891006827601764,12,0
0.737508359459007,1.2821425503718262,36.15260617951625,3,0
0.35325140850206416,4.6377180147435055,79.3174961472081,11,1
0.2965355812876552,1.7605150652748227,45.7608368688643,5,0
0.34970322974584955,4.285000618238817,35.76505451695247,1,0
0.7746535311811819,3.1785234844285433,35.349563058731164,4,0
0.6613706110704144,1.3114260784350784,65.97299838349859,14,0
0.18519556786746794,4.82179276575227,72.72843320163204,13,1
0.17410933533408435,1.98784466796757,42.8476149754235,8,0
0.09839564971339732,4.438581381410426,31.04547561676175,6,0
0.6603027197013381,1.6752400231382567,41.154500922267786,13,0
0.7643726622217359,4.4157715285674115,32.82578453983787,1,0
0.265046428325004,1.052915251621176,35.169746831502074,12,0
0.020944961030912812,3.0471218262779227,51.575405992382116,1,0
0.08217166747642735,4.077770317686227,41.49591854308163,3,0
0.9678600348450305,4.739182069971133,55.797293926271166,14,0
0.29544477747742026,4.636808544825948,42.67468766285952,10,0
0.7692231478381336,4.27849947819058,77.02686505514738,8,0
0.6246635688542638,4.552765398645216,75.29719839631323,11,0
0.3819396396528959,1.796878743348306,58.3403052505233,11,0
0.2056872621955551,2.136737182846915,47.72119959936931,14,0
0.12138641815940643,2.155874099684234,49.057344101736774,8,0
0.6150129680388666,2.5082157240067953,50.592614157224844,13,0
0.774633780637788,2.573282681540755,66.3789661067472,3,0
0.6439042535411307,3.178221298618702,52.581949775941894,7,0
0.5303021332491583,1.6395190534657655,72.83649732529487,12,0
0.041951223431636264,3.7649866551439573,77.20473929651823,3,1
0.9684887775943838,1.670266157218026,46.797307668946694,4,0
0.7987141916545746,2.24123392841819,58.034724068784,9,0
0.29282203670096474,3.013380522424616,34.75282684162822,13,0
0.9799703293588506,4.185762246093909,40.02345238831795,4,0
0.6018815896363221,3.957876932954909,50.673288335508005,3,0
0.5824226582072465,3.582137425642089,40.31013579508894,5,0
0.7480731794295321,1.6230930423206806,73.82802453943589,7,0
0.8117697880901376,3.188181382462311,37.9143128029549,5,0
0.6564786073315027,1.3497860071995418,52.7830410776546,4,0
0.12809574636620003,2.509452707186603,60.28496202299378,8,1
0.3382675059944984,2.6540661211598366,64.59319540804222,4,1
0.9280836403260497,1.1592457577830153,49.15346848632534,2,0
0.22461561184385193,2.0959523978798873,73.45495343623642,10,1
0.3721670238375133,4.822597869065957,58.41595755389628,13,0
0.432076882944196,4.814530431318758,51.97538902237759,14,0
0.4394049896944522,2.409308217010157,33.36203170260183,6,0
0.6129395824945255,1.1724004357932962,53.23447342225825,2,0
0.9430758377447076,1.7163797573127262,71.03679204078651,3,0
0.24069271183250496,2.5688711737341605,60.727050911065774,1,1
0.12150137630091806,4.791118791876919,71.60812268645591,5,1
0.19747048985993731,1.5647962541487397,54.700583529965286,9,0
0.8869249002092695,4.0540633746728485,35.92308525472409,2,0
0.645810812655206,1.4347301574987683,30.681992291794053,12,0
0.28590678923916013,4.925030309565107,45.16097733592956,7,0
0.8159469389686173,2.52646599643654,64.89952357488963,5,0
0.861369996363436,4.100938155596224,69.51299519708469,2,0
0.846514338690278,2.3703643312445273,44.78764173101647,8,0
0.9189265336395545,3.510675508635235,54.78269604416236,11,0
0.2522410201733616,1.768064338960147,51.05594522170408,13,0
0.7550419287462783,1.5840840771878502,50.5261392175714,13,0
0.46053949727414,4.752256558272525,41.567435660007526,6,0
0.8419985528900615,4.670589111617733,36.818555251472915,4,0
0.7284906771616132,4.5498757608515294,39.83442791156065,13,0
0.7764474464997246,3.501733800666374,32.766619358167304,4,0
0.6561618376810715,4.233072844865113,39.90653709117885,2,0
0.17742876946970687,1.2761477476454997,30.460044881268974,3,0
0.5450269188969383,2.3391561675627166,61.362920031798915,7,0
0.9846697395245082,2.254812499028625,45.81877036938414,3,0
0.9373880664971189,3.542581287810453,78.65723557134544,13,0
0.04317373579701167,2.423831093882562,39.68585253881489,5,0
0.16481481572943713,1.5940271265747232,47.291428515479694,10,0
0.1317287734545619,3.385868301654175,47.89205793207666,6,0
0.7259799099852955,4.257535682676326,30.422574803123027,6,0
0.8177853298569451,2.5284939778398927,71.96039765197295,14,0
0.2135113663106719,1.5290748603939268,31.599723007216237,4,0
0.505852692951829,1.7867527892512922,77.00899173646206,6,0
0.8407030280112,1.949933220677536,74.60371755468103,3,0
0.7328015447662506,2.199590371978145,56.77609580429818,7,0
0.5422372054918483,3.5711802820252365,57.179778745564604,7,0
0.5903476904587729,3.403781938150876,62.68889614780782,4,0
0.50836054691628,3.7843194462681566,49.35250059674435,2,0
0.2975484513188206,2.4500079381260527,62.36111416989277,11,1
0.5650219928590161,4.295990607519913,32.238419434424344,7,0
0.6888853020500907,1.816350644623041,32.702381367486325,3,0
0.8733229158608077,2.8761629900726158,52.86152098097722,1,0
0.6362913539792481,4.203754886165721,57.48111505530174,2,0
0.761121537043158,1.720634590930477,74.39088201679095,10,0
0.160071634954573,1.4394524549631318,35.233031695394814,9,0
0.4615574744197899,4.534735870751959,71.13239635969447,12,0
0.009331619827093296,2.3717186510367836,40.50236686460348,8,0
0.24667886452162302,3.735480499636128,49.70418242550159,14,0
0.7264617151130048,1.101394417055754,45.83012174137065,6,0
0.9918099513493635,3.7601875536377984,50.00776364326995,14,0
0.0991780995872159,2.264405246187882,37.52477490362928,6,0
0.40149431586128825,1.222963414349767,55.178503720177744,14,0
0.8000709686991595,3.439251046192468,70.08212949156837,1,0
0.20403563462889884,1.963215264292693,52.07670051894485,2,0
0.5550849493022862,2.54722896820752,54.53067879490995,4,0
0.7330712960296748,1.3223232491460544,72.4383792640657,3,0
0.615985450260179,1.5886530043797813,65.30290573190155,14,0
0.18802473461541613,2.191908941983375,54.522720425989235,1,0
0.3553845686857394,1.3590380022406285,42.884782409458985,8,0
0.7837917844853972,4.643305058745261,74.24633734224832,7,0
0.5542265141320166,1.0241881727359137,58.85102008452792,4,0
0.005229613542912737,2.9354408754572456,41.05738050553467,12,0
0.7609907600280938,1.4929898325302058,43.45598763190052,12,0
0.03531135494023907,2.230716357911794,70.1566544468123,9,1
0.7457337827312321,4.704238239273062,32.207278104372776,11,0
0.2024805601652374,1.6467782130959474,79.60460935144101,14,1
0.9580734801193802,4.86332927887333,36.51758398573959,4,0
0.3679407513020845,1.8231775079576868,69.80342626984687,1,1
0.3269316163380791,3.9662644338673183,49.73876583858414,10,0
0.14888805033244468,3.186709059589247,54.61080916437334,1,0
0.3056042154902149,4.537914910387037,74.0325288732289,1,1
0.8766507618282006,3.2159730220125238,50.64555947946066,1,0
0.9963343376272473,3.1382368766252347,56.874687683661726,4,0
0.36830953050684834,1.7818320014735995,32.4649831204585,1,0
0.44861063095454257,1.664917448206635,30.117373693372656,2,0
0.722070938202737,4.665956604462057,42.23999365008629,4,0
0.8861957804650745,2.3113527954001363,64.02915464593836,7,0
0.5930443341867842,2.4883290198515837,36.06324466795684,2,0
0.39152569817782934,4.039294633713554,35.68809794022747,8,0
0.41262184084862374,2.3552939296912294,50.54803040179516,13,0
0.6956181464968069,4.808249786556011,62.39185193041133,7,0
0.0032182636042786816,3.951711075995201,65.60359961239652,9,1
0.6195893374598407,3.38971697029368,38.92253370491874,14,0
0.3554930104413574,4.5235806421790095,33.979407368602125,6,0
0.7941973312770843,1.198423633397931,77.0198516972772,4,0
0.09299063982313216,2.028250768756835,43.033319128105084,6,0
0.5882022669483905,2.86014533688364,72.66732488043618,4,0
0.48097288988612374,1.907914157886084,73.17457252314091,7,0
0.6423255259052274,3.9756207492086078,68.62612958812721,9,0
0.06485359448296835,4.676832124214901,38.44168033262851,3,0
0.5799837874281313,2.6950804797236936,71.09007296271002,3,0
0.5614845879595237,2.36853040044758,68.46252796207933,2,0
0.5606600944161709,4.846202928550265,59.83614950531086,1,0
0.6034876665964548,2.7794097313101633,46.86010175844764,14,0
0.6764679372263622,2.956193601797133,43.125430213327206,1,0
0.8049889996807698,2.4065994893676215,36.09446060401795,13,0
0.26982072012821434,4.6381938920485535,55.487853345043575,3,0
0.8250494101800621,3.275821933127403,59.26304377549232,14,0
0.4982556822634536,4.048698348726578,47.96694952578936,7,0
0.07705827913433116,4.247226873403545,53.76795338404342,11,0
0.0585509292439792,2.3673961676690327,48.17572286846334,9,0
0.3342383186960608,2.73477732528152,62.05030286603506,14,1
0.7848969771114676,4.393887097625059,75.06296038982816,2,0
0.7076809347409158,2.453021406703241,38.196013102347244,7,0
0.7886149646724064,4.175740533807405,49.07044049515617,1,0
0.5172690564416094,4.763969290297748,37.04343019754307,2,0
0.44019899795549056,3.492841492272028,61.2471885203916,6,0
0.14745252670628395,3.9665091498075555,66.44352547442979,11,1
0.32819275360931155,4.2203892481645395,76.59563662987279,5,1
0.43401936617387527,4.38015859558657,43.943596313048246,8,0
0.08860042967961723,2.580213351427184,77.51056029327151,12,1
0.22061195271121126,1.2050538367039927,33.16313359103374,11,0
0.5982252940637388,2.607505084946958,60.15069316822941,2,0
0.7356631142391898,3.695024919136359,32.8566359671665,1,0
0.9983475113929496,2.801401543123171,74.68870938809724,7,0
0.9331133313435577,3.995852603441594,56.4904528535027,6,0
0.6425651995351915,2.4279297178746555,63.467417538139806,8,0
0.421248053294072,3.538976564416118,71.57869629552263,11,0
0.6361773647082327,1.7456792194158983,37.51553112419844,13,0
0.785651618080232,3.9974777465798277,31.929578096906692,14,0
0.11833619092338732,3.1827838752521034,73.94405729564261,8,1
0.40990488969628824,1.8162575541864023,45.746661372946626,2,0
0.8398022856356172,2.167644693991229,36.44894539635826,14,0
0.383832951933044,3.9944348343273295,53.42306185435433,8,0
0.5718722712271865,2.9304049426460828,59.91530378480094,6,0
0.5877693608621982,1.8641257615722888,31.548530171125506,9,0
0.18447625313363936,4.86908476148119,43.74478291285439,12,0
0.3622354416522884,3.8605000792675517,31.639993713844802,7,0
0.33451128874193214,4.828539330159185,51.01676945977495,2,0
0.026196708532064794,2.708420181441373,74.75500145331222,8,1
0.024191763891355245,2.900401362766882,79.13262057467847,9,1
0.8316970436757735,4.591820864740077,61.85237767518137,7,0
0.2730708099728124,3.1001973609815385,38.08188468922959,4,0
0.5180787662388154,3.8291156476226687,75.29246949996528,9,0
0.29872557358877305,2.00869150998212,55.812391160003024,4,0
0.9406792451153405,2.786905874810562,37.6874656051459,12,0
0.25929675886577375,1.4937994632414204,76.08633347258308,4,1
0.4296568127389351,1.8239201435078467,67.87345253615516,9,0
0.8727302504846018,1.0037736610705243,66.58526363615758,14,0
0.8419335667918086,1.157060206594641,65.45903518972023,8,0
0.18610141784627732,4.909135292707717,40.016991054822114,4,0
0.8026433097957104,1.9694147805470492,40.550334585376305,14,0
0.45818688673789265,3.653242838016008,64.41464992136275,8,0
0.4829688720853552,4.356398795198446,40.98613750551984,8,0
0.13347997241594378,3.202641836946257,51.93358484015244,7,0
0.08060151375712465,1.6125780003358248,69.10009127969707,10,1
0.7279393069737652,3.9124657493446655,69.19762590489205,13,0
0.49646115235529975,3.401005640398332,52.66308862629298,6,0
0.43685070261517955,3.9250023573895003,69.60949691376226,8,0
0.7295082286523967,4.078986491428349,71.93108980990283,7,0
0.7655128989911097,4.90164147073898,62.73878756421301,5,0
0.15890816766935356,3.29425312010684,41.42129261542101,12,0
0.6102251494776413,2.3665644507624073,43.70058901927737,13,0
0.13535408227768553,3.5938582276009483,45.742057770436766,13,0
0.7513750860290457,1.2737628369705045,35.8402053866976,4,0
0.6569551562671395,4.589589273286345,43.65798101849725,14,0
0.956614621083458,1.4775240453527871,40.475961215626604,12,0
0.06895801635642118,2.311371351543273,52.76643749043011,2,0
0.05705472115125432,4.262981522504484,75.42187739361324,11,1
0.28218707469320015,3.3892495133228473,35.224015837697905,8,0
0.26170568373590597,2.5745420811097683,66.01339619736979,9,1
0.24697879907199982,2.8937426375000856,64.36415022065638,4,1
0.9062545805210367,4.418189572808721,34.78770993316788,4,0
0.2495461998495061,2.3600175442395686,76.12862024529,5,1
0.271949726128631,4.478598739248685,58.42361010784098,2,0
0.7593982624179637,1.352537723906766,48.18627605678421,7,0
0.44973984245054,4.107193748834523,67.82692917476533,5,0
0.7767105569551812,4.390190532218945,42.8682729200817,6,0
0.06536615756438524,1.727270611349355,64.67549185231601,4,1
0.4875711936733843,2.7213861294888018,31.985560378612362,8,0
0.03361360018328263,1.6619990986546225,71.9704018804636,8,1
0.06265320345535452,3.826416515976871,52.408542351065925,12,0
0.906437453344411,3.141391072246627,61.83464571789709,5,0
0.13924537111759516,3.541293386833284,41.061890990334184,12,0
0.5324206822752171,1.7859478678248446,63.8536856329224,6,0
0.41109560260070654,1.846983448209678,68.61201379466382,3,0
0.3473433262588427,1.1659893020396255,53.66065934421994,1,0
0.8998333456872725,2.288270140782919,60.886346203089715,9,0
0.0218233967754895,3.2389786453347,52.81629619111993,9,0
0.6637896861755891,4.431739655989315,74.70456846289227,3,0
0.9633944342135504,3.667709789834723,54.893459025715956,4,0
0.5601681834618419,2.7415852935990057,72.09043545144095,13,0
0.9368224620330918,4.812480457576552,70.06760291351243,7,0
0.05225787928602377,3.8769808023033274,50.525241067417824,2,0
0.4187933190741614,4.7206608114502,41.504224592873754,12,0
0.26015779096205116,3.1103518930886627,50.304106627988546,3,0
0.7308209649807298,2.0356170991725584,71.31086878876101,6,0
0.9812970904972467,1.211306745458888,41.38162679096962,11,0
0.2565300624442478,3.904339405935402,56.221817292887465,8,0
0.6541746014740745,1.4852119920221365,70.30483739803736,1,0
0.19809763275974013,2.2111005130878687,47.67387375641894,4,0
0.5653302545716099,3.1298836315355896,62.11048185013487,1,0
0.4639324866883362,3.2576663511189907,42.281578702440726,2,0
0.9720053296315371,3.402332787948544,35.463972268408,8,0
0.6085272726964666,1.6650213213988025,69.71921125464281,6,0
0.3495063720868188,2.518949619286595,34.94843117043534,9,0
0.11409578488793337,3.468776908467867,43.56906975397923,2,0
0.15124682873493456,4.8792754585351386,72.75547109987201,3,1
0.2253169299512351,3.9105245507987547,47.32346435393336,9,0
0.250966661340298,4.690415028375831,78.65226747570806,9,1
0.8506160578411378,4.048848233256708,78.98671673869299,13,0
0.5612227882825249,3.3668678755696018,43.41380102267783,6,0
0.5233909113743664,1.7680934765453782,32.04891111249452,14,0
0.11476887186921747,3.666742607570052,65.25316421026895,3,1
0.860139693349435,3.4935182638396283,52.54932513241719,5,0
0.7228143032084837,3.409876681829066,35.03764219797881,2,0
0.06766836190000158,2.959143471952963,65.37614094890213,7,1
0.7078350972297687,3.1146264159571024,31.55874545559606,10,0
0.5435382173426461,2.3377701084724163,73.5098345246121,11,0
0.08172534574677826,3.0772507705692127,36.932626455665186,8,0
0.45830064152865646,1.790223622713913,36.36559393733625,6,0
0.484696287130047,4.220697589441507,38.78361489842923,8,0
0.16577454016327575,1.7431078187948312,78.01331792460333,2,1
0.9456981470002823,1.3398651595578657,64.65846801269231,3,0
0.8499753714806619,2.7449841054286295,70.06857677318183,7,0
0.6690223373291083,3.6332297580242474,49.88174928663765,10,0
0.4622955610006072,2.7508672997341654,46.81563637524778,12,0
0.4117655415845085,2.1070165278052344,41.7242003391585,1,0
0.6509734671509542,3.232684735561763,54.03240141562045,7,0
0.5454318694069055,2.3880093416487997,57.591436676708426,6,0
0.062273105881885615,4.731470760506532,61.58874218263777,8,1
0.5125026487703317,4.690580558414288,42.855925199934724,7,0
0.8064036172328395,3.009487279888382,77.43270404514953,4,0
0.45923987759695806,2.311535976073034,38.487924910356796,3,0
0.05195657755426841,3.9485296558265564,78.2826587383206,3,1
0.7862781993840331,1.1468517739322666,30.74280612537519,4,0
0.2013637821359744,2.899076024174605,54.05628459084228,9,0
0.2586208348880388,2.345293577081334,46.66839190582814,9,0
0.1647063534322959,4.682143540410219,52.456170696512544,13,0
0.33021506487149754,1.0480121090907302,58.533228949039454,2,0
0.756751505688635,3.2112595028733963,51.77945790063545,5,0
0.5193858595039373,3.962654324266504,50.74234251507975,1,0
0.20488127415071256,2.940071950096165,66.63617077066533,4,1
0.8778300781520408,1.3416121206508866,64.29381375432322,2,0
0.8795818549515292,4.889845560111609,71.66356410179239,8,0
0.8705784250460069,3.0720417255043917,42.49794906197478,4,0
0.23879621138153928,3.4567449772760455,60.47642548770318,5,1
0.4512393441809881,1.9464391308300293,59.259739269642694,11,0
0.9849896561408751,2.9339923404272152,48.48689054363444,4,0
0.7720124763099904,2.7165979678332874,54.30287709513405,5,0
0.027167421225559818,1.299583368007935,45.68910716528644,5,0
0.06520459126049205,1.424641414189869,37.09221988084926,5,0
0.46393137681233276,4.349890078475099,40.690060533136645,11,0
0.9092202058615602,1.959279808826361,35.275682320060056,3,0
0.5387017979527142,1.7798330859945222,64.15347875950621,7,0
0.4978125080342902,3.019645805000557,63.03636965545758,3,0
0.10547369995663058,4.074988525450052,77.53031857899364,2,1
0.656780104724294,1.2477860743159517,66.48392068236205,3,0
0.8221031606002255,3.3072316785530234,32.60229193780657,11,0
0.38042000750756233,1.4768417713622934,74.21225869644772,3,1
0.7756118509253275,1.1458442033024738,73.13375814728629,8,0
0.9644766539008116,1.2109758086488696,52.166016038634936,4,0
0.2037664591276891,4.336656432833765,59.29315252639608,3,0
0.5233296311947413,1.4718899345122463,78.80391662362595,10,0
0.28713795808457554,1.1806054576491678,56.615218192408314,5,0
0.7928544190338394,2.751599548571649,75.26609141880448,4,0
0.5775933658811575,4.375973887768099,34.15193789050932,9,0
0.6345824175503038,2.0496335059572077,39.55259343543414,8,0
0.7979141596158941,2.6868504701036655,52.03774717206589,11,0
0.3959704726624549,1.159690130255005,59.23784041686524,7,0
0.9150900684070432,2.7963140565395035,70.81139259314001,8,0
0.53302886724614,3.3104523225485347,79.41310575715934,13,0
0.157954822835348,3.283628215008579,49.442574823705826,5,0
0.6958991181688025,2.3297067686974606,32.37078180700425,4,0
0.7932613504382544,2.262132722652542,70.05857516476624,7,0
0.31676167706752667,1.4264944757463915,60.21903595414041,1,1
0.857179256998753,2.4671932825850735,39.92714294341008,6,0
0.9061432547657664,1.3979786754918586,54.741422831071006,8,0
0.2769044873778089,4.0663837788482065,67.11551227668622,7,1
0.9835214727152221,4.865097190992744,68.52058935343219,2,0
0.14071152804875842,4.880297826666828,54.9809205999381,14,0
0.20201566840248997,4.460284397501575,45.26072650644296,13,0
0.18422483923802613,3.4031685973584764,78.68712910192468,14,1
0.8939897100078704,3.8034627889755197,63.168130547824646,7,0
0.6542925523249619,2.1408232107216563,50.411875967314934,13,0
0.15210428322227287,3.5230816806904826,44.02316121023262,6,0
0.440323418368349,2.82259819775951,66.55514915017811,13,0
0.615298025069802,2.92806935910773,42.10917227968839,5,0
0.08346408498938329,4.031106241500632,38.58549944868441,4,0
0.8824163684073387,2.1276734223890066,56.491694448103516,1,0
0.8036035354415352,2.2721584467780795,44.49936963220709,13,0
0.5052067735766382,4.698567164514547,61.44525724618075,2,0
0.9671266152591704,1.224897179403889,35.89693374371167,7,0
0.4177609792750997,2.9425371936533615,62.74705522836608,10,0
0.9841103190364978,4.651203201631446,44.164826399885115,3,0
0.6679199988036271,3.441452031272628,30.012146721725635,5,0
0.6346712732539415,3.1856282968485283,36.34680288370882,8,0
0.165954895295785,1.9989767169174208,76.6807688917547,13,1
0.881927758304644,2.373101956257793,73.3677319557679,13,0
0.42748968792061515,4.408193663218771,41.68045160181184,8,0
0.16223340578247936,3.2368725270738326,68.91859522727455,6,1
0.01260751997575904,3.0589687750271195,60.42857965869871,5,1
0.5597556836383826,1.3983188541601157,78.54523557249348,13,0
0.5273996221226763,1.0641126258204925,48.680282976702955,2,0
0.7193536223691586,4.854740754748196,64.07303062585856,9,0
0.8902580530178021,2.5079446691473666,33.17678612119593,1,0
0.07940658464302952,3.4128522483980173,49.8123673408203,11,0
0.7314964903403623,1.31886029274914,78.19088305940903,2,0
0.18741194409758222,3.732457142892186,56.949043722506026,13,0
0.858177053157164,4.730266834823844,44.39397516674223,1,0
0.8190635138616561,3.3026610119896787,36.013548156430346,12,0
0.5407937549855444,1.5044612895016423,65.17641700907652,4,0
0.7102427986233115,3.326886109893907,62.24280217148634,4,0
0.3143501131837484,4.065388852418609,48.69693568018873,5,0
0.47116789893281463,2.6256661462960746,77.54706759329171,5,0
0.8216368977104717,4.519350991765871,31.110140649392516,8,0
0.4592651971732139,3.594731813429458,45.18619258159129,11,0
0.3577982653254418,4.59699567315681,76.05347431497907,11,1
0.4942124472502999,3.494021244989349,46.046771915972016,3,0
0.8282492524372184,1.525151888019297,42.612641692758515,6,0
0.33520804737087273,2.2387668444207565,56.71102049656237,12,0
0.1737615931357438,1.8071797930098277,71.1900874960269,13,1
0.7120140203307808,4.635305990867449,35.15733804391805,12,0
0.8259782127080818,4.041600269149931,77.1510354822868,3,0
0.10063747852353333,3.705593475640024,69.7536440590582,13,1
0.23987411275594472,2.2038652785264867,39.062512777577595,2,0
0.1419719897609939,1.736179088200854,65.60039805990813,8,1
0.3479414115821666,4.025804351955648,49.24793613187786,1,0
0.45035097890541265,2.8966317835163187,50.11473390381593,9,0
0.7488263369633065,1.9031582086025165,69.16450462194332,11,0
0.6511475848816741,3.4664879126611003,78.13924039903661,7,0
0.6209285674784312,1.161335408553808,36.3327936423597,12,0
0.3523749466096544,2.304681016513014,51.03151184394097,10,0
0.8414475530847599,2.8742279783645386,54.04708040421518,13,0
0.47128716739816456,1.5918333364376234,48.81559084774988,12,0
0.9791049380151545,4.938617910363359,48.15945618581125,11,0
0.6341421382957368,1.836389458358457,32.613433378079826,4,0
0.12626474156450274,1.5214125201730622,64.27693102813117,3,1
0.676177562075434,1.8141394955475856,51.81072085600227,6,0
0.325104015431699,4.076244532638897,39.73969013219634,9,0
0.6863271966860974,2.7020226370873712,70.80167511510342,9,0
0.06964114816240574,3.261663759010152,70.12803740758139,4,1
0.1748814371759594,1.084036627945443,54.31958140444469,10,0
0.8557372589057863,1.1377252342932582,44.92253305738802,5,0
0.2271795570235149,2.7833021993080647,61.90463628982262,11,1
0.83704112524294,4.2666209728064945,44.407606788870154,13,0
0.27927608845441043,4.5409555148302605,41.8003965161856,9,0
0.6428819100587077,1.3468262703825609,66.52573270131633,2,0
0.694150573509831,3.153452408404091,32.01626198604754,2,0
0.5126547531450529,4.652918745117082,34.738423551729696,5,0
0.3053106766967313,2.5518910175915455,30.33940870117949,1,0
0.21264437637109612,4.318263325713474,37.647159323771305,8,0
0.03318935456242622,1.5347826175977448,33.44950043552297,5,0
0.3039464012407238,4.741577958671195,79.79011838899592,12,1
0.653162790531283,4.00569327012521,44.44049849770448,10,0
0.9383048184484827,4.765337571147606,37.46340063346236,2,0
0.871204482263052,3.706468934210026,42.049812899795896,12,0
0.7660647765353026,2.453615727997708,76.80627857700674,9,0
0.7884473432532987,4.75272469009889,56.00801115121978,2,0
0.6649849034759953,2.102267105236714,48.240904815392845,7,0
0.260286857566003,2.32869008824693,73.66957289546096,8,1
0.9071950307058299,3.8032336720069613,49.749513527451626,14,0
0.670732311905834,4.061265198101545,46.75042849788479,6,0
0.56044063098044,4.717613935396615,40.36412612748678,14,0
0.11098946921348107,1.819209636224838,48.889841195470574,11,0
0.4470555438064254,4.191992140876896,45.834217800846304,7,0
0.4603582712019263,3.9541842135878538,63.865197964907054,11,0
0.86456360952267,1.2551782250143915,44.479135233536354,1,0
0.5466482201877885,2.548892564840828,58.859987321128074,4,0
0.38040054897040965,2.1310618282403944,33.29460825159863,13,0
0.9768003285106593,2.2179616974161216,39.56445783482572,7,0
0.11072059332631567,4.931787518218803,50.37026358056744,1,0
0.4225484283119446,3.5711096539197116,76.84746269543477,13,0
0.04202467517140529,3.8707046311739983,48.86259928578477,1,0
0.7399041207669304,4.906470549260037,63.2037060599917,11,0
0.9180765521991506,2.5088071298305548,42.754361121069905,6,0
0.28003732955048943,4.207360673811223,36.35167879866159,4,0
0.8583416767991209,2.7381238532179815,32.926830004002504,3,0
0.29221823046189777,4.478134687259919,45.27067492713757,12,0
0.9107701616439152,1.7226301652452127,37.883051339845395,5,0
0.7539619035967839,4.790744708257119,38.70052240080621,9,0
0.8049067768414386,1.8750868336435187,68.0379654193475,10,0
0.0180065556004545,2.304882027923726,30.79190354724371,10,0
0.962810357074026,4.024768936427122,57.890506286771725,12,0
0.7266709920703233,2.575020566261627,48.97306902967324,14,0
0.3047510953861333,3.4328455070657866,55.32749999542736,14,0
0.8293946648588469,2.778294004277714,58.14151186073015,12,0
0.28152119841492995,3.9694797483591273,45.668384722863905,11,0
0.872753839566128,1.9133250094744434,44.75544300921426,10,0
0.11258039041193701,1.233831948947508,66.67009246674529,3,1
0.7036859774607958,2.199717589892265,73.56384940605786,5,0
0.5406984766449103,2.897234659473721,39.62908162292639,10,0
0.09653447019544081,1.6720802087707143,34.88093802675745,5,0
0.24189382825883898,2.4191891586255547,74.8897903196013,9,1
0.01240403627731479,2.599932073174274,47.49477318236993,11,0
0.46876796546450583,1.2295673747530942,57.565869533140706,12,0
0.3012652607600004,3.333228992736818,47.97715722600017,10,0
0.5983574842977588,4.5373737118851505,36.29011681730257,11,0
0.2972378077086172,1.6069716518122097,59.4665822473864,4,0
0.2999191115069847,3.391232053606056,56.25704258848148,1,0
0.7431931987316034,3.658956819643385,40.14967795955986,10,0
0.04814283597835345,2.6773387216771534,52.59345223261389,5,0
0.9028949951919872,3.80439034945708,69.8473752007823,1,0
0.8522638743911815,2.642926173964048,59.52130515539457,6,0
0.6678046832264065,3.0185491519097396,34.84586635334974,12,0
0.5932215701073843,1.029412178217708,57.40107486145675,10,0
0.8923024981396522,3.7668804565387553,65.13691496447935,10,0
0.18533017952871444,3.6453707157788977,69.63517028903757,7,1
0.07896916219082861,1.1536035093053782,61.45587893171334,1,1
0.2395101699095381,2.4730004295805323,37.63290822703919,10,0
0.7945782787001903,4.9161273631666695,65.50866332950804,4,0
0.03467026672648332,2.682946250274467,63.86709230407582,9,1
0.5828068350834896,3.007781620527367,31.22134414703166,13,0
0.9954375161913099,4.639720632638874,50.58738337951216,1,0
0.8556960938375394,3.8690475034630256,46.64751234811867,9,0
0.5214456890435895,3.3282805244968943,63.47060321268217,8,0
0.06364090928664234,4.1912187253642905,40.806790615546035,5,0
0.8313735143857098,4.457465065823893,59.54359614871292,6,0
0.5989785081772105,2.8275522869490675,75.66029809070861,7,0
0.11493299705956683,2.9004334597273416,69.89011861043039,4,1
0.0938572848233562,2.544203742607343,76.07288681082652,14,1
0.9096268194365924,4.866824560073843,78.92529834663449,14,0
0.6692002629380784,3.7886650171614016,30.533506350308137,6,0
0.8292867993167555,1.3328922648322892,61.13706381887388,7,0
0.8789789002822673,4.451838493252074,50.64196988794532,11,0
0.5717723520483222,2.9222397633450723,72.99272451675608,6,0
0.5174463517550413,1.2750156256899499,42.590735100456584,11,0
0.4304274103209902,3.198869020653244,79.0514744557538,13,0
0.3169465877911193,2.6686571159028083,60.68539847718736,12,1
0.43459596085871177,4.5109976194504995,69.67687011144154,6,0
0.7738796557301564,1.8159784144375495,34.279977641138416,2,0
0.6019234310151316,4.305858437968732,39.172894237943254,5,0
0.8925232899548461,3.230754764741811,67.92018365171016,3,0
0.4433800143791877,1.2184412128538762,31.09932610196618,7,0
0.607089578718754,4.8873812053019385,70.84389929468914,4,0
0.6313075530919887,3.0504609764127997,30.697450934595572,1,0
0.5916971623063255,2.16350741692633,62.85594195306366,12,0
0.7026337730855163,2.8776273679570323,48.2546960115903,12,0
0.23743346837480628,4.431431134069956,60.57474263595996,6,1
0.5123637775457907,2.219612497540254,64.80157034945569,6,0
0.10422480280834767,1.7707055859468013,47.123760959315206,7,0
0.38451132764481255,1.5162849877235258,35.39812240554178,11,0
0.4876670686212644,2.191437593560845,33.48229338741328,8,0
0.6522242595454725,4.120192348160174,59.44680112812739,3,0
0.9505310525862035,2.8865054607810468,56.032767686705576,14,0
0.6006510665483559,1.90992641477416,67.11005045605663,6,0
0.7435939161765598,1.6647399984389968,55.486775500196856,10,0
0.5062660594952028,2.3309179060415164,51.12228950154396,2,0
0.6341040313763313,4.759697491542836,49.90435891181154,13,0
0.07093221613377343,2.3721068503600975,31.322345129883374,14,0
0.254391580841847,4.952496303818542,46.77786008483285,9,0
0.3618530932051387,2.9409218230614247,78.8010078762247,2,1
0.47249335500651357,1.7166556731606035,73.67777881135444,3,0
0.045648745502383736,4.564560367174037,46.468903351710885,12,0
0.14002409755331768,2.8414214925393075,59.38977025331861,13,0
0.2768143077913058,3.8386853740180977,72.3648372767747,10,1
0.9715326909010507,4.934846332836607,52.063716837503435,12,0
0.33134700710305076,1.200701401279896,30.89789318750755,12,0
0.48204105811208253,1.3867782391502685,33.725523090932,2,0
0.19609771273839294,3.8818269658510247,55.51963606743533,9,0
0.6107800710757683,2.127300013181888,78.47196878379393,1,0
0.2806832155159743,1.7372055878003962,64.66047711094339,5,1
0.20699257843842678,1.157447519278918,33.54580957192847,1,0
0.5165726284459791,1.0873868479448072,39.46804378959314,5,0
0.005505799160420821,4.0979424124791635,68.5661571608425,8,1
0.0076640326492253275,1.5377337094782,72.07198799781224,8,1
0.21906880910185778,2.8708824638846036,60.884729309429545,11,1
0.03672136250082114,3.423587260717932,62.22115848149083,8,1
0.10802575413069138,2.713407202275385,31.41687251916923,2,0
0.3388606493387516,1.1084266093449324,71.42651297907543,8,1
0.8025856795798129,4.134006010351635,69.41376040854149,12,0
0.5720486433693008,1.042052898166614,42.951757205167354,5,0
0.5126677259564164,4.0475595775099364,65.43383599827536,1,0
0.29348882320812164,4.573217975152491,40.74273032124991,7,0
0.9317537194328164,2.731359684228689,32.01650805257565,13,0
0.39701504123719167,3.142169892391193,40.056827129518865,6,0
0.08709276679577149,2.907933570470615,38.93144383771497,5,0
0.6170665161178013,2.5568344744937552,46.88739983674236,1,0
0.11383839347660141,4.549698141481441,50.9224748587729,14,0
0.3452231428016921,4.5757340426799615,55.4269445748854,14,0
0.5074119387178089,2.343265458566138,53.83769377541641,1,0
0.8742225246851758,3.460279016058792,43.533730298264466,6,0
0.49354658034011867,4.707630248583456,31.458533428703724,10,0
0.7022587660316643,4.848233995765407,60.255081111857535,12,0
0.9928168389990704,3.03583616168819,49.78724149236772,7,0
0.13148911989798162,2.811299221137307,44.93360786937748,10,0
0.2747315255195195,2.114777263714103,73.34705214152561,10,1
0.3945760755976464,4.83548749276164,67.337165389908,1,1
0.42182817853883137,1.5712572178914694,72.88827741862211,9,0
0.41102107526554577,3.3193183041909,54.74913973562305,4,0
0.9076110025565549,2.1302010700745555,36.546562606338874,5,0
0.7140326444668564,2.1160331613911865,64.81107180606362,2,0
0.6079052140907037,2.619874349504754,40.30368899685876,14,0
0.3093727178627821,4.995171743262619,52.06148345458584,12,0
0.8237903842212947,1.2198652273592883,33.25003944744442,10,0
0.9550605114849889,3.314167272814126,71.26542012114912,13,0
0.8211982825502265,1.3302886321411087,36.29703205237503,8,0
0.0015651051914729042,1.6180833199620759,75.15487535246548,14,1
0.636401370183407,2.7582517670915947,73.21153011307786,2,0
0.051135381442100725,3.041840525385765,53.2291382219623,3,0
0.25760722033372185,2.035169633458096,67.21841021519953,12,1
0.059524700347771686,2.2658285234976647,60.972253690907664,9,1
0.6037954529493877,1.3478680810237322,70.15378211688724,2,0
0.6865899134926068,2.212879135377002,51.5902550392956,14,0
0.11448763806590512,4.866233757522176,69.2904242122175,6,1
0.3838388830449795,4.778829526689927,53.1228408532574,12,0
0.456236508955542,2.33951316054794,77.0482893921397,4,0
0.3690530217609166,3.2834157451150463,54.31860504125738,7,0
0.12102500048519305,4.638381564443778,53.13096359668648,14,0
0.4189477901874754,1.0247352905635867,69.25359307817564,14,0
0.7511780478084181,4.2427342813503675,71.07888458804189,6,0
0.07100766453325547,4.793478211155676,57.72445571605854,10,0
0.08018001408190345,1.3653029373342283,38.98989067475377,14,0
0.3547712918359842,1.6457907441316841,53.38791154787897,9,0
0.941725711618925,4.842985211085422,78.40362514548391,14,0
0.668572646722914,3.150160574561385,67.64930965195926,9,0
0.6786699566725648,1.0567865378868948,70.5581301939566,10,0
0.36191999083786497,2.0305279950541166,31.641274940962006,4,0
0.5936607912085384,2.7997746970754385,53.39297313170799,1,0
0.010131184027743378,3.771635644099071,62.331056682877765,2,1
0.6360960464095422,3.9326415125471983,71.50163418140374,8,0
0.9132869475762367,4.981686051701825,32.46368267913857,14,0
0.6125734683448192,2.150044797535036,72.62194428209366,10,0
0.873698593466345,3.152880407473901,57.42004683709558,8,0
0.7239730554660938,3.13329419143842,39.865698528802994,14,0
0.12055841640369025,2.62258103778895,45.862760822485,2,0
0.9024533072858417,1.6766475753696808,44.096477587578036,4,0
0.06644384435577488,4.90982625273537,56.54295171442379,1,0
0.5339674725477638,4.413268746666344,32.58428399555659,7,0
0.14213712379345766,2.993332113176949,37.926807924996176,4,0
0.011706610730904066,3.4129816907361192,70.63465216878912,11,1
0.422034260127639,1.9090442142386492,36.63019953734055,14,0
0.29504070765415624,3.1751482815669876,41.66981347290635,8,0
0.486000493797603,3.7798805324859033,52.66853028020786,9,0
0.5771998867345508,3.060668113546355,55.85604440566652,12,0
0.04373907230894736,4.9611406823397655,68.18052398070793,9,1
0.12300329512374564,3.4453666249909047,52.36662133330939,3,0
0.5586423964504253,2.483894850368676,69.49323105177695,5,0
0.34316735317265823,4.088608110463353,60.91731535227287,6,1
0.729173487549448,1.6818500463265682,35.65498697119112,6,0
0.6522916485919397,2.538063254825066,37.81657191964193,10,0
0.8456043629899068,2.3878358015103434,51.851686272488536,8,0
0.6924928266692253,2.727228380431109,49.844469654451984,6,0
0.42993107739014813,4.127119303714905,67.17721348186473,6,0
0.6729666223944324,2.93669212865363,59.036856989867594,4,0
0.2753811742554185,4.176057801063851,49.406654050112465,7,0
0.3063134987782127,3.3059556125594636,38.53801417251928,14,0
0.7889851599207933,2.3682777386302214,41.34185511627476,14,0
0.4464195164015822,4.23991497473389,58.77505092345295,8,0
0.7983803405183525,1.9531586822123663,51.17194024498963,3,0
0.8224223736682784,1.897531919199182,55.7463754430336,7,0
0.8575623376612838,3.018011696219343,38.533871765111684,3,0
0.9166352358412073,2.0433969838483557,63.14531261722829,8,0
0.43098522051329624,1.0363481398048653,72.62693704279835,1,0
0.31886681832113883,3.593190109195206,42.89697533934503,1,0
0.5821987465941139,3.044375285889592,54.57571129159133,14,0
0.3711724234376276,2.7820712579726448,78.77636645104509,6,1
0.601074166800233,4.867874058473261,46.66208702753639,10,0
0.7055858626438246,3.2847967358516548,59.752317246188056,9,0
0.6884050184921369,4.4537263111575385,34.509785010012216,12,0
0.37455288702012135,1.5578009448206407,60.30075012397216,14,1
0.16686020169875282,3.2768258525177107,34.481588665230895,4,0
0.43052933846220753,4.471918506923611,77.9617717661911,6,0
0.14259414408190874,3.332423029119592,65.78313260361557,12,1
0.8900970351838083,3.872056712508006,69.40798940678532,5,0
0.3458774607378574,2.4881742712488295,65.20521803858185,12,1
0.15445974722332378,1.3697980681482664,59.486451803823286,1,0
0.025447759905750877,2.8316011805082857,52.49563905427527,6,0
0.6458223862864843,2.57791756335543,72.91866898805313,9,0
0.6369023174547432,4.46824072951579,77.84178337715315,12,0
0.34060416658129167,1.975981209409889,54.95180864520407,3,0
0.071711888847651,4.866936910140432,76.57675245776309,11,1
0.409628894895232,4.832552479217984,59.166645499425876,3,0
0.3112174950633936,1.9905265722857548,56.91920934482166,14,0
0.6771206397350094,2.392207821909282,52.724136647767835,2,0
0.6057792494526903,4.58222296349554,40.46438807650599,13,0
0.36459372819754,4.86648888358443,30.18598304090296,4,0
0.2178925542549901,2.773756411344176,42.07531134280306,10,0
0.9880359661555919,2.2839881825635913,55.486158580178255,3,0
0.45400162119611487,3.104376053006168,48.99799761298763,12,0
0.688274235780237,3.751076825462939,52.42426140013169,2,0
0.14055296757836078,2.093898061499919,79.03241097820248,1,1
0.4855896996593978,3.945892698476291,47.51361853346638,3,0
0.027536719869465487,1.2066294284585641,52.60914696800539,10,0
0.50545511791045,1.1971779710576658,36.67577756764098,6,0
0.9640174071177023,2.545150820582181,32.39788662184938,9,0
0.3842067129858002,2.4138927682428823,68.77047572962474,11,1
0.03899601257491159,2.262532861468609,58.53415875359893,5,0
0.03095579091934353,2.96407905067564,68.03524030219475,3,1
0.3879867599468695,2.282934329246285,37.49313994432758,14,0
0.16002493646319405,1.7690316738723677,58.591438559134545,5,0
0.023352096328185912,2.2378781963544037,42.68212371706878,5,0
0.7562136139501768,4.899617091240939,41.403090845000996,5,0
0.4585230088818907,2.6444536679793944,30.576300702649263,12,0
0.2892447719726545,2.778851107433343,36.517036178453594,12,0
0.9000831830164807,3.30617995980456,45.46340557498477,7,0
0.11613896020052561,4.933363073656906,35.843938029546955,5,0
0.9559188289553192,1.966405105743052,79.29292202054688,7,0
0.3139667173773528,3.7251284421297353,45.43163242619753,9,0
0.8884036723086812,3.8639387741668965,36.51619733511641,5,0
0.6029428764794615,3.4292976671722637,39.95411564139789,2,0
0.8267073597414875,1.3543133585465763,59.385161417073824,5,0
0.9840131632104643,3.707489103310306,33.202176193239424,8,0
0.2884054378187457,1.256378844144702,73.12170650705784,12,1
0.961135485407593,3.3845705981995877,78.07498396185736,4,0
0.38948189490242036,3.9583247088869706,42.337371033369045,2,0
0.3855119047369223,1.8438795624798017,52.50476342954297,10,0
0.3403871042545057,4.366488030171096,31.106722551474853,3,0
0.5414076073475852,1.121415222132017,62.035511236361074,9,0
0.1541450431784871,4.375251454633224,50.69630290262944,9,0
0.5537114853580112,2.8413162025710603,43.502923305077786,8,0
0.541704812410004,1.870351759726578,40.34185553083042,8,0
0.76190181260487,1.535112579975872,62.70115388293802,8,0
0.8336499619375856,4.81322867032949,50.81085155161573,8,0
0.44044135031242404,1.2906623503246268,38.982964451495604,8,0
0.30233324935149375,1.7963736797437027,64.4554540743412,1,1
0.25933489731709447,2.391289389732184,58.25361415183468,6,0
0.19462383670487193,3.480939395844482,72.9336027464748,12,1
0.05764758219902488,3.1792043411043935,35.87379494382465,9,0
0.34244797883471334,1.502573969649256,69.2833300972228,8,1
0.27024769213078326,2.1589119349528585,63.67583934086295,3,1
0.9664173858664074,1.9550070843440963,35.75054684140489,11,0
0.5577088262500439,1.8541714179613655,64.74103649358604,1,0
0.34727703903050755,2.644577345919948,52.07736444399152,2,0
0.580467600993696,3.8161258103666276,77.24923927779216,11,0
0.1391967013456955,1.8698117288689438,37.08056753089497,2,0
0.4440437492022029,2.4667155188119256,62.1416695407869,7,0
0.6262343214210638,2.563669707364649,49.0990022731473,12,0
0.4888978317924514,4.905826117741641,77.84073352954388,6,0
0.40177880065432425,4.818665427516276,46.49874476451382,11,0
0.9938483888996982,4.200550331008303,78.10929547459,2,0
0.880314762148927,1.9666356832767407,75.07429255503746,8,0
0.6234059581594401,1.2721492563666787,43.519161765532814,9,0
0.5693773611822828,2.267616550882499,70.17708884132139,7,0
0.620660479824584,2.0671781977353234,79.7802100901753,4,0
0.20131210782243325,3.0237032005855755,42.63315010856412,13,0
0.3951377432643186,4.110911640271173,51.83885846616599,13,0
0.03945953289089932,4.433291755515432,56.00903682833798,1,0
0.47554603748682667,4.379456341642034,44.74655679019322,4,0
0.5430245839576632,2.438702244892271,30.763241982301487,4,0
0.2277497361032096,3.7489373738427316,41.00646220987633,8,0
0.9640288471655137,2.25133679009688,44.09684421708792,4,0
0.909454610937242,1.2436221729407309,52.17998506590936,4,0
0.7221432354559059,3.806261062411769,38.55512392067009,13,0
0.5333866287653626,1.0393102102791514,73.66271783458363,2,0
0.869969159647685,2.6367303498339543,65.2455566365668,12,0
0.1306523438234629,2.317517077208303,34.2600238779831,10,0
0.790509794274885,3.7735101540754097,62.50462255699657,7,0
0.1248208139668483,4.064981891041516,62.68282382028102,4,1
0.7942106625494054,2.2163785438851353,77.81105868218138,11,0
0.27576756825135695,4.246508057779414,30.151043567808063,6,0
0.8770905810181889,2.175667042019735,42.39662249029036,3,0
0.9440420938253978,2.785305439946245,76.38957396876577,7,0
0.14879596940511564,3.9080741080565358,76.60669576991415,6,1
0.4626756050653935,3.7716809168991543,66.02932096853186,3,0
0.9809873781626851,4.9494738892488,68.288166052377,4,0
0.4834074359731466,1.9006440968637275,34.57414789648236,10,0
0.8635475225145451,3.6492716541583294,55.693791738911685,14,0
0.5887315221313199,3.4387276331031096,41.57914956444997,5,0
0.37532990791960186,4.66039381796012,39.06090218068086,9,0
0.2857835555258702,1.6254485665795002,70.51516495616663,14,1
0.20322309108608727,4.007192654347731,36.75190683402737,6,0
0.7617981913776972,3.2730744650750734,53.43258184981926,13,0
0.3865405068230279,2.0986634791516217,76.92891197930166,4,1
0.5112754622007512,2.8977396565886964,39.291602778267126,11,0
0.4923254800011819,2.335106388279191,78.89967118691173,11,0
0.5772790292331312,3.3172536111538435,79.71439928805296,7,0
0.8655771456245522,4.556002443258663,57.78085773412015,2,0
0.9807393435834294,3.277219937648808,38.507137008857896,4,0
0.40758420857381694,3.526889673306336,45.80524439704478,5,0
0.8275189221063031,3.074991388458838,51.22464163382676,4,0
0.7645277946547177,1.2046620257819036,45.466211217911145,4,0
0.5735289514555733,1.931434227504377,44.03177899382579,11,0
0.9560471436119331,2.968006917728331,78.61148546081787,13,0
0.20047451552840279,2.240941134978819,37.668241370787285,9,0
0.10926421030962141,1.7270543910447769,66.66639543584311,14,1
0.8539619669554221,3.0165313676737533,30.020514471958744,11,0
0.4391498166337483,2.2912391737914013,59.809133470118844,13,0
0.8469688542070605,2.032430572693659,75.79715019770262,2,0
0.8930902051954149,2.855941669761523,44.39670470466095,6,0
0.06245759361907144,1.5331370323286926,39.27629876288596,14,0
0.8834647629860607,4.710982932301629,62.58398974392135,8,0
0.4483190553694222,4.470808391676956,65.63007036491966,8,0
0.5104324890042322,3.8304823429621413,64.40152594759907,11,0
0.6265925110932102,1.4248553103538248,45.9658440010687,7,0
0.9263826067300868,4.103509017878772,42.610120107966544,10,0
0.01911609442976403,4.231829312436076,77.79593999810221,11,1
0.4768434683178171,4.07105847085735,76.16497541349648,4,0
0.6877220424305607,1.4558635484769646,52.86583049464102,7,0
0.7227069576982285,3.575631828271059,72.30969330771867,13,0
0.692532431537108,4.337299182997594,52.6161738817148,10,0
0.13443512940812186,3.309413604878671,51.21945090362552,6,0
0.29939558837168123,3.585629500912356,37.83814737996473,11,0
0.35871552541701346,2.8334539177052247,51.32030282459864,6,0
0.804437207679505,3.1148292795362105,56.87084692999035,2,0
0.278759872414553,1.1375074334069009,31.125216371434323,8,0
0.21070496386720317,3.5558520878931383,52.20565025877032,8,0
0.9574480190380962,1.3257888515646368,69.06781091976,14,0
0.0088632851134689,2.7400583773608935,64.0023028187135,11,1
0.9978208556819782,2.1706203906696313,61.75784944319675,7,0
0.6768212988573956,3.1817118008468523,75.47777142186013,11,0
0.8284692994491171,1.5336653420928283,30.9016004912615,9,0
0.29461939634619316,3.766573607893273,57.852379309611706,8,0
0.014315277667059978,4.180046147713881,69.36744242048536,14,1
0.73786951856153,1.653417798972626,57.06676913506336,9,0
0.8341445970006758,1.4172523494075286,46.19477762901896,9,0
0.7404761319535191,1.5820619311494366,36.812528254598895,6,0
0.1428502873008386,4.508510247594007,74.37815359080957,2,1
0.7534279222569691,3.1127570470254247,53.53811961938015,12,0
0.768922782107641,2.8690439840300104,73.90575984928506,7,0
0.6585405156700549,1.426847276409417,59.292606121658416,3,0
0.7661159327955862,3.598224027027847,63.709605830750036,13,0
0.8459214396777321,4.47199836758036,70.2130577189225,7,0
0.6136041142374584,4.312743477293812,62.95777723000672,9,0
0.08860471396967906,3.504218835923205,49.902742033946886,10,0
0.48762780966721087,1.3011148666066945,55.68166919643255,14,0
0.07764933467160506,1.4495881087040519,70.152276233794,10,1
0.40754303103243084,1.1972359484392987,48.68251481864921,2,0
0.40710648912562764,2.029916865969877,49.406072838424855,14,0
0.06600984414024158,1.542645868641511,34.78450580290006,13,0
0.3488205339694793,2.0401921610097355,75.72922176108739,6,1
0.11099809879131484,2.5402322228758467,34.55181574727209,13,0
0.8082352100092222,4.771931136284543,62.410458872427796,6,0
0.9476880259644708,3.4415042391267683,50.659723940139884,9,0
0.0723164752579386,4.33989514273185,50.28096951277212,13,0
0.9551152072917014,3.841406002849329,63.977591828634196,9,0
0.5225765993367452,1.450012522106527,33.354686631493934,13,0
0.2995656779538739,3.9436816254957954,59.68528914757173,5,0
0.07686207527616351,2.1003955262364977,68.60158929861774,14,1
0.5006242680704178,3.5564313879788254,71.41063789432971,5,0
0.7945155444907487,2.363847894571954,38.526519469688765,9,0
0.7070864772666982,4.990689053058636,74.87095250390868,8,0
0.05022601146397376,2.0542059179871113,62.80730459237211,7,1
0.07290183536790351,2.1165218830970787,74.09274004103415,8,1
0.4028732826326371,4.722689022249593,54.26403585550992,6,0
0.2952904940479433,1.0985776185452907,57.101667254860104,3,0
0.23238432305604784,3.7867559514927875,75.95191385143356,7,1
0.2810044989087136,3.9013055629435125,74.99547716773358,8,1
0.8034827432968846,4.345514309641597,52.408043668450105,8,0
0.9292280536318539,4.897757242553901,43.72063158178409,1,0
0.4051026945275664,4.902407676626609,49.65852172821321,7,0
0.9061110021324971,1.2611070302658556,49.38821642648749,3,0
0.32149570124788196,4.28735729101161,44.3433437491397,2,0
0.4764369863437916,3.5852397346295253,43.42898021664833,14,0
0.22602899781599972,3.5893685374923647,73.05314682398597,2,1
0.640476042175844,1.5133997064587792,33.49309603423308,14,0
0.9789811151748089,3.6007486657826133,63.88055910497971,14,0
0.6034930960433786,4.929930322404991,38.641002572822615,8,0
0.35781408411354887,4.647274278157788,47.22529466970316,9,0
0.6478174459905284,2.756522643219402,33.077151706741844,3,0
0.12292067846538757,1.1597918931443774,43.4986818427731,14,0
0.8886590802653986,2.4491739600008193,68.4210535558621,3,0
0.5030839507798364,4.30556124640222,74.25076622736293,6,0
0.44934974203964206,3.805996405860664,41.07635759511835,11,0
0.5858647884535192,2.8373746223758256,53.17739196294609,10,0
0.6247838627894025,1.2204061406353244,53.51620239686032,1,0
0.07177580622651303,2.7075789112932105,73.6787652879867,6,1
0.6826172212234024,2.876099758871534,68.13995264379028,12,0
0.24193168031552958,4.714222131576544,55.65386091840249,3,0
0.7139526325065898,3.564344414328638,63.53736002358867,11,0
0.8225347943841967,2.2466116666185956,72.36775269546834,4,0
0.8039585075525203,3.1012730578028855,30.476947701277247,9,0
0.5525009674078891,1.2642212312886403,50.14450155250243,3,0
0.5201698923107512,4.890272942598948,75.36215836385394,1,0
0.14287596133941172,2.440239607722904,67.01565154219756,3,1
0.7753461504031356,2.9114694196525432,57.14206871670373,7,0
0.27140938044671437,2.4211358969476904,56.48222635175667,13,0
0.49669542281794654,3.7300469204648006,47.38850488022189,7,0
0.2842740929275167,3.648928633318372,56.026026682075724,11,0
0.13382836299969314,3.8612892421165426,62.76915997317266,5,1
0.6295576968917366,2.0725729184476833,50.91815192143966,14,0
0.05433203482290383,2.262673924656264,65.7076573196087,1,1
0.7486452341262,1.5010049243848318,73.0616113630193,11,0
0.31758679526111666,3.6220398873844504,37.73424240924306,8,0
0.00013469300448532007,1.1591885093426102,52.57735114087122,10,0
0.5111291392372298,3.3907293420938363,50.40100456425405,8,0
0.046851908527603126,4.478783539406535,64.37324020248641,10,1
0.27616955782089947,4.563328593158534,42.49337326289647,12,0
0.7069764874557162,2.7961510414798467,62.012545747613814,10,0
0.06268962162186587,2.837214752852295,73.8744620865744,13,1
0.8393384923560023,1.3078767320320694,50.906579989681134,10,0
0.003819922658583108,3.683060101772143,75.550784998961,2,1
0.24682386920190225,4.2850376814913815,79.65818694667392,10,1
0.7409040561520714,1.9786202184188522,35.3046024973976,3,0
0.3162701497293068,2.6852035265334586,41.652659399242935,4,0
0.10189238806601353,4.355357347061082,77.51898757410466,1,1
0.3602339188004279,4.5084818706491525,77.91638432406934,4,1
0.27039328638452553,1.9727199210569037,34.88536376933793,5,0
0.8427119021605549,3.202282538165457,30.749925018856835,3,0
0.31334791758514313,1.7699726025433082,38.055001162821114,14,0
0.7889324717760072,1.4075150565582262,79.80063916911242,11,0
0.8918721448107347,4.644482005567831,38.99998083053434,10,0
0.43381741957652953,4.282030016928436,55.127380336101155,2,0
0.909943143854392,4.040139607212696,72.42088632152556,13,0
0.37731805396319285,1.1950652752525617,31.02008053441032,6,0
0.9640784164901082,4.37491517084103,60.224449112922976,8,0
0.08928952452557293,2.752176303621535,43.851272443481214,7,0
0.6870192665032427,2.3695804931834386,73.11674582198657,11,0
0.49381404045692867,3.185905444101506,44.17305746320396,14,0
0.38764880545564706,1.3654129708942233,64.33778601409544,1,1
0.6327118787486009,4.026586197409595,63.71098162236984,4,0
0.7038570916343312,3.3297403075531835,41.074677442982,3,0
0.004363269650309087,1.74636038749267,31.739959993417507,6,0
0.16695308874719872,1.7529287990761824,50.462478689269865,9,0
0.7130460506343187,1.736994606290697,44.45965759829349,9,0
0.6663854135782065,1.228009550207736,70.44888748068543,7,0
0.9660475051286772,3.351193797486739,70.01820942276726,12,0
0.761037790250783,4.361392710354032,52.85119760963127,9,0
0.950772707731338,1.0699928559495544,60.32561126616095,8,0
0.702540501534807,1.1960185798850942,60.21297579934626,5,0
0.29805220863944315,3.291081106747783,71.35790742138117,9,1
0.10536492225085647,4.277982741544209,51.250120706159876,14,0
0.7818238633449356,2.3069555622745344,43.77233398952545,7,0
0.6441492214759159,2.3984575952308886,43.25174590702737,5,0
0.04818601239329623,3.3853859899871037,56.809613964110206,8,0
0.36005046590097833,2.096851556496588,52.45741013661063,7,0
0.9567998154842862,1.1064334643107365,52.00603854924681,9,0
0.5004011457102012,3.9409140724063842,34.55686695448536,10,0
0.43272913601970464,3.5025996517658124,65.93018703450977,1,0
0.457699605159294,3.3230239962226364,40.68683439909553,13,0
0.20888272400516372,3.9667365159672925,39.84768151043607,9,0
0.3687071708647952,3.70092335024815,50.63791601386967,7,0
0.3698132559871766,1.8235279527132846,41.38891708089007,1,0
0.0523550201874724,2.4099241877734046,59.19291336540077,1,0
0.7675676285179183,1.5044405667145,48.573166966723576,5,0
0.416504431903879,1.5194280536715241,52.44558612963951,8,0
0.8221798868164233,3.704782985426157,56.85846608020144,9,0
0.8503480011198954,4.434400427929993,40.17677612409024,12,0
0.21199405469865806,4.850930335444556,37.78758114327649,6,0
0.6573534821701286,3.5133884701977776,74.02109514368024,12,0
0.4722818041629817,1.7364052934438279,51.68618514157105,13,0
0.8801567379214851,1.4226013817957228,50.60468048162696,10,0
0.21574067917645412,4.251403886147031,31.780607513642074,12,0
0.6778132003100442,3.315025905439997,54.898815129369666,8,0
0.6077521222527226,3.4731400840548794,57.70848608055,6,0
0.2953014775718328,4.125848355018837,57.94204354773332,11,0
0.1366009036511726,3.8131089109298064,65.35155846614421,6,1
0.6516397604772766,4.337833011424387,38.87409174955059,4,0
0.7385974581323307,1.224855621839514,42.61115671153094,11,0
0.31562734376335,3.9900825469860193,70.53652326152064,5,1
0.6448326040223138,4.403411029288382,77.3585308421697,14,0
0.39513090761150327,2.1445401698332573,36.796637368366035,2,0
0.7132068832826177,3.5617890959730114,54.88247772526091,3,0
0.1992152748940531,2.2566482553478884,40.708812636979346,3,0
0.8902150026361744,4.831884265929816,33.00365841774912,14,0
0.28740959646557973,1.133694289742015,46.27516690630677,12,0
0.3677859877561529,3.31917137533182,37.18438125921064,11,0
0.058091952080349785,1.6660141881980604,65.49665367171232,5,1
0.1115122123212764,3.8488808207086347,56.68627068357222,14,0
0.5158619027123281,1.7035611336746483,37.191723549515544,5,0
0.2675926767279715,1.9415330475934303,30.462079420275717,6,0
0.8354802257421944,2.9774832441830323,70.40785245121063,5,0
0.014693388654953843,4.659339799987512,38.80972030821238,12,0
0.3790940486719362,1.8468574885918834,60.310832111038295,6,1
0.3373455467690927,1.576960084472414,46.84609565383728,8,0
0.019327630917601035,4.035907327416123,59.274296915751776,2,0
0.12436839900051022,3.002478129335724,45.7826813491162,4,0
0.41364267491863527,4.647140449527086,34.34697803461271,13,0
0.49286458444744663,1.5864582286393691,41.14750042788768,6,0
0.4042897472548691,3.5837115720921573,39.40292832395378,12,0
0.5309376784120938,1.9315165846072602,51.40096762198219,5,0
0.5951316749056815,1.6270417146065572,62.91418917130787,1,0
0.00992382112783563,3.733717660629082,43.19030374731788,9,0
0.4640951594535039,3.374738479634933,30.603496765030897,3,0
0.9634992408875883,4.019309833449325,55.94686821323785,2,0
0.5190322801295487,2.2378503057847294,60.2879744679486,9,0
0.6775422674589532,2.7918866255287598,78.14352470009048,7,0
0.3118638579168832,2.621886705321674,59.473540154662345,5,0
0.7739913781527625,4.936357855866056,53.55862796890709,12,0
0.7729214818761151,2.1689958269575516,58.67008129488519,6,0
0.521296047654139,2.1792689533870675,76.39503149310136,12,0
0.9760138232792136,2.4181928353144295,71.41890728008232,11,0
0.12555021476265338,3.258376325161286,46.1489366681904,4,0
0.016947664889580993,2.009290977054981,41.86271818285687,1,0
0.770158211757096,4.661159761517096,43.13168061830368,4,0
0.8071555373648825,2.062742259465054,55.22105198576065,9,0
0.12020722912057624,4.583262926240779,67.20247256142889,1,1
0.2655828329586061,1.4139002545863386,55.160960359148106,10,0
0.01755236336662891,3.6262508095986092,33.38981979140563,3,0
0.2933086107805647,4.627942073752974,66.17903502199906,5,1
0.7731418739186715,1.6749977535929181,70.29850643354769,7,0
0.5179605277125789,4.87330784039702,44.47489325598598,9,0
0.3480955931682881,2.8115334416620468,63.20628696416752,6,1
0.3717392949063303,4.782860433764098,51.32959505271967,3,0
0.0013536257154681541,3.707280174520188,74.45596778637214,13,1
0.2998005275652359,2.206347479494206,72.26127790803699,7,1
0.6464587416379305,1.7532100996684257,56.27159991548211,14,0
0.9741944438163571,2.2149401849003976,64.57527729067972,4,0
0.8470608269838995,1.3720696370507,74.16748505110519,3,0
0.023594964645529126,1.575471865373319,54.78585050391378,14,0
0.8985606046748393,1.4186417613859246,45.6625370244411,7,0
0.7831984132986259,2.691774174966231,67.68330689547906,11,0
0.7803761235709804,4.182313505030345,41.00331273923459,11,0
0.4579957590035715,1.5655342168653608,49.4265574003021,7,0
0.3980052929545028,1.5212817326893435,73.28636185533969,4,1
0.3029157288331926,3.573715798069323,66.22111701346574,12,1
0.06569485895436578,1.788731927872265,50.19055026237496,7,0
0.2282353634936991,1.3904401524359664,40.73722512041787,11,0
0.24660363497802462,1.6673943128223105,47.79841954161182,14,0
0.4840770697102016,4.694925583507104,44.20520746137165,2,0
0.747444406596694,4.285885011104764,38.804464397192696,1,0
0.4738098283979466,2.4162582494203764,67.16664567828283,12,0
0.057844449447160606,3.6232830693095712,42.603494342508576,2,0
0.9577898009882039,3.1491026946721523,52.70837350838819,4,0
0.9427243190941123,3.7084970539302557,49.29297234180545,8,0
0.7851895431484084,3.7306846098510373,79.10386893178153,3,0
0.9913279015642206,3.5149360602399717,49.554612207411026,10,0
0.5444823328002629,2.0644054741492344,33.99912413983774,6,0
0.9627683502532061,1.1560256830512725,34.4912876286042,6,0
0.07560504061675077,2.822267127960435,59.53768606765324,13,0
0.3656807482613713,4.563895538762815,59.968177586913285,9,0
0.22538126800676583,3.2779890340743036,50.93794952413275,9,0
0.19583308413427003,4.329564166807632,51.59218461560148,4,0
0.14080294889267608,4.966497371844913,32.69662914204356,9,0
0.6224136415659967,1.654464816553105,55.827325519463116,13,0
0.7813218557473051,3.7671105565679293,55.23697376901758,6,0
0.5782983994203607,3.6971742948000985,37.47746592784723,2,0
0.14696270958820967,4.919821789433113,35.19196930554638,10,0
0.8111237699334709,4.942402935811201,36.17862452997453,14,0
0.6359547071637285,3.746714446896518,35.051412324562925,11,0
0.3881657061269955,1.974459167928777,60.48540977683799,6,1
0.674130295536063,4.194223352522396,39.82413262014593,2,0
0.25990497924283285,1.4281165368441524,42.57150760937317,8,0
0.3451922084942105,4.122797216686514,38.678607207571986,4,0
0.9174858431319902,4.640784496578785,77.89176522242515,5,0
0.2905045056714204,2.531333579073741,72.73087315759177,8,1
0.4699882681579366,3.522541179932322,41.52474186757604,14,0
0.8901411373960146,2.720570928387305,46.3783146961063,11,0
0.7077213502675275,2.751060219952514,40.49464211524986,8,0
0.06220322616470275,2.24148355643248,54.59379797304119,12,0
0.14730304427897034,4.048518481801299,30.98052662371268,14,0
0.007841590771916818,4.744706256666021,63.56840044483979,12,1
0.6309217902291634,4.7630034369378444,56.15790749088208,6,0
0.4476734254104183,1.6991251394997353,74.93194641505517,4,0
0.13427485090227553,4.498974598626264,38.21963421642071,1,0
0.9579341210567704,3.9497257657084885,70.20546230305658,12,0
0.5296597239456199,2.011349602761157,69.59805072333579,7,0
0.24189329411288918,1.2691384516860582,36.35905946084435,8,0
0.5006035711547075,2.071989067537512,49.92796120720638,9,0
0.6796203327351078,4.6488329471261025,38.50763205722585,2,0
0.07623921797356448,3.532714699583089,42.73602502287744,1,0
0.274703815047892,3.8842186435914874,43.16230874152722,4,0
0.8069654908839936,2.0286094044363834,57.81181970128864,13,0
0.45966487040266124,3.877552622299281,50.57054658802328,5,0
0.5465771420322949,1.112486025111695,77.38664020031527,10,0
0.43281600220946925,2.501285383092055,36.318507097350256,12,0
0.04389994264300512,3.507013394169325,78.68460674250994,1,1
0.16574977982015593,1.584386262165281,41.5319320107132,5,0
0.4455416387418909,4.292014297787739,68.64369681909265,6,0
0.20918546540792782,1.9401251952476746,46.94849630864107,3,0
0.04997902865967874,3.609124451273785,37.154069770865696,12,0
0.8436496640518237,2.6207885703013187,72.894459262312,7,0
0.9811925291641158,3.3841743819105887,45.44304496182316,14,0
0.7931428739967394,1.4298022105156325,62.94277021134211,6,0
0.853784921704667,1.0676511996864293,58.32218425433133,4,0
0.24197713031704537,4.638257709521205,53.58781546954371,3,0
0.9606269755131998,2.078520035068731,54.790973632426955,5,0
0.19692570445342839,4.278708011121836,66.61189570461437,3,1
0.9514298103618323,4.997401201888801,34.38864570617203,10,0
0.994819293965951,1.8457250319956446,63.40903309789526,9,0
0.7117228057460487,2.0606829647334224,74.79060506992894,9,0
0.9811437317918219,3.6514391505386627,32.88940985099321,6,0
0.5695397795671037,4.861794538402485,37.03266696168334,13,0
0.25954178317609033,4.663257392762976,65.83159683510158,11,1
0.43699588566562086,3.0115020802623396,51.86408241223088,6,0
0.593560935378786,4.180441130106899,50.17743104068442,12,0
0.07308156202701499,1.5429834123996042,36.84833172721179,14,0
0.6223432646172461,4.909752736816049,55.338502035889405,4,0
0.9811778367622945,4.857412936143946,36.32726555981886,4,0
0.19010764978372763,1.6549158315166839,53.83102281552702,2,0
0.7925951162883833,2.1976924992124265,68.18076494808284,10,0
0.9078987937796194,1.4006199900270677,42.913217894358176,4,0
0.9437015928202208,2.086870395592719,54.039308408986365,8,0
0.9601356044054472,4.263823157660827,79.60079846984178,13,0
0.5214596387214719,2.513262428661038,64.33252116770186,10,0
0.9773079079915037,1.3535878685870335,72.06783856525993,2,0
0.7573102071344389,2.368902099115618,50.74238032802729,9,0
0.1616714362369619,4.92553333696512,68.39304615629277,14,1
0.47690010646797,3.5187343810368117,32.02545864706609,1,0
0.718331175372004,2.664643785624631,36.14555912711225,13,0
0.24734031581908333,1.66615405398908,40.15352964600311,2,0
0.6406151835488874,4.944707189134779,50.09759623076098,2,0
0.6666004790466192,4.2833960370525155,72.28724391628816,11,0
0.1626997438085659,2.1259092098036776,47.313302539396524,13,0
0.5650853124527563,1.2802747828847578,62.731059675773146,14,0
0.7716269109786077,1.2265022295102321,65.46571474017418,6,0
0.4988956645359419,1.4815125980221353,59.30911770441707,14,0
0.012103116776107425,3.3230743344576865,47.86209840850681,7,0
0.009038469079292177,4.715053684821969,58.85266708567721,13,0
0.3570293439700122,2.986973712023938,47.11327963948731,3,0
0.926194068431782,4.371781929824788,34.1936869276006,11,0
0.22867677960360877,2.7835464794392313,79.64019890930072,9,1
0.6343636888716871,3.834334183071301,36.35912268162554,5,0
0.22207587069332058,3.9274909491460033,33.61741919180287,5,0
0.3216699896595486,1.6958548236133546,73.92653746035779,11,1
0.848042089601484,2.444864235903247,45.091733044644755,12,0
0.7288614422699469,3.5492086261520956,62.51484870367538,4,0
0.09539927731321063,1.2827864327374647,46.45028648311164,9,0
0.4287020209864336,2.4461607510518264,49.57271353972356,8,0
0.029169763645264468,3.13919786512477,43.10564860083983,12,0
0.480890146603009,4.984897972178555,47.15220028965051,4,0
0.6624340117010681,2.898134250489763,50.53502002932716,4,0
0.11850262359815156,4.264227028457294,66.02080345461715,2,1
0.28888493890916567,2.728269140266471,55.576809711739585,9,0
0.3978366255021569,4.185562890478836,77.17826085784884,3,1
0.9195310246560497,3.3816592064804336,32.094019691938776,4,0
0.993255015422964,4.546381766009594,55.1534161316014,14,0
0.044911298995615856,2.6437702094004396,59.2112394415859,7,0
0.761007923495392,3.4172176792859155,76.0098493037137,10,0
0.37172406640234323,3.5200747224753095,32.45792618107138,8,0
0.39245818622948003,2.6695317672018932,58.6749792467608,8,0
0.7542649733470227,1.577248174749926,72.68149642639784,4,0
0.9184264321454086,1.3742376276493422,42.09638640596183,7,0
0.9509285945025484,1.0666862023985324,73.81461742619688,10,0
0.5771225860383208,4.4941370569808585,30.95217046371459,1,0
0.3571211593005028,1.9458996489547782,66.6227314566865,6,1
0.7875490858587793,1.8460269971270722,76.65566105843266,6,0
0.25100138326230026,3.944141601704262,62.85988308200311,6,1
0.5640740288335178,2.280064452349567,51.9514621990224,12,0
0.35857846152487316,3.0241787696473463,32.2440508236359,2,0
0.6566310737078761,1.6500442611898252,76.00569066613144,8,0
0.2403989128935069,4.8389828858478765,53.514811134578736,14,0
0.19159294573482577,4.40632560006895,31.449837216797402,5,0
0.9182390866754371,4.455158491860013,64.4910535664381,5,0
0.1018036829495369,2.627094994288021,54.09186267881291,2,0
0.5059579077349317,4.049444854828691,36.217265872120535,4,0
0.22085278296300892,1.5755046215591206,40.71359046551298,12,0
0.03892996332566745,1.0344760103671211,33.22453402279231,9,0
0.03601881829142639,1.0798917303121125,58.71467698542868,9,0
0.17522177210582734,3.346406949618242,61.101473962600465,6,1
0.8667703545060003,2.821579620991763,55.287114917772215,11,0
0.28247874397702666,3.072061395634079,70.85510665013075,9,1
0.9504591705752957,1.0298525616688776,73.05044106540068,4,0
0.5816222929891935,2.690746478629703,60.78121983415633,11,0
0.4366141897687661,3.8722726448034432,30.637823985371526,1,0
0.5800888346694546,2.7707748078697434,64.76148278738678,2,0
0.5166983852262678,3.928876825248889,50.89996084601758,13,0
0.7587762537573252,1.9320758575873391,58.277874161319346,1,0
0.28249606597285226,4.252568017926902,62.45403010094422,8,1
0.3530503916003024,3.353724961813809,47.51183071635384,9,0
0.8940943025332507,1.843052397719625,75.8549252585897,10,0
0.9464565131504055,1.9468819034153317,36.69874333748906,12,0
0.8925582274864745,3.512121858278148,63.57559036405187,6,0
0.4194479939573136,4.3197583728497735,30.21797899782902,2,0
0.7803655030068817,2.6625111281166207,76.23255527025904,6,0
0.4763357333010988,2.033201716510369,35.62520666190458,9,0
0.4975398521461022,4.468046427642402,34.74421150737873,12,0
0.20468010905728395,3.6770731670033396,46.65038165261221,3,0
0.5911303032585165,2.792341949132306,48.67831430195403,9,0
0.18613589775334793,2.9516007811172074,40.71500361614393,2,0
0.33156469906719377,1.8170258717455856,59.25608304635624,11,0
0.8550302016199351,3.5072105202593757,52.145704902098174,5,0
0.20707580921085522,2.4349700421715545,31.708779452054372,11,0
0.07115828517343281,4.982580706697397,45.982603112765034,2,0
0.0690075926128163,2.9207340610475514,70.52164567865853,7,1
0.9407845205031079,2.9435424247584527,64.48507674309343,11,0
0.5069204379618346,3.2634071496426875,66.24354267899403,10,0
0.40941207181701833,4.667024012474987,64.90584620417619,9,0
0.8108785810079184,4.203272399439001,45.54865106915166,7,0
0.835825927910516,2.8045202791913657,34.98319610383879,12,0
0.3321910331156046,3.874797063891184,43.6233592016548,5,0
0.6936180574737952,3.3449419951230466,71.58926500925796,4,0
0.7711228158518866,2.9694681948049957,79.02353988915355,12,0
0.6546506868659545,1.769263091137402,54.692350737078065,4,0
0.15159507480009937,2.8557450538195637,30.48501774615211,10,0
0.875883083517057,1.9832743480902986,37.00224060671145,8,0
0.5390945527360087,4.659368599406619,46.10402876581329,10,0
0.2824724263700037,2.3416272539853877,58.92926742964749,13,0
0.4252281854376939,4.809056058133489,33.7546822902657,10,0
0.03757109039890738,3.132221160378845,77.16786493549408,14,1
0.12786680122241756,3.5261775147046412,48.25418366422004,10,0
0.7655467505158609,3.171761777957311,75.62921089624115,10,0
1.1634755366141114e-05,1.5175224678668036,69.02609013785109,10,1
0.4165658284822922,2.503284876031764,67.77186362577905,1,0
0.5225101810855884,1.3965844491104957,60.3359789891116,5,0
0.054634420000972295,3.491816176733527,61.33919085259223,14,1
0.9730781629723328,2.7874967808017557,61.90016176081241,2,0
0.22612533124967193,4.111939886283747,61.4360693512791,13,1
0.30419871963628087,1.8818819239974793,57.686411569918064,11,0
0.30394251225502733,1.6582642337173397,79.32070092414445,9,1
0.2304166621173499,2.625328923855071,66.6145283712848,7,1
0.001473822086311416,4.706341532873525,68.84731941962606,10,1
0.7293447940879964,3.841687260049647,73.62314075418371,8,0
0.9668454997992854,2.6756944991716747,40.781988136292455,6,0
0.22429348328504506,3.0690886790172422,34.19020795475304,9,0
0.6630471918034224,1.3368520447083934,54.144721829929935,6,0
0.7418963269587151,4.938303585504452,55.70403478096366,7,0
0.8484253790905247,3.6656292187796757,71.45908899749588,7,0
0.4226291970136091,2.14161627385369,52.189178964116785,9,0
0.30293090564042924,3.3432335768609773,58.54265127721564,11,0
0.3252951340230311,1.437929464275976,56.353546925672916,8,0
0.7126213330985128,4.863346675230334,31.910139187869554,13,0
0.816779466505636,1.6991399515334638,60.7607448298457,1,0
0.18161396775660266,3.5921212722208566,71.40216428871261,4,1
0.3709410081577652,1.9818178501557218,37.87502740379019,7,0
0.90194019674915,3.870245530594143,59.716586696329784,11,0
0.8066935196947392,4.107285468961124,59.68052722232072,8,0
0.9848584027624758,3.6936789156457306,38.20924820281794,7,0
0.7542482596820808,3.45799784102077,36.1731786865368,12,0
0.39319520102792227,4.569876375808047,79.00259714882424,3,1
0.5906378339946378,1.3145068439590322,49.68595848265188,4,0
0.6610142542473203,2.3236590631207807,41.37108643617646,12,0
0.07845581631712395,1.9931499185233839,38.56622722271875,7,0
0.5444969591038651,4.952055848261686,63.38008567916175,8,0
0.7093208284726096,2.557559118667494,60.47226486636394,7,0
0.16732130400106038,3.930450796961595,62.177606149370874,6,1
0.7806317174255571,3.7389006555240183,34.40030137557261,9,0
0.5837727805141116,1.848324949909511,74.67672917492185,9,0
0.9522217856975946,1.9559907208462053,49.463319840452414,11,0
0.042422298206891695,2.1251382542121364,45.668470321517894,13,0
0.26532613755546697,2.644509113037517,53.11807236238696,7,0
0.6015538792998241,1.9373002626021072,49.503303287381414,8,0
0.2965599122059307,1.0786059309873912,73.1788501569573,6,1
0.7144241640712422,4.517572227228782,76.4630487598946,1,0
0.759005282521931,4.862439325523536,45.17266082248031,1,0
0.10251596406647445,2.366281548126272,73.19679037299774,6,1
0.5138544642067677,2.3540275177018914,69.07615647665335,2,0
0.5088905555910559,1.028367251097484,76.54038361723809,14,0
0.36928077021554107,3.721002753321496,42.28751560929439,8,0
0.9329248625696721,4.301759582994515,58.84795750604896,1,0
0.8275063198732212,1.5864332014400127,43.72722923702223,13,0
0.6972093819096368,1.638665397468603,71.2047245242187,2,0
0.7143266357349976,4.1603329998857514,30.266209528553212,8,0
0.4617161438131191,3.4651629934165786,58.240958144319805,12,0
0.9209945210965759,1.179442230510868,46.9601715635959,6,0
0.6945954272532854,3.4901879618491267,46.13418535389101,12,0
0.7289810616558164,2.2356708913750643,62.24531619324585,10,0
0.8616909037873453,2.4749006218833838,72.5742224656997,2,0
0.274071589342191,4.078925673187521,60.45976956966631,2,1
0.807070903866703,4.243740770690442,72.65864893233612,11,0
0.19524060295649204,2.6014265073593226,43.2298555940515,14,0
0.34534195224488784,4.788611744025419,55.97509273824906,7,0
0.3356104542698427,2.625850871808289,52.526826953353805,5,0
0.9785254683891406,4.08734414092044,30.58224497515481,5,0
0.8565372237479268,2.9355090582570362,57.840607157037006,8,0
0.7011698615902597,4.590129306088336,63.07621620730875,12,0
0.7270567616153901,4.631044974600714,59.5957202209535,12,0
0.5620727944025711,1.3496672314843354,66.81399493917107,7,0
0.9470906671085191,4.745973325240903,58.56697642265385,12,0
0.49625875288236154,4.302139366081663,33.33751274253785,14,0
0.3805177098698945,4.165242857250668,35.82227620423557,9,0
0.163035336931591,1.8036453587420898,59.823728877197624,4,0
0.786205652261058,4.22047683501866,43.748959598682006,10,0
0.7344439320755914,4.400530938740147,33.982256451738294,4,0
0.3843550385241349,2.156601337816604,51.480137172427334,2,0
0.02519341395922936,4.8090403134492945,57.716129904182765,3,0
0.8389973277180107,1.199440585596657,46.43729941748033,1,0
0.011417983454073632,1.5996370129885586,66.02168511128889,1,1
0.703699779629051,3.1503245522060572,62.18853040506223,7,0
0.970257109726057,3.3031698844892388,46.640918054583594,14,0
0.43766132814820347,3.5806003332036136,67.74362644542802,14,0
0.23497340499595276,1.0678765172618658,62.43475212665177,5,1
0.7048710100433817,4.841467098488521,61.87226893589511,3,0
0.8171281420155851,1.178352370936576,57.6713850393534,7,0
0.5464303160778473,1.5722478108936095,30.56948340442764,14,0
0.9670352752561462,1.056058070104228,64.82535917384445,2,0
0.0516687216579611,3.2674337331763788,48.802089555457826,3,0
0.5047955983045281,4.729067535683889,77.13048550793278,1,0
0.7184539473225501,3.663788664321857,70.89923855386027,8,0
0.862640471149179,4.290629873921709,59.38472347656561,2,0
0.17925561190779005,1.0531248138343203,42.60909909096347,7,0
0.8000034817636814,3.1680611939189043,40.18586966388333,11,0
0.5527070757185453,2.8382519100220875,47.019241883877456,9,0
0.3965536819899632,2.995871776883172,53.82839717900093,6,0
0.13171502857909356,1.2888527413407518,44.803275501947354,2,0
0.8652957589089124,3.73774144427723,55.74647476962414,2,0
0.15727320817971535,3.012881659434538,38.268521275659296,9,0
0.30978785920909924,4.060595399445056,78.88564064127499,10,1
0.2900455319624369,2.9411625362468614,35.39622774824969,8,0
0.8714140341908543,1.5975265449057283,76.5972069827186,14,0
