cpu_usage,memory_usage,disk_io,latency,failure
37.454011884736246,57.19958782835928,63.69615025735597,87.48453912536448,0
95.07143064099162,80.54323292999864,58.12283324510086,104.59848690835875,0
73.1993941811405,76.01609297901591,5.032702570786805,115.5559526175543,0
59.86584841970366,15.389990469377368,127.92060180809035,85.35400900525823,0
15.601864044243651,14.92494697414739,42.02116745562906,115.6271623961303,0
15.599452033620265,26.817436774491334,22.606261910020944,101.04745537455138,0
5.8083612168199465,36.10747263410372,70.63984013970563,120.90920480964505,0
86.61761457749351,40.84555814084826,14.877561195714273,95.97160199846053,0
60.11150117432088,67.96972168333453,59.12848094443427,107.62489310324197,0
70.80725777960456,5.66804321658354,2.026060715679061,99.1878753664294,0
2.0584494295802447,3.4672704226066386,91.44442630510807,98.07575475918843,0
96.99098521619943,39.191056294390904,29.725839304257452,105.1786085645138,0
83.24426408004217,69.71636921379805,50.62534181943613,110.73614938449808,0
21.233911067827616,19.343534295648258,12.502478415255554,75.0087017615199,0
18.182496720710063,64.15044812562518,56.51655971843924,128.67267217635757,0
18.34045098534338,25.982813794029948,73.97320236732034,62.806739189004034,0
30.42422429595377,88.60861088135164,32.047967073859446,86.30375780522208,0
52.475643163223786,89.56899442666165,48.081003364410016,98.11461858470199,0
43.194501864211574,29.72872042813265,30.4702668173313,108.24711938171896,0
29.122914019804192,22.99937539632405,112.25892653570044,131.52345055482758,0
61.18528947223795,41.13039720662313,34.444729832738915,62.83417023549785,0
13.949386065204184,24.05315851801487,92.19751379574997,89.84611743220579,0
29.214464853521815,67.23838432917036,80.81105790325789,57.46333024401469,0
36.63618432936917,82.60646845482856,26.424436887307056,100.63243947820496,0
45.606998421703594,67.3092130911217,13.073724992009117,105.43367169000061,0
78.51759613930136,82.43504472493495,26.050711974117824,131.81591484342505,0
19.967378215835975,39.69921622074742,87.49750234202317,102.41269521786909,0
51.42344384136116,15.631697070886085,12.914742616667565,120.88050258884759,0
59.24145688620425,73.79509473975922,37.16272690745704,111.67674163078118,0
4.645041271999773,36.047450514155386,82.01979725700103,91.29503605989663,0
60.75448519014384,67.12708252291326,21.80736200608797,71.82078506415921,0
17.052412368729154,27.064394198176565,51.39040211595744,105.50004596583622,0
6.505159298527952,8.122963480667266,14.093720086588949,70.15795965709273,0
94.88855372533332,99.25817954877634,5.786226593451504,125.90414145339288,1
96.56320330745594,15.620150793059928,79.08730110711855,96.75875795926352,0
80.83973481164611,98.8420993963481,5.210759889723601,123.90354823022832,0
30.46137691733707,97.72799325664472,15.830242978489665,90.39571131735201,0
9.767211400638388,79.38181039080396,96.5888227953292,105.37701572801984,0
68.42330265121569,65.94229620819976,21.26828747189617,104.18697714669378,0
44.01524937396013,57.78070502510847,180.67997183712342,99.09911763978153,0
12.203823484477883,86.61015453778347,194.94135965414327,91.34680973206815,0
49.51769101112702,28.943952161948793,15.617595662731285,107.8491203694104,0
3.4388521115218396,46.7681212484877,2.0920747772582007,81.47673473033583,0
90.9320402078782,61.93899693665019,61.04972341928541,75.81129342081883,0
25.87799816000169,41.11904758694911,29.981612621741387,124.85653786653656,0
66.2522284353982,42.7486454090268,5.309867950099082,114.54335977784201,0
31.171107608941096,33.02846675020844,61.46843144767957,101.3178321720448,0
52.00680211778108,56.4231816684536,1.5835594071890102,133.30284765087563,0
54.67102793432797,85.0574528015116,102.0867489029543,94.6446896255031,0
18.485445552552704,20.152837800631286,7.462864465715478,126.45406439977958,0
96.95846277645586,93.44330387534414,6.808851819741167,103.51148169851643,0
77.51328233611146,68.90876537482296,9.659356574647306,79.5049849984722,0
93.9498941564189,82.32732126800302,161.27785284884624,136.96080383541698,1
89.48273504276489,55.619069263001165,59.07296728405438,119.8142169324817,0
59.78999788110851,77.95167014240634,80.8159605838844,97.57957937980872,0
92.18742350231169,1.620039733946721,25.344584071430386,114.54342519067899,0
8.84925020519195,81.83804247795352,20.49721078037022,91.92593132004187,0
19.59828624191452,4.013885908536652,13.360258579604439,116.58298070119083,0
4.522728891053807,88.99133763628625,32.75867264315258,52.178428694320814,0
32.53303307632643,99.19627472386433,40.12899142017238,79.60397332610813,0
38.8677289689482,29.40674621767778,49.953034500479085,119.58519488573926,0
27.134903177389592,21.031855628579365,14.860937046330228,95.00688923562161,0
82.87375091519293,76.53633638580408,148.45849090365854,104.15084589777484,0
35.67533266935893,25.302634092025322,9.301932724919808,73.0642867576913,0
28.093450968738075,86.55623831722035,168.5622844321864,136.95733991404205,0
54.26960831582485,10.28425921574767,0.7483789978357517,123.81059287435353,0
14.092422497476264,12.595519637935826,32.80468029556903,95.98629563249341,0
80.21969807540397,97.91515551006155,20.275843331122868,91.90608286273347,0
7.455064367977082,67.38388982700046,29.812223832073414,120.59208722839386,0
98.68869366005173,84.68872244289528,42.27583991876923,139.64940900337854,1
77.22447692966574,32.4329377351518,28.59864247151016,119.07520511622707,0
19.87156815341724,67.64837495206044,26.794083582809776,143.43605334793205,0
0.5522117123602399,59.42418273085972,65.9735629712419,81.55297341876164,0
81.54614284548342,60.3150120122947,57.89841711478137,83.61226339002418,0
70.68573438476172,68.25324595377215,89.56936153662441,76.22117763893303,0
72.90071680409874,57.53591731290986,14.381369113332191,108.83521299298958,0
77.12703466859458,42.906236930266594,47.02001603503519,103.5120709960874,0
7.4044651734090365,27.592269438054686,43.99731156644322,96.96097753056029,0
35.84657285442726,76.8581330913202,23.08096864773292,116.18517256246597,0
11.586905952512971,22.62724300031862,33.282198451038006,124.64657210429328,0
86.31034258755935,69.23543061544142,18.828006315827547,69.48675181426316,0
62.329812682755794,23.333282264932663,7.6484920589101275,88.06055944197769,0
33.08980248526492,62.53301699544539,12.027280294355396,116.4028718824612,0
6.355835028602364,74.70782671290289,5.57528160241138,90.64522632282836,0
31.09823217156622,21.87138889065392,57.453650464458306,84.03587847283691,0
32.518332202674706,5.994330086130828,54.04756723183329,120.3707485530079,0
72.96061783380641,13.097374299417408,150.3966921228232,74.2099986055204,0
63.75574713552131,60.59969672710255,65.40714840839523,93.9684038441779,0
88.72127425763266,84.94464062257356,2.6724565507223534,106.57288051609618,0
47.22149251619493,4.499682123542437,107.81404464833193,88.52360172179763,0
11.959424593830171,73.41512590416463,99.27030431620804,115.66311312026349,0
71.3244787222995,34.13186459500521,29.288264332761475,88.62246049605262,0
76.07850486168974,47.85283699195225,44.07792820157113,128.1723898689184,0
56.127719756949624,92.88595498455656,186.64853198210918,97.48507405008455,0
77.0967179954561,33.19715047358455,37.996877236838614,113.42540273410707,0
49.379559636439076,46.5336933939486,117.86359028174375,114.92047905965633,0
52.27328293819941,1.3682414760681105,4.334503674848275,87.44919994511855,0
42.75410183585496,8.159872000483837,10.601023928785766,58.93026902688223,0
2.541912674409519,25.859159113478402,29.058375903162315,107.2151150932767,0
10.789142699330444,2.7852240821074403,43.94454631891217,101.44576694249739,0
3.142918568673425,63.1375326048251,84.70293070364204,111.11652055150255,0
63.64104112637804,42.63983568016225,222.2466823166207,95.46945055234323,0
31.435598107632668,54.814520272802206,24.62076496909344,91.39144602398568,0
50.85706911647028,17.464718589632955,2.4288302460960343,140.169460219634,0
90.7566473926093,29.593202943661613,80.76563257237441,70.55291876978444,0
24.929222914887493,66.38244748527251,46.365147100285355,114.67900956728477,0
41.038292303562976,96.53027236303998,11.06618908425252,88.50796283633218,0
75.55511385430486,5.04167736022092,34.142860876487056,93.28442764519156,0
22.879816549162246,89.03843208552661,67.79994598574825,93.65794334852069,0
7.697990982879299,57.68812013112085,73.57339766307602,83.93131451657486,0
28.9751452913768,56.39195667556237,34.619214781409596,111.42448420472479,0
16.122128725400444,50.027853520776034,18.207607875606307,127.81287191899915,0
92.96976523425731,6.9394085904183385,181.99033704277434,109.40027322493323,0
80.8120379564417,8.987685173616066,54.437446241678536,102.0676399242419,0
63.34037565104234,60.09120056590861,26.232496985922015,80.27119001801506,0
87.14605901877177,34.09585714355583,16.457382048613475,110.33650531648902,0
80.36720768991145,91.72680665776807,65.67134045626736,143.12699263458597,0
18.657005888603585,40.659053735947225,13.865696764311988,92.38610752409815,0
89.25589984899777,14.328145870264109,9.419596552954859,92.48032841296268,0
53.93422419156507,71.4718833502036,37.73346094893144,88.77821738038006,0
80.74401551640625,29.335342144100984,17.123627613259494,90.21171531011159,0
89.60912999234932,52.54703073558932,49.564878749670385,45.094008926552306,0
31.800347497186387,69.783278550517,6.274684788568368,108.10070771711426,0
11.005192452767677,90.02641112020704,53.20200825606211,83.08895647290773,0
22.793516254194166,79.2191194801676,16.65465457824755,67.794737624164,0
42.71077886262563,67.63610678727241,0.012148197393121849,115.06379899465098,0
81.80147659224932,67.96331823951436,6.787324073264737,78.35964429916127,0
86.07305832563435,94.59246440320865,135.61449216118885,93.22661892232485,0
0.6952130531190703,29.582409749653603,101.00380858048507,129.3288478237716,0
51.07473025775657,0.11120941961874076,13.303141870544838,71.81568403950973,0
41.7411003148779,27.19545593981987,75.33772738017409,69.34803530804476,0
22.210781047073024,21.7891379626744,46.89763245864377,105.38612379124676,0
11.98653673336828,66.18345851139982,176.85895117032976,122.98974728020737,0
33.7615171403628,63.3711599765529,23.388758468120916,68.51316564536074,0
94.29097039125192,59.34613827047238,57.20045730248467,108.15379473674355,0
32.320293202075526,1.62434432094537,3.2821951215972263,111.61999079923385,0
51.87906217433661,72.87780544506475,25.22953397590112,58.816790326153594,0
70.30189588951778,32.353041248549154,165.95920786641,115.9700267581444,0
36.3629602379294,66.50559890066312,38.71578748765201,117.53211759684359,0
97.17820827209607,55.65784285021533,16.975407249992244,93.76428853487951,0
96.24472949421113,34.27309254279072,6.407066578543061,125.04692724596016,1
25.178229582536417,13.457626710410775,60.790182375620546,122.7291114864969,0
49.72485058923854,9.441889766048096,51.76160301193583,102.0623585143441,0
30.087830981676966,83.15183331122236,23.41535055413361,90.97109219350133,0
28.484049437746762,91.8397542081558,150.73693979444275,80.54344214834086,0
3.6886947354532795,64.97880467642996,1.1226502847869675,99.24872981267617,0
60.956433397989684,10.343411486048337,18.100446622064666,111.39517839408359,0
50.26790232288615,40.20272168882407,126.95936934896046,93.51646277918718,0
5.147875124998935,72.89392001051573,19.35195362335322,56.0499798947594,0
27.864646423661142,77.9820884010068,14.534518566117546,125.3742778915314,0
90.82658859666537,11.82186222910886,38.202136971658234,103.80446443689787,0
23.95618906669724,0.003071884538241587,86.80727484869858,92.40751006646332,0
14.48948720912231,71.2137045880605,5.443152166438284,117.14316776846577,0
48.9452760277563,35.659617598620564,143.2533702142527,130.49277192965513,0
98.56504541106007,25.448133161826025,79.25504405060589,43.96176861024217,0
24.20552715115004,1.289746978952544,9.99884020783785,108.68527299844143,0
67.21355474058785,54.02994067614997,62.24112211387216,71.46701578379306,0
76.16196153287176,85.11507354259817,24.303294788269998,109.98221013597882,0
23.763754399239968,95.76316462725879,25.73287095933742,102.55854404749158,0
72.82163486118596,56.574495061328925,76.45978256567997,112.714530528811,0
36.77831327192532,51.44613277398942,164.55191067279176,90.0150477101069,0
63.23058305935795,8.50563854892411,6.771280581810302,62.535197763616964,0
63.35297107608947,54.887280154259976,27.290719077220587,90.99263617486663,0
53.57746840747585,37.99790789653946,32.78694468183851,108.13695270279567,0
9.02897700544083,60.71352808835769,23.605237108317034,120.30784657350446,0
83.5302495589238,38.87263478765467,22.564128250323158,76.5633739905495,0
32.07800649717358,24.029912345036674,2.684211074731425,120.54120853746035,0
18.651851039985424,9.49652752283765,57.84470051316598,87.04255420706957,0
4.077514155476392,31.491844458889574,28.654063598325564,107.24899763189053,0
59.08929431882418,9.664483428775227,10.832844428968109,89.80212094268734,0
67.75643618422824,17.689695082398394,84.6500807839973,103.64341255424203,0
1.6587828927856152,98.73361585795459,81.11621637664848,117.83755269140549,0
51.2093058299281,44.41035569066186,33.31471131446317,75.45971845422929,0
22.649577519793795,53.187176650501655,17.723202427630593,86.40188206506338,0
64.51727904094498,87.36185287372153,50.81836242885043,103.69925174684174,0
17.436642900499145,99.55689004906878,16.994553212316845,148.03167322060705,0
69.09377381024659,58.27144493446815,13.459893493717393,82.73620575666344,0
38.67353463005374,81.24738210441717,65.56206324886139,140.80267771993837,0
93.67299887367345,32.694102433667524,2.0580421649504537,140.0884660735034,1
13.752094414599325,30.57439574472911,4.978226744548748,98.05377698596817,0
34.10663510502585,40.27037209945602,0.34056592376928563,94.036949476002,0
11.347352124058908,67.25072626736491,8.299375519972731,86.15869602670617,0
92.46936182785628,68.21916892550988,3.574263499005983,98.63594939334662,0
87.7339353380981,31.52394346494508,273.66173348935433,71.86561134880884,0
25.79416277151556,13.320992413662868,17.04078066881644,98.47521965358804,0
65.99840460341791,63.239625646550856,8.082906925953148,129.93760547701712,0
81.72222002012158,12.832586218876452,13.787428571100211,87.77829875046565,0
55.52008115994623,57.84925082293301,137.5418089144529,95.18551392021898,0
52.965057835600646,69.3422128056309,36.71515143853167,65.97719051465516,0
24.18522909004517,70.06114963944516,22.692192930234167,107.48124176262087,0
9.310276780589922,75.34721106595967,103.33276492386648,105.28963369902748,0
89.72157579533267,87.28594215656645,25.125536967173446,101.27404719531542,0
90.04180571633304,49.995899196478845,20.39905627818764,95.66345899555714,0
63.31014572732679,73.02491895295712,11.614419569062113,94.1448416245509,0
33.90297910487007,61.91727353658367,23.724429495900917,110.03800467401344,0
34.92095746126609,18.663993979768257,19.03991913534507,99.42366796822753,0
72.59556788702393,2.568964486940817,56.55222246420455,106.29943743110664,0
89.71102599525771,28.454138567693377,17.095137084892038,104.29965634909095,0
88.70864242651173,44.30337063376194,43.042771261440556,122.46854574191524,1
77.98755458576238,61.71059444286563,3.4081696209910923,113.53988194750109,0
64.20316461542878,84.99593305032053,10.615692532815416,103.8572368630038,0
8.413996499504883,19.624571670616564,26.16222698075969,130.3684406130436,0
16.162871409461378,12.55497898984771,138.1907691656816,108.40537058113122,0
89.85541885270793,96.34799474743275,23.680665673454527,126.09925377580838,1
60.642905965958995,10.80445593764071,54.54323710817296,112.13885216773275,0
0.9197051616629648,47.84910701071892,14.724407226616776,63.16161842136914,0
10.147154286603211,58.55637287933019,6.79290921662971,126.09669526638659,0
66.35017691080559,54.137442090743825,3.015990293129577,102.70352482685338,0
0.5061583846218687,8.603215703294321,18.221928620472216,98.96090458198444,0
16.080805141749867,5.702691400361937,8.578638237625114,105.62696694979154,0
54.87337893665861,10.548342746103568,9.558657723554491,93.10033676085865,0
69.18951976926932,58.55876838726125,71.51425779672394,104.54057720777891,0
65.19612595026005,54.43448876343211,0.7982416710420038,88.16247867313815,0
22.42693094605598,23.374079203674427,40.800795468166655,125.4854451746874,0
71.2179221347536,63.777414184559156,23.858371855087686,97.728237727579,0
23.724908749680008,82.00675020556494,35.31668710893937,92.34832314555133,0
32.539969815926774,4.157895984659376,41.37168430647967,81.50148368561452,0
74.64914051180241,49.81299435480424,18.797817379522524,105.37551578297283,0
64.96328990472146,68.93104121026903,17.485594985074176,103.74214200250184,0
84.9223410494178,25.23119270696871,66.10064040008348,107.76849227355012,0
65.76128923003434,30.77709052931491,102.50461889429512,79.45496224989742,0
56.830860333547164,61.36379029893838,10.695666091172404,67.97637602376854,0
9.367476782809248,89.7935293443737,5.135909402728504,112.51182605013119,0
36.77158030594335,80.99244203028994,114.0391284354126,129.69283723753014,0
26.520236768172545,58.31302190995835,21.531105193279267,79.47292755220208,0
24.398964337908357,73.02217177572491,40.07197623179463,131.78882567123398,0
97.30105547524455,36.482247020779866,22.27867603005749,105.67822117472761,0
39.30977246667604,64.09655280987577,6.722438455487219,99.8587419089834,0
89.20465551771133,46.6181591127557,44.498465611832444,92.04902606908443,0
63.11386259972629,18.993613645756092,37.236852448127365,72.30963961150007,0
79.48113035416485,70.17382738772572,11.344625945431872,119.754570318492,0
50.26370931051921,55.646463734882204,30.062052548508984,84.48787277124794,0
57.69038846263591,35.86215819535914,79.71453662318262,84.40386648524799,0
49.25176938188639,91.13391900786307,44.63189677891616,119.8385261977391,0
19.52429877980445,2.0934117826733267,5.097058806013266,62.34033106656547,0
72.24521152615053,31.5773151249496,39.706033026118966,69.52804378663666,0
28.07723624408558,5.688139777764656,60.657119049430165,99.63731512983837,0
2.431596643145384,76.65273162216272,78.68023444559924,105.86568858009704,0
64.54722959071678,70.21074541137926,49.59350950740395,109.69469295937847,0
17.711067940704893,33.13522187363171,8.282554098549758,93.96403013207494,0
94.04585843529144,67.5662902207073,61.92360027795475,150.6073933728338,1
95.39285770025873,39.593722619594985,56.558093160286596,95.44214882468331,0
91.48643902204485,75.62537914224343,1.2365084154863877,95.38427695794556,0
37.01587002554444,45.41836627367061,26.529964319253207,84.06026662372246,0
1.5456616528867428,41.22797278316656,20.24453217940339,102.47813633042142,0
92.83185625877253,93.4729915488301,55.34412931281769,112.29922464093549,0
42.81841483173143,25.087909989070024,12.175975181309799,124.0715610906692,0
96.66548190436696,12.044733999656543,44.68635125986725,70.21431471119564,0
96.36199770892529,58.45431132594582,122.21086720848969,95.08009323288599,0
85.300945546736,96.93218122841789,79.92548522278612,108.93407221618288,0
29.444889206958567,37.783921372718666,127.20592034643583,111.74115069189071,0
38.50977286019253,6.203676362878152,191.9989957060303,100.13097315609079,0
85.11366715168569,33.93052673095674,0.5363730508415553,110.84847939064204,0
31.692200515627768,50.593165431955846,48.741202867681714,83.820722141484,0
16.94927466860925,16.19230066322137,26.622844910440985,131.15810864636714,0
55.68012624583501,65.8102218056492,98.2537020689442,119.85256205958859,0
93.6154774160781,99.77493890102006,14.505230354980322,73.10144425869655,0
69.6029796674973,45.17394759814438,198.24347820973486,78.49793903766489,0
57.0061170089365,35.472855673021265,47.558081998753686,79.06156499786188,0
9.717649377076853,40.070416683446666,78.88180037904566,113.55939941793056,0
61.500722669916975,11.514617839520113,4.474333873134423,74.30544467165066,0
99.00538501042632,88.32736014262238,10.133839384611736,93.3795133158384,0
14.008401523652402,41.4825655521352,71.02435079965912,109.09408792833548,0
51.832965236373674,38.72744114248413,1.1115913948196479,98.6766813090713,0
87.73730719279554,65.96902729304743,84.88013022828795,105.17775031425411,0
74.07686177542044,44.203342093112354,0.7023610267775612,78.68394577302483,0
69.7015740995268,64.8233468807846,53.518568070851956,111.89708746794489,0
70.24840839871092,6.144629013078751,22.713909845272894,87.73576215048007,0
35.94911512197552,81.37233437222274,47.272443007408654,93.50760651204118,0
29.359184426449335,94.05039528794026,59.54154476886026,104.75463455811972,0
80.93611554785136,64.8765386159386,20.963641309497948,102.06156443061697,0
81.01133946791808,95.45659288588108,5.712352437889626,100.47960038031187,0
86.70723185801037,15.143231436996329,3.60949889742447,84.98746356046489,0
91.32405525564712,47.74161894803537,44.4503206867631,94.00901177601615,0
51.13423988609378,60.180673394544726,36.76677141292831,100.04367181674071,0
50.15162946871996,58.17366474211867,67.77875514206576,72.4982953366583,0
79.82951789667752,40.14617790890432,35.64051290008453,90.74934067373242,0
64.99639307777652,33.80844093662614,27.44764854576543,107.75359758065693,0
70.19668772577033,12.68240225504188,25.382132925291213,74.45126792309316,0
79.57926694361011,39.17424505622782,1.340145643556021,123.1316330318848,0
89.00053418175663,16.266081510548513,20.440324342331664,125.39226525199686,1
33.79951568515358,73.43656764922184,186.527084919955,75.09698848079829,0
37.5582952639944,20.883093549458998,103.39762025576104,127.15239266100278,0
9.3981939840869,5.856530528453385,19.97748695022076,97.12836822575731,0
57.8280140996174,55.236613781723435,44.31177316238579,108.37029118314109,0
3.5942273796742086,59.52297327194016,93.96293770925091,90.06697895743507,0
46.55980181324602,87.19130612805056,29.104834485387833,118.46089654453525,0
54.26446347075766,57.69816124176819,0.9060531471742378,108.12188037697334,0
28.65412521282844,34.54808537234457,3.8716225498214922,83.71693486804793,0
59.08332605690107,80.30118815263205,35.707584068409595,76.69596000069423,0
3.050024993904943,54.027889318742105,174.40214427191265,70.79395129581555,0
3.7348188749214417,7.928028463119174,59.07951561905151,103.75883552865513,0
82.26005606596583,56.58505603132467,3.6778165250287014,111.44942823559472,0
36.019064141126286,90.80185454216624,10.496615010677706,113.01931357558882,0
12.706051265188478,39.631262549822054,73.77226888628266,97.64037810785244,0
52.224326005480435,29.632580189980008,92.08103472515239,76.86007088671272,0
76.99935530986109,14.346945701802005,48.076773861009606,86.35850403952433,0
21.582102749684317,15.144552193535732,51.700696695223236,123.04697277923852,0
62.28904758190003,43.27714843418189,1.4373352987942012,90.30742870799837,0
8.5347464993768,59.56798241615295,88.167423432607,102.86835261362953,0
5.16817211686077,8.061540516960175,77.6233999694114,78.48699032850226,0
53.1354631568148,93.95685890251657,14.990104137526512,106.7316609091807,0
54.06351216101065,75.51336174451959,61.666085024043916,90.84630876641845,0
63.742990149820656,58.66239182836627,12.094318180231829,120.93425427551527,0
72.60913337226616,82.84386709389908,2.058298571776215,115.47115412413626,0
97.58520794625346,8.01867568121133,11.22826198361632,90.085881068502,0
51.630034830119534,47.68388777331244,9.83901168050161,97.46671945304674,0
32.2956472941246,63.00931268616634,20.6054562948295,88.97767519918743,0
79.51861947687037,82.86529061182893,27.102873078462103,71.6113360690998,0
27.083225126207424,78.34695600492677,35.518623535004764,82.85115140905566,0
43.89714207056361,27.706924971339962,32.385166214638986,103.96434655441641,0
7.845638134226595,94.08801695592042,15.781764493021722,106.50518996459164,0
2.535074341545751,12.434584143087035,1.480229596058624,102.97095807185278,0
96.26484146779251,87.51336186211522,46.456340933372935,93.96533892082728,0
83.59801205122058,97.09402496046185,25.18793515606484,118.66133211441971,0
69.59742060936979,17.715352322262557,17.738991139896797,101.27083809121875,0
40.89529444142699,72.20660642037853,100.84814809972025,114.06507656191894,0
17.329432007084577,4.028551877799846,68.66758554618742,64.52449735594962,0
15.643704267108605,40.542282513915495,97.51392575475923,21.55199496763315,0
25.024289816459532,51.6283299197674,34.15813902054137,105.6757605567616,0
54.92266647061205,58.064522590963406,7.016652268461356,71.50468692557021,0
71.45959227000624,93.59372482485595,59.57281256438961,95.75096594573888,0
66.01973767177313,67.22506872941946,11.538237194386792,93.95805917950788,0
27.993389694594285,48.1277951219237,29.100837365164654,131.74801204831073,0
95.48652806631941,80.96750362658894,3.360479674470436,107.99993105887214,0
73.78969166957685,95.05328209544089,87.23665796475989,103.31718053597345,0
55.43540525114007,2.2066148682290843,6.7303494605596645,116.73982309267348,0
61.17207462343522,98.25212722560387,116.70250166855219,107.36995173678078,0
41.96000624277899,8.613213906368033,99.83987186377354,90.84646014023134,0
24.773098950115745,81.43867792687614,31.23544782406798,121.4295186050912,0
35.597267865126156,28.033475255141248,68.20085839542853,77.80499744223451,0
75.78461104643691,13.217965775387174,48.30623797260611,106.46494375067124,0
1.4393488629755868,43.98556397138349,81.24677976187878,69.04860411727378,0
11.607264050691624,64.39565794476135,28.2645393349141,104.0788771503199,0
4.600264202175275,38.0951845023475,77.04423653684194,103.85979283545859,0
4.072880231897013,5.456540828269896,31.037309093176052,133.52909923829327,0
85.54605840110072,59.94611396587166,141.48190680315363,68.7005221311644,0
70.36578593800236,90.24032761106747,33.31281036291987,87.98225648292375,0
47.41738290873252,38.32153659472517,31.05242224380521,116.45364853148288,0
9.783416065100148,21.633277763082702,76.87257732776739,106.70634512794615,0
49.16158751168324,44.25773459328154,86.18010102351033,103.60610102675007,0
47.34717707805657,4.836271104878087,40.42667988124749,80.87728594082921,0
17.320186991001517,82.04875844802748,9.910220010425551,88.18363303817142,0
43.385164923797305,82.63408109501867,31.532871989288267,124.90082016446513,0
39.85047343973734,58.800046342962844,172.2143831363893,98.96981612492144,0
61.585009805221645,35.31028889383895,69.91555226448244,107.50719392288947,0
63.50936508676438,79.97833644457833,83.34344861052256,97.69623342447042,0
4.530400977204452,55.46870247883672,1.6688171786272132,76.3382896950047,0
37.46126146264712,82.59323085500162,31.54238282729038,118.67620852149993,0
62.58599157142364,63.14587925830206,52.01072609199273,110.06464769064992,0
50.31362585800877,78.44054732127972,88.60745585256424,146.11273674734377,0
85.64898411883223,59.856299321776,2.526450567511094,79.6883724069891,0
65.8693631618945,41.41410682156662,95.67564271918921,116.45145842400962,0
16.29344270814297,95.79458599261376,39.748026049113975,73.76912067925997,0
7.056874740042984,54.11138248788448,10.989581923801033,103.14693135346155,0
64.24192782063156,60.50895185405384,19.081707950429525,119.5301317812633,0
2.6511310541621813,22.048763941474924,16.559379870472245,58.55729767807026,0
58.57755812734633,62.565078942727645,37.84259945739209,95.90135051516785,0
94.02302414249576,57.160764948294386,2.6534635203115315,88.7358053191476,0
57.5474177875879,18.483839794702494,8.630611768858824,85.96085403409757,0
38.816992620652194,5.958709735314372,83.75032643041393,107.70425304518709,0
64.32882184423532,60.43593197147711,7.112982420315834,122.4137141284519,0
45.825289049151664,76.36922693503206,13.289262985009007,97.3344256954169,0
54.56167893159349,52.34013709220082,30.199211506982305,104.1097285512004,0
94.14648087765252,22.67726253196457,36.3994471302622,102.28617506118495,0
38.610263780077425,66.65219766930349,72.11371622209644,100.03607012712828,0
96.11905638239142,8.010572660960225,29.64992957123628,78.21314724575788,0
90.53506419560637,44.183370480195464,78.0001647117127,122.16889203445785,1
19.579113478929642,16.33667583984202,48.16208222492486,105.90390736317671,0
6.9361300875165455,18.445905105988338,6.001137439709189,107.89762980005155,0
10.077800137742665,20.229394915820365,8.499778051520456,83.86980741948835,0
1.8221825651549728,38.67070570439779,28.72677778723253,90.8155920402152,0
9.44429607559284,5.115020562039763,25.282733568136106,96.47731604578443,0
68.30067734163569,39.77934409290982,68.03996102227103,69.31750613102297,0
7.118864846022898,51.170744711470086,43.46286022218027,66.23931349604644,0
31.89756302937613,48.329428496632524,24.5620236367057,87.98504138722865,0
84.48753109694546,38.27841004030405,9.362300106838193,110.4504153288478,0
2.3271935735825866,83.91466080707525,12.863275910884154,86.93725220140118,0
81.44684825889358,14.53266924205041,42.84228362270056,79.62389604818573,0
28.185477477339994,50.5696743781374,27.533689777829196,83.7062869352466,0
11.816482762165625,6.20414169565543,36.17284664734839,90.89315153709374,0
69.67371653641507,7.1155678877909745,9.357304928233349,92.92282074359792,0
62.8942846779884,57.38658496770963,54.36971021808341,143.31042904413113,0
87.74720135270529,56.6018424887821,95.7094893785872,121.09241256974636,1
73.50710438038858,87.8033512844457,14.916225594827381,120.49548224563456,0
80.34809303848486,55.78736756600732,33.81590199776577,123.37160728546763,0
28.203457257130648,95.97910204048502,185.50991271361556,80.02358261331901,0
17.743954377972283,4.869484839992976,20.266386418564203,75.55270770025521,0
75.06147516408583,9.800768478074106,45.199132516697496,77.86259416931887,0
80.6834739267264,4.40658615703814,4.726287888201146,126.69012266675676,0
99.05051420006733,18.527685033354004,46.572122388407855,89.05616422235018,0
41.26176769114265,54.12701109416781,4.695305829881879,74.97287635521425,0
37.201808579278314,64.5572181427428,159.9971043893296,91.38007599560373,0
77.64129607419969,4.55851579486688,62.87969504673016,95.22788936570745,0
34.08035402530179,94.59708898455993,77.59615030596574,105.36826547389124,0
93.07573256035647,84.2165376650381,60.88742285000011,105.01902041424086,0
85.84127518430118,29.661248215709314,44.5468724977729,83.43638872252984,0
42.89940273750184,7.718753022646796,29.883921674176957,113.71312785027422,0
75.08710677914974,16.98870732190573,97.72805596769318,87.21612932499684,0
75.45428740846823,12.694441375497266,157.13703811646988,96.87447326589914,0
10.31238688359326,12.328377929894685,34.56106909546355,113.7354814100671,0
90.25529066795667,51.85616886657339,134.07166655800523,87.16357192111317,0
50.525237244785714,24.58474424934003,43.77338606634291,88.61297152837724,0
82.64574661077417,35.81397165291445,38.65111536091182,111.83336099386261,0
32.00496010306117,98.95053333843225,30.301041029963233,82.84533646789961,0
89.55232284962005,68.43142489253448,11.741058600285708,92.30415952791859,0
38.92016787341631,94.89806670470014,0.1863297979641655,111.11484356085785,0
1.083765148029836,14.255655503311559,13.821034483086924,141.0818488287195,0
90.53819764192636,38.21394748325693,35.63925457469414,112.10809009525494,0
9.128667678613356,55.47318032823543,23.89856049498074,109.45279525980024,0
31.93136375904149,7.675806188873802,29.75433277603055,110.61603167345459,0
95.0061967050805,0.41874436279578653,197.2485425772694,78.53619451865902,0
95.06071469375561,67.04343337969175,21.560101785488868,102.31193477359815,0
57.34378881232861,64.18195168014353,30.090693935858948,99.40467023327197,0
63.183721216979926,41.07888099996118,7.165555865378851,106.43169080745513,0
44.84455219783198,48.96440760320326,2.457292323786082,102.33016104951741,0
29.321077169806454,41.54430005920896,74.67382999818864,107.59399354834225,0
32.8664545369916,2.4005044844888856,42.27800564899125,93.77065610201596,0
67.25184560770384,33.537160621746246,71.50286840150108,101.17217834743586,0
75.237452943768,17.708225539728982,8.117876472440923,75.44342867886016,0
79.15790437258485,9.842418910136875,42.41160480378878,93.60185443994172,0
78.96181427945538,95.67204338893498,14.627526833512272,127.81667096353287,0
9.120610304869036,59.935972504216565,12.942540293406008,106.37616679256512,0
49.442030470258146,72.86562842366027,0.5796476706366621,99.58157925233846,0
5.755876001664428,31.53637432661175,6.982689016465818,137.92246552508692,0
54.95288823237355,39.31471294940152,18.50017677862956,72.78330043397841,0
44.1530501373377,23.692399389672346,6.214639191474173,77.8108888910756,0
88.77041827582998,9.696567096542474,212.93186641698537,134.25422822552545,1
35.09150125520787,17.90316374415838,18.45419867502144,100.91921872097868,0
11.706701642760587,79.75140452964858,6.981724460266821,95.14833927420412,0
14.299168205283586,67.75458051837758,11.099854988796686,76.01591349808714,0
76.15106317174723,54.69288759854769,44.300593468935354,108.95392532790024,0
61.82180633162611,47.508987286676806,3.3093151720620044,110.88919739054924,0
10.112267612279025,92.24342836561244,99.18262115330779,78.11011278330207,0
8.410680611499743,7.273494777866841,162.8544353110219,97.19448828899144,0
70.096913145912,28.060081323791596,14.167733835297044,93.28968335933868,0
7.276300636419353,34.9937853570714,29.900511568946136,105.11954292837542,0
82.18600592903562,78.24258122127878,1.1191546944112198,77.61499515558712,0
70.62422271564962,99.25146201619714,51.18130213106927,125.03894909026315,0
8.134878064189976,24.067051475715306,26.715465828381085,118.31647563195209,0
8.483771408519193,87.43073341370805,15.739541929859795,92.73648882534368,0
98.66395785011754,83.06227604317912,11.586333469116997,95.67162576723257,0
37.427079575612034,22.46573976417666,53.06916022922881,97.27155699444768,0
37.06421470668909,39.933258019922256,26.911299685243854,84.43382893986993,0
81.27995672575025,40.96728692925191,9.901776191875863,91.13141163529929,0
94.72485773838586,97.82206685265584,58.41565863293532,94.59459264650782,0
98.6001063822871,18.089190137889833,41.628771480065666,132.25736741414255,1
75.33781852589416,79.91579711047821,97.83361188230992,118.93236616660873,0
37.62595855309158,33.419271417310995,6.248459024631622,118.69309414673248,0
8.350071669866876,73.08703457761604,77.01112707213976,107.39851226008781,0
77.71469159274368,42.001100429566286,55.96883730176898,77.65345982137531,0
55.840424973580504,57.835976311654,6.108999602420943,99.17017790845242,0
42.42220092469763,83.26117733261312,59.34279520660001,119.4097691922676,0
90.6354385094736,80.41655649838842,29.129266764194412,74.83470741265424,0
11.119748230615134,86.64231835397001,145.0072752873128,112.73106413746528,0
49.262510429085914,5.961732534465902,7.63491553734489,146.45218450525533,0
1.1353644767419069,69.20505530397449,51.47764568383158,121.23633291979463,0
46.86606419941263,13.998737672176286,24.061726657540596,128.28058271123976,0
5.630327568183735,41.5818568018411,157.11272192096274,104.36677500884322,0
11.881791626807193,54.858841505468845,20.022004879154615,119.3586389752998,0
11.752624677710488,40.273948474683074,163.75367405244643,85.6429357129193,0
64.92103021160635,51.961167580300746,115.87775487363186,115.91727624682453,0
74.60448792654233,99.65263087986192,15.761793128374771,113.08776268121527,0
58.336876509715964,13.521731371285473,81.3652737495526,105.79822348075326,0
96.21725484745419,67.54560453364256,271.35530748302654,126.32014839436997,1
37.48705795237041,39.600096638561524,14.561953030095298,89.22430324305223,0
28.571208628186074,13.300979890732878,28.70399687684203,96.25884967052674,0
86.85991281894603,15.873676337430954,36.717289025060154,101.90924082716593,0
22.359583851945263,94.92731062456168,17.4729900614695,79.40778057821198,0
96.32225394406113,87.9601496711762,0.7691273349944534,104.53863887600495,0
1.2154474689816341,90.70419604150219,12.431353535850755,65.62139174092306,0
96.98788267076391,99.15327758273865,16.559890449041124,120.93909068856419,1
4.315991195057611,20.831539000851794,29.313364106084165,100.93274733131932,0
89.11431136980711,35.543933736406174,9.382937419601213,89.58214192192473,0
52.77011090862999,66.92190299248666,103.27865047112374,83.31252775409757,0
99.29647961193004,48.38025398606472,61.02393615144768,95.30841940761624,0
7.379656473539886,41.83895333783335,4.4525169435440795,113.76519421544828,0
55.38542844013208,35.781124933559305,52.50431527527485,110.95477957475121,0
96.9302535619099,59.37806319434522,53.01620768542386,85.88924105443078,0
52.30978441701488,57.5593428640082,156.43024975021768,83.07920654744731,0
62.93986381352625,16.14578340642401,0.1512721699029219,113.13797412639295,0
69.57486889846172,47.173983751843906,14.24645658403203,85.55305190769941,0
45.454106476777326,55.347177620984986,131.40986129270885,101.19819548159008,0
62.75580800840635,57.02869387313905,134.51094298030924,102.47509285048554,0
58.43143119231002,21.01071929123518,63.75311134681122,106.24124263453477,0
90.11580104909889,74.22713922522868,72.57116131395232,117.16540860363743,0
4.5446380341457875,2.5199094821069634,4.797081642572758,74.74074126265354,0
28.096318959223034,35.483185554316265,36.06456018583588,61.77681349479025,0
95.04114840765587,78.02126485356335,13.171135655118324,88.65105437543296,0
89.02637838909163,56.389292105540235,9.996873104671394,136.0305681566437,1
45.56567527857129,26.116243251086026,83.11643967296534,140.44348200174755,0
62.013259780153675,69.49531193430477,7.253493083511123,136.62354271131775,0
27.738118298113267,56.73909441560734,31.616871099660955,96.14037264478621,0
18.81211597237613,79.62436094563871,139.4995551239541,64.35769836030343,0
46.36984049399822,73.50251861898234,10.279430715816638,53.13921796696319,0
35.33522280260528,61.01079220362347,190.82069746512315,87.71923676901177,0
58.365611185087204,48.8177675310814,258.2591780568083,96.0385273970128,0
7.773463696498483,13.31821256675234,40.55344119286653,126.01250802111917,0
97.43948076661665,26.133301788538375,9.325078454906963,117.35610919084891,0
98.62107444796028,41.90994729170853,18.997535903047716,104.5481015798324,0
69.81617140197451,59.92992870063887,27.625179840850645,82.20310458117717,0
53.60963663441204,51.37078552153048,18.50423878436581,80.7844088351022,0
30.952761628632775,28.818452595952948,16.46936033268027,105.08255374142871,0
81.37950197069486,0.6464357789710551,179.1894253287601,113.94101957679453,0
68.47311725538793,49.623922190081394,8.324270303232502,107.83762524491169,0
16.26169393448913,28.56259885622431,66.08677489387274,79.3080408078669,0
91.09271844938425,73.46083007105351,0.020518681545813145,113.01335257584172,0
82.2537242923169,2.394626527048349,45.339632762930044,108.51821934202823,0
94.9799913291924,58.482781130579085,123.81300929379393,78.58667187619643,0
72.571950838836,94.14742375060654,16.979240368908602,84.31358059399489,0
61.34151959357899,17.440926711149952,10.260637124774549,113.76991949123133,0
41.82430362906189,47.16494907505954,52.731654630388604,95.30984929708218,0
93.27284833540132,9.142199181713817,62.3442601001659,131.78294603272914,1
86.60638895004084,62.56819122613526,58.242495655542534,110.02258552129153,0
4.521867010618941,55.05316805962256,19.23291984345822,90.26737623621462,0
2.6366974497252005,40.736552421283236,14.531146437307155,99.79588799218135,0
37.64633668780496,52.13770214737412,156.08609452082453,101.26766785275436,0
81.0553330781833,89.65746584690102,128.39235797732098,85.4321937351658,0
98.72761293149445,19.629430231106703,30.56146022058886,81.74823603644747,0
15.041689110352818,2.2564511705347234,93.60311703723482,114.02779787619,0
59.41307153521351,86.16648846991009,30.10352269881469,116.9054659408419,0
38.08908566310215,57.71170823879065,27.61616125276099,112.07562939105918,0
96.99143978146031,89.06584554618424,8.525357978001498,130.30636188647603,1
84.21189231357087,59.69452234131726,27.791677424510965,89.16453527976796,0
83.83287047111378,81.01610899597024,38.54645729688876,133.4854153214226,0
46.86931597949703,42.967336335514794,1.138070708471749,81.98157762891694,0
41.48195023376652,74.98599312882688,29.359512605366245,79.74628873263015,0
27.340707193070624,91.3041466889856,76.0155720739119,64.800822357015,0
5.6375496650927115,57.21229637222063,56.97891098581616,91.08409372346367,0
86.47223762550531,18.078515056237954,50.41440621992505,89.92555326341093,0
81.29010091300776,26.879761503019818,120.15090424156638,110.51874560509302,0
99.97176732861305,19.86445768974058,0.9098283861160681,104.87781883240902,0
99.66368370739053,24.685702759573292,40.71464663739465,76.14053257961726,0
55.543170560262745,30.64154493510364,77.4051120935687,92.14547523148364,0
76.89874151805105,55.51337867531885,38.97180086328164,92.5707595782463,0
94.47657298824281,58.79916294638328,19.570385342855833,64.48035506076215,0
84.96473906774115,42.649974724186116,7.323627906570769,80.38106545973261,0
24.734810174319765,61.54207798208354,109.26814264601299,84.58372738771821,0
45.05441353100935,8.157492561136593,31.815889211956527,128.6725003964189,0
12.915941515149498,8.778823705815997,105.23394589548647,103.82901431914705,0
95.40510272587224,17.182946035765845,44.07660883721758,113.24337507895,0
60.617463445088006,51.80774980403447,56.07236930497855,70.02729005701576,0
22.864280550346272,21.399467869831355,81.5486964255525,123.88428966027983,0
67.17006844058567,28.328440349257733,53.81645241428278,126.02204126048186,0
61.81282404578958,40.03128361729941,25.379446764813064,60.03310065710748,0
35.81627180328405,81.18661240103798,36.03962927036916,85.89366552168303,0
11.355759219962902,1.3862135912860118,81.23913333373861,109.9153114603102,0
67.15731955927996,64.93788202366224,23.39232159333827,112.88776907076364,0
52.03077009037933,66.88765310406853,24.561073746870647,86.43010539025556,0
77.23183917356393,79.86557803566366,5.029159267923369,93.89001073892695,0
52.01635011119934,93.27529390603132,123.01134687189415,88.05237877909714,0
85.21815003185401,2.0137848949289827,4.772506801886375,102.2083609389224,0
55.190683877448556,15.378370551321618,52.23592670691073,123.94357062923825,0
56.093797153538624,88.6171294055993,26.65309118821937,84.5791568571759,0
87.66536026583451,45.851856218701535,26.01177038354912,120.01640995536829,1
40.3482866212397,56.459063893346354,56.901737613920986,84.36655855306225,0
13.401522845064074,66.30272037231474,3.472527343961386,83.04745575006231,0
2.8782676313338973,67.90666044956374,45.03388546476737,116.37189236686427,0
75.5137255673619,93.17404033165082,73.92745359529627,118.43872756015233,0
62.03095513534647,99.69494174116697,88.0749266148816,117.02819873525308,0
70.40797680992236,72.01574609309402,9.348440290997127,73.68405183563718,0
21.296416150891073,28.72212092051508,113.85515183807155,90.68098043855899,0
13.637147558676975,87.97524022943436,53.37691987081195,116.45977184006642,0
1.4544665667881929,4.922091454076161,106.79204547216771,100.83083681127789,0
35.058755880659696,23.10808528744962,33.20668043484243,78.52614307605072,0
58.991768685463306,89.73857174637149,39.04794517037584,109.16635878250884,0
39.22440450997323,25.619151443935493,125.68893959544751,85.70385482017059,0
43.747492202372904,22.065105962174847,115.08404677072237,135.89049696784423,0
90.41586944937484,13.812529314024724,29.72493562219093,130.89682924836518,1
34.82554670233004,85.91117576469165,16.0386894435721,112.08194852711135,0
51.39894891598108,50.00582591910867,24.97536545842251,127.22013409539548,0
78.3653012741143,67.48932030541548,24.531899324697417,101.29582700246762,0
39.65427823212701,23.906638407502967,16.904358244605707,115.30874988750031,0
62.20867002278735,75.80404210112165,15.638344393267333,129.5544059060415,0
86.23637087467452,76.00055449620984,98.68671144085461,104.90997363588626,0
94.9520623657642,31.259802490830012,3.621111573684224,94.89625656971432,0
14.707348092903793,41.06826330102828,56.59984764414545,65.90756083645769,0
92.65876251614944,20.969027743020085,9.486650783852767,98.33732948557012,0
49.21162930795382,97.65610233229043,21.11829832519344,116.46846369124623,0
25.824438829895836,64.56025770584117,3.1759139086478405,118.9126685513526,0
45.913575623826134,93.45438807155155,15.733731579758198,110.08730131436819,0
98.0032575285477,30.338554362913317,73.14172590333415,89.1740181007552,0
49.26180939928696,78.18909129968897,108.14782082155322,60.46356862104819,0
32.875161028750824,76.5858643884742,12.521058275954571,90.0956980399053,0
63.34008543167258,69.16556518665415,31.138894502786542,93.91310257892097,0
24.014561877819308,96.56389752668004,31.774493531314825,93.74142065619972,0
7.586332810866391,39.355533610631554,103.4054225262955,112.3711271395585,0
12.887972191064922,13.07173235897573,71.94238094657427,139.71352822029678,0
12.804583895777244,67.17088592440608,35.98248638743541,102.47058403682186,0
15.190269351229436,72.93098004772062,55.54647178258049,95.66536421687077,0
13.882717264941014,57.506057345881466,93.9820334086772,94.81556373991815,0
64.08747448032146,20.681789313339628,0.4792370627495114,102.48769533815428,0
18.188008439914483,50.445594166935535,25.782698997825833,83.43412479303203,0
34.56672833238632,31.21897365691294,118.88869560181502,102.4039711749211,0
89.67884099060119,42.746652816668906,67.41391690494464,109.016246726636,0
47.39616402628724,64.52185758446639,39.13624231001564,104.19372127148976,0
66.75577385210272,74.52147426908346,37.71332723454185,109.15083868009563,0
17.231987120162984,23.22246909013431,21.367908408600353,108.6749521869707,0
19.228901880867078,40.532536064695336,36.7527104301359,64.56206635507112,0
4.086861626647886,26.91615709916292,53.26611011716413,112.73740316790807,0
16.893506307216455,19.86316138618691,27.0954401624902,86.57970308675092,0
27.85903390319586,78.33872199958384,62.61495442384756,78.08321673992084,0
17.70104842767468,90.92526944369924,98.74767213708053,77.91096344290008,0
8.87025337570556,37.02321856845767,8.402288021477625,108.67083220945058,0
12.06358711006008,75.12789243737669,30.032686639110057,95.54850145550294,0
46.077876803272574,89.69952893644111,26.21412913277968,66.36062432029178,0
20.63337184057925,84.61242105302316,58.15190945533799,109.56075630384566,0
36.42698610480755,18.28133885392259,14.375268753712728,71.20783738402345,0
50.34172708548569,95.62918815133614,51.11742382590878,102.79642717036421,0
69.03948286293652,37.66764404294625,104.97782151267181,104.76997851346108,0
3.9312139841098936,33.92406611738363,27.075548665138676,117.7115416339009,0
79.94103989090426,6.2431327277780335,120.96476645359793,135.63369572933703,0
62.79003894909078,48.6173654104883,249.27571622522953,72.70647348198916,0
8.17590319488719,10.90136156409287,5.607623662869602,98.95052287873901,0
87.35786241067773,24.853982092742598,13.266891275080232,94.47329409911565,0
92.08724005318132,31.694262176728138,150.167814615444,108.67499371921924,0
6.107795985486375,80.8826323491684,158.89591575419183,104.31337541867236,0
27.687764814720374,87.54886503958966,5.140814158570413,92.9490751452676,0
80.62012797930613,30.246631746146967,0.7556057675723699,91.18195622778289,0
74.82596903836584,85.86981212445738,8.78318984262044,77.67098289631905,0
18.45210193563773,85.72309373697911,276.2330940522538,119.75723164813019,0
20.93493233367103,76.46509503848735,9.922523558800235,109.18408363199059,0
37.0472102791382,14.669511401518154,34.9127709432908,118.35536395590275,0
48.45229851910213,69.0322846900729,94.33133707858723,93.79207727048973,0
61.825477153029595,94.50240645805688,1.0306299067992422,86.8632906261114,0
36.891363956977244,68.2540478767157,46.37883172044347,78.43369866741544,0
46.25347161331479,33.16168491078339,16.219062821633493,107.17835167481319,0
74.74709381337566,50.05793174308313,99.14657371587748,79.2041355094353,0
3.66832028905979,64.57250433510536,16.666140512237163,136.973261379331,0
25.243694434402077,51.05704087285036,58.0385973224111,73.8471483781312,0
71.33495858845524,11.995294173096982,56.07659219149821,105.47320238425004,0
89.52068376871993,31.206404465202063,12.518900055691226,131.33709414427574,1
51.167744211566614,80.23960305536325,1.770955812572228,111.98179518527618,0
53.211348526531566,86.14180460955174,26.318082071744232,103.51347424983558,0
10.717201133977605,13.730003271557024,17.06772742425321,80.63032706076208,0
44.741236682345466,95.23867523987246,82.76826817756805,72.36461622864593,0
53.261726645502314,32.88226178486093,80.56302573208063,115.40100217835172,0
24.247050363472965,66.231373873072,30.534503543654722,130.12294481549893,0
26.924323094938096,75.18251459566811,46.63526398865226,91.22300019043657,0
37.728416310462265,81.19462346378835,46.349831298016674,77.21876984767297,0
2.007119777772637,94.57497022259301,87.76891276688208,50.83661138901963,0
32.20791655831783,31.29195480288226,27.669471833436315,80.38470312674924,0
21.144800699654464,85.85064545515544,16.109996202856504,97.7268631500192,0
32.74973521779147,13.168690343620703,15.396614428601996,131.98246481673468,0
11.976213181925122,70.50409063535928,38.414260382298494,113.46267384465938,0
89.0527280739895,74.19777295139859,29.81447382420767,106.10170809413506,0
59.359245355404866,67.77232412013204,29.001709049226882,91.99760677397738,0
67.91023191444896,25.2314736135153,4.778064216355241,88.33668565488088,0
78.91712386073382,87.30431470152034,63.39957137661669,128.11295195015927,0
49.84421989290573,16.8858463370395,12.023177004310902,104.0147708151678,0
8.69202880874237,5.363479152083084,10.967141050492161,57.94798616157956,0
53.71065418185478,71.74649906119122,26.615941187339708,86.52920704205515,0
58.68411180208791,47.54757152327337,12.92418239561669,82.83567936456747,0
74.54394741843299,84.90980199586761,43.836468658032985,89.07471981645071,0
43.16595462296794,38.3397141058259,23.218046111923158,111.25821320570171,0
12.758030279556376,16.827858850771282,29.79301347908659,97.85110236411501,0
28.377590579872447,83.64421924698698,38.51969985953516,98.46269185992676,0
36.30822963986351,54.89096316400717,11.37863744230151,126.26946322650474,0
64.59172413316013,18.91957923903549,8.465427098768783,86.07077820426623,0
57.077830466891186,72.03839985864458,106.18927943157226,137.283990517747,0
35.60967258978462,51.111363848950056,28.433658117371323,86.57384817257828,0
98.65152487929797,60.431298224031984,26.559377190626137,101.78396393225142,0
60.577481935688716,46.089833820658185,1.8130865772121654,94.37592809194466,0
23.72267917359945,82.87089838180064,34.45539772016837,102.46838267001922,0
10.178247262040374,82.95627156830498,40.390847055757526,108.89183990146257,0
15.285913918433202,70.93888218243862,40.917481589187766,108.67670480177753,0
24.595772838450813,10.540137739646227,61.384452778270095,84.9376533875884,0
16.06813732595557,83.88538619040689,9.769235573458591,77.54170645104858,0
18.656702405130577,67.10129805329098,14.532532665261277,150.06343581811421,0
28.50951686938471,69.70241660042996,83.22915849797205,90.32031320798893,0
17.33735952947548,36.298284040387166,147.03438719400106,113.98424877343973,0
89.67654246264252,87.92795561570067,7.305233725606236,67.84717378953607,0
8.023374566164222,72.53716002348575,34.42286521263522,94.40774560190647,0
52.451138957025464,11.259046652919446,12.051137591260385,97.45601232035114,0
41.03968269896615,40.77780344061627,3.0976622711593813,109.45630139855665,0
98.23786169086064,88.63803619601417,19.689427619228976,45.55091718016122,0
11.203890216805235,4.719670169737899,7.756002277934498,103.32281226156661,0
39.785559904574164,96.14166196420496,61.88218006831482,77.00517089264214,0
96.94704332753689,67.91625683195628,38.14902886712147,106.48691422389848,0
86.55071258939803,63.13759776433766,7.764577326180669,79.27341606323674,0
81.707207094928,27.05592564879914,0.46422784097311887,82.89034608148837,0
25.790282704493983,24.879178873917706,82.55391026684732,94.52744779213464,0
17.088758739006582,94.20582194885955,9.691035335973075,78.95341060793609,0
66.8643219924431,29.827245423412275,46.59771871305962,90.4893110652929,0
92.93759891275857,77.55052967189994,20.543125878339506,76.1324846291337,0
55.67628930139298,39.31217982070792,44.03241902655742,63.33659096602545,0
57.161268946989985,13.925407078470398,18.964554811635455,120.35914104858719,0
27.997909366028416,1.071529769535895,4.547660099679579,74.07902614352143,0
76.94929331919369,54.42573370152508,12.612529581682368,96.42638224784032,0
18.704374855752338,97.57788185489326,10.416353381371854,115.0578216298757,0
32.367923640424365,36.91361938092045,27.932506055556306,87.70111794967914,0
42.54364386164168,35.719233399304485,53.688733123707756,83.49668200508924,0
50.7610378684455,34.40916178494421,15.313085491606957,104.52476177334843,0
24.240973241508023,52.054383730485846,0.6071684228425104,122.35867645454304,0
11.483682473920354,44.06648834242935,36.587889876522546,76.61369469827062,0
61.06200424416326,87.99146267270145,46.53970614118224,96.99704335965122,0
28.863055324025577,50.55207917234903,164.66716577679176,65.35010810065344,0
58.123822142261226,50.77578381885688,44.51541136946638,92.1359799263562,0
15.436271527420232,13.83715947205566,31.85465497704534,100.68409369076151,0
48.114010185481746,98.27395409103859,42.59561421227039,82.90750716489869,0
53.258943255158584,24.99728908688297,131.48549853399183,90.86016332349537,0
5.182353682242691,7.336406745960266,88.12308717018398,71.83546463385099,0
33.660427819392055,66.31462489752089,19.502629675562968,101.54157222762987,0
13.441467693897424,59.53663701568727,13.541533817751642,121.11388497766299,0
6.337497047276774,41.514565399274574,15.233518824561717,78.05712260459073,0
98.99602323899452,42.2192233880678,35.10142915726399,87.54656466895234,0
32.235384497472296,78.50639210464311,68.13855110118571,110.05092492908364,0
80.98744458546349,19.571264009964906,34.980320545585414,124.24181438645472,0
25.464065476376383,82.02533189448897,3.5102014371716055,70.13620375582137,0
68.15027222239293,64.87471138950181,64.29181823897217,96.62430525168101,0
76.02278598896865,41.89697737795244,81.98715779244831,105.6626164463905,0
59.56387406078443,45.80286165838686,17.08916633459441,97.95887218742304,0
47.15761885501584,25.66472071860958,54.550920655791,50.46415866245826,0
41.18409141472685,75.21143326969748,27.807880060353646,110.02180018617544,0
34.88682665429953,51.287474230526776,109.96504665092448,130.38672702181287,0
92.95291442478259,32.08545427498436,93.2893217927643,102.33323502339007,0
83.06194077877291,59.60501157609502,37.267517944596804,79.37787893411473,0
96.50269106665125,99.5734452051323,58.802570625180394,89.73745507271434,0
12.429722348554472,43.52622796565539,107.42873587420773,135.39826135311188,0
73.08674752036443,92.06914007786196,34.23088402731052,118.19925081721118,0
93.83404568210378,34.50168399245661,18.789301612912947,112.80053236768659,0
18.123306616566015,5.4732706924985886,70.05337500969266,107.12825167068752,0
6.6496267366777495,20.424210636842886,12.427315246896722,86.77725775618055,0
74.11206492900591,41.86951433276842,24.594563110109586,95.98857638688463,0
57.44731131799119,21.963492859456903,100.394100198231,98.44154528642969,0
84.1828776758272,0.02270382182555375,64.44429018059694,110.99148632128887,0
13.97723766262895,91.50015377475272,25.859877844730622,130.17837788533808,0
79.52673118598902,84.3879411230929,12.087306975803685,122.36676273586255,0
20.162732004774455,74.22922314869471,22.000373576182692,71.61231288407919,0
16.36559428657045,16.781459564602862,16.711029120832343,104.47989937802097,0
16.426579793099293,12.036357620998606,9.684655704955263,114.73526690335794,0
81.45747202313821,6.760474947238315,67.9987708672687,112.37720660289271,0
66.51972206962002,72.40291887729212,14.522286849527083,87.4153247322516,0
52.30654247691193,92.88079606878853,30.2721536102501,158.28218431536723,0
35.88304841235025,43.053582091303696,24.37657315420447,74.45830875337762,0
87.72005408131082,11.914067199604816,201.0845800319816,78.336231066679,0
39.244510742263536,51.23928207321066,24.804424548419448,104.67190162523153,0
81.65994394715771,34.88319074586301,4.168128434100395,142.33606109927706,0
43.91349085702184,37.48249243499977,4.705960855565562,83.27610298591658,0
37.69444294249076,62.13306241557073,44.67190779384265,94.68343268706016,0
46.26797856696064,71.87181132622024,45.73504378555798,121.54587346031386,0
30.13778741641421,11.060359887316086,27.129489484861736,99.64275690224532,0
74.76093801762511,3.5590230806476386,28.26793542635995,93.30792290939408,0
50.27203900924791,99.43303026857149,2.772072348680789,111.3126580377344,0
23.22126951468173,23.272834891555185,36.34000819683281,105.45035980459187,0
89.95745732745685,5.383052490845907,35.13356712521474,120.60877571273582,1
38.38912213732114,18.987532909591998,8.099442827442434,125.82937778130727,0
54.35528611139886,3.895784634846422,5.481781274956039,106.14006120010724,0
90.6472110964547,39.181089461717164,6.595064133056628,105.83465450756619,0
62.42379959139921,80.24017844513243,5.325183245271044,104.28221964572268,0
11.689804070836407,34.124444975772064,47.04303015302539,109.78261113298575,0
93.98321236134751,44.418340687836654,10.937825199885214,101.10341275742928,0
62.770805307141785,67.55867735674389,14.479538121270105,99.98783035355422,0
33.49056146570861,50.889407006988016,9.532132714020808,123.93254241654485,0
13.927207266338726,86.14456860213242,158.30860031947967,130.32232360710086,0
79.4025189270296,86.60356750457565,96.41934126518763,69.84894110733158,0
62.00727559285135,0.9910695491153643,13.100380831543468,100.20042303481138,0
53.34610919763215,77.80463064831991,19.84258753440845,86.22611133109531,0
89.38925830509577,46.073360024167386,11.779335003390013,93.78057067027855,0
78.85972112245308,98.88405413036631,33.85148434598141,108.05032419470643,0
15.167487973275119,48.323207587543514,0.9902685211840375,113.38876743084937,0
31.172206779554823,98.68959453882975,55.64083611781544,97.7574711277731,0
24.848913981446575,75.45693612057366,37.02851970246773,61.73319330554394,0
74.3946292572677,24.860488461330633,114.45330849158069,80.69908838847641,0
3.353243473577938,53.83949792869577,8.979824717286357,117.92999340400331,0
56.98896848713165,99.21356394785828,81.50990765036609,45.19147155930138,0
76.24586857406905,85.75306077519237,78.50148931976145,123.74854303364,0
87.67656367617495,9.73668937912211,6.801364623461184,110.42459981289083,0
34.20817487159075,70.6371996809996,25.421360458498683,126.32352163060044,0
82.12573046720128,34.5579585870813,9.325675004874208,96.0286162623808,0
11.063173695520723,0.6982261880348117,14.699798189455434,58.7718915195419,0
84.64522917345182,40.34809690269996,15.27507327137066,108.60725283012997,0
12.748866233198243,23.47544217249713,40.62316386560949,125.49306248076682,0
39.72872905603673,81.88692705204716,26.501350791654517,118.49443611026842,0
79.72953657795536,33.733060884576545,147.56931661774192,86.7461703302393,0
14.991742734877377,82.7523693953817,6.7549248200670595,101.73522150925294,0
22.92513952326415,0.05979388347953085,181.89436646904838,89.34327462440152,0
72.22525683930662,30.781915002611914,13.109725557747154,83.61467071621256,0
72.00365365460743,24.116521430776196,74.11250346564971,119.10777142359701,0
64.11476328852973,23.3567361068611,20.69779713480863,76.04935377469675,0
69.39484444671,6.81866197654627,7.7206171022348435,82.12367138836774,0
54.27244433475962,18.712427041050173,97.55740700667624,77.91948733055229,0
25.179905890695274,55.55495698856199,18.470708595406744,70.19504953401906,0
34.56959935039195,29.13610728377445,53.772442852523184,102.92828583685207,0
18.159771680142565,41.73947823291479,41.78667918354132,123.23006096963951,0
90.84505613336283,37.68668803471885,31.90987832529752,96.30246487509469,0
58.339179476612046,87.59049249998945,34.24104429278976,69.88504398871667,0
40.08514167636399,90.52989990105155,65.88282159476827,116.79889079484056,0
46.20058036441327,49.295697165586006,4.593316111545745,133.71403508069943,0
94.72833396118153,33.01559503156044,55.15823103498092,87.07515351706812,0
15.33514031160802,10.680070400236364,113.077964633498,90.42891466564564,0
58.62298320167972,95.3402879382095,2.9762592875712124,110.31321260166789,0
50.5888678884466,6.022694490029745,7.579143761687597,132.43747495570102,0
61.14542354346478,29.765027756828044,63.05043246659897,89.60331708549548,0
1.8110183820840509,29.806620117000413,28.748801966390864,73.3510043800359,0
87.21239089441515,32.04012861402149,25.8378775465873,112.62837212544812,0
93.21182824836124,16.428684327240926,7.365096323626634,115.98136146284598,0
56.51331835892089,78.31614309236971,35.33898824222968,100.12262900870454,0
69.66508238768922,12.249786196598922,6.76495119516575,88.83733480685099,0
92.24993811772957,63.49066591531628,32.37241865812795,119.88757461984093,0
70.72386343133986,12.384602670581746,72.11473559821296,110.56072009095928,0
15.253904291426135,7.053563759295656,14.938118838630835,84.63128966193014,0
57.62883601668132,90.94295036858765,32.77197366535709,100.98189462611343,0
60.67150463828559,19.01287663187057,241.51559534593278,72.96584935950708,0
42.4130671302386,82.12501545597043,58.021792668520334,113.7178091287584,0
73.64442356247228,54.46308711071358,92.0548721320163,94.75532861234288,0
93.43670147690149,7.78565196087696,26.794148203451385,91.28578335230526,0
92.55685129067763,95.54481914380675,73.02093088203279,99.34251029695132,0
45.08393714041321,24.696116699189254,2.067626185326176,100.80615398660495,0
11.323804584075525,85.96453453526065,6.557350877783849,117.8986012313112,0
98.48411989623345,16.88100057845642,11.349458870736044,111.82181062650443,0
83.88980864459342,85.39428821418528,25.704206732143252,96.87181442414395,0
12.466268120326685,1.3228812905293985,93.45737065125522,115.27336299437991,0
92.08418826173724,51.178045656948065,21.252740788943502,108.01474507383226,0
86.98963620621282,76.94425794215569,53.155673724523034,91.46800727427926,0
51.88380571260721,93.47955174927833,61.77563231784837,97.50563683527028,0
59.127543574492925,90.92021362064871,44.116493550206194,97.03554222313758,0
39.90027038701302,81.96248695476449,22.09934684369869,110.10522686348403,0
5.476163882203133,88.8191349661304,43.025460561463305,92.65954770556716,0
33.519724164590095,19.92196858370765,20.94770327992616,92.19181627156733,0
80.28534485980114,28.418429571172876,4.380054189917373,139.37514618867917,0
0.4632023004602859,28.89685249210585,246.71134657470546,118.79470963494208,0
33.34991716911442,37.70539310016988,6.801437056394813,84.78798671149721,0
39.81686935909433,39.33206703851887,3.754951514885531,111.41881987884396,0
53.73956029379229,54.45553246546755,105.4047064062971,102.36700131310354,0
91.98556164127605,15.987976336644138,17.964966437936372,107.83102350520187,0
34.634599436596126,69.12466637859893,52.533549101459485,102.74682649130209,0
34.69532018962277,16.75665393045065,19.94973405184137,123.79285290970472,0
73.75012481097484,31.030848210454753,24.834160933535166,106.91240689302892,0
45.221794088980715,50.33451306061541,15.198227235646838,98.75822603571426,0
22.460482293998197,79.64405615234773,21.006912131940847,120.84381153966035,0
45.24395161326934,73.94692332387272,26.441028345262296,104.66570082175744,0
14.085702037979985,64.55343564105223,63.72263709960044,102.42957158658116,0
17.63869865062233,15.577326058017016,35.824495142183046,106.28045204972229,0
49.83677727394797,54.70453456155777,143.73347967475354,98.12781953267267,0
41.89254495045479,8.744650179988545,2.1391329474615324,100.18453985990938,0
91.48459010681,37.73631767966508,34.96513662099751,88.26610822476255,0
36.23938991166331,41.35165302899592,43.880526126764984,84.97665560752242,0
58.05883502780434,3.9811439445753827,126.40970033733888,80.02859227035121,0
63.22642879195304,27.398809946997183,2.5203960918250634,72.16033426405848,0
1.3094456588333636,95.56494672664894,42.607096943131886,82.40565277230887,0
66.35373720167107,95.36326078296895,96.08085640946626,96.51465931066149,0
17.803596686975144,35.23270542525393,13.848827619786192,102.06235164891274,0
96.10703174694551,4.310010894832406,104.4917073197543,94.57406873704718,0
14.866272775311295,17.909493932818155,0.9613535210298751,52.88593019745284,0
41.462412372702374,39.221779343354015,65.92330581566588,131.49172715524685,0
8.534966807864386,94.77796979692297,135.23769786089358,121.72960245780763,0
99.68742518459473,14.119906353718491,53.53006354642002,108.91519702434258,0
50.21950103312426,76.35158436682123,28.904325156278105,138.14981345106537,0
59.53850173200438,10.868253937469207,2.29596780905914,80.45271765032578,0
6.7076477388427485,98.12575773912768,126.35761618959943,137.7525024125201,0
74.99604703991778,38.161649910913496,31.771866971180952,80.69571846498904,0
20.990559309558577,77.5234538899056,1.4712728899168148,104.77475850582714,0
89.80542894407138,34.259108281113186,58.53029793752701,74.52325349731592,0
20.513964048200716,62.76688771588087,32.873295189117854,100.29388191088734,0
19.068772066366655,19.201608474003674,6.639173187790935,107.72332995996777,0
3.654966784809488,14.602101929696254,12.05721798659973,96.90619337730891,0
47.206694510999924,93.80641395681313,3.333208560901886,114.27754888180274,0
56.48411332626164,91.76472779044335,42.70026152863628,101.98028898974515,0
6.570863942835237,88.74689402128824,48.64695369214528,89.55170543244981,0
77.55276166950105,62.543345016659345,35.23491172825482,88.66373364395321,0
45.32888347480276,80.82682112162783,84.941369288903,116.21827545231393,0
52.439026932758004,6.903693691137491,98.66724052564321,86.92515940386065,0
44.07627469382282,33.47890418906792,47.80675354088564,118.30805940969874,0
40.0763060875326,31.37031247571562,0.6419271113789438,124.45423585663862,0
55.96403313082179,63.56453219526132,59.40983778317365,66.6257227530774,0
15.52402459307125,35.59577734706405,27.064174287696336,122.6585277460207,0
18.19281304952711,14.85067816436808,41.68458202213871,141.208453968894,0
86.17856210135173,59.646707541354374,52.359935863397475,105.04007522403857,0
94.61154621336327,81.43839206690815,21.557350220310887,111.98168370589644,0
37.330931627975296,38.21234944599732,124.50510926500652,120.74010648738317,0
27.074467314355378,13.22687150984817,7.1920674305974295,94.49035369641956,0
64.39995432390158,19.668819731282305,55.66271923601471,103.64560447075739,0
40.87341710980964,23.7483305169384,0.21845553176015517,73.71600940753781,0
2.538635566034486,29.989759299453624,129.28130121458528,102.77270057060902,0
15.615259736619036,64.27950705063091,5.96757074065457,109.96223991289082,0
71.59722288473975,60.0945484537719,4.984621048736349,110.32326045852939,0
65.89239419101514,69.60798615670392,20.248833849421644,121.3084944719516,0
2.709599250348349,36.25019845315131,23.385615698859617,84.50395643728942,0
22.197216193294945,82.39976518799783,12.059016542466953,89.34786486653007,0
23.10747965880714,20.40876611557603,43.98849802957196,137.9101469198271,0
67.18927435987284,46.90407475181539,29.251791420004047,96.9934325247258,0
1.9710537754364155,80.09387215414303,1.7386615242656687,104.00067574624656,0
10.410858198457385,18.015864773261924,19.257546925904336,98.65979916549558,0
79.99160853731894,10.986311374078294,83.15061495128695,83.56638347389955,0
17.85446620543336,88.36839676879897,58.511032696026696,132.47058421783612,0
65.27461078518748,34.29296627591959,64.52573341041038,89.44597176158788,0
23.81827810467265,68.3870124909032,59.88577512073968,77.4542895258614,0
9.944139275934516,2.534860426393848,18.623742627103855,90.98519445394497,0
24.317219099945408,69.00468884094497,5.249358272349859,59.96587996548933,0
72.22669318556592,31.61013115469705,15.90480865477655,86.97425070033637,0
85.56964681062857,5.574085358744174,89.12570702028158,80.63742804295347,0
83.02198645669915,60.9812761548117,196.79221920177406,112.34857261854648,0
39.71835296184548,24.080381607317324,34.04581564914727,86.53171520880255,0
66.80851365706462,38.680724205188,0.48738549272308984,117.75607871157698,0
20.498429541582098,8.058081228651359,7.543749911251594,127.96967986138642,0
29.314773026101328,14.716325109494532,19.43634203767241,115.62350672575198,0
89.63358185211197,29.797723549584376,43.206900490432375,95.69223422279846,0
1.3001923510736035,8.975950056015714,3.903139265157167,102.82228993411186,0
8.550853085446807,91.08262646863152,143.5496069232437,69.5003011971188,0
20.78862551460273,0.6047043183978418,22.71310288617743,97.3244125495752,0
2.6532203873819715,48.38602188643114,121.85397198397251,82.79123063866334,0
18.143543508979732,12.324745813255145,75.82511902947734,113.88652762298598,0
58.304156096969216,30.767908947794854,70.41417244215452,151.45504778488947,0
42.1424550592498,92.60595598182655,46.66161920549498,109.99643271947619,0
89.26717110769748,16.169455327398687,49.27987241399275,60.17719702090667,0
81.7443561738441,96.58323197183326,50.80600021288804,92.77539614171255,0
34.1817351697876,20.579437698942172,49.540125992507825,102.4498185074891,0
25.94234334312925,74.15661084668295,40.34135829489542,101.74714850520527,0
37.96924081672669,54.66772648973117,214.9358394325175,85.38373748782493,0
59.02949425148078,88.44787275967592,65.89265467304804,104.9058348527387,0
26.806364082287626,55.399325550313094,75.01715628100968,75.14998326161225,0
62.4148907849134,53.45592191563087,102.96736552508227,81.10182554629866,0
40.941165219124045,19.54580003683999,12.144343892208617,112.91595283207423,0
55.204718085198024,16.62293620516587,4.3762568522715855,79.68673538240348,0
43.61265291353167,91.64891511155142,32.975412039385446,110.76423210984514,0
29.44657595419177,32.78381988500341,36.08563546183731,72.61072450687884,0
94.84533069621567,37.20822549628959,88.3577664275363,135.2965176758347,1
76.36057941597608,75.98236584283885,29.32989072865028,84.5146015519189,0
14.011317576645254,33.882348242280734,42.29779104642703,95.52666856393111,0
86.84679758979128,95.20624466390028,37.44049387266215,106.61226522180812,0
48.743119824951364,73.79277689988002,1.947582223159744,88.69300094997811,0
89.45522268940914,59.742924257342,47.75351367549396,102.86811922142608,0
79.98552559473153,88.08951605447525,88.02562476594792,111.5071344904025,0
42.52135044692334,4.960590834948276,8.56911336454553,119.2122646500697,0
2.24693083201174,25.706269218920873,45.110976600401635,115.82994871945914,0
26.867735938494608,46.50363342209099,45.0221664517409,96.56379072394652,0
54.16342146608669,22.6978539471521,8.967396962391009,97.06736451912795,0
63.347821982614725,74.39051873021519,6.588850835299705,146.98217116050066,0
25.788768543320227,91.92080310537251,195.73117663471024,118.99778136498584,0
13.935607407282413,42.37701199309234,25.020599192145877,81.56352687359572,0
83.4930236799299,34.2132600111895,12.90109766511145,101.99976327531104,0
98.44021807035521,96.15507321375662,9.396334479360585,93.29713722443616,0
52.56901823026858,44.485243282754084,55.07106855991765,97.2933153215378,0
17.16792858483035,48.90484004492832,47.00936179221285,75.41009684583824,0
27.230732651936897,35.164987234190534,51.578362867774416,91.76153531228094,0
1.8390676547466733,90.95484730121383,4.606094902154021,136.23111546387827,0
91.4298806560499,56.89554832818507,111.99675371264813,111.58152601751006,0
11.775108289014113,76.21745871816447,24.654720810544678,50.1767718369708,0
57.651647551425356,81.18067183508863,18.79794204415017,124.33446984995894,0
27.4055220687206,34.18490419172582,31.02843898178061,121.79259045818323,0
55.417800251579344,43.369433132038004,24.720231609222253,92.81429391387167,0
65.14203883518643,84.84717744062647,99.59974745486613,114.3452708756643,0
82.97418037072016,36.32553516758102,132.43789404820592,82.812015783656,0
20.64212717606032,79.39351334518513,18.081015926358592,90.59488567467285,0
1.0995828658480478,94.09923225744372,99.73142503169996,129.9709272133971,0
13.688563006880727,62.3210373068007,76.0537563018105,94.56539920260583,0
90.00186418481051,74.16272874518889,133.54326472697008,62.60536676090018,0
87.38900775625153,80.50973120411349,14.101590742272785,98.73393554437327,0
59.74131021703083,84.50396488966425,43.01432663903003,98.42823214171287,0
60.051686043365336,39.505333785679596,16.047783117901748,123.9673713874692,0
66.50366745462554,5.126345917599817,86.89041529332877,100.2867284435152,0
17.53712786234496,40.187627123673956,0.2669207291858203,91.56835377119414,0
91.44119459249598,67.37562297840898,41.599680838874775,120.90112290462412,1
41.87705248920731,45.03503857807928,20.715462469581592,102.41580465002221,0
38.31385282494975,74.89631508603985,19.480845867783863,84.99954636868566,0
51.89177052828376,35.69824294686639,51.76868239395655,123.09995121083236,0
4.696596677505505,63.474414110402954,95.35328038988455,103.87323529033598,0
16.628336875607943,18.641980485397458,46.977378306655524,100.05851933358875,0
73.80336164263704,74.93694366449569,95.92500552881779,103.55816782823308,0
8.279866792512646,54.56959688130259,15.366839142320284,78.58663257166806,0
60.31521094663882,20.40643885466006,36.64659553260207,89.44692447643325,0
24.534910968132095,29.191117349780725,29.940650123343854,100.07165203665566,0
38.929561404197656,74.86087085818323,0.5856616174704852,96.1067260995064,0
28.869373677069987,48.26012356615207,40.68807713538374,125.4485676563319,0
35.567271646494916,21.60314403930722,54.16515239207629,104.34811705454007,0
71.90459051842456,96.72711903702977,44.81391667454769,117.09807845272805,0
29.7121715623175,71.51250198168879,66.64334804669585,100.18790709151699,0
56.64046402968972,95.71348325397962,42.35450575124729,121.12576967492245,0
47.60504021990997,42.71050453603432,3.4541217133122784,107.95055513146308,0
66.36711653626482,47.51003406917205,6.190116495477727,100.26840970776921,0
93.6829739324758,89.79552161850192,45.37578942045769,99.73433822081961,0
73.25720972102503,52.504934024538464,16.077746190665334,80.91122747418073,0
21.494037859075675,70.72789119056672,4.149797700171963,110.13831440272621,0
3.1183135061284672,25.217287749552998,28.071110979301032,99.19590530927242,0
26.22640442998251,44.67264687026405,40.40799513844161,89.9601607963759,0
59.507793070025485,12.34498658103551,19.930382839449898,122.12923541624143,0
5.1425813484250344,20.59800358769617,63.725790658793734,74.99567948210398,0
49.636624720123635,0.0943415267631087,51.609019818711786,91.55008209135133,0
59.68428489168892,3.926505164866023,20.234647396904112,120.55437497559066,0
33.424389081696084,97.72838231769293,70.2988456786135,106.31045881840507,0
77.09122037458219,24.23536951367623,52.305030401688356,99.04282144694486,0
10.65982531337718,66.33107095040019,50.72900683197585,105.02007086300293,0
7.513778173580876,83.90996987996115,40.30769837224188,103.58828342097682,0
72.81887562036033,55.066045923656425,0.57275135552167,69.66674907428157,0
49.549131620619846,15.31445000839562,59.61986687749041,93.01476229304077,0
68.84023964277361,72.81164373361663,23.58359428934184,132.330433090275,0
43.48273386037462,60.025141009958304,142.8940078246994,86.81351730445665,0
24.640203323910683,73.12505893473751,85.18324600029811,93.63397971791332,0
81.91023176741997,76.97466228570872,44.29953128294072,89.16758473381626,0
79.94158789689793,97.54103676847451,14.529781090499863,98.25969553363726,0
69.46964708544267,57.356328002671,11.390056128824419,88.33754337351404,0
27.21451372299627,34.164111269060186,20.804935070672723,109.7348300431612,0
59.023066686908706,64.8464556900237,32.36740221289937,103.94626824580533,0
36.09738969400268,6.844070924262613,17.553499059324253,115.47095230214036,0
9.158207332663416,89.73973183215863,36.173051414255895,78.9811766762208,0
91.73135754622427,11.938101133819679,9.038363796516247,93.19319034234194,0
13.68186309189614,32.784283788581824,190.18716659041868,95.4855473677573,0
95.02373538208025,81.57453806261209,5.710228517156314,109.1129382017719,0
44.600577295795574,59.731237833071184,134.37132176807503,84.1355760558593,0
18.513292883861965,39.363552027744205,122.42565689485836,118.31307608516688,0
54.190094737835814,47.34356593750214,37.25998360792306,123.72831181035218,0
87.29458358764083,85.45473932021804,64.53289751511346,80.22255304728833,0
73.22248864095612,34.00043860598922,28.639333292705427,90.18254210212868,0
80.65611478614497,86.96496848121713,49.7172865264127,89.36136983415815,0
65.87833667107174,8.813443097669149,20.819422869162636,152.64772409354998,0
69.22765645178525,77.67984372086308,17.91660293730053,91.40199789584227,0
84.91956515653193,84.75476330547363,43.164731511935415,133.5525088431227,0
24.966800885918595,18.181765283733874,34.47067538835162,74.6673600978678,0
48.942496364314046,43.03465323722004,43.31986467796447,80.20698067671273,0
22.120944181960223,16.54997746636556,16.88989643823475,86.26790936303598,0
98.7668007996647,70.66041289942177,22.86091213269419,83.08621377106955,0
94.40593396866133,53.534776806165674,4.381376190941362,94.64202531683003,0
3.94268113685059,63.5323346708321,2.6846175581758294,85.82443594557003,0
70.55751725156884,19.648696695621116,14.61511176082491,83.61316814530852,0
92.52483174156659,21.17458620524195,3.857383331328565,123.16943992946655,1
18.057534512733355,4.149732550990636,5.478172817869574,124.4758724502633,0
56.79452305526295,32.20675351957297,83.81319382716748,118.98592996750631,0
91.54882975880419,55.97446613336749,1.9824724972561596,110.47997911168656,0
3.394597858579884,85.79349139973289,53.78525280232734,101.85486131559105,0
69.742026724684,66.69274474586807,15.911033145110862,90.05938618668182,0
29.734900737255078,43.53963233997514,102.60909648705594,80.93684990489817,0
92.43961953765304,95.31201143941378,33.17866985138537,107.25991406865374,0
97.10582451653677,71.92452005758318,18.233660773651774,76.52739214906404,0
94.42664891134339,93.016520286255,36.453117464197774,80.12158141649213,0
47.42142166574638,52.75879732721657,24.05994467420732,123.0582651240962,0
86.20426509893134,25.89042747931396,41.5401894723186,138.01298083444175,1
84.45493985350704,5.282668636472199,6.081997041456109,107.86590276332961,0
31.910047324325564,72.60848514838504,290.29911307672404,122.12914304589289,0
82.89154741506773,12.130299800553413,27.717622480168075,95.08303365112033,0
3.700763471549262,30.277512827196716,21.403226075968497,73.24651627824632,0
59.6269878482053,53.24709078838974,61.929911641045365,112.24343237237169,0
23.000883728770305,56.441658777974766,22.61992811305391,111.38578646540128,0
12.056688577727881,60.0583196987136,89.57026810519648,101.43337107760489,0
7.695320162920916,16.625533034970065,30.281612918229893,95.15249083789777,0
69.62887758781397,37.97374048216488,63.56949113206933,119.24421157162196,0
33.98749637680661,61.71942271169667,5.683817407481958,80.28533933145052,0
72.47667715287615,96.98188646337847,93.57884541923379,84.52438842218685,0
6.535634079894237,72.76311376996887,66.53692570442088,79.83786986479144,0
31.529033783061035,92.26037570939579,11.894891775201499,101.69945925271655,0
53.949129237533725,76.2212058314177,7.84941901651654,78.24213975781484,0
79.07231648389636,59.171696889240046,19.011243157151668,86.31515638969513,0
31.875250293206992,19.202336913634454,186.63234333926124,85.88488875545605,0
62.58913764370091,66.66856518925131,14.84162885008036,94.78783335332083,0
88.5977748236187,62.337956595990704,30.45199497232266,70.25251107192047,0
61.58631881823046,60.24691704572665,1.5240029478542436,101.74409984074533,0
23.295947475363377,48.978586798824075,25.310774137939916,124.94607301329356,0
2.440078155653802,52.86566039892756,42.3522297569397,102.70982744633524,0
87.00988739009298,33.44425271181041,153.01312641144924,130.82642289602643,1
2.126941085038714,51.931269264230316,36.35961418969821,126.6799637175385,0
87.47016726841994,19.755590567847825,85.49256929478274,115.55470094495709,0
52.8937134027212,80.51743973603767,39.60724824397387,101.49371685273772,0
93.90676985128962,18.577695469870783,2.0820025683098575,100.45000776490879,0
79.87832357736654,8.496628988946641,18.91742606809478,115.2759954472652,0
99.79341105333374,43.62460263571574,42.84799531268909,92.16658780991935,0
35.071181545171015,65.83074395060619,150.38413575521915,62.349584970650724,0
76.71882889311269,43.771682493354135,97.99601767474599,109.8400810820592,0
40.193091360924214,27.67541319513086,12.961573760632895,77.37862740130058,0
47.98756203039088,55.817118389044076,12.430108846485659,80.75717543619231,0
62.75054632183701,34.700233541219994,11.23054180713352,100.00447895991576,0
87.36771141863387,93.28676901266331,127.87315507331087,98.0975024489306,0
98.40834691992951,92.2645139603572,95.75270999218482,71.75848787368739,0
76.82734138645182,50.23718199720955,74.55684660292303,103.3098312826628,0
41.77667821673337,32.78839940182585,24.93950989889356,119.32279321722098,0
42.13570022770702,73.71324139566391,35.097359798160014,77.43316859468435,0
73.75823015888915,3.671294348306664,31.2120118191129,125.44966661697518,0
23.877714576830233,47.47690060436513,14.611158887992609,68.79658349740112,0
11.047411313139467,33.63233942703335,35.162708845251004,142.34648288741909,0
35.462215764077655,92.05358851025547,1.5485621777822842,91.77479139033034,0
28.723899165408174,1.2003027272682543,7.067256223445209,102.91233993653782,0
29.630812045599008,55.28148757183491,108.83710736774196,62.1593285502866,0
23.360775104990992,74.0663581066626,69.6518051904427,98.75727867061383,0
4.209318963636188,48.50179875240413,27.484248895985896,104.56964355436384,0
1.787393473341381,8.540303016272166,36.40249914363221,98.2767579180101,0
98.77223897360315,97.24613900279022,23.1016845640313,88.73837845895252,0
42.77731337358623,51.801043137609796,67.50388222645876,81.0687096294437,0
38.432664715968166,61.41862443190114,76.66719087530738,122.61053239074622,0
67.96472826930699,23.660978270750732,72.04495983127384,100.616142699959,0
21.825388786506416,48.34980851068038,64.11685194408304,130.81504753033545,0
94.99611839502253,42.914949195832186,11.439494263208337,89.47035290410155,0
78.6345014415552,7.489584200198374,20.622218774700368,91.30410613255566,0
8.94110023122595,10.616035354746723,31.729334142303635,116.31188489192326,0
41.75807757849284,83.74725196187745,20.083091843171253,67.54050075992872,0
87.91183075621647,23.981995220659023,70.31265086169577,75.73073279694154,0
94.47320222914102,19.495827149863054,19.975657131214643,121.94969942706328,1
46.74015112498697,50.49114512501392,7.438464339050152,76.5613214155361,0
61.34113892107077,76.87471313625129,25.46138273064401,63.61897969394904,0
16.70339460920752,6.194651857898792,195.38768853561587,137.37054376146182,0
99.11686261369765,57.680791963825584,12.801510193212476,72.1236470425159,0
23.16717013834434,11.921044284057336,47.35794688947284,103.6823879665634,0
94.27317741351257,3.6461050825618457,28.36742226185258,101.38170385448542,0
64.96466489923685,5.274395216221739,3.683649289049014,43.787433667638325,0
60.773679487885914,83.41641082084413,33.459483953468315,94.65365953664383,0
51.26885110165086,11.797248362806156,60.56066914959851,108.9682649895822,0
23.06698117177587,4.515136441229195,35.99714768449041,107.08618763037721,0
17.652803200550828,43.789988714291226,102.8276990790253,118.07041367607003,0
22.048620907017536,84.39934719420248,17.04971344678457,92.25017370189131,0
18.643826214425452,26.240837648930192,4.50986805004373,114.25008884184321,0
77.95844735667534,42.17126175259164,137.8874580857829,86.21341863839857,0
35.01252591667301,3.9922532563751223,23.756545528065125,71.7906516717445,0
5.784267656339637,44.907851413487585,42.94893853776916,74.04543248637535,0
96.91026301408114,57.761308063713365,78.51161144329294,70.7577908960917,0
88.37858849634257,57.090705375214476,19.60131552181729,120.19171935782387,1
92.77522831952129,33.242669217436514,62.968028424749,69.70852981882886,0
99.49078226464353,31.55331806631355,7.275505438246313,105.48077681298606,0
17.38952492194873,10.662361893659789,17.21570751487098,94.68151611855134,0
39.62420189026587,36.67983206462684,7.815771501756117,97.94702853098737,0
75.82384757040913,9.949466887296465,83.3614447155109,127.27214590399399,0
69.60206180537922,76.65959447120517,12.593179788296116,91.23145265569454,0
15.389590633985506,96.62742977481858,63.186769493127585,112.23203123099367,0
81.58331249906178,97.00744566667069,143.49764006877507,100.75126702762223,0
22.444057183666068,86.50710993753938,37.51469009547002,96.95962188734605,0
22.38176148226231,60.07921493396191,38.8296126474518,145.99938248772946,0
53.69744228934136,70.086569724388,30.905099424356475,71.1731650856926,0
59.293993484170315,28.520580268041407,19.71810946770099,125.7826367087489,0
58.00862078378112,63.077042017262066,32.28027366704496,113.12813130979944,0
9.148683739775487,45.56495494398774,46.16671552008506,90.40950010736432,0
87.74608626303804,48.20173397769325,213.40480713394047,132.58637034883225,1
26.560004258870606,75.7776560375158,138.8415327811352,63.03779775222927,0
12.951492128280417,28.191835559725163,99.08053009878127,89.56466685401857,0
88.87480798689772,31.803961169451988,109.97008835191717,75.83035591461848,0
95.56514982297534,92.46417911286366,31.541416988182704,108.2416692974292,0
86.21276172654507,5.622429485097225,53.566054305122535,77.73871797625645,0
80.95160747248781,48.56342984133404,112.72152936740325,108.66127893482638,0
65.52419806390218,91.28008004078617,24.9572689585719,96.27127168356893,0
55.08573706091393,61.0363007818157,163.1969001594335,90.41292114687832,0
8.698675991141014,54.64070742121321,26.874401558190225,107.7729449206662,0
40.845321307069874,24.974417922935523,45.95005324969715,94.62756752123872,0
37.2688517012314,34.327548906444825,61.86005900631433,78.22730313881922,0
25.97537837603262,85.20484158046929,150.3821594616055,156.02745979269957,0
72.3420113688585,55.921813176845816,14.026470627906104,90.2566563394171,0
49.58757350787708,51.47421937567799,68.54684036600084,55.64781839695971,0
8.104621590764793,9.957971354002893,36.783487902613324,83.15802620557223,0
22.018320194981133,1.6028156455123121,15.636808794348585,74.65446623254539,0
68.32587636595959,96.36851886870491,74.94110048151904,116.52291232081032,0
7.613085949030019,37.698616728684165,40.17291653990686,106.43305319183172,0
85.12069140487687,60.32130620995043,54.08389746806027,107.97425603580689,0
49.51465270139743,7.971507318728499,19.496894233014846,92.59955068325512,0
48.0586577326648,68.31142857230465,32.81896903504953,94.41299505886157,0
59.24077846595176,93.2566708705961,48.0322827562803,92.58137792784663,0
82.46809659251491,57.56652529974197,25.95219963428664,98.3761363172906,0
34.780920790219305,12.611532237541056,11.055564628063197,116.7066687072967,0
67.80161525590636,58.172152747347674,163.03764315645662,106.72150825010692,0
56.5731963995791,76.63472131046524,35.817468074148486,110.00225659241734,0
26.70282701694213,40.64165365740187,66.1979827589487,109.99117816498405,0
87.8629986355158,87.98377479414678,26.470461171183562,117.68884874763475,0
79.74260216069281,64.86829533573645,21.935463418331956,105.7630008308051,0
65.84518346584255,89.92489182892025,26.14189907779208,107.17696145357837,0
85.05817290942419,62.35053112473372,26.313602377246188,123.77612482386313,1
86.72942009598023,13.128797200482422,39.28287692990296,86.69908163993776,0
70.83629767150347,30.96917111051891,39.20502894468797,82.88514840096985,0
83.7013328363672,20.17949482524569,34.3735476315835,76.28156801626288,0
69.74714616692836,90.88264977168623,7.238907760777274,103.65829127240512,0
68.01407717603004,76.04000672874827,34.266439052769094,62.92535517561753,0
61.86113782151843,67.6398368910006,9.262526126704985,109.24308192119355,0
75.27166395576413,30.096631963162167,6.741513864548951,97.81613810998894,0
15.86051052930737,18.40447720502135,134.88943950214943,122.69279399642113,0
88.08707591989284,75.64510879889119,46.43714865472548,86.56165379070019,0
87.1843527745232,47.41579458790797,53.865547797341016,95.93363429164987,0
2.9247283034559146,22.578955215062912,25.690977582715607,122.44406666586738,0
82.58167505647627,61.66219781652751,119.83429077751234,127.66271293556305,0
12.886986747344519,4.0333852138451975,50.795953392684055,86.3969526849636,0
33.51188542591419,32.61702541282535,73.30366024387256,103.6356246517432,0
74.35082562916078,46.85569945911347,22.987813187187445,105.88837955368096,0
16.07598960483082,14.795833410940585,160.95864447328282,107.47306811242296,0
81.79670241190622,98.46544775908396,85.86822202948004,94.74848681368756,0
83.21341779577419,20.909736458961426,96.18978632550595,125.6276679624727,0
50.746773376083624,13.035313004326554,9.448838730995657,62.20593032756909,0
0.638587171683358,20.35348738868964,15.801553946727786,91.57739530397832,0
28.703813317491278,76.90611331597242,16.81747418563337,108.95861465545894,0
61.69269183757422,42.55056592718428,15.797851621531752,109.14449623898687,0
98.11861780274235,56.541593975253804,96.69202084691791,127.05518061229526,1
63.18135270166684,2.1009156986360744,1.6202092786403208,123.96450786402573,0
25.98035810641598,3.4431308573314556,3.9575713189288972,94.28916749385553,0
63.40057030996113,44.582554982701616,16.004400647300045,125.9974248706121,0
53.99853797158555,81.66552432016235,11.149239111524617,85.71916512445091,0
77.98453951511436,88.52388787075652,13.189138405797765,118.61774765583675,0
10.698063882695841,8.670656759564022,79.9603189900781,136.21044956841985,0
76.1027902502028,53.836310210102276,41.40559071972652,124.29888213709938,0
54.12665786761103,91.32296862792705,0.28936879463638376,102.11540767048247,0
96.29920038589947,38.797275439788635,28.046574653915112,93.36442456455755,0
34.187216603868606,82.95658314283686,26.202714133359922,69.42817407481428,0
63.26218931339481,13.36956543994362,6.048827882447572,106.21079275828409,0
93.20281055100175,93.53944896677987,56.372473905665444,77.69565544058162,0
10.250972799067926,75.14233175313026,60.549399058606454,84.13730672772127,0
93.72284872364511,94.13343927869016,63.80804214851945,76.18508398526657,0
68.78857223008133,67.66172335525064,65.18430654083177,90.7921533468669,0
6.78370591051719,36.3403931999427,0.0026414163844166063,99.44061171026036,0
30.096356694681624,93.81811725247225,153.86968536684924,105.4722916233141,0
70.81720886452815,27.556677630917846,84.1565819577594,87.98986729172073,0
6.73506014687717,33.21725220617326,117.16082225797155,121.38567412790366,0
58.217046017627325,70.08084180017403,0.7883471424997519,95.83589484020068,0
34.588305695295674,76.53162995253862,135.7981682272318,84.24555133468962,0
62.091551776747714,92.94034838491538,82.98094094249576,104.52584534486873,0
4.5742033812512854,20.48024090562095,90.7675209034417,139.2710566708763,0
87.15368061523763,79.7998035219224,4.896486551442274,106.70321133070236,0
97.3488969177397,73.85460533969635,67.11923845927728,92.74288745252785,0
96.88778552856915,6.379455625359787,160.8397615928,69.45077287762592,0
74.96518317429248,38.722314121020695,56.74524989182576,95.6117535805586,0
13.008624013063198,28.27654570600986,42.26382577363799,104.69856250176231,0
75.82631959290225,30.44904243540304,145.59684104208165,92.2483821748886,0
2.458691645880151,98.29468795547008,29.25385790276509,66.69230723518001,0
2.2123551528997254,64.27774134799279,45.72631026716765,82.98869220993132,0
32.36102191495412,71.76761577934995,32.34547007105441,129.09076921775517,0
48.864319040466576,97.66176373150091,135.03850429849282,128.68002007460922,0
77.04074178077931,37.72017824576387,3.9567453589210198,82.26721661590804,0
68.32953766065052,80.1840168452806,34.76945467101451,113.45513574398844,0
44.590270637674834,43.45309633044954,58.070007776445244,76.42854430459653,0
27.362666628166586,86.95336718149798,78.48839828464314,128.08632563989906,0
99.71245001577111,18.06575413113032,43.73568881373367,104.90471695788473,0
42.6181302235973,94.76861770642796,119.79961349966722,118.99282997233067,0
45.13870243296755,21.877170841087967,142.3582405894265,65.69813305634922,0
16.362382119166917,32.622050698093155,3.3240455547980696,113.55274203849777,0
79.48095487499293,75.61922341067805,25.739217421121648,99.84651872630992,0
69.36822257814886,39.37551415654067,1.186928255131191,117.03858141581685,0
22.07696127887604,60.82113767664467,19.980364238353925,118.297355961957,0
8.238104561584269,44.45735010694285,38.48718194904649,101.31569378949499,0
68.0499302074713,74.23699370897819,120.84087040814957,87.98340721808171,0
65.45112142811352,22.833125236861086,93.72043334361457,115.59392364358989,0
27.32595269982093,5.8457987236877,6.819615581783675,98.79691001189745,0
95.08635622504103,29.992939747306625,4.88231593340077,82.54430092944715,0
15.105789178090024,47.43086648684303,44.49063676941362,81.59695537084629,0
43.23348010426019,16.80200521926786,37.97695463724236,70.45671167375237,0
94.36159201675989,35.47972896563887,15.488044031406433,89.79417680873874,0
41.97273169261223,39.998301829356855,114.8565420024942,122.05384092148756,0
63.85259476640856,5.739184368827354,131.11638922808288,103.55659599410869,0
39.75943979627943,58.33072481842046,25.75937601267363,89.40464588153918,0
27.421520234867003,88.43434279712875,110.50146110160367,116.0971187636016,0
98.39776479598282,15.174291295305242,24.22126775155586,83.35046756553223,0
40.9334006315043,59.7808013401514,66.74525161483274,101.90700548665558,0
89.40992036791344,66.47392049108463,32.30766644425504,96.4073925454897,0
22.995460589108617,41.93346804192883,6.538654669148859,115.58261251176704,0
21.31047040250833,70.109758736427,131.50878527922805,68.45543258160998,0
3.113408288451136,41.0731543491012,30.26566149178444,82.99604508370689,0
65.1666825375885,50.46372879774349,66.30458135732158,67.23508681810932,0
36.852634372376116,0.735304455442698,22.877974145165915,94.8080655638146,0
86.4358249839637,69.17201141346888,0.9530699111048097,124.2285500726486,1
47.32099066915572,66.13426789447244,5.297498839564118,89.89105580692946,0
96.81934279147217,3.8400877326344562,34.2807290468021,89.78632123608699,0
18.552551570312115,36.82501073951331,58.55340055502805,117.43448848368273,0
86.86231679556109,97.90318407916673,20.378515618268974,121.37099116910599,1
77.65968527917417,42.07365625686168,59.4523145827995,98.2285786546242,0
77.0921844644052,50.19454051318417,59.97175400798886,113.69429708099784,0
84.47832281168877,90.99301581597186,60.85896593996465,78.46090918244107,0
76.10239909429988,71.72618758657563,33.91508155513851,127.55948667850828,0
62.62203216314154,58.20701311242236,123.1882754183212,142.97412587874103,0
13.124487768238758,79.78046813410725,33.588516902550566,110.42431582377449,0
3.2526179491251916,86.43662664559733,29.915964351541962,58.31336757314399,0
92.08478478156869,45.68880717372669,11.118493722132165,88.83539475204431,0
61.665031452073805,47.51083649318354,18.3835509431483,112.25650643338642,0
79.65372909761763,38.60509356518358,2.162835954902101,91.57034005667275,0
48.152235151255006,96.67061400184606,50.19265306908135,125.44397108500195,0
11.730818896239448,69.71662542903503,14.286581718142816,111.76314528871731,0
12.518579220255043,8.322306620807229,18.131435516013774,85.87048998468407,0
68.55652872289714,86.29596233130185,73.66118270977675,100.64529621542506,0
43.030589489946266,48.05599408362681,19.816932794925705,82.1233355872182,0
20.052472670033673,6.875390642248746,13.86651797371376,96.34830243175116,0
49.15945467414369,54.971725516331105,9.259749004192123,88.90813519134896,0
6.420893707513409,41.716427897570206,74.55128755415214,123.49523600466077,0
58.19714019143988,87.7749404862625,6.946224491249249,142.3202411366199,0
26.899340443509768,20.399460360938736,30.234270817476894,71.37623333528495,0
79.75591006371882,82.6464609492183,35.355218130322505,61.53567427580496,0
31.036195892357377,55.768869118545275,58.13992962178942,95.09655156297228,0
45.52201490818012,5.461030321346905,50.15830804157443,69.63168602342634,0
1.1620539908100636,97.18453013254846,83.22657170238827,100.92423207341834,0
7.244688779455888,51.26152441031999,2.289184687836961,114.97872227611853,0
39.24935564066848,29.08768542315825,17.580157418929144,129.8828379453365,0
47.99388347171235,46.94068419892581,16.43451802002478,104.02789117430562,0
60.00205481193037,85.7857783517489,7.892194058240426,96.13689550300842,0
29.166257870930323,30.49031243850635,17.066679463520842,60.432301668538315,0
69.49818861265426,19.26763964867003,18.53618073947295,100.52370298371596,0
86.01223971892045,12.907124693088146,36.89514321246983,101.42574521098923,0
77.98509888933498,29.785939839021125,54.488248928548856,112.7791362842549,0
3.9618825348357145,78.00480870400435,23.990620005784123,85.83023796941818,0
48.0506947257829,47.16263651952617,63.55377162127295,91.2989479952828,0
10.493017841817487,22.748160369353997,20.48610821986137,70.43995489391631,0
24.204501586252746,16.61849996097492,17.14449671500494,54.174143862318694,0
98.66625932671465,33.27294765103791,38.95574303121259,77.83005818406434,0
14.249554290151323,93.99243728857088,1.200106017422659,68.59348371493967,0
49.888815345135605,34.30267125900244,4.157621088156722,106.73424590841222,0
61.81557343181191,98.81240759546354,27.061625100627793,89.63731886666285,0
70.2464970544104,48.523045576535615,143.158690171042,89.23525739850422,0
55.96486834869141,17.916391829015087,63.918975898614136,80.31173907649575,0
0.9770847419183659,89.11400917935094,4.612704044303475,35.348691349751334,0
32.64613082439919,46.03553731348269,93.64349148578786,130.166214974951,0
51.771164338471145,70.96713435045244,65.89456035429883,79.99458954446423,0
8.786649914483336,98.37115832091517,47.201923937563315,91.75159860300187,0
35.06269312091808,5.0175350319974,85.82136564723575,70.90215669421379,0
3.3203108791366565,9.669455978756714,25.884946859860015,119.43860686881268,0
7.857849715502074,72.04567414627562,12.519381877668941,102.86857874074649,0
39.69232762015961,28.1825003295472,35.874390138957665,83.47269429468263,0
13.271575404306034,18.430139695009906,39.796856325297355,92.15540777311952,0
56.75408482615582,3.9361879819729495,38.64485352317996,133.5635984424974,0
68.94649691372658,2.1846711986201806,41.62894489348227,98.54061136237443,0
80.05866991090829,77.4485603119791,148.50802017551126,96.36532924768188,0
20.01502442448101,13.443342736955,116.26486523049789,81.1723702772147,0
16.748258225906977,46.77206159711509,104.25971749333051,62.10837699055394,0
10.456784033440025,60.5896815179483,80.82735890132375,96.79922652841312,0
63.64302495436367,42.835180056884624,143.6121505955029,106.50970224649235,0
70.64757264869012,2.7106652336233106,5.184464628659138,121.9916892865534,0
3.1586144825642037,78.35015025879089,15.402624824011315,55.030069310006894,0
93.62122462436898,1.0513224541653488,34.16538196590725,77.49807345953943,0
5.1971283651472415,76.1889894377484,93.71397240539127,88.385178188871,0
54.12963353010704,89.33044937881228,35.17661716073397,99.93038302853596,0
70.90605194509165,43.28399210571723,68.92320277518184,97.09932616943155,0
87.09691237460856,53.554247309779825,7.4807103991748125,97.5662262862546,0
71.40869321324278,47.698339261765376,14.545283999903303,108.16192117139889,0
80.17280830697918,38.920861862343884,65.79665905008122,81.93413778441781,0
33.94501925428061,88.74245353703603,9.000252631400008,118.68282884467389,0
81.48251137465122,89.39335106699905,21.6435574123794,108.66904883398962,0
8.011484638467515,33.581636464153455,15.385141708199985,93.6033547174384,0
89.48166560605276,61.5069754014698,21.52850803036219,132.0181598377783,1
54.75923761537362,92.69075621458641,61.6055925033289,131.12832071143532,0
81.72977699624937,96.20584989413516,22.931205603771502,118.65790710387617,0
45.23182845183001,50.895904042204755,40.513645407923775,39.62886458864415,0
64.35776951965249,45.28248052843268,5.2642413180283185,131.57890185435951,0
52.640266093611324,27.869431592852578,81.74232295357851,115.89517044943868,0
73.15895217553319,95.887187319041,23.092934526780684,140.12817275425874,0
8.162998203058958,14.281430447286736,52.28213766014843,124.74929183467077,0
6.03520839905638,57.9829576047725,64.62009595734153,131.5668535499457,0
24.710323401014644,28.255026751863888,11.764660654478936,117.57309700360759,0
15.954468011318834,27.90082903477966,108.00004595332753,126.97386397291024,0
87.17835665922017,40.496858737618844,47.88484427709599,139.8824748146888,1
21.92139873580443,99.87929358156545,27.994241109349215,104.33109476756411,0
97.58652558191314,5.4966306839822066,10.065139311474109,68.5553891184374,0
33.68957917711069,57.85418182035315,142.62571801935692,93.85078199969716,0
18.211791568869927,8.257215803527718,70.3387745702101,107.79891198766873,0
78.96985071424791,15.452082999051896,11.661245060036162,101.49775168743116,0
65.87077755008761,43.95629417728987,20.602646113475352,75.06876067681148,0
49.8195716453139,51.04601313464413,82.95091218328506,67.37864749610043,0
55.53635509376312,25.8792408364524,59.4833910472898,85.17674662730342,0
71.92017782722638,31.645713087441617,72.57563811219575,116.15479111968303,0
22.845474133129873,8.696702025593305,29.098281203268183,131.6067954164594,0
99.63339160567419,30.32197838442505,63.02297148311013,118.33135227555402,0
97.4793162146783,96.6558439380544,24.4282391601426,121.14854574228272,1
65.03256863469369,94.47073816724817,11.866112086381,98.38368853672884,0
19.954245092914512,33.4878290136985,50.075690192833896,65.15835084588072,0
68.02282424312914,57.08539362787616,186.5140925158879,90.89558838234589,0
7.219840897917584,90.95953911109443,18.596751697246958,94.82471176255243,0
3.0652502205806065,0.6183822640896675,30.899164723716172,90.05895026328636,0
25.76828885112137,81.06835703375918,56.04310516800104,101.09389730749253,0
46.26229567393163,94.83695527889189,38.99043444230982,108.82839519785901,0
86.82725054083805,9.132573433355706,92.7119003064378,117.06030376486996,0
72.7169069766308,16.144768603292103,71.72020619933815,94.43760271267332,0
74.2706521199981,96.07463027713554,3.0032778612962177,61.924811887108135,0
42.54933344480754,53.75401436403463,322.5555850734386,90.34244561417731,0
34.59349925469629,1.4196634471723701,69.79753241174019,100.87420793983968,0
37.10387629846027,25.763199876352914,99.71948681102543,124.45615844266817,0
98.76495637360578,44.99436742688596,52.66250138045765,88.6438431563179,0
4.010919141248248,69.29089110247676,96.99619990943033,110.25087256798804,0
86.70314961224486,73.31603781367996,5.960745354498701,105.80175799270864,0
57.86754085723934,99.54215129254561,21.36543525863272,100.87801066246777,0
43.86154191895905,28.7511199383759,104.54370974772704,118.61066638649183,0
72.52576604151365,53.82201018684752,11.260735438220577,86.78317606494838,0
48.666894142470284,53.332354785960504,4.073633485522652,88.49627100712968,0
87.34232380816606,40.56452594472375,77.58650996139937,99.76198353811544,0
90.07018640112585,16.91618938424202,90.238027604743,87.197069898126,0
42.17209268734554,97.74565631838425,8.875789243228647,110.16024582109199,0
27.682779723505156,85.3317186666586,96.32606073253,85.73615391267734,0
59.23503285933622,49.83330282942372,58.04052481938318,104.52608415490269,0
91.2363345616691,60.32454226840298,36.707072330965325,97.99654462426487,0
21.066218900566657,22.72610535596623,88.67148241111194,104.29851929553412,0
62.296658356348274,54.37870703917469,27.171680736314112,90.80517209873922,0
63.156022009252055,69.49701331214759,10.78320190107424,93.21823410946345,0
73.3113022415281,51.51670283865888,16.763335540719623,101.920185359941,0
13.15676851272598,99.02851705849413,35.17644607047606,104.04149012322625,0
71.58249646820886,61.13416562477262,37.89290371277936,99.91596169217688,0
90.9032520665641,37.09737125921691,81.88693812009186,134.10724713026167,1
17.968310887024195,77.21520276158381,78.35550628596863,80.18526162517432,0
23.754332492387764,17.046251158164203,43.537979007567046,98.71592410094573,0
97.13950940416396,38.451581370626656,75.88522502893139,68.52741955766031,0
18.097695270948975,34.69589503775858,10.645644317969797,107.44162957334773,0
85.4385093369579,43.180709510777724,2.568060997526933,77.69506927246371,0
49.227785644803475,78.17798259287262,103.42857086058441,94.43379488246848,0
24.723107440317705,48.41730321634075,3.928058696491731,92.55871349337349,0
87.07499012725114,79.40144502659628,14.163818242095797,105.61782253202342,0
44.53052550026655,57.64889031398659,59.4244893005998,88.9441816490964,0
51.48173539296902,34.206943465755536,26.33487403194855,88.09388604612036,0
35.92333693997657,80.99787436834724,104.50044698985825,128.71712928171797,0
59.29508514349274,23.828967055309157,17.689654641907772,105.69133580949052,0
16.352387258502276,22.43829797997955,0.5971186894962667,88.77898295955464,0
39.10815366517607,50.45029240548358,17.88060061113005,94.98332656377538,0
96.94123223352875,26.084924596208893,43.14639112160237,132.9070990454149,1
25.813343270112753,0.9087034951216322,23.575307906119,95.29670243497806,0
65.67366645412922,64.82975272988016,38.2722133649392,86.21446753695224,0
32.51900642246949,51.1093821472398,104.61544615891249,86.30007699747215,0
77.34731256866006,44.55178144931612,121.79728457044708,89.01747038020845,0
13.087366071834982,96.69685146183153,15.460545836657941,88.11004555146555,0
96.98210450785447,57.11991839629137,31.00789278228816,74.40704303301514,0
45.37895413836392,86.34315777893845,39.830365736736525,77.51599806106043,0
23.605046334646396,13.945023620516018,148.90685589780463,83.4135925127726,0
7.349674733001265,56.92064631294277,329.18655148917026,111.83142036906196,0
16.975790508754073,86.7979626730903,13.420596916588174,92.37525425454253,0
51.977394855601766,58.3105757279898,64.91048775905945,95.85676621811919,0
33.70031764312863,71.80141781270015,23.743256338581464,125.40176050509794,0
82.88833658826094,37.20435678122074,0.4070623543757781,125.90014299876836,0
43.08875236618059,9.244951703706661,0.4647796450554546,94.3575011372453,0
24.871427258762992,45.79002951270714,30.861742564112276,87.38272978633182,0
61.714498660403,39.44793908388575,33.50424974693018,82.71139372652925,0
70.67772168854458,86.70601823789474,1.1414145253519346,113.85551539416475,0
16.704190790094987,24.399530235247223,58.066011001788596,95.90585532955424,0
16.761921628831765,96.6734227535108,17.407242060498948,92.27010219354419,0
3.667142693354297,95.81381198044961,41.0368815261499,83.72670849724895,0
73.64020150656405,24.76316430714387,17.899438414649225,84.60667181977223,0
66.38045276218051,34.80519554773205,9.144144607817136,106.40116382986488,0
47.46308757498139,89.55557408738851,26.142695268615913,73.69123468225476,0
84.41704489691972,96.66222208961075,13.216077646755226,119.89737387575877,0
80.56701529500532,44.3439102836044,38.264497916902215,89.32310712370163,0
58.535436439675216,32.099704564089784,11.08401426342196,97.00728111496414,0
86.82712805132586,52.6094013251542,35.50510294500086,73.26044083718891,0
20.584121003676824,68.77692063657348,8.561871557476012,99.7526812351527,0
11.191961939772789,27.34745153749798,55.58103301536516,93.4335811461888,0
26.974961151698963,73.64731746190728,70.10852299249541,98.99838802287067,0
5.708685608931486,5.165735711464103,5.848843711151255,129.43417796723782,0
53.1169528001032,4.929449276441645,31.537022632487833,103.5539609158048,0
93.66056922949615,38.628770514554525,3.6754222459517787,84.10681631708393,0
3.9343540668509647,35.34731920607206,45.58785690068042,85.77360178906864,0
12.21099140100268,31.56332153671523,15.353731451138605,111.90262371827538,0
45.21990282834353,49.101976266891,37.49904837306216,125.97386581986848,0
93.38750175279048,32.07335823115712,36.434677595088885,105.638360415021,0
31.61561049767505,19.225791846809194,129.08476458686152,113.7742548910954,0
50.723480868839246,30.946954908860093,39.82362427421189,112.1947544667341,0
4.15728590503921,97.4904272810235,43.73327057152732,128.3812882671504,0
14.834320096208886,41.11134169948486,25.679231797474177,61.00819654547934,0
98.66301229588468,44.47127768583358,148.87458561849866,113.34437878609057,0
96.51186964360456,57.654498995114004,75.07087649195223,119.67472087807127,0
0.49399809344096157,98.33407684142266,16.801986829340805,73.22552587728853,0
95.18117854232389,24.160127643576303,92.96218368007683,82.28663631987168,0
63.91199378155004,68.12821105324338,28.31659605380123,82.98434502743693,0
86.79182945200222,71.59846935417241,88.20735427344792,85.42419607245233,0
45.47398556338591,60.73244167930659,86.54866818776449,90.36565898128949,0
51.55960285792502,8.857833963664408,10.466358601601653,104.85205626109882,0
48.88465802569202,67.68722758275764,60.38919141700845,117.31349302334739,0
66.68642575461044,6.409471103617548,17.16981549071112,121.62633915537073,0
13.96512547563129,59.61426495498969,17.654972182726702,83.24353877664436,0
2.9973589872677953,73.95811772217426,17.573573624040385,83.10594002594034,0
30.79299415911909,21.096989061995043,64.65263369677862,126.31643680032445,0
70.46807627366466,84.1622007542774,13.056943495023903,112.93487870837289,0
20.185345212294838,3.0353805533004263,0.0453122881381229,101.65729683737992,0
67.34324333249174,84.3812863658306,62.80487545453369,109.46673351109933,0
96.99120461072704,46.032905064276505,9.38790000557479,99.40392436297118,0
9.39007157894184,21.75879399316445,5.517669930510643,110.4916936609523,0
67.26021182251263,13.3778144993968,13.55869562433812,93.27866606988519,0
44.375021930457116,95.33071675823726,23.893768297338784,105.37609868878462,0
86.81422543775054,7.266558758115671,32.304242313670954,69.78907899261007,0
17.71497894473859,19.909341993592566,2.279691033528055,86.24431410349138,0
69.26259522261645,34.7822347433046,176.29269811353944,86.45977646419313,0
83.81152896481102,62.023484896112045,62.95015422768836,92.51219933586172,0
94.46142194740233,54.480108527609836,19.518535099987545,81.46973490440504,0
68.32480282896458,12.564349241231398,19.187425775149798,89.32912748353837,0
49.71747640084273,28.972798373821462,29.759529766915833,69.71171875203758,0
61.78472402012139,23.875177108602408,49.20771511170693,110.974009527898,0
86.89049844787182,21.354285449034137,7.913051338077268,98.34972962177211,0
57.060974663882966,41.1144336479987,10.470034289072014,65.89584784447966,0
3.038705969683686,70.40314525916568,98.10411479797094,83.30340178906654,0
93.09486955069778,21.745293221723593,14.802847124963387,106.73202855124333,0
68.95267510315611,36.66788797029814,23.917518163786635,89.13956107228421,0
67.65133857772466,39.09174268411623,102.50262349795578,86.06117079723806,0
21.567515239771716,97.64565294354102,54.40555538889898,98.50814645983847,0
65.88854702326572,95.46663568790689,20.905628507723815,106.87195070356432,0
39.386440565415846,80.01375827520759,57.55313562273741,71.27295085921679,0
65.12329770414921,24.165892081918518,0.9939754970308233,111.00256962435759,0
10.659303030799073,6.803731409166969,66.52267652550582,83.99413436785247,0
65.7845304603036,31.690413772062477,33.37553511815343,99.64144063500403,0
99.94137257706666,26.679454943383085,83.88105932358557,99.29159718616981,0
4.821203886055603,50.59258001463939,154.65364286882476,89.45867763520452,0
97.71741842213173,77.7727910067793,130.04184106173088,79.52680507738572,0
40.690796072287064,85.8322938878858,119.9906293840578,94.28626903815473,0
87.07534503372591,84.48640854105085,35.88941020727605,132.5066061815039,1
78.23854840582734,35.967556122306775,22.32545903140019,72.76649939072738,0
56.70162609866678,68.72343434606829,31.277728090000593,133.8462603820975,0
73.84492092513266,31.283419752422002,58.54237822893922,94.80557657846936,0
87.8515561301348,6.090554323518271,107.70729615779271,100.70742834177278,0
40.4140321651033,70.15652656029422,11.595739255662568,78.26578377230545,0
32.70331615632387,0.9827552569787845,125.16972007416767,84.57461166645038,0
66.75933855635847,40.91825874584886,84.41870778177567,89.94180699923962,0
80.78459419412586,32.937926930207574,192.81999097655395,79.08610058244176,0
76.22851347766158,69.33775385188524,106.11819254992798,95.82164085258256,0
79.78136488586345,76.62454727603789,16.420851433270265,91.85968216386458,0
43.5583314812933,30.409463597128383,5.600009442732811,137.01562284871466,0
81.78342161750216,81.16270144448535,5.952752515732533,76.68051628639077,0
12.020905537060845,29.391676050493377,17.21073894519109,102.05381033497174,0
54.448909796084955,44.63263599865612,47.619699584915445,104.9569256380365,0
0.575866049812157,72.7018527014134,81.56381367632673,78.59358902696326,0
32.45858299002703,69.29202292247886,114.75580625617042,113.73654990905678,0
36.646153487139784,98.73684723122,48.8755228980395,92.03345974236744,0
39.61726916092554,22.51610242159319,0.2823614184183999,50.15220696833865,0
69.54672066898621,66.23179135395823,10.30920745321564,113.1969922420913,0
38.85581012703457,60.96819082757774,5.252817199100946,77.66118231795272,0
44.86936226225306,91.509845449003,22.57475669937599,79.04450107721802,0
23.754413087432745,15.636214164487505,34.792641239194296,113.75804165784797,0
37.325179162934006,75.1798163586933,2.2183499156869297,93.056770351631,0
22.726962726315147,56.826861626876834,21.422203880486972,118.35544301103,0
7.319592376844364,27.46658697879054,9.872552099442409,124.20332190730637,0
60.34485933813779,47.44349141471741,52.07430065390326,87.10143079355404,0
66.82127985550163,33.37765970697978,31.206469939434612,115.86524991910062,0
61.94903460096145,57.931340278846086,34.19130257211009,84.89078397214236,0
46.34940438005724,88.90006108146659,27.903880030544965,144.66231834264352,0
37.978578017922985,56.9304984412202,156.20068555171184,86.14085990937569,0
86.33336495718252,63.17224183265841,12.08670989429117,120.52174881920008,1
51.908178513621806,51.874784711470944,36.35218763073308,116.87580051763152,0
47.9181877629731,5.116550644547591,66.59359836313328,106.32175644217868,0
2.5642065806435688,23.285855687609423,40.69171793557979,86.58913677166633,0
34.12478276261564,49.20017294320827,132.26848051206034,96.97205016117182,0
38.019561878585705,31.023528374470477,23.738215618113557,56.92823774110896,0
39.88227808969005,18.176359776119423,31.150823038894792,104.488400767645,0
58.017236922733225,50.41328419184383,4.634408351118956,106.9923066205677,0
53.360254672687844,32.28097934478503,46.95227227374381,102.66998838122743,0
60.79050927934446,25.810764317341473,16.99875601943317,40.53387657414885,0
76.48832615421283,46.39854174403808,8.736067951166357,74.68727109820378,0
81.29857387160935,13.328425808217315,39.321413238087594,85.03818034302675,0
71.81230762264944,92.77457330754073,37.99750794284666,105.83317866378093,0
95.55236959549347,86.7702097919239,3.9452150282127443,105.7867781128597,0
1.823258267636163,70.76205857405353,59.90209691905461,96.59552416057642,0
19.57779856835461,10.621382758845622,48.87802215661889,112.70491073207913,0
0.756287497814212,77.5877254469693,10.475426775435533,79.475152493942,0
64.7474714154603,80.7957328109019,31.690627135256662,112.20470011387992,0
89.8030548949987,76.77646177143377,63.70598072409044,109.49484209679783,0
24.34822965762993,11.396588711924116,37.691137616225966,107.55109465675821,0
92.70345447963066,64.39079570677647,25.1667769130535,96.35919137828688,0
6.026739028956085,83.43247957493986,19.455365819662735,136.61487649662524,0
93.44360268055144,57.73534012196677,47.13094823188021,109.86391376979758,0
35.16226872396344,64.6407375228089,139.9332471931886,80.63328273492883,0
10.142082844921651,45.83634794263062,55.69820238257884,104.96610951471969,0
48.58717591863256,52.87073198840526,3.8843440210480242,115.04966754148437,0
25.677656772050796,3.4376858351725215,30.872770701173806,88.2378280215138,0
28.487290196192284,63.89630219732846,110.73976123107838,121.78544493862198,0
30.728996492628657,8.14472128911592,4.961325349672593,107.64067411432022,0
80.30258978326634,43.50145943402234,224.93122326710787,53.150433246693055,0
53.91612766752545,29.265509766740784,148.86456162549737,105.99343954675852,0
31.130769915600364,54.54279502117131,4.075390059489796,91.8794169117457,0
61.03337833109184,13.341633552320708,135.46253640949425,110.74359629083472,0
71.61506742231936,69.16434019733182,22.559689652490388,118.88429680503629,0
27.262400073353376,79.50115369284704,93.12277893732812,103.90324094283636,0
41.354910152535155,16.33544497431565,27.09718520622479,133.30504467889392,0
12.188609333694755,10.431308735188216,29.06733246272512,96.42586230873009,0
18.11493495346803,14.551548278735915,50.28931746233817,112.49635646107751,0
68.11178539649828,87.71275618985017,74.46674944021463,116.09885147274694,0
18.143834769562694,52.81892617563562,1.7186599173596964,98.05308062214534,0
52.516338366706016,46.72609960075026,44.966272420203985,115.57548615955565,0
70.90462617224327,10.671181910235427,10.334790140405472,88.10654025675663,0
10.687692309474384,64.95560067569618,21.228537034615115,91.54863161957563,0
56.73122196289035,86.799959189509,21.38313300830442,73.75022619327375,0
25.656278370136377,82.8185869323453,31.655344963261882,104.82818232740094,0
96.29268752375798,62.60547089808013,20.333522602883296,106.50503351708689,0
48.35456467199247,7.527871665167362,5.6786583927586936,123.58526317158459,0
80.59925497751581,11.239702717601297,7.869472362826342,115.82280008711767,0
55.022654215626176,4.930898710982468,1.7004909230795882,94.30408886705133,0
4.341253285481916,25.74792164924693,31.767417761298884,76.43640625331446,0
63.31513755940223,13.566146716037775,154.44470247985106,108.65700805039948,0
95.14033422066571,26.004804025243388,6.146544487697518,122.21506344829284,1
60.16118201463312,38.50580557189617,146.18406427998355,115.10369947607887,0
81.91888594267903,94.29827840711357,66.09307629061104,121.68955049714575,0
88.42064633484078,61.03760597816921,50.736375122113785,95.76220937603514,0
22.807977194893247,83.49737856829623,51.82101025554117,90.66762063648709,0
21.204483990822666,71.03515007123322,87.6445317823994,85.26197295536402,0
61.09809888509917,11.250313052663174,5.6539482297607835,98.88207066772809,0
41.10284698067047,73.59204063739489,35.13506617541506,98.42818408062361,0
83.98613028667204,27.509888155912442,59.71616525285944,104.13355257078233,0
90.00231233980112,63.91078469947063,44.19365114048587,97.41405085928984,0
35.34213793027181,34.09619736429885,89.42197064297031,97.32744540546457,0
23.687055897448207,99.76722632646592,3.7508189475092255,84.46611894055712,0
78.05255152438619,26.355147949677782,58.672348005440355,118.83238027102982,0
27.48060355481361,27.913047077426967,38.18145769452307,101.53036124487423,0
82.26143185136785,93.06722555623983,23.834163541536217,96.51112131429436,0
42.37382536487628,2.464440463632267,20.796608526432646,85.05141493501591,0
66.75498992914704,69.66889878731969,48.48887845991729,73.36173779217827,0
9.553531383466819,72.53263907358782,110.81824815985118,126.15928385098687,0
62.3859324676573,83.63785774103994,34.27640657853648,111.09277416263615,0
45.17676787372291,97.44393106384753,87.06943177074548,67.52164314860066,0
58.66084631754741,97.56019191566524,25.721303366549552,115.26284601419314,0
16.801420774486342,6.527675756646389,5.401228766515011,118.44962340466219,0
73.68737449441821,82.18393227529025,3.1739267671803977,102.48752244601859,0
86.27970775432286,64.63099336573814,2.634944157906085,131.96221791503518,1
21.673980009077564,64.73421343730912,23.913899735869958,104.33439284245766,0
9.571455552016172,12.83499266146948,20.566947582693654,71.66352944101621,0
2.3638586046336396,65.01871664456533,63.28124562444947,107.30338002096642,0
64.1971500443266,98.24825806012478,67.89924444051142,104.89794603425459,0
60.70940360887808,91.1818569539447,2.6096306607680937,87.93406302443691,0
54.669741271407005,43.91306608048505,12.495123891905978,111.4711767375485,0
23.194709611597542,3.994797328609434,16.02830021831332,66.64669467618276,0
39.09059959055147,36.229349000020484,39.66075126193598,119.81133654885579,0
59.4476335186173,82.63903116005552,7.80434905703618,82.43756592789094,0
49.67668588591694,70.1499101465166,7.190124837082414,80.30107749765935,0
98.77855202148874,45.93436555939564,143.9320420348365,97.72350455385046,0
13.643975255673313,5.510153515883109,81.5338198649619,108.65945856087271,0
69.51445540475937,42.68947278233026,9.962495945515503,103.27848127186859,0
40.431876810429216,46.90249397178835,26.09161611766898,85.14681668455243,0
42.819961492561475,92.85555328941359,21.97348836977376,89.87821417616223,0
71.75977656581762,64.10861035821594,78.27202601716199,77.33915305245077,0
69.24361513243696,31.16529166546489,35.689225286743174,95.5064019674026,0
99.12559937021884,52.53182644507214,6.83967749784581,121.50042429021819,1
12.839428945412523,6.605530782216007,67.16022313793744,99.91474124712248,0
10.410964938416633,97.25682356497369,25.282616271039622,117.18828509518906,0
72.43388171287411,36.0059901930726,15.253230365757714,129.10802675452385,0
57.83869170064091,47.78673549131358,23.540087144343282,88.23962961926065,0
27.416066655980586,35.52839742369226,34.43351718892257,96.26853493889271,0
7.9419368988986605,68.25117301162001,21.01235500154935,143.4238572212499,0
8.565824959643054,66.2232158329593,13.847379525036004,128.8868682395989,0
89.41908746641182,71.53223105291356,25.416605824039486,66.55190948375295,0
19.18673247187429,26.814322961192083,0.96795473181149,107.74296632121813,0
32.33715621155208,31.566848116406597,74.02977864637201,100.01119984679391,0
22.6656402226988,12.525123109620795,9.37343263378119,116.52906221717525,0
35.49963058319373,65.55099718461126,2.244879718554651,85.10042465029889,0
6.942384274609337,3.979712733565255,53.02230265612754,83.20783255918656,0
51.90597909082704,59.768233552345905,74.34688519068608,86.47858569412782,0
6.76125635922149,86.96958848516338,84.0545189808433,88.56142907603135,0
80.03565078223616,89.08321482896335,34.01245425468378,116.30648333618029,0
23.3712081910433,44.90377603699617,11.493819849985103,76.3759765370224,0
54.00119146045106,45.930368821307376,66.82336573490228,87.54772200081362,0
88.00790875614582,7.696918300801736,60.150842595426944,64.21975218997117,0
65.08773690471942,67.07650254430358,14.13610196251667,120.14235646824746,0
53.29577865513353,82.12594203728455,116.86284147108319,125.4206019886228,0
32.43337531153756,24.465505460471306,5.5114762859910424,93.45853138272427,0
33.300191305819794,42.13008816333647,202.81846080118407,94.04101270373555,0
66.94869551981901,83.88393367652704,98.39422516115991,109.06443804565795,0
99.41393612211675,87.7120467662288,58.221364484631664,129.48964014756513,1
66.18391898493786,24.317998026422593,139.63948027781177,108.17221495127835,0
55.77834173700249,55.057063454136426,64.06270513521444,86.04916115049771,0
73.06505102392461,19.249315063582706,10.564269219857707,67.62354856027119,0
46.52056122837182,10.187876413955655,29.18380865817469,77.69747474673025,0
6.0142342600785215,91.11205013919576,3.709407770888367,101.4643890062493,0
56.22968158779098,82.05075042321091,24.686743832412507,86.89344953598412,0
95.76252845053801,76.00349018031739,67.66290967157414,103.89935411981517,0
17.530294235765965,4.876631881314042,24.424134078646865,88.94151967527532,0
69.00048908206658,84.37287927102575,20.0458365439265,78.83707137411177,0
20.093368865905646,43.804407590538375,45.23734625084446,76.45936737093858,0
53.582768447308126,34.23951232958596,102.86620879213335,131.2470901874646,0
9.667644964671961,54.647636102537646,2.4376258525755845,117.77975498367286,0
45.037093625818514,9.135324272355582,24.344911917919294,134.61035903655917,0
75.61633288952461,75.66465493523988,8.613061113348609,110.79901801510206,0
34.757152423898205,58.24350768882959,59.430282761111506,91.40017182770322,0
66.4911724487218,18.659009687316754,5.587072665464986,126.46681844979875,0
79.54499607897291,18.82321997690456,54.65255283822663,99.33863997276464,0
92.71778194794527,18.424865157267423,16.856283458942233,104.41683540580705,0
23.464208185545353,5.700238755193398,11.089524214696235,99.14351241848962,0
39.931591580930814,58.77984493716848,137.71980702837902,41.06191561431971,0
15.241601333041743,84.0348177588508,0.9349152782409063,132.09470024589706,0
99.24835021583752,1.74982139873886,28.792859711804404,109.82007891915507,0
92.70009679242953,4.900464497127355,1.093214168016963,106.5964612173702,0
53.99571302805596,57.27702766869458,33.04300789350364,98.76447875458878,0
84.20332943764213,81.94956853860523,34.76220666090109,103.26855640772261,0
52.09579772720422,32.67388905686336,19.40551425583139,88.05442128307504,0
62.35856880027597,34.96143988077222,7.0874980664876945,112.33158704614542,0
8.912443211601662,59.63464974967759,23.6113078804164,73.85803311201735,0
75.52704204968079,27.4212889124147,55.77718191119773,103.72136864941093,0
12.771348363523483,2.660836607768413,76.25387512208205,111.2314694114221,0
82.60676302525283,73.52285181015961,37.83104436208697,96.02661732354194,0
78.20280876703859,62.56499129414531,44.559714241764794,107.41735584942049,0
70.87446977429764,58.07559990556591,11.195715608994087,80.17331215531499,0
3.6160380524762115,74.16841289918231,16.936863319209785,80.68346458208072,0
30.31283559453286,67.52308375620375,8.830630795752361,104.73434242052787,0
26.311256991084285,20.588198817832115,14.337149010488897,113.57099309242103,0
36.01364074715191,35.24810469433511,12.73730851336638,62.50268688996578,0
8.764274676383854,12.6110141678625,36.6410736129099,110.44041270221533,0
93.69578230310628,12.985701341788102,41.35550540448222,89.13596999247326,0
55.38022407123763,67.61957463565392,144.9733282674407,96.14387825385175,0
30.552431065802356,85.86001069824982,10.881106566182247,73.20964152869925,0
39.698151707428345,96.27325838611391,51.31584325334737,82.96765519626584,0
44.72025405048357,62.834711754944436,84.98434505662478,119.32250651060622,0
60.05943333606173,18.410132336095696,41.07647420152671,100.65726747960426,0
51.567942769649775,10.56503454489307,14.71879816503017,92.34443196580882,0
91.93919732144174,81.28509715367578,15.227865079467334,97.6702329473793,0
49.696348290583025,57.875647635999925,2.0022113670934276,109.78423649328602,0
99.21580148233127,61.82850210137198,18.22414063333011,108.80988992326675,0
85.14249577450957,78.14620887547092,68.24693701779064,98.49945999206398,0
20.85105143573358,70.32772277324516,2.434190744609138,121.85918221793337,0
93.05952146439162,83.44582528560966,12.377914161315385,119.40925273813332,0
11.636639788547608,5.621390545987848,61.248331791614,108.26744058260792,0
81.74497084911916,74.75206367465049,76.3126755962293,101.0922356582014,0
38.06232934765801,85.08527573220954,30.377694684926677,113.14642190239078,0
87.79743204450695,28.613504245831432,59.878722290546136,106.28534843602367,0
86.80566901074504,64.04472739932528,24.547242186557785,121.21600143611894,1
80.59254001176211,31.416206383697208,8.712505637229034,117.99122753476615,0
79.00304363070614,95.7971066482454,25.387309631149364,79.63492197164543,0
30.46791390980408,3.3423572435503757,43.37119760379149,78.28073658516587,0
8.091928305125219,57.97928438329551,147.87683683657784,85.97500911191847,0
40.29801787651615,16.65035470495151,3.5614265832996783,119.52277380133842,0
17.35245149865087,71.22202051771586,35.40229018045357,68.47382006457508,0
69.49510889024617,17.589028341866207,19.94332967919811,107.89514778215987,0
34.609972653778556,23.538326189835757,35.49551441020945,107.25086182185923,0
97.56102008599149,49.43708110457581,1.2133768254478234,123.25296117372386,1
64.0972077345332,91.4834949996878,18.77289469239028,103.60677381327775,0
82.24805636343609,21.171437214797084,85.70330912551547,73.13581218832198,0
13.252467274184843,14.424002111810353,40.36528469567055,80.81290078703753,0
86.20144822726226,75.89768318540307,29.94483199111675,76.3600895620435,0
92.27571905133944,50.0619532333931,16.810368605119603,89.24112067333719,0
48.70619188189359,91.17851123817714,17.694122528392576,96.34196865152146,0
60.625293775097745,14.661455715984228,24.152533331571668,76.69116947557886,0
76.48098009029954,64.59278930230393,90.26373244983202,129.41323981304578,0
17.483862726041256,23.287914615181503,170.88647456347465,73.49437256095118,0
50.25660764634424,15.67604286516393,28.87101342836807,126.92206847724961,0
39.86630277723131,68.34294151572705,24.990396993915517,123.70326062878681,0
14.63739921622491,59.36846199087332,93.71927768885448,117.9660509937807,0
36.753442229153144,75.48274583623312,27.835217071274787,86.124667850065,0
6.817230938549357,30.946257644618235,40.15013052748974,106.84901758353803,0
2.5811906949486985,44.79716563821899,13.129422678717939,74.45257732898764,0
13.516628915482276,40.547167633041845,68.03182502492233,118.21814070067498,0
96.31151115891738,98.40894639665142,37.9631011208071,98.52030436927463,0
54.952953589501696,29.22489567393879,82.78313793045015,91.81359570826629,0
96.582216115322,29.481723834676686,75.87319412167992,75.5251030668746,0
43.2497878330132,35.45482088286074,12.103881772375628,50.44987762741967,0
31.181613308525957,56.45940812903215,62.874929541381874,79.22918285928489,0
50.61418628402441,25.232274426374524,80.48549946002422,122.25596391225812,0
43.95116886329101,91.52899403792739,21.24059588510417,91.94333143050392,0
10.566468426174392,26.56855648662635,9.473901945859451,96.61342285769905,0
64.08263146902063,89.58157315601947,0.131781289592452,113.11108716576905,0
21.60381825095996,10.347506364658464,29.974067879675193,136.1133775623253,0
61.95879548978296,65.65627023996524,21.72663006446418,126.50009309891277,0
65.02010923981534,90.69855184382438,40.473919836181146,80.55329992367624,0
15.20248531286481,16.874943839822954,10.41527733687269,61.14858857125187,0
6.134962711066816,96.8326960099255,98.1863380063279,147.19228518200208,0
78.07615860684398,45.28833604155117,14.90380960719189,145.37983223318906,0
45.98004237693202,94.57151084410245,12.836930240998706,103.76907192858566,0
5.816379550547579,67.6820043630047,32.76502983183879,74.59023508836357,0
99.48663171697672,30.158686987355154,34.54259321517398,119.26453067787878,0
5.778056099636664,18.83025249171064,12.10900693974088,97.8403262797478,0
69.50352288585532,30.37350462250994,15.863146982017273,97.74037753786779,0
98.36789252634136,9.301740926267499,9.298725384429419,117.88917686210257,0
23.918010421592562,14.386796634332978,63.37406894836772,106.68749493746597,0
14.224936868719617,10.466044034648114,73.50315687037998,76.28370177970109,0
12.138493942242889,42.29435437415577,31.02537476897011,93.50516129836052,0
30.327514756759555,79.55783762575864,62.603389479289525,113.22305857322694,0
10.10458110106467,14.138355421634019,66.57807391335184,110.20504444810037,0
69.2161341694132,13.032043317233589,7.440984854536335,105.24033148716951,0
6.229179813006269,64.34289495173307,169.33222674632967,118.66845908951728,0
50.94221281497897,19.71829819680663,86.02739822345336,92.76566024365471,0
99.66968538529768,9.76100381089916,11.438182048445178,103.57339550438144,0
81.39702695060188,16.684857820557763,10.299884007613223,32.48841799644799,0
61.52194382310109,92.37313958767761,6.71436365891786,91.00699612314372,0
30.625362078661166,82.14712527761908,7.446963623142673,115.27805817151288,0
62.389583629163845,35.40645623550941,68.94842286584782,92.19211065765715,0
52.70414639116516,65.58207673273928,31.711306987321358,90.67545216565776,0
42.60833838903715,53.72756736680381,76.3777310007118,79.17094096450363,0
13.071037674019948,67.7124263482564,68.57125184458923,120.06731785458291,0
88.66042152404667,68.26711524627594,46.39447611455948,110.96926547081141,0
44.97846488213225,62.8734015059993,57.97652560254038,116.5082919564617,0
19.462251182076507,26.610136853730857,0.9263140519719607,65.47572076084221,0
36.77593508772896,3.900642076281813,18.682165273965857,96.79099913468733,0
41.4129752528927,45.55667819901088,50.78099851243767,94.39777984499987,0
82.75378955668742,89.09738846907038,0.46944457554210123,94.38856586802895,0
73.3614380561402,56.94972585185759,1.6766470336012134,87.67944912564089,0
76.93048936413398,83.23910417019079,95.48932081517485,93.07791456439969,0
1.1031264428647214,99.16243429612281,57.604587236554806,116.99289565413304,0
41.615399817976154,16.361620413827627,15.419397229723181,61.74297293304341,0
48.13441516353236,69.17776391419824,58.23164980405659,135.54589536060908,0
1.9192276823056686,67.42935737000246,78.62075688433616,109.67682250052923,0
25.98132087450342,97.99554473582785,18.321423703721766,99.15336208679574,0
76.0289823122135,98.56007339528003,1.8351379231351432,118.13668292745852,0
13.710970572899905,68.66786117241294,134.9885717582647,70.9633050966313,0
53.531013145259166,24.361479198219428,21.16973216647074,86.70598189697972,0
21.52018720172375,79.85558381305991,5.629426708266091,97.57849135218892,0
1.2120774643893273,10.70291342110381,33.84960609307134,127.31120740864355,0
24.12014575995415,78.06993041716287,73.15181517644781,99.07006837746884,0
97.58737549100537,91.01961241446965,12.528776720497431,109.00109342370293,0
80.15371118829896,38.28333947684352,15.700621362952063,88.20842008127744,0
95.95766443210334,63.06352949830804,13.900779641789457,109.73684137934981,0
48.785404392636245,43.01427320968263,239.4129188185938,133.54479185948912,0
10.973619867750351,43.776505498812845,10.995173660208827,119.91053383348228,0
54.79594889736929,31.037088910812006,42.84454498633763,98.37088024444242,0
45.43773345599609,76.21296204503246,129.69009804534562,113.5098169453094,0
84.4357082739616,93.61765641665052,7.943724156473632,111.55033909214424,0
9.808258078424458,94.07508592344611,176.77221928697472,110.13175343394552,0
48.82411370217782,17.478128487493382,147.3254286407794,122.23906721720817,0
15.004866469398426,87.4743649656566,107.95541039520484,122.08955407674932,0
32.467592689006,73.74314414271221,12.075338986895964,97.45682806250231,0
73.73570773877996,25.283740069028926,50.26361915777263,112.83758122955538,0
47.601812936876655,6.728461292151455,71.54188710445557,92.33810157680412,0
37.58882851457693,26.799726688437797,213.5347406473049,81.53855207368845,0
39.44762785700353,91.22082367815256,9.948396426841889,94.61012488592027,0
45.94467684059866,63.31786748957723,72.62724257282514,98.47443696520834,0
78.50165438370568,72.10546608978719,20.685034121829034,66.76838021644016,0
89.20846889402344,25.715235110909585,9.656576665250723,117.2066511883344,0
95.53346865039283,71.93881555748203,27.35520172550671,44.653491547952044,0
78.6903386255295,2.812150627792376,78.95414421483305,154.29633878972643,0
31.540689574801274,37.53213457730138,31.26039153731743,130.0375826759264,0
68.81347060865421,62.67533485423312,38.557933483099454,94.77982551655373,0
43.760312405539196,14.609656554132023,266.5359353099387,100.18852721127547,0
25.467062204605117,82.30035744469347,25.467111190515716,106.05943747174567,0
84.08715794259226,23.503129881191864,47.777670407594975,88.21679224022117,0
3.8426348962324997,65.22811128184462,22.725746176413782,103.85238295173873,0
90.17619921354235,40.51971425753297,24.94367070320089,97.12000044596678,0
46.147746462473414,59.604359547764716,59.47732715920999,98.11454565538068,0
63.72014768082804,10.745055262890812,138.9399793655893,103.62922126961277,0
65.93539222057827,1.6912799921607324,39.08350684239724,73.72944403292011,0
89.51177407065364,90.95644273803012,73.13716132495732,100.79139448267296,0
63.66696821672073,26.96300087671828,4.671957298947974,103.26895493234954,0
61.39335847600618,81.96770027804591,11.859463956341841,102.57699242711828,0
6.665204056068996,99.93503004722002,34.87097880485479,95.68338489127692,0
51.84080219452041,21.143125799891116,1.0107335137790119,122.75715551938744,0
15.016900081704165,26.51707411833556,14.574798724448474,92.92694890236898,0
73.74337687214856,66.28597876346657,36.42848992266117,104.5465181364638,0
51.22219208126745,96.54486346006212,0.7537122976360161,125.94595067851091,0
68.02277792083532,91.58143481907439,15.363383628373983,98.41247719959375,0
4.167290060238427,50.28755200655849,36.08050358259168,104.28926534935103,0
8.479201604580322,79.51102825267246,42.5660426870218,98.07230727370205,0
71.63233880626822,13.574585309990105,130.0170151825478,124.74739587127198,0
7.208433599867337,97.74381842040123,51.83057751857214,94.8455087682741,0
7.12567277652586,96.43532340359864,26.78459570464366,125.66709154576411,0
1.210847523488745,16.372895787917095,133.21447397946372,97.92824210705871,0
95.65013982994802,29.94231248031066,76.82865677997236,82.81080553103966,0
73.75083594590069,10.015499750676693,11.157735138366073,113.58746341148242,0
35.32514085020642,27.17175988981797,7.011538390388608,93.90664332488689,0
29.65355812876552,81.59557894152066,56.32152804780737,112.41001798198326,0
34.97032297458495,37.83156071652595,41.03575272689185,45.41191230152532,0
77.46535311811819,8.839696714675839,77.95473673900642,100.10410523789892,0
66.13706110704143,34.22255247789045,67.12441079559078,90.80789402485038,0
18.519556786746794,98.138333424128,49.069675122860744,78.73482626937444,0
17.410933533408436,62.96835952592029,214.81877175458527,88.935179963204,0
9.839564971339732,41.61609464061578,38.134481234972384,88.52593711414697,0
66.03027197013381,16.653851349727,6.001476660395891,99.04028410298838,0
76.43726622217359,98.61767972836948,88.09262807309068,72.65347077430089,0
26.5046428325004,82.08490092631287,14.507814028807294,106.32547560519427,0
2.094496103091281,28.14773024509194,75.09696753371327,127.32429570411576,0
8.217166747642734,7.006869572118946,157.45244373280858,105.61856993895653,0
96.78600348450304,5.662555737755803,59.66739148456275,116.17977218458017,0
29.544477747742025,12.037814950553383,45.320752981210525,121.89124909227591,0
76.92231478381336,58.07685836144216,30.845076769873465,124.72979024368354,0
62.46635688542638,92.87634212054924,22.660068338695584,137.4027738564261,0
38.19396396528959,49.674342800598446,21.770816379338463,90.0159600344814,0
20.56872621955551,84.29454824561972,50.58129263454393,85.63032029677767,0
12.138641815940643,44.588661985980785,69.56999198374841,115.66931296649469,0
61.50129680388666,70.85835457678252,56.74054149890397,114.165324393148,0
77.4633780637788,73.18727372865008,11.057907501015414,115.51350599231378,0
64.39042535411306,17.396370590333866,34.059663716540726,137.78564908500505,0
53.030213324915835,36.121605897581176,78.42441362697825,100.22739817596988,0
4.195122343163627,63.73021565380239,32.2849508892095,108.5231311929237,0
96.84887775943838,7.069660818436619,38.46074525254472,80.3922349703305,0
79.87141916545745,36.15401877629566,73.73137743945773,142.70642247951915,0
29.282203670096475,53.479946628119244,54.12690461777372,93.26910157581779,0
97.99703293588506,99.62244930446387,26.326152721218264,93.8356814367834,0
60.18815896363221,47.45335626224407,112.88666283344813,93.06500217983515,0
58.24226582072465,81.60567571143235,8.870705023794605,87.10208282711325,0
74.8073179429532,43.206728506661776,270.3669910611052,85.41125902304701,0
81.17697880901376,79.6390722619709,6.3265166369290124,89.52591434220949,0
65.64786073315027,59.54148016201084,0.7531424171368568,72.68408143898111,0
12.809574636620003,88.65954415023984,110.37233782895419,84.29364159473523,0
33.82675059944984,41.09425523501099,14.048797665287124,138.9792622289524,0
92.80836403260497,60.43044198214788,65.41107237025824,114.71310287282738,0
22.461561184385193,63.00186806188274,83.30448080392095,118.51808353455436,0
37.21670238375133,41.73829418004733,97.94494378793829,123.54417574833829,0
43.2076882944196,14.431204368748151,238.94187890124908,136.68269128724782,0
43.940498969445215,9.355940691233556,17.40981447931845,64.57154897112312,0
61.29395824945255,1.66715505996331,61.9356909172777,75.40233769426919,0
94.30758377447076,87.35342642452146,6.130977667042807,83.92552678210629,0
24.069271183250496,23.647491223869455,26.111966597551174,90.60540407020804,0
12.150137630091805,21.150674928176805,94.18442736337691,93.98861218829502,0
19.747048985993732,73.60354004260655,22.916248239836765,91.06044894387918,0
88.69249002092695,32.00161130873917,44.71366771896142,104.38617826264108,0
64.5810812655206,50.60446924118366,35.036134492957544,100.70590781490432,0
28.590678923916013,16.25110652974563,51.91607287290797,85.54330409643501,0
81.59469389686173,95.97457214619692,180.40072694302992,56.4890244602486,0
86.1369996363436,85.15814000172374,2.8674494735201685,80.14262589242604,0
84.6514338690278,86.37896229650033,42.66128011447328,89.0152269337485,0
91.89265336395545,40.67737485720052,99.39922213708054,95.05841126384561,0
25.224102017336158,76.23612137071729,32.82945350218805,77.40665081378927,0
75.50419287462783,14.387615538978016,4.089100207155997,90.1838706700716,0
46.053949727414,0.8619002591780278,41.11035524627704,77.38025223028828,0
84.19985528900615,1.9972932578028124,20.178886328475073,97.48361296903335,0
72.84906771616131,58.660173740456045,8.417488045339155,78.5381734327477,0
77.64474464997247,45.53949052479408,94.53520165416688,83.0219068725907,0
65.61618376810715,51.801534890851975,36.865352917554304,73.82631738021722,0
17.742876946970686,0.7463140417219405,135.3598375540154,96.92998608860432,0
54.502691889693835,42.268661965742574,81.99910994057336,82.67104460095203,0
98.46697395245081,71.80681612008608,59.04078293283155,118.13568533350859,0
93.73880664971189,44.26937019674359,0.2519086837481973,108.11700533385797,0
4.317373579701167,73.22192063122223,27.915384649086782,98.60296263632713,0
16.481481572943714,23.30189643968348,11.00031648047371,84.05029005312423,0
13.172877345456191,81.31420044817254,120.84254104678607,107.61040610632605,0
72.59799099852955,58.84312404534523,9.593387937297862,113.81401778697274,0
81.77853298569451,21.076309942990623,16.84782130725218,102.85376824403261,0
21.35113663106719,23.672047585383293,36.37003637112278,132.0740371093386,0
50.5852692951829,62.8030464569537,15.283044287282921,109.19274636149632,0
84.07030280112,82.99395932124433,11.777552680346046,118.27214435136068,0
73.28015447662506,41.56277820291552,45.702078793987425,102.67130831071957,0
54.223720549184826,25.83004291275922,4.656751110314835,113.51328906513953,0
59.03476904587729,86.70116069106004,2.996405403971843,84.06437534661649,0
50.83605469162799,66.9268291750835,23.28028931235172,90.83203273574412,0
29.754845131882057,44.80854872830765,63.76707738882974,106.98727106964759,0
56.50219928590161,48.790019527930184,40.46234200029128,106.84198963114763,0
68.88853020500906,20.42564679363964,27.484947130503983,110.15223645886495,0
87.33229158608077,62.680263006484395,41.706923799827905,122.00785784557459,1
63.629135397924806,35.87425105428886,22.742076621170174,71.50057656369177,0
76.1121537043158,99.56451766743493,137.55806523807675,80.51094904779407,0
16.0071634954573,48.01835152618879,2.823485600692648,104.59145282148506,0
46.15574744197899,48.58856061896132,55.949650442954415,85.5127273639308,0
0.9331619827093296,56.58517874106719,110.95020101822521,167.55536482578725,0
24.667886452162303,91.67560031187467,81.45262859735615,110.31439238340272,0
72.64617151130048,80.08180998597503,10.16956065269416,98.43338302139685,0
99.18099513493634,45.113006979784146,17.54361551852207,89.69061453832282,0
9.917809958721591,71.8699265972796,63.1238895206279,90.39675433613911,0
40.14943158612883,58.62354987807616,4.401716411153974,100.60281322630355,0
80.00709686991596,49.23670487012489,83.52889737068426,102.23963865242516,0
20.403563462889885,19.231577278435054,63.453475323951295,90.86601710612975,0
55.50849493022862,46.39362634548909,65.39387627415336,94.53695506960196,0
73.30712960296748,24.581858702257463,5.281437040659497,126.88569150469192,0
61.5985450260179,91.48421498516547,63.249971824759484,127.69009925302069,0
18.802473461541613,33.540681349634696,56.943304297769835,105.04067959869754,0
35.538456868573945,95.22640145333723,88.8699017504672,73.17480545526524,0
78.37917844853972,53.30552900947112,2.124291618245035,110.77006313278088,0
55.42265141320166,63.15443786761603,1.169095355984222,131.08564883222053,0
0.5229613542912737,54.29404444893278,23.34100309918004,127.39562203924757,0
76.09907600280938,12.93806169667009,8.054719810726125,114.68851705619335,0
3.531135494023907,37.5821219007941,40.865781710363116,128.44845910571644,0
74.57337827312321,9.914611227762393,124.65635819494987,101.06768544958044,0
20.24805601652374,62.29540441833817,24.83625281183691,112.5620593966741,0
95.80734801193802,44.68741952004389,93.20050333352634,86.38448867349639,0
36.79407513020845,77.79849715709368,0.01204517663962752,105.84530912311425,0
32.69316163380791,22.047048099936983,9.227079569960917,126.59068487941049,0
14.888805033244468,16.45660584293349,1.5447970828920239,88.21153177026218,0
30.560421549021488,40.63322309637678,19.885799053534146,82.77113141071428,0
87.66507618282006,92.65853832183811,119.40148255692004,101.94977878047393,0
99.63343376272474,71.04218150124117,5.098985385019975,95.46675592552,0
36.83095305068483,41.89236247929187,46.62224767003248,112.98295442140841,0
44.861063095454256,51.727216975431055,30.02802978417002,90.93480948105915,0
72.2070938202737,8.421301117709834,139.41006828007139,134.36879231205427,0
88.61957804650746,98.4575896376113,6.535006936857532,74.20647804077888,0
59.304433418678414,66.6407304694919,11.914626651289327,125.07469572439469,0
39.15256981778293,28.540406846342247,1.4993560813517735,84.70301543383793,0
41.262184084862376,58.58083942152443,28.45234036887797,64.08034530831954,0
69.56181464968068,10.948236606899398,16.274936291073644,104.75750312697735,0
0.32182636042786816,96.58366688075836,101.97487523646136,94.90784027972234,0
61.95893374598407,17.478498788336594,46.43598426501121,77.80781264193939,0
35.54930104413574,64.80303180552141,47.60765048135413,66.37246216569471,0
79.41973312770843,24.545446253893044,37.954809131917685,99.83278425457087,0
9.299063982313216,71.75613826485358,4.817304356160394,119.51673783247635,0
58.82022669483905,77.68213672402811,29.441041508618483,111.69906986172889,0
48.09728898861238,67.34197289114327,380.5668059191408,101.13413297678531,0
64.23255259052274,61.44994602551925,90.16002065098697,109.5769514643547,0
6.485359448296835,89.24690939520117,111.96129499035517,99.45571735244286,0
57.99837874281313,7.862671098975804,86.64426153272349,71.40551513939258,0
56.14845879595237,33.09147657801952,5.4372949487304965,71.58212029553113,0
56.06600944161709,24.828747963084595,12.90281437121239,95.93662942030642,0
60.34876665964548,98.80139620654217,0.15632669368319288,96.78693427267851,0
67.64679372263622,38.93897796668735,18.085101133175126,117.0196535701353,0
80.49889996807697,73.26126992403988,5.748516134232788,115.14608447549494,0
26.982072012821433,68.47251638810046,32.00813365763421,112.10266031517898,0
82.5049410180062,21.208123747737773,56.524886757089796,94.39434573845638,0
49.82556822634536,23.899768021155133,103.77458564194247,72.38695659779721,0
7.705827913433117,28.12845635530341,69.15839569584281,108.24142274132048,0
5.85509292439792,41.112727825937924,139.50554374505995,110.50338626524336,0
33.42383186960608,23.43250656505268,2.770260013482994,52.22937075044628,0
78.48969771114676,1.9651482746847804,0.6127308727113244,83.31323626834674,0
70.76809347409157,87.93930568071954,54.13765276347773,86.17891245212208,0
78.86149646724064,96.5609831380884,17.078931318856267,102.36700402246872,0
51.72690564416094,34.15703870315679,14.61805115817974,83.93279134468612,0
44.01989979554906,33.85068794254729,20.09012276790201,99.23730862350719,0
14.745252670628394,0.7091812774370987,15.721570555340708,95.78930119294016,0
32.81927536093116,68.02506883303741,35.814281719959034,96.81701056924544,0
43.40193661738753,82.54398957486288,29.00418073614056,85.67211412598508,0
8.860042967961723,14.660830036000316,35.91592190023182,87.22029891866644,0
22.061195271121125,15.966634936715074,55.84598427849748,78.39465880438615,0
59.82252940637388,79.00832499714377,24.48016338932204,107.60134881147664,0
73.56631142391899,61.629074835414464,14.47135885588849,111.42205257182736,0
99.83475113929497,4.486055762771701,9.088117867280438,84.58764099749322,0
93.31133313435576,62.25469904622817,21.49870981607882,130.41280192034088,1
64.25651995351916,30.891772284376607,67.70229396484068,93.70797105115902,0
42.1248053294072,36.872515547084596,70.67401053505768,130.60371247593122,0
63.617736470823274,76.97314182968802,54.96643526429265,87.15745652336793,0
78.56516180802319,81.09351926726106,13.330494615149401,59.46844446801129,0
11.833619092338733,40.03566268398306,44.34706430724684,108.04395649824703,0
40.99048896962883,94.71529360063548,42.27876109968583,104.97090210237974,0
83.98022856356172,40.64627179520722,33.10822672130099,100.68787590615166,0
38.3832951933044,77.18360352301099,39.92305001916465,87.15535043112021,0
57.18722712271865,48.38772645642591,33.84308879028172,99.30855549028362,0
58.77693608621982,89.7532326522084,41.67294580070368,89.77481084260945,0
18.447625313363936,90.77612436501786,62.852147788089,93.95300867336499,0
36.22354416522884,8.741680787108386,5.805807219786464,116.8326451153015,0
33.451128874193216,93.64933313102257,69.23992445453135,103.68434459060187,0
2.6196708532064794,82.55348415204156,7.302537408671039,112.19902774663954,0
2.4191763891355245,79.13107143126669,3.4475721035281524,95.3626298674842,0
83.16970436757735,20.091133968552242,186.65136160770604,93.1596530839045,0
27.30708099728124,80.51192087546649,157.3181879994857,76.93034938222712,0
51.80787662388154,85.01327346850368,3.116996055041094,92.59926774863607,0
29.872557358877305,28.915033445415094,29.282257711438092,33.57770888821722,0
94.06792451153404,95.22600783623237,10.304793263168646,88.1955606738873,0
25.929675886577375,4.986014639916425,33.2129152921685,98.36251645618322,0
42.96568127389351,14.990925324713967,88.64999958516937,111.27347308540313,0
87.27302504846018,53.75811380515143,150.40216191592964,94.62644244950087,0
84.19335667918087,57.579247112230966,50.29062469656442,106.95347084489998,0
18.610141784627732,64.51500833009034,21.840487993619632,56.40422677219509,0
80.26433097957104,1.6969129315466458,46.23196996639145,98.863262955861,0
45.81868867378927,96.03667746221302,18.698416973202033,66.40994414173193,0
48.29688720853552,4.458809273414399,120.29939898739401,75.83392968681335,0
13.347997241594378,14.306195272340238,102.16530342089274,96.25668904272278,0
8.060151375712465,1.401451752605698,40.848492815445915,125.52527975747108,0
72.79393069737652,56.685843329409465,19.637236466686524,107.42413526940118,0
49.646115235529976,93.22668839209723,17.36379663806581,100.36461994274234,0
43.68507026151796,66.59471660804643,1.6994568120234612,99.60939221065796,0
72.95082286523967,82.26574684804274,84.59231796584481,85.72742213591066,0
76.55128989911097,1.3281203458580082,29.926699728970334,89.12033173254633,0
15.890816766935355,54.20152984797261,19.661976923320513,108.54752090941594,0
61.02251494776413,45.95629775055219,31.848773973390855,72.29278963111011,0
13.535408227768553,49.8967944220793,85.390586394094,111.86108100566042,0
75.13750860290457,7.221318533518795,6.654529215883148,92.22985865762294,0
65.69551562671396,68.44353610693075,97.47542665868416,116.5111414973913,0
95.6614621083458,50.322041485863444,113.89893401489208,119.22186914464166,0
6.895801635642118,76.51488498612639,146.59837292676124,66.5383197498852,0
5.705472115125431,48.52906340617154,25.332384211345953,88.36838473545563,0
28.218707469320016,14.938163622643208,12.240095728588866,82.88944624118753,0
26.170568373590598,64.8256954077822,23.39156500045399,63.74544069853714,0
24.697879907199983,17.238636210516624,20.241672599600225,79.34933447581179,0
90.62545805210367,87.23945633548149,9.688577676878353,148.8251169053068,1
24.95461998495061,61.311623906924154,46.73122236542987,112.1901979242488,0
27.1949726128631,15.720388355695425,32.372772532409186,138.34575937211508,0
75.93982624179637,96.23380574812069,100.38432821705148,116.58196880036671,0
44.973984245054,51.83654633353206,1.6318200545416792,85.1631367798305,0
77.67105569551812,7.289845187165501,51.62268134580981,92.36457606651913,0
6.536615756438524,62.68329044150672,71.97397293122886,111.76872360480614,0
48.75711936733843,25.31989070128102,71.24896728123755,108.75012406946072,0
3.3613600183282633,80.36934518773025,108.610293767145,88.45315968583333,0
6.265320345535452,81.78220735661907,65.28804890703451,69.80013658841585,0
90.64374533444109,97.89473558546618,131.42273003979594,165.75522374777478,1
13.924537111759516,50.186953102450374,20.222526135269085,97.17700655314388,0
53.24206822752171,45.495687972773716,34.979335167820395,93.4852221363476,0
41.10956026007065,75.34756054464806,0.7089861024049894,102.26668927810604,0
34.73433262588427,13.247065634192657,0.3490952085312117,95.14542821377943,0
89.98333456872724,54.69155137931242,13.730173271966043,102.45457815410967,0
2.18233967754895,54.624760013085094,5.312890190527877,125.73894572232838,0
66.37896861755891,8.947312281038721,15.069538296511128,97.50903040627152,0
96.33944342135504,41.798408550691356,9.74258427170584,76.74579121344478,0
56.016818346184195,85.3284798567202,1.4467311332979889,96.76712411042779,0
93.68224620330918,85.61536219946603,120.01218192592442,90.71196437180178,0
5.225787928602377,9.9237664919681,0.4128563916787402,128.47797874493702,0
41.87933190741614,9.072088274783086,66.60586885229425,123.42238129475142,0
26.015779096205115,26.26954770019353,8.252452667553097,102.15050000861598,0
73.08209649807299,87.47660625539935,121.6515607836053,74.42528290361487,0
98.12970904972467,12.890258507349895,111.65105770513644,75.48215473120109,0
25.65300624442478,71.99968026274462,53.05154202974863,100.30246523169107,0
65.41746014740745,10.116561961310321,55.772789843439,106.72645938642562,0
19.809763275974014,62.31378537478254,0.2676723062752661,92.5075436134789,0
56.53302545716099,35.60672991191448,209.55896335110364,90.39660831585532,0
46.39324866883362,78.8913962965867,105.11815364414181,88.14401533642706,0
97.2005329631537,23.36904488253636,112.74035572658501,99.53212079512107,0
60.85272726964666,63.920182938995985,53.829508820078544,52.3447529585387,0
34.950637208681876,23.568253457588494,21.13973982406577,77.9734674246058,0
11.409578488793336,71.36602831121537,112.05035174646576,87.45898309105299,0
15.124682873493455,87.36780345607488,17.23145565406814,124.15006389903841,0
22.53169299512351,12.680179912676003,41.358110888048714,83.72372716142141,0
25.0966661340298,86.65956885955035,5.253082035374286,103.60936283662413,0
85.06160578411378,59.35752544142979,127.52388847856497,104.53085501861992,0
56.12227882825249,12.711049086702397,7.585958620262026,125.95833011321524,0
52.33909113743665,42.7541855359712,12.737955229836729,125.251548139283,0
11.476887186921747,16.08602934850979,40.83744840772428,98.84994062410168,0
86.0139693349435,70.03478888665695,72.21588101605377,90.49030517621114,0
72.28143032084837,75.88681344179497,48.29391960208939,86.7233379434862,0
6.766836190000158,10.579652027279895,13.20699633315606,95.17873555068438,0
70.78350972297687,50.613985269464436,0.04717437359254797,91.319332913528,0
54.353821734264606,81.46250560259172,70.765684988237,111.07254818716464,0
8.172534574677826,93.61630415509966,210.6811607377428,108.40619634970409,0
45.830064152865646,51.351786674177,83.01370248934805,111.83602382290032,0
48.469628713004695,95.02792236114071,30.82844194299299,125.18567422872337,0
16.577454016327575,53.56889704560298,117.04928305544698,137.25738242800355,0
94.56981470002823,39.419049459990795,26.3687297125026,102.49326786815114,0
84.99753714806619,84.82031285528954,37.21508572807055,121.98927542791307,0
66.90223373291083,49.2982710458089,32.42109834599156,92.96679632331569,0
46.22955610006072,47.190251056452304,29.676303732359372,123.70013967166031,0
41.17655415845085,49.03124894098283,74.6251549972883,121.23018314351688,0
65.09734671509541,84.67850018697453,37.4085720830075,120.16831939885982,0
54.543186940690546,83.19415416880521,19.04231676769794,101.88139682383047,0
6.227310588188562,40.35199924402112,14.930961124881806,86.63283672018223,0
51.25026487703317,33.3299859870525,1.9239099265817274,72.10943124269048,0
80.64036172328395,49.19280240391293,43.75685904220725,99.19925584957801,0
45.923987759695805,57.277250973710906,13.065732776053915,130.66025084498366,0
5.195657755426842,23.833721062799697,8.01629749864948,93.80310197271854,0
78.6278199384033,79.39550847155907,53.04125953072564,115.7025317092011,0
20.13637821359744,48.648276573242285,57.16101860392699,116.87902801037862,0
25.862083488803876,33.40455484199596,69.74756467472872,94.32627558145654,0
16.47063534322959,10.68209929639906,35.016334215322466,126.32689675039039,0
33.02150648714976,23.884516040360694,112.24157305174631,41.82678511038993,0
75.6751505688635,94.92811717559837,137.7121054842559,75.5449944252365,0
51.93858595039374,30.50996868195266,82.34944536320707,81.6873540728308,0
20.488127415071254,16.885928936703532,50.47426134206695,83.6056995426522,0
87.78300781520409,46.06727916549932,18.100238512494002,106.72525902371791,0
87.95818549515292,30.70877433602487,203.5653633707663,105.80075606107803,0
87.05784250460069,3.5159250271194153,16.019641993209074,107.87981144350016,0
23.87962113815393,32.314521727941724,11.32351155352499,111.92162988264974,0
45.12393441809881,54.41086239394686,29.183627216494113,80.997908617087,0
98.49896561408751,55.17123720199669,2.925997229306184,75.63647866385362,0
77.20124763099903,35.65589211768887,191.97224599294543,107.92639364015726,0
2.716742122555982,44.73027562526006,44.38924025553052,87.39535852707122,0
6.5204591260492055,96.55179182347663,40.70386847783398,68.59049909264058,0
46.39313768123328,37.73484772303116,53.32607936509008,119.42688569082964,0
90.92202058615601,25.822681325998296,34.36060617305689,127.90203813004595,1
53.870179795271426,24.34670440667601,1.6294405345821363,131.14321779397318,0
49.781250803429025,45.776461270413414,47.37762760960768,103.74015442949441,0
10.547369995663058,75.9520148716944,62.96967355612115,112.51864191945805,0
65.6780104724294,20.59881841884732,26.956887874652224,127.39736446723822,0
82.21031606002255,70.92961271407681,70.79554609813728,87.17168419953131,0
38.04200075075623,2.1149823349416286,12.873895564982368,122.21355368108183,0
77.56118509253275,41.8932977983946,12.504967764741615,105.50792468286417,0
96.44766539008116,77.58650652027869,8.802085082512098,118.27423304685182,0
20.376645912768907,33.873295577443145,23.26033841319888,103.72186041751871,0
52.33296311947413,56.37371014453995,93.86980116787603,125.92513419496004,0
28.713795808457554,20.49792328259108,87.9874833122851,104.47047525083073,0
79.28544190338394,74.19953911261723,24.13006907487217,70.32041881065165,0
57.75933658811575,5.227910326875962,44.472550077661985,129.03853264629444,0
63.45824175503038,85.25426448755003,63.79426749490056,81.04938518055776,0
79.79141596158941,19.819638642166815,13.801298452117228,125.06116420487828,0
39.59704726624549,87.43980317083307,9.204621346650812,98.19514237119355,0
91.50900684070432,35.25292413005173,178.9492494002064,123.52021970395413,1
53.302886724614,72.26835744744866,48.058823769948425,122.6953722973353,0
15.7954822835348,31.922529778618845,199.2719657785471,108.60285948630742,0
69.58991181688025,90.59116712346476,20.60605957315459,110.17070635254262,0
79.32613504382545,12.663712551837436,60.70649398977711,108.45257234385132,0
31.67616770675267,17.85197892725987,12.590246920003088,59.72350487437844,0
85.7179256998753,49.303012515880226,15.136413124212433,102.36660437796404,0
90.61432547657664,8.193843903814614,35.86196610359471,77.67871647856211,0
27.690448737780894,19.598018470176193,19.255052915195435,103.42374287491326,0
98.3521472715222,94.37663822120143,9.173404521060663,77.1411490723357,0
14.071152804875842,97.64896611478872,15.250276506780738,76.3009611754785,0
20.201566840248997,37.62593293304219,1.8201508417577303,132.09869003507805,0
18.422483923802613,92.32860210139357,60.941400168837575,121.3889477624838,0
89.39897100078704,54.48246756734317,33.87517488538702,99.91714830111691,0
65.42925523249619,26.974246587376705,4.94921470743911,103.69537300498048,0
15.210428322227287,70.23987210805987,9.41863096780165,95.04167948513982,0
44.032341836834895,65.89018065748571,5.40903209684693,111.39752751959045,0
61.529802506980204,98.91253191087334,47.41394820513806,86.4789126690239,0
8.34640849893833,26.50472874092833,4.947409465852873,119.87480525735914,0
88.24163684073388,67.20595026617355,70.17860487107208,94.93826317971778,0
80.36035354415351,5.202375502944689,1.0362094755511542,91.60306008337542,0
50.52067735766382,11.36460386967194,14.342506796740379,100.43426036969686,0
96.71266152591704,0.3918374951093262,110.66770218216533,88.17706340148779,0
41.77609792750997,99.94606810596731,63.38670460111696,106.57364698992966,0
98.41103190364979,80.22736971474778,3.788377659301793,89.252748213732,0
66.79199988036271,78.67230147335408,86.05371078723687,109.37047205637673,0
63.467127325394145,50.97260752881797,33.96567755226492,124.32013077822953,0
16.5954895295785,30.006708290543994,93.79501195485244,85.61356626383653,0
88.1927758304644,15.126428446267592,45.90709401593361,97.38849085409657,0
42.74896879206152,28.467473884646367,57.258948874772464,109.22661426070843,0
16.223340578247935,37.597122192913915,251.80965958889726,91.28285290037186,0
1.260751997575904,75.6310096980294,13.220127503106829,109.28641121653331,0
55.975568363838256,53.96617889031524,48.90106990460944,111.1079772130348,0
52.739962212267635,7.748362655548268,30.839074168941305,121.66523552588608,0
71.93536223691585,1.802900895891224,2.0125637519704282,87.88019907830176,0
89.02580530178021,10.233217953406315,0.728818118715084,81.1444951953905,0
7.9406584643029525,41.049871369737936,6.347856969866164,93.84845220872512,0
73.14964903403623,93.31929170490183,52.36152293674042,80.644953209058,0
18.741194409758222,63.74024812092216,41.86971341899949,111.28996408094994,0
85.8177053157164,80.18258998755151,40.307906667800935,76.76497399647178,0
81.90635138616561,46.637459450454855,1.6187615028825961,146.66032836505377,0
54.07937549855444,36.16660831950428,31.678201760831186,125.918557231475,0
71.02427986233116,10.840037271662272,129.26253368371476,100.25151539200628,0
31.43501131837484,87.5933022186205,25.341005271362892,117.34788985995952,0
47.116789893281464,78.31600290279029,49.03112635751033,67.26396271378417,0
82.16368977104716,16.811809759772512,75.66519351922548,150.46746662799114,0
45.92651971732139,51.22605638762605,76.60655006096277,88.19570775599021,0
35.77982653254418,48.73748079212449,36.623523517809744,97.59005172201282,0
49.421244725029986,62.50915526865286,97.57949329849608,62.88133425623127,0
82.82492524372184,94.61868939912613,24.82790235184268,109.7257460948179,0
33.520804737087275,57.97714417624796,109.7732529629809,77.87311685845782,0
17.37615931357438,54.02172667786186,13.736789676712219,102.03311523132058,0
71.20140203307808,5.032293293466394,16.44023387077551,89.11451134150924,0
82.59782127080818,6.290747601802393,2.7291784493547833,78.44512130139313,0
10.063747852353334,18.734679132678888,79.37937811415055,83.91276996474765,0
23.98741127559447,3.247077169174828,26.983142097237845,104.51576068171042,0
14.19719897609939,74.33528955700123,13.010908353380563,74.37018054262352,0
34.79414115821666,72.3330303993963,13.184625354642815,85.02376657952846,0
45.035097890541266,13.605623443164294,115.83417106606615,113.26546762528956,0
74.88263369633064,83.60789007952809,89.7632604964221,152.04959749748627,0
65.11475848816741,15.478603484611197,40.31925265953175,109.5517763910601,0
62.092856747843115,30.11755869973588,47.87006553900762,81.65476715645426,0
35.23749466096544,24.8976899161365,32.15366066476076,92.65771659855378,0
84.144755308476,37.23070985730478,24.8516049073393,100.63178012305157,0
47.128716739816454,25.466376588996187,123.53650934949889,93.01150098728586,0
97.91049380151546,48.8950926438452,6.711593524825217,118.06116333473867,0
63.41421382957368,40.74078813546854,27.102640299630803,104.34946966028448,0
12.626474156450273,98.65694907793265,21.122571207796003,118.1570476981974,0
67.6177562075434,5.592635012822567,34.47277219577218,93.71112419404741,0
32.5104015431699,14.218137638735161,30.59051549185523,126.51000439442512,0
68.63271966860974,5.282589390860249,36.582918565901636,96.67028831436909,0
6.964114816240574,62.58411949823758,7.536434082277697,80.57620261724017,0
17.48814371759594,5.450927741371958,35.9890877820846,143.54640762084443,0
85.57372589057863,83.64397373761233,13.881228547753555,63.500445060777665,0
22.71795570235149,51.19386306819278,10.187353571061529,85.22522549390145,0
83.704112524294,52.70076245815337,3.3515729649647676,87.4594429633921,0
27.927608845441043,56.15945077121942,71.9115107280868,150.16612546113126,0
64.28819100587077,17.081370630621073,27.882055020689343,136.13717768293023,0
69.4150573509831,19.769030311448756,49.261102134910644,129.87856287284396,0
51.265475314505295,31.88173228730047,65.02296338990536,93.38682675247337,0
30.531067669673128,59.34964158218514,56.865056953187654,148.5235600768355,0
21.264437637109612,21.011777594021453,31.79117359978833,107.36704007681942,0
3.318935456242622,11.633172713326124,24.542860392352484,119.54526740606245,0
30.39464012407238,97.01168864184322,23.577033265287607,103.59390762212414,0
65.3162790531283,2.1981814809622913,51.08934018736221,99.01066857353497,0
93.83048184484826,80.26974053360216,34.13948573303073,94.96442652147242,0
87.1204482263052,78.8035149575022,94.56758202051263,95.80720013161675,0
76.60647765353026,29.7214113845096,103.85301269056788,112.16983297356157,0
78.84473432532987,13.56266160073134,9.350248021773297,107.34399597550777,0
66.49849034759953,14.562864670542341,7.322648839032536,99.37057259592632,0
26.0286857566003,69.74316172371925,49.76682223632017,130.19047985397708,0
90.71950307058299,64.28065910861737,17.921377375597256,40.664938625185385,0
67.0732311905834,78.27456742513867,0.9372659791713167,110.1977449584239,0
56.04406309804399,93.74811723991047,109.75055266279199,114.35477413317959,0
11.098946921348107,69.1927363266592,12.867393254062657,122.93925736510339,0
44.70555438064254,15.585153655144346,132.4518037854738,98.70257117893277,0
46.03582712019263,24.344261676541066,63.1922361510801,104.15840134767915,0
86.45636095226699,84.21937308731145,71.91170688717851,119.71896766629442,0
54.66482201877885,20.93060758342086,11.248604590866956,129.8233280856036,0
38.04005489704097,7.252231695448142,13.341348040111239,93.98928029642464,0
97.68003285106593,70.32800540422505,36.83069114402597,105.33951566255121,0
11.072059332631568,40.2526355490142,9.44313634283969,133.57147928697515,0
42.25484283119446,92.00400525459035,18.223238347809087,57.519458482422976,0
4.202467517140529,65.02550710936616,19.390774987960416,86.1997480037083,0
73.99041207669303,9.041897779166074,8.695646425472725,129.31671957205927,0
91.80765521991506,94.78565672536607,11.482158494523324,121.85075667216606,1
28.003732955048942,25.85572636402459,77.68877132099465,110.44890421853388,0
85.83416767991208,33.72124904062858,9.147839198237111,91.02806253781759,0
29.221823046189776,40.2260413683542,1.4435076507051872,82.36363002029161,0
91.07701616439152,5.122429640431325,49.62551964992532,88.17568761515253,0
75.3961903596784,49.65154222306049,186.44991686135208,130.96016441637386,0
80.49067768414386,12.331849107529225,20.11454366304934,87.43114621689307,0
1.80065556004545,40.097032668835176,6.315346355743773,102.02845928479316,0
96.2810357074026,35.07097879920843,42.24356164441357,84.92584710276508,0
72.66709920703232,77.28400834265034,118.4117908710343,116.85548060198053,0
30.47510953861333,80.3170511632731,76.63814649666406,89.22547439307118,0
82.9394664858847,15.3412882389088,48.711337335347444,98.04812219691172,0
28.152119841492997,36.65511873792262,18.920946046036256,66.33235733914348,0
87.2753839566128,37.33531610318317,39.03122493429753,67.7326352759012,0
11.258039041193701,15.141044393608505,4.7839786728220455,100.15346386643013,0
70.36859774607957,79.84535050511906,56.80720762431424,73.49685689604476,0
54.069847664491036,70.72283283354233,64.56667009569013,142.10173278669004,0
9.653447019544082,19.038178629703474,167.66555688087098,58.76953775775501,0
24.189382825883897,36.6721908593799,15.082110414087612,83.99649402671793,0
1.240403627731479,10.580502485651422,0.9314431924987712,100.33401734535101,0
46.876796546450585,62.820659709304394,39.43980197246444,92.69734124408431,0
30.126526076000037,12.137192454861967,61.34339616993051,77.91709086672162,0
59.83574842977588,98.59341686249178,78.1294997276007,80.84144321009464,0
29.72378077086172,78.06820746878623,10.76738422427535,80.18691845001523,0
29.99191115069847,39.023854958399504,15.173832231660658,94.26556610359874,0
74.31931987316034,57.85639322793544,35.93257596544148,139.03858179034847,0
4.814283597835345,91.13418162164088,20.068735009983506,101.5587459311642,0
90.28949951919873,55.40992803958261,98.48865111197858,123.65800978775047,1
85.22638743911814,17.44984863979552,32.09990943435352,110.13952691656283,0
66.78046832264066,37.87033555811593,80.36666745459738,122.27724795964441,0
59.32215701073843,84.31448650297455,43.44886388502519,44.00071394812828,0
89.23024981396523,64.42130159896179,74.16012200002639,93.9108395770354,0
18.533017952871443,65.07243843338003,20.223753907254263,126.14270846301427,0
7.896916219082861,86.68214856884892,89.0162413118004,88.56528354501333,0
23.95101699095381,89.39730574625047,16.04969442354628,135.24946329739225,0
79.45782787001903,91.97925717794362,39.4937871700656,129.67780307535523,0
3.4670266726483323,9.48491932531561,12.040376821670758,90.61738567745076,0
58.280683508348964,54.41260019631009,32.26802089825743,89.93672961907286,0
99.54375161913099,74.05095212183186,19.14912797912556,79.72788315291062,0
85.56960938375394,75.69268451270138,15.51025311238175,87.40811536272405,0
52.14456890435895,60.67162019700039,170.53969106958553,75.34821871662169,0
6.364090928664234,16.678733518367416,8.722080592699971,108.57622360866011,0
83.13735143857099,79.74205539416643,77.39970189305403,70.87907013307134,0
59.89785081772106,72.01113335149458,207.27650201546476,112.07466032380444,0
11.493299705956684,8.613577154903629,1.0051092787080118,112.56157393800497,0
9.38572848233562,46.380982467437626,60.036804746639646,66.77591189632155,0
90.96268194365923,17.39773995218036,14.578601798370224,130.9963721265668,1
66.92002629380784,33.74770457129719,2.0665137007189136,110.27218588830443,0
82.92867993167555,1.8081092205685434,25.782661141043146,114.99396042889738,0
87.89789002822673,40.032986841075825,136.83622808588007,84.82669596914455,0
57.17723520483222,54.987692115621044,0.5917425378271025,112.44758236946237,0
51.74463517550413,61.95825928270868,44.32272606707372,122.52786899444132,0
43.042741032099016,66.34903451287101,34.79720226665156,98.02783201990646,0
31.69465877911193,83.629131310246,103.32988465687181,140.03844918496722,0
43.459596085871176,21.546290727573002,4.387039302858321,100.88129269825875,0
77.38796557301563,12.048182243846794,57.210726689920435,122.81571600904948,0
60.19234310151316,85.15371718979256,56.98885747821575,105.8601761451731,0
89.2523289954846,15.661281489264988,55.29393378079629,111.71043065713735,0
44.33800143791877,97.47600813361953,142.65480583687463,66.57335464730455,0
60.7089578718754,84.2538229398637,86.60500914419642,107.42107476430726,0
63.130755309198875,50.08766058895991,2.1439515971052345,85.30049797485468,0
59.16971623063255,98.14214249220252,31.846173848926234,83.07203388444624,0
70.26337730855164,9.737672910800422,25.370992849078654,134.88206368931958,0
23.74334683748063,30.306576117510165,18.56385340279301,95.72459503875302,0
51.23637775457907,63.822441504061146,30.013518418284423,79.93396338049007,0
10.422480280834767,35.00068684731787,24.24118002075716,92.81736743782251,0
38.45113276448126,92.83725519807918,28.311094250635826,73.99099542156172,0
48.76670686212644,6.562608817781756,193.7890516213698,128.6776893639254,0
65.22242595454725,54.941183206096454,4.640479056669409,86.0863851166697,0
95.05310525862035,59.08662673951145,127.70053555485615,110.58599867887338,0
60.06510665483559,65.27281237772242,32.71908946317213,127.12213428420651,0
74.35939161765597,25.566622333181442,48.87404265817186,89.99694637570542,0
50.626605949520275,36.45664275198644,88.65168478763064,110.64044864545572,0
63.41040313763313,84.36805296649777,22.350542375714447,79.3982789019114,0
7.093221613377343,19.494276897015983,28.142969092857477,148.9153913822737,0
25.439158084184697,82.68678471733621,26.340846990936196,118.72760269233244,0
36.185309320513866,56.26554229027424,23.47866789414759,96.14787122478388,0
47.249335500651355,76.21875111940821,129.86749051110894,84.54332538222073,0
4.564874550238374,71.36073662634715,88.28409067401651,97.72006894320748,0
14.002409755331769,20.7511495384879,5.77054200670983,93.20032555296962,0
27.68143077913058,56.88127364338729,5.721372174755326,139.05889107999013,0
97.15326909010507,86.77231528050923,27.919409636578656,75.48930555570195,0
33.134700710305076,43.211623680192936,5.193491183061383,102.69602846580406,0
48.20410581120825,96.65907702233167,48.26001391280245,99.6332386673258,0
19.609771273839293,45.221510010171805,7.756234791611584,97.65179399310261,0
61.07800710757682,14.278563666788468,36.94628692507776,97.82766690123316,0
28.068321551597432,38.94346800776732,0.3623068478638072,97.67858379759033,0
20.699257843842677,95.17024063905372,19.033479802507212,117.461321326642,0
51.65726284459791,31.97208493398542,56.53468029628434,112.17968892984871,0
0.5505799160420821,86.80981598670628,33.08619909530443,108.37823222745573,0
0.7664032649225327,88.12506816818897,191.45189155061652,39.32021275709462,0
21.906880910185777,35.01865243319611,103.61487449128613,105.99589748326328,0
3.672136250082114,8.325765805063213,22.241812394113918,66.88721279659835,0
10.802575413069137,72.45579091588182,2.327676791715474,112.9264032627165,0
33.88606493387516,31.1512299013986,93.41894967165258,129.4899473514103,0
80.25856795798128,78.29236142575724,121.08775405322352,81.47521774822899,0
57.204864336930086,44.26548482604331,85.91450178299579,94.76438555314587,0
51.26677259564164,48.52667423426216,6.845422475939164,88.01288589894006,0
29.348882320812166,77.79094067485369,308.65254460672355,124.70863551513602,0
93.17537194328163,38.23633310616279,14.959685326457725,101.90055770544146,0
39.70150412371917,44.31273453229145,64.40485633599202,134.56658761132667,0
8.70927667957715,37.619046876962216,119.31729322058871,108.27508405894775,0
61.70665161178013,36.734051527728,13.438901871816759,104.84900361271639,0
11.38383934766014,52.594657690145944,119.4390517690789,101.36413565205673,0
34.52231428016921,80.87994445011508,18.51563145005537,116.35984198514673,0
50.74119387178089,36.176831192256586,187.35344972357984,65.24627603509313,0
87.42225246851758,52.42547205377367,16.512781418334015,101.7068791104102,0
49.35465803401187,67.07273254426008,153.3461902567173,98.5990711254407,0
70.22587660316643,26.9439446303655,2.751574209342951,114.50837654315532,0
99.28168389990704,27.752280490239258,61.76835984831149,96.24596788251927,0
13.148911989798162,93.34131270234548,37.97622383637805,79.2253113167466,0
27.47315255195195,72.35345733310886,32.49261171911968,100.14701349839399,0
39.45760755976464,57.71866762233089,12.64756570741324,78.34318942263313,0
42.18281785388314,64.7720054420612,61.14007955993686,61.49475574825029,0
41.102107526554576,2.9299443103418366,10.58604515884479,114.54244962970986,0
90.76110025565549,61.81029655616969,40.242141150672374,111.58123145389341,0
71.40326444668564,50.95088732242019,14.600930619213697,109.3418188798715,0
60.79052140907037,54.574967977943565,155.7498726061122,126.05856843891623,0
30.93727178627821,35.94238268308171,1.4524530915993474,86.6993621939215,0
82.37903842212947,8.14738977129419,11.140197956060595,71.3777171445749,0
95.5060511484989,19.33392336120522,13.874087413926045,98.59940446383911,0
82.11982825502265,95.07447132126717,26.727561986751073,93.04999400588179,0
0.15651051914729042,40.8699562270934,13.245841696692201,83.15408566459863,0
63.6401370183407,46.66831558308642,33.799666661148166,98.40301693024408,0
5.1135381442100725,5.270978985343899,102.96842725606695,87.76789707590831,0
25.760722033372186,3.756622954398059,62.250751816148565,63.27989433286338,0
5.952470034777169,71.71814470467577,43.370502463309535,91.17646618412479,0
60.37954529493877,53.80946641211113,4.6607935091727555,77.27249666592286,0
68.65899134926067,50.87059842162667,59.20721938923855,104.63296143221845,0
11.448763806590511,24.312453042266867,9.100937190977964,86.8793048351869,0
38.38388830449795,74.47507316299222,77.17487480532023,122.23262948282104,0
45.6236508955542,16.82365791084919,14.387887666452192,132.07732134535732,0
36.90530217609166,18.993474366102003,26.98258390751879,113.58762746023812,0
12.102500048519305,46.07121713482755,21.575328302268076,68.97947636033359,0
41.89477901874754,28.62798621119409,97.88382523174418,130.1039199775808,0
75.11780478084181,24.746298123314638,6.7649023956937215,131.5144090074753,0
7.100766453325546,64.52376445533316,41.694641805365215,100.37581022615882,0
8.018001408190345,65.09717452185446,7.661149397501757,126.45852320671064,0
35.47712918359842,82.45170697999292,61.00440405560138,88.96649723906644,0
94.1725711618925,41.77085669729759,117.73505617864308,62.67508130300821,0
66.85726467229141,7.308509102615024,28.51176854491016,84.79431122756813,0
67.86699566725648,27.366638492145768,33.48054330049398,134.58601732089514,0
36.1919990837865,98.00054631968169,131.155247936872,70.17840152777053,0
59.36607912085384,59.62585752327021,36.80183519826492,99.99042563862989,0
1.0131184027743378,70.97370848010203,33.432333033061965,100.68287786680425,0
63.60960464095422,0.7357829625414536,43.176506671331765,89.74051512064376,0
91.32869475762368,51.820573218252086,58.43506709547203,91.1295680032577,0
61.25734683448192,3.7528657531803122,5.651905381313103,101.44498268472405,0
87.3698593466345,56.9230212091448,86.04935686364472,88.75675316130545,0
72.39730554660937,92.07708496360753,28.59119007304411,71.55883005664137,0
12.055841640369025,96.84191305004079,3.7549583095396097,104.30063885886912,0
90.24533072858418,54.055267538892416,77.13166114317971,121.46733164889945,1
6.644384435577488,45.8204805252216,23.656423057475617,117.39145037306842,0
53.39674725477638,94.5017094248494,5.288446346487522,83.80529065220377,0
14.213712379345766,67.3609831996695,50.22592053248395,74.97544169244648,0
1.1706610730904066,6.489927953840946,106.06793738361502,94.31624235690443,0
42.2034260127639,46.57255776674975,109.35290085578248,131.35583019591328,0
29.504070765415623,24.02450184643039,158.1052542910363,112.91196157919092,0
48.6000493797603,46.98043214486815,101.136223839527,114.07929353588467,0
57.71998867345508,45.54655720063617,0.10716071947758632,117.79713903570989,0
4.373907230894735,58.2144802814742,23.921242735035626,108.41533125037172,0
12.300329512374564,35.677049034925126,85.33671264152215,102.41217095227157,0
55.86423964504254,16.427044945592804,22.80527336404259,113.24613793295936,0
34.316735317265824,50.37194345899563,46.008475528446866,89.0766779156396,0
72.9173487549448,83.0202884345762,46.61045641881864,71.71073977267358,0
65.22916485919397,66.40122280676023,22.708506488173473,114.45993869248646,0
84.56043629899068,33.836786592521584,117.41780279976342,124.7547621149845,0
69.24928266692253,93.55230227588572,34.9812402960404,77.63536121287937,0
42.99310773901481,91.22075712491822,31.254263001169573,116.438429648318,0
67.29666223944324,20.934839938409876,299.84889914796776,133.6153142677638,0
27.538117425541852,3.9417585120362975,34.011583704723996,99.95507596485758,0
30.63134987782127,74.13087083507622,9.82497463635685,83.63995630516507,0
78.89851599207933,82.76102613491533,35.981685907102126,102.46037347053512,0
44.64195164015822,96.78645659513553,84.10492926153067,88.98932063598598,0
79.83803405183525,88.98363940883107,74.99786834050133,87.66539780087197,0
82.24223736682784,60.053476820641485,77.69584757504745,108.66368134543086,0
85.75623376612837,53.00523392123808,61.55414660394483,67.92541049940209,0
91.66352358412072,2.784105126258629,14.666085874273763,71.12142155015546,0
43.098522051329624,24.665644684477783,99.05555486086148,100.38581760747886,0
31.886681832113883,45.96147517329264,111.95397965708831,99.55382922175137,0
58.21987465941139,62.85039000835678,10.7930502161176,106.87109154079872,0
37.117242343762754,55.725183331841066,6.989296234841764,137.50450776966778,0
60.1074166800233,74.26359896816905,185.66878990599204,102.09028072151642,0
70.55858626438246,27.976693088704085,101.37053215659631,111.96344300669588,0
68.84050184921368,56.49526076524732,111.85679333837601,80.48934128770736,0
37.45528870201213,8.814224339079214,108.7431956236006,115.35875327033074,0
16.68602016987528,41.366552358320696,39.01012691133318,89.47218269778645,0
43.05293384622075,75.0160832954601,51.97969298079449,101.42841665162186,0
14.259414408190874,69.3400853429044,39.412782770104776,97.82302749861677,0
89.00970351838083,99.0642737172179,2.62819712860607,120.65948469828062,1
34.58774607378574,27.7891125987756,68.4233283129326,73.80046891250001,0
15.445974722332378,49.81892991739792,35.193425794958905,54.33522730769921,0
2.5447759905750877,32.95304137739967,52.16489763336649,95.73134605824151,0
64.58223862864843,44.060311405917474,34.92203884509062,109.37062513810248,0
63.69023174547432,85.6950129869388,33.845124380461314,103.04538751615,0
34.060416658129164,68.42090751884867,9.424372916436754,124.64408474827823,0
7.171188884765101,88.24411913475817,16.335957706437355,108.74745348359336,0
40.9628894895232,20.351110833188645,8.649423806794607,88.7230333628028,0
31.12174950633936,87.3361117841438,10.887052036119517,53.491596917206394,0
67.71206397350093,5.976227417838443,180.5540500746885,95.25375531609563,0
60.57792494526903,88.85992804371524,8.309426581925972,120.55918004515595,0
36.459372819754,32.90737794607279,15.685591258306822,92.15904434665771,0
21.78925542549901,31.458763341406648,44.65186720387048,100.56640527355529,0
98.80359661555919,51.20885766986639,47.1033266253665,108.42720508613417,0
45.40016211961149,94.06901877232318,8.360267017221855,79.69415251500368,0
68.82742357802371,4.778136468140537,78.92541653255046,112.46471793277635,0
14.055296757836079,35.22309750707453,76.90306339930125,132.74243580003412,0
48.55896996593978,85.65719886833357,13.545686131043913,96.54373296213187,0
2.7536719869465487,39.60544774354668,17.03068120429762,77.41871156335397,0
50.545511791044994,19.9156897597067,139.0212597346091,98.66797945956053,0
96.40174071177023,42.47941813314118,87.34067593786787,55.51231782782263,0
38.420671298580025,38.55525014916693,59.8328205698632,106.73806527953232,0
3.8996012574911587,91.54162014667034,4.290598728596499,109.04548755297158,0
3.095579091934353,76.19343757430971,27.08693407402103,133.51272587691125,0
38.798675994686946,50.51155557440063,40.96975775525792,96.1201041486675,0
16.002493646319405,98.8370566721571,10.376509335920945,108.16970676292941,0
2.335209632818591,46.527753127592334,29.730889590331856,82.77423795228198,0
75.62136139501769,5.823783082027523,45.94293600284421,92.87145758949842,0
45.85230088818907,26.22743218149849,19.828490451212506,69.49629126675603,0
28.924477197265453,43.60704802193126,75.9215806320846,96.10420757433529,0
90.00831830164807,15.690262414612011,91.76976520645547,93.8938169296287,0
11.613896020052561,94.7565126324043,19.54923309051985,105.98399532177791,0
95.59188289553192,76.68488978177731,91.21118514570881,87.52806239334721,0
31.396671737735282,26.828720042777267,5.467119758241084,101.66690701950183,0
88.84036723086813,59.08045335179158,90.9244054823221,93.3323988878467,0
60.294287647946156,72.1449157109572,8.28799889938597,93.37001223400972,0
82.67073597414874,94.1278928906798,4.32841843896165,101.6072465192606,0
98.40131632104642,88.16353491754107,51.32975636970135,100.8104588463402,0
28.840543781874572,51.51922261382137,31.92701884239309,115.22348078103278,0
96.1135485407593,77.46526197930176,119.23891412179515,97.5871393174033,0
38.94818949024204,56.2144753827585,22.564133932907346,93.00229301753994,0
38.55119047369223,55.27038900455401,16.92437172910149,96.38385109825548,0
34.03871042545057,11.47419583381919,34.73090370410136,85.70671766318014,0
54.14076073475852,12.613765801615207,30.435355689970038,92.80177812866657,0
15.41450431784871,52.95336150224574,21.11236062462148,140.6231742614646,0
55.37114853580112,26.886154497900662,59.16625525566022,81.74642478608266,0
54.1704812410004,2.103690246046863,71.26461640823935,94.42687332241381,0
76.190181260487,72.28392039002122,95.8606821966311,92.25022673460619,0
83.36499619375856,3.248659669016496,180.33107648062264,95.05656775511201,0
44.044135031242405,59.52768411040545,15.507032247508567,93.3752138224321,0
30.233324935149376,53.91937941273144,62.95551293521198,105.58480202442,0
25.933489731709447,96.88146905778045,25.065075745680687,65.7964979721641,0
19.462383670487192,48.421313934764164,56.517838554911705,120.7434294506401,0
5.764758219902488,6.360143637779736,32.31143265949573,112.65165599284394,0
34.244797883471335,55.16879678064617,253.9438553415162,75.1425682787373,0
27.024769213078326,84.10961706161014,65.2637700374065,54.61845454095197,0
96.64173858664074,99.68492842814399,152.34212179800818,80.45855707717197,0
55.77088262500439,43.034317368907246,90.081263675484,95.14667077145755,0
34.72770390305075,32.02987424967425,116.60121586840151,151.60583797381548,0
58.0467600993696,90.66532969519989,84.21324486241744,110.86513929948546,0
13.91967013456955,19.124212907612137,30.73150922895464,63.84820701637085,0
44.40437492022029,61.542891503292665,14.503476230575158,86.20688990198113,0
62.62343214210638,40.57144241809477,23.127190189120107,98.93575127454034,0
48.889783179245136,4.108236495555529,1.0221895044935487,105.07367108596193,0
40.177880065432426,34.72884743056978,37.11615353939552,73.70502279379154,0
99.38483888996981,26.52285225026746,35.16571457272172,97.30019544045877,0
88.0314762148927,68.60911539434869,37.24839541980207,85.64721724778919,0
62.34059581594401,94.87904976919181,182.54302115777858,77.92482874795367,0
56.93773611822828,26.804718737863777,121.21165635050639,105.19191293397908,0
62.06604798245841,81.14659391516817,8.819724530073847,115.47754346885645,0
20.131210782243325,5.535981693840952,23.013162778503773,116.82082553923239,0
39.51377432643186,53.81210100398132,27.578577192962626,111.48772702267752,0
3.945953289089932,7.055006370989458,22.356006682281567,90.05260933719474,0
47.554603748682666,93.40329911306394,80.09729330268325,114.29099522927012,0
54.302458395766315,76.63512805573902,37.12082831298036,106.18108876208576,0
22.77497361032096,65.79499112045923,42.44326639115644,102.67883765904027,0
96.40288471655137,82.38963816246643,95.87074672353434,87.76613756596403,0
90.9454610937242,64.75197955701631,81.97634226295658,90.06247745316944,0
72.21432354559059,96.89443971742911,7.090364195206476,101.47773872249108,0
53.33866287653626,71.39579478647715,62.57324278505969,148.79748933971,0
86.99691596476849,92.46586095822468,28.585087773620383,106.02484960182781,0
13.065234382346292,51.713189201063805,17.452979514759416,87.77622995499428,0
79.0509794274885,11.706441298186265,2.565655302989302,83.35221110061114,0
12.48208139668483,52.81777214230171,33.39830122928728,90.16466774687595,0
79.42106625494054,12.68728280630933,21.95911079249906,143.54586895098132,0
27.576756825135696,59.249347917640506,14.485074817577928,92.01486708108075,0
87.7090581018189,48.24930605276629,59.31838923815089,118.13741069220569,0
94.40420938253979,62.25753978327817,73.37205114804335,92.48143509057287,0
14.879596940511563,1.0046981054831594,14.037939292165829,105.22369082559257,0
46.267560506539354,19.484049165536412,2.5355908938550975,115.83490548017444,0
98.09873781626851,49.13304319121309,94.44195186036742,88.56194300380152,0
48.34074359731466,95.05035615891349,0.5004835615059888,87.1777669169446,0
86.35475225145451,38.360904035515844,138.32038832537657,133.1773938891066,1
58.87315221313199,42.43720260536347,49.39200511519047,119.69185789791594,0
37.53299079196019,71.46960890066222,19.419090742676993,115.81344637381457,0
28.57835555258702,60.3792757286118,14.149847213035038,115.74552586245828,0
20.322309108608728,29.892615009833325,0.45232301871557323,109.19150976622132,0
76.17981913776973,41.08163955674278,13.424793324548432,140.3555162635013,0
38.65405068230279,21.769979885723245,7.409243126317164,100.87816603754314,0
51.12754622007512,96.60214591302085,47.35892175378376,111.54524734401839,0
49.23254800011819,13.063438155735973,9.108813683031086,70.98174142811975,0
57.727902923313124,37.18367845664194,37.60557930318979,83.50078626817518,0
86.55771456245522,2.583897222001119,44.5941058272461,75.9836200032992,0
98.07393435834294,22.17794919335464,17.694063803755828,125.48127167032298,1
40.758420857381694,78.04711383801549,1.7847242295411483,48.949196959585,0
82.7518922106303,20.117523228887947,1.8982768527624327,91.95379954494555,0
76.45277946547176,8.00634025289656,1.3350321416541824,40.125867946787544,0
57.352895145557326,47.44531798445233,67.18563188177978,83.3742420903622,0
95.60471436119332,0.9969234734518495,19.136992558645495,90.18102100536268,0
20.04745155284028,8.476615442633317,79.55539343492798,127.69742187588088,0
10.92642103096214,80.76258695629751,28.25817951484384,107.93255878442915,0
85.39619669554222,77.14733448596064,30.165150229585556,83.33716953342068,0
43.91498166337483,91.5138820404896,35.96250611708955,121.31927439463652,0
84.69688542070605,85.45154359107495,62.41913366619612,100.35664509059515,0
89.30902051954149,68.3175563239818,15.976037034333917,100.75133717414505,0
6.245759361907144,5.233285730066283,6.481940330777755,75.94656984456016,0
88.34647629860606,78.28486179866574,40.60299291012195,80.19972572193721,0
44.831905536942216,84.55108108405605,19.798835031115367,83.49805400108951,0
51.04324890042322,79.90821457719545,29.213859745236835,100.9292254630838,0
62.659251109321026,50.847903530802604,52.05681327801784,101.5577145396135,0
92.63826067300867,23.290183864948165,34.073357042758644,130.88185327048092,1
1.911609442976403,84.53299756887267,48.41590123927356,107.70110335875668,0
47.68434683178171,72.71628097401384,39.28505834038679,45.84868612655784,0
68.77220424305607,98.07611743888516,67.314538481734,105.2528397574338,0
72.27069576982285,15.569259775593292,61.19799744319414,70.99967287664934,0
69.2532431537108,22.566458305205504,38.19886105279653,80.68058150776928,0
13.443512940812186,21.17981498815027,56.800604288901624,83.75661056547341,0
29.93955883716812,79.25397676213368,103.3992123028837,86.73323352975396,0
35.87155254170135,18.690729645011817,28.305579685140188,72.49701215919394,0
80.4437207679505,6.665982982330609,26.61634583254755,104.06964006904575,0
27.875987241455302,99.85608065856286,72.24823911267598,71.78395429818082,0
21.070496386720315,2.4817211445149145,43.67998470024549,107.13335214499693,0
95.74480190380962,83.52440601588657,3.6826919302303787,144.7394215412326,1
0.88632851134689,36.53668415506528,111.33308862142684,73.41281882131872,0
99.78208556819781,84.16154597578152,1.5633427719502764,94.30979391321556,0
67.68212988573956,55.4620491211145,68.99501358937611,49.5308527497506,0
82.84692994491171,90.16312294863602,71.10522652225777,93.98129414059734,0
29.461939634619316,92.61929864146266,152.99869957115965,112.85434305262967,0
1.4315277667059978,0.9098181280775997,2.782740039411961,114.41278462714534,0
73.78695185615301,7.541217599278827,45.42317979704121,101.54727460568193,0
83.41445970006758,25.035872957085548,27.916880187915588,117.78526849517951,0
74.04761319535191,66.93154163635016,20.07113609306298,150.92109071885585,0
14.285028730083859,88.8272196511506,4.733040351072832,134.246093748752,0
75.34279222569691,45.994195129396275,41.351545439089314,89.54958141180727,0
76.8922782107641,60.697311627426544,32.60417042827388,70.97792027066524,0
65.85405156700548,18.849985279556115,5.521693622643432,91.87697166852394,0
76.61159327955862,80.49668338816853,47.40061760481053,81.06034468765304,0
84.59214396777321,96.73281113534698,66.96159304474334,109.02695095729266,0
61.360411423745845,26.85989329145975,72.89559822167982,76.37612921141005,0
8.860471396967906,49.48259516005463,117.89072104538548,98.54355134819316,0
48.76278096672109,8.61161105063738,26.336804827150832,116.76028109072621,0
7.764933467160507,55.91366564629684,152.957857281726,97.98608254365647,0
40.75430310324308,50.27834418466806,100.28331741811158,81.07372354504407,0
40.71064891256276,14.44364841550776,17.58448177921645,123.49628115171384,0
6.600984414024158,44.2066213118075,8.675011211342637,62.42038110492346,0
34.88205339694793,33.410465208656326,28.580949106382974,93.44409888245073,0
11.099809879131485,52.18308753051893,25.69975773432265,99.1667995323733,0
80.82352100092221,58.565433542879916,42.86800135288175,100.31817316799263,0
94.76880259644707,0.8495578607209509,43.77978515001458,103.60992112156163,0
7.231647525793861,76.10059829495553,69.31211499974978,112.20879639618987,0
95.51152072917014,71.30142918617408,35.65626587982516,99.29185121909298,0
52.25765993367452,36.62863862065222,5.536670689652374,92.63883435712638,0
29.95656779538739,5.2935935568818255,97.69909938703279,91.84821310680609,0
7.686207527616351,75.49325397850504,18.536127789560094,87.7696839592329,0
50.06242680704178,95.51751604781325,177.53848345360768,115.7508664865373,0
79.45155444907486,24.015159602201418,6.270231430653019,87.0694304104697,0
70.70864772666981,32.35246137370379,158.8041952752339,116.93542218016489,0
5.022601146397376,18.381288948181496,4.771158687933498,100.37998164519742,0
7.290183536790352,57.693612334483966,13.135565200496247,89.5749038628774,0
40.28732826326371,15.484139464745494,2.384984906728067,112.3681443148827,0
29.52904940479433,35.619394346137945,61.05817720722169,85.45092150553764,0
23.238432305604782,69.70130139342629,94.95567739289893,112.76368081456425,0
28.10044989087136,56.01159830093484,28.464339745644118,104.2545224238357,0
80.34827432968846,38.64625643279352,131.91833094024582,88.07350621816158,0
92.92280536318539,42.02496018075419,44.61639143816697,110.57269630669118,0
40.510269452756646,56.21108826232295,49.7135779260214,110.93179451377277,0
90.61110021324971,0.5864727887161303,93.35191765027581,123.15039211619916,1
32.1495701247882,7.8509868453609855,17.605711210469526,119.32294024818592,0
47.64369863437916,88.12580677630116,21.868359657239548,109.82548041452566,0
22.602899781599973,7.787898909129076,118.19745647766464,77.44818097582474,0
64.0476042175844,70.68035962105051,115.6133384964712,148.97173976348114,0
97.89811151748088,92.00381641090526,187.50110993348954,71.9276757785638,0
60.34930960433786,27.06836043017311,116.05696637809204,118.98526348564619,0
35.78140841135489,37.04914370595142,6.812298604376292,108.62567633772596,0
64.78174459905284,56.892140584471626,86.78529768365317,76.51715255037772,0
12.292067846538757,88.17089696385847,26.367950681674003,97.51398122243002,0
88.86590802653987,94.19055872604201,234.43495956087358,98.42494227510718,0
50.30839507798363,73.9563248111268,31.959563315879237,126.11165431621046,0
44.93497420396421,8.661976085469403,40.353443323101295,85.73378199439577,0
58.58647884535192,66.91541555348508,37.72718976034379,94.76109987151293,0
62.47838627894025,41.03037218726621,19.41101023373164,53.27860789957474,0
7.177580622651303,47.07009994910616,3.8992710819538345,134.69525586247153,0
68.26172212234025,4.914839034517704,113.0008218317257,78.59063513959858,0
24.193168031552958,19.106213934635818,81.14536405509486,106.5382172847835,0
71.39526325065899,79.05136075336478,7.513639295313402,97.97184340556272,0
82.25347943841967,45.395883304785976,74.97724525641655,98.0399806643332,0
80.39585075525203,30.166224163114887,49.1544790883055,116.1972396974175,0
55.25009674078891,38.401907396495815,26.309129357310425,133.4252492060727,0
52.016989231075115,85.43995133256801,14.65290145871484,105.02987339883984,0
14.287596133941172,74.8999017404957,98.2088734872008,113.10156035261052,0
77.53461504031355,27.231539718108277,60.2300266143045,106.57783073454081,0
27.140938044671437,11.750184021237331,39.674892155646674,120.35062847861252,0
49.669542281794655,25.19982216440717,47.02514140229245,90.74167241027345,0
28.42740929275167,92.07564510547337,4.774149751320714,121.50781108832828,0
13.382836299969314,58.15888378497554,32.115076604107045,122.20999731294768,0
62.95576968917366,53.34802087447829,10.764988020688207,121.65074017365819,0
5.4332034822903825,59.63935996924615,11.683922387059356,86.79704265327048,0
74.86452341262,36.60282657465152,54.13261088706778,96.63324731525618,0
31.758679526111667,80.71070203195127,121.10005847358951,104.7893397756087,0
0.013469300448532007,52.32862493002498,25.855316179859066,72.58315910341989,0
51.11291392372298,11.674790276879554,11.64386813936405,131.8984041617203,0
4.6851908527603126,12.906512482906296,52.31241693806241,99.75446932995648,0
27.616955782089946,53.685914650261836,102.46969492772932,105.67855775209443,0
70.69764874557161,93.65702180708392,68.97960380920968,88.45991120545594,0
6.268962162186586,30.835212167619876,101.53532344152359,73.46244881265955,0
83.93384923560023,86.95411688592183,38.45334267457681,87.91940229050458,0
0.3819922658583108,76.40955865788793,69.6913821321598,104.38408375267177,0
24.682386920190226,24.781244290690687,7.544898078721142,113.46857625507387,0
74.09040561520715,3.6340748316242455,21.406599749396072,103.2358308120544,0
31.627014972930677,10.184726514238275,24.677876008773918,106.934480324839,0
10.189238806601352,72.84939338474402,35.799888526026514,93.25947250637246,0
36.02339188004279,19.96697380406467,132.30757386386264,109.92497132490857,0
27.039328638452552,37.12709205053938,103.69148993908124,129.65665732771814,0
84.27119021605549,50.16991660064248,7.223867931442972,114.09578884877973,0
31.334791758514314,72.54681684501628,9.48481327464748,116.1908377650588,0
78.89324717760073,11.323122325912538,22.130362018347196,105.88032798613261,0
89.18721448107347,40.636640527746145,17.176927830199872,69.93689860800797,0
43.381741957652956,48.50729091426954,47.69585973631661,79.10666938737513,0
90.9943143854392,54.08270639715397,116.53690878486185,109.09751601327687,0
37.73180539631929,81.83606413952167,163.89354254377605,99.78121896079828,0
96.40784164901082,17.16781950432169,53.008481290762354,108.79685772945656,0
8.928952452557294,80.78314518266222,91.05710758191616,133.52846835688146,0
68.70192665032427,69.28784276966522,37.243312513668094,114.52071998458668,0
49.38140404569287,55.58708141989593,11.680339204494192,125.17772411485643,0
38.76488054556471,69.95278704025719,37.1892357732352,101.8936277894146,0
63.27118787486009,41.20177389516564,40.493331762692506,83.8556864503112,0
70.38570916343312,13.839758596812457,67.8285386642792,98.84267681571318,0
0.43632696503090873,66.57652402653673,12.41556786768238,83.90496372561725,0
16.69530887471987,52.46723066856222,22.967855818323084,131.16589913544897,0
71.30460506343186,63.93748005427755,22.6299953581848,115.80782153070939,0
66.63854135782064,33.799878102849,160.24814764075373,110.41024993256559,0
96.60475051286772,90.6866577339836,29.34439987064148,124.71886404456207,1
76.1037790250783,58.736986857557696,70.34403410000598,59.598871709535494,0
95.0772707731338,8.540248429087383,69.47725823794235,111.76275902685319,0
70.25405015348069,44.980399070442864,15.431272073944074,73.78708431391254,0
29.805220863944314,75.63560547436343,42.416383282769296,99.85488603068677,0
10.536492225085647,79.41345617322723,112.35888797050451,93.76584815065571,0
78.18238633449356,49.45970527637588,32.23668479073641,113.23473224193896,0
64.4149221475916,89.4747570831301,145.128043822643,104.5637457792191,0
4.818601239329623,26.766843719429755,12.069082275955498,126.90234347223577,0
36.005046590097834,41.05986972382666,3.8526439794551575,87.96205678134773,0
95.67998154842861,89.859691056897,111.02900320191497,114.18228779266568,0
50.04011457102012,89.62567164715789,94.08897863714826,103.24446433797664,0
43.272913601970465,68.57127688246808,245.24540483717095,67.29419459856895,0
45.7699605159294,85.89805471222202,56.87703637242382,81.62767082953934,0
20.88827240051637,8.877326695623267,137.9839618031235,97.00243932955664,0
36.87071708647952,86.49949762077763,87.70845375964682,122.24584899783456,0
36.98132559871766,32.061990655022676,93.03179587750738,109.27446115114229,0
5.2355020187472405,17.833151242821632,42.09878562839343,76.64998352238571,0
76.75676285179182,23.936983634204633,24.092847994418204,97.1936754390568,0
41.6504431903879,41.79685080138871,136.32960666603472,140.3561289758606,0
82.21798868164232,25.119200460446724,28.292008832057608,102.22446669681716,0
85.03480011198954,32.0567586016499,38.69827423191224,93.45348849855209,0
21.199405469865805,13.497848607164208,29.53984720374051,109.83479281512442,0
65.73534821701286,29.617676555899852,41.5995833017938,115.2678615916394,0
47.22818041629817,57.22838145420012,31.791585302008897,90.87663305039882,0
88.0156737921485,44.185370809106395,2.45780838244922,110.05149548742874,0
21.57406791764541,34.67187612359112,106.8739546956967,93.42221006658382,0
67.78132003100443,74.6452128857114,29.384777155111095,114.38655203658877,0
60.775212225272256,89.3509971393318,44.45124828148771,103.39386315942568,0
29.53014775718328,75.6789222902397,7.493946000826672,109.63935654105785,0
13.660090365117261,33.200070211767915,0.16967998669981063,84.81632907664991,0
65.16397604772766,74.44421678375537,14.071091677997469,83.57427231854281,0
73.85974581323308,15.19801824740512,60.968881270846175,118.9099460931879,0
31.562734376335,13.031798809129091,5.223297468017495,98.41207237229013,0
64.48326040223138,34.562703703615895,119.78298089945642,105.70069484198723,0
39.51309076115032,80.7702369044057,12.105015619262483,93.87209145826961,0
71.32068832826177,24.634824724230185,11.445105897138985,117.97453548027288,0
19.92152748940531,6.325340889867959,10.01458046531081,87.84380039940685,0
89.02150026361744,13.170953520635509,0.7040188934651682,97.28797520198235,0
28.74095964655797,85.87449685295802,73.87784026871546,115.71985625406263,0
36.77859877561529,63.37832847472876,103.98589149029769,123.45935398328533,0
5.8091952080349785,25.320116336997668,47.6169753872871,89.52481417946633,0
11.15122123212764,55.52958253281813,10.425062600501779,139.19367963911765,0
51.58619027123281,52.75796224253504,16.793080940172764,106.26483387387233,0
26.75926767279715,65.54359784406613,32.30618569599913,79.14143476382525,0
83.54802257421944,23.31875544216163,154.3331496461283,107.38104097179937,0
1.4693388654953843,86.44029871943977,14.207839466378891,92.34001571033085,0
37.90940486719362,30.936856208001284,65.7723958264518,108.68136974366354,0
33.73455467690927,69.41316539762369,28.941683240466126,99.14287504679324,0
1.9327630917601035,1.612464637221489,17.680222305854393,101.48547380380289,0
12.436839900051023,37.26571298941472,30.43257582657323,81.76813246827709,0
41.36426749186353,35.17098179588083,3.69345405597385,119.8012246143272,0
49.28645844474466,54.348442858301446,80.14481053751116,76.87745265697936,0
40.42897472548691,7.27362617771965,13.93954765838881,77.8247020919001,0
53.093767841209385,79.01313737261083,64.62419675884978,107.34720698294973,0
59.51316749056815,21.778080176756852,3.5398161640306327,132.0568849435594,0
0.992382112783563,67.70378148820102,155.1642664042354,92.94813805871186,0
46.409515945350385,80.32121232440932,10.7225090080279,114.01944645407931,0
96.34992408875883,56.18769562415131,107.16896468078939,121.4668035372709,1
51.90322801295487,74.08832067219855,82.89812311815746,116.29368874588138,0
67.75422674589532,66.18603122150056,171.88257782770452,93.77583421652638,0
31.18638579168832,35.55297971520076,32.493912562190225,78.17906565611851,0
77.39913781527625,80.88585390335653,64.98699162857213,55.8490486865729,0
77.2921481876115,29.4701369885528,23.15820616710112,94.74319001075213,0
52.129604765413895,57.12129177515172,10.189614897743914,123.56174737124348,0
97.60138232792136,74.53977391415395,29.266318659178165,77.51668030476132,0
12.555021476265338,37.89559098125076,9.061049055787757,114.0041969503753,0
1.6947664889580993,30.276760761742505,200.99328213453424,80.99694939896256,0
77.0158211757096,45.934601017282276,5.0599311480737885,102.12145152773677,0
80.71555373648826,81.79634943491536,44.483866971886464,114.15583228310035,0
12.020722912057625,92.99217631456648,49.23702530049837,86.81009126323144,0
26.55828329586061,54.50834128598901,38.61812867232698,103.40969361393829,0
1.755236336662891,66.14662053236519,54.26297462543279,91.69817326549342,0
29.33086107805647,90.32736222389141,6.175136693828227,114.10297317876353,0
77.31418739186715,9.85468514129424,40.48613125549813,104.70634336969275,0
51.79605277125789,23.207857786616504,16.928601962139435,101.13015348858535,0
34.80955931682881,70.89000062515825,140.8174709434686,131.16699920283955,0
37.17392949063303,82.37444619122996,71.78928577562932,113.24612284736604,0
0.1353625715468154,85.70290283305779,179.70480185076855,86.19296267747421,0
29.98005275652359,41.51071768549326,1.913973439628279,98.28272198404477,0
64.64587416379305,8.933990229186684,16.78295063152441,98.48202429840678,0
97.41944438163571,43.778147729961994,10.871904587253587,101.60639145250424,0
84.70608269838995,23.07345902070538,0.5608633130978774,150.4901855321499,0
2.3594964645529126,29.11964549966242,13.875085448869065,107.41703785421994,0
89.85606046748393,77.22675568375058,56.7808264298871,59.28194859790448,0
78.3198413298626,7.552708602588687,13.13899748137681,89.1440205656607,0
78.03761235709804,82.75812174807021,35.5659084244223,61.35255825008383,0
45.79957590035715,42.76690858241691,109.38168756896796,93.4040348590832,0
39.80052929545028,59.60639311005951,59.16896899109821,60.25379540547143,0
30.29157288331926,8.9652231235679,25.09569506158166,82.56819057863144,0
6.569485895436578,33.735907835727964,23.29810547298049,69.5855694073176,0
22.82353634936991,8.970091901484578,30.41602569976923,107.68320355934955,0
24.66036349780246,96.15437228811096,9.74247166150463,100.01078725257757,0
48.40770697102016,80.72616493262504,50.256202117398196,106.05924614997463,0
74.7444406596694,45.963275435646025,22.63985130626406,97.90897222862947,0
47.38098283979466,22.36025483236711,95.65073166352872,72.11404499591164,0
5.784444944716061,93.34551052498522,70.64273114594184,110.2704273850947,0
95.77898009882038,34.45965957269718,47.146260582747864,138.44449120538906,1
94.27243190941122,16.098443168737475,22.643736317140334,108.18425157213093,0
78.51895431484084,56.31643884539549,11.781802411142372,91.48150801364868,0
99.13279015642206,94.37741203448161,74.83937109031868,71.4386564778911,0
54.448233280026294,0.3830290500322575,33.3164121433729,81.83866058480069,0
96.27683502532061,23.812484325399875,12.728488512340041,109.06079313144119,0
7.560504061675077,93.84476404104076,10.856496909289834,121.4623605359875,0
36.568074826137135,17.108596685716204,9.040189728979817,105.21732349443951,0
22.538126800676583,11.324345163981986,75.06533109230308,115.99774579411967,0
19.583308413427,57.01872157998045,13.002514233768286,114.15356488054486,0
14.08029488926761,86.18438232948299,37.39519312256102,110.13068782771835,0
62.241364156599666,47.71098176939261,30.032626301761532,86.83052809477488,0
78.1321855747305,99.45642566845248,43.32872830838335,103.47847023950305,0
57.82983994203607,67.91716995379929,104.84155349359744,83.03244392235723,0
14.696270958820968,7.407490721044773,101.152073685337,100.34857905916203,0
81.11237699334708,99.28321316819753,29.989770570876935,106.61727062133824,0
63.59547071637285,40.78942367801904,0.7742767556178748,133.5756761477371,0
38.81657061269955,28.740253384548254,27.794968120392898,73.80536051264735,0
67.4130295536063,55.787918357788556,46.594785105230386,109.6301526198261,0
25.990497924283286,30.43075918208643,40.795665962385506,129.6247318324719,0
34.51922084942105,8.645750712015232,52.68234373414107,115.17695531677593,0
91.74858431319902,0.14283430791767193,8.366272083630589,116.65890885650083,0
29.05045056714204,44.95833529202623,51.998554395615685,111.75389803735624,0
46.99882681579366,83.68634222265922,10.084492988248886,125.96668979550833,0
89.01411373960147,57.231518563007654,69.4196241713469,78.25043663775264,0
70.77213502675275,99.92072989434408,20.706699722756312,72.28146668059507,0
6.220322616470275,28.68466456472,61.875692322314244,99.87331719069488,0
14.730304427897034,28.04550647600553,2.4524538267879317,56.7767579285658,0
0.7841590771916818,15.97494602339442,26.200611439392052,124.61291608356022,0
63.09217902291634,16.40635882653352,61.04484770558497,124.41430390990882,0
44.767342541041835,28.51865960100478,12.86543682213272,91.33298889830948,0
13.427485090227552,79.28400452735272,79.30732497943896,92.5845880667898,0
95.79341210567705,90.57567906364478,49.81809418890411,98.55305049698657,0
52.96597239456199,97.50871697076813,44.28344175436648,101.0404130087924,0
24.189329411288917,23.228965409645262,21.812882542016133,102.54347838388571,0
50.06035711547076,88.12975456140917,32.932599059904305,111.16464213756606,0
67.96203327351078,32.82550892773371,45.48429223440403,96.54747293983044,0
7.623921797356448,11.28405445168844,31.97672971243481,118.86386606955588,0
27.4703815047892,87.00249255201656,59.91831483356085,108.91895554250607,0
80.69654908839937,63.61056346436186,28.431294510429865,87.86073108254729,0
45.966487040266124,16.47308960810617,11.29945365758563,126.70225335608194,0
54.65771420322949,42.98312575130026,12.035712215060714,72.83486027755026,0
43.28160022094693,28.725769487706764,0.2910338079251851,98.15668378357047,0
4.389994264300512,73.6794568710197,17.902202290747688,119.33834802150936,0
16.574977982015593,45.341623062426805,69.09871340440961,85.53853790175711,0
44.554163874189086,98.9279945106385,79.0334635506835,106.19111293534303,0
20.918546540792782,5.474498225959512,11.311637279244232,110.86679193998096,0
4.997902865967873,35.50152661362467,159.76284414402312,82.78952264037522,0
84.36496640518237,48.19001671099774,34.898217573996625,98.5504456081193,0
98.11925291641158,50.31335547483198,124.43293340177435,96.8699233958158,0
79.31428739967394,31.593582238563677,61.339095243327804,88.96524296335414,0
85.3784921704667,72.9240249097568,64.08472287673942,146.0334970410155,1
24.197713031704538,87.47470734889747,4.443944420079181,84.7378729310905,0
96.06269755131997,93.8719301977863,12.422499179501873,120.09860588135766,1
19.692570445342838,80.50933767995262,0.44269568827667116,92.14397966237716,0
95.14298103618323,85.05801973065994,62.961529007348304,78.26727622229436,0
99.4819293965951,55.05453006199955,21.11314179679275,102.05628486310138,0
71.17228057460487,82.58882264268146,77.24165313021005,112.98186768775001,0
98.1143731791822,30.350390914795224,20.695247676182586,118.41019150131358,0
56.95397795671037,39.84787621092144,85.55519426053377,131.24530221310138,0
25.954178317609035,31.69130138185443,7.003249004850567,158.90492579870198,0
43.699588566562085,46.738733544792545,9.520095157429239,105.01028407511194,0
59.35609353787859,28.557961623863637,20.842220846693465,86.73815652349225,0
7.308156202701499,96.16114422544469,26.25361376100046,109.05748653589782,0
62.234326461724606,31.284462800566814,21.43946145907111,94.67574099187017,0
98.11778367622945,9.804453811093982,72.12144831939521,118.51932259704459,0
19.010764978372762,52.68171660504134,5.098944912526971,74.05671407268557,0
79.25951162883833,5.7099078445176366,21.63285045067167,147.36669084800874,0
90.78987937796194,11.054316630858052,90.77392764358112,117.12096189551025,0
94.37015928202209,21.93893891962463,3.4566303443764617,66.3199196440767,0
96.01356044054472,46.43502498821417,142.66262111630311,85.81942195370056,0
52.14596387214719,43.32509323090279,214.57947826775995,116.32162088227878,0
97.73079079915037,79.96918620027913,4.6369240333338775,123.52688112342909,1
75.73102071344388,73.94746538841133,17.214210093911355,74.55524745536073,0
16.16714362369619,42.63182939907013,23.29266596828133,114.26051700865898,0
47.690010646797,33.37042075756299,74.89289683571133,61.05320254676153,0
71.8331175372004,31.64687840614986,45.30796296506212,98.21328269057908,0
24.734031581908333,77.3995087294009,51.69261623430804,122.24093684206413,0
64.06151835488873,5.2072406221269745,70.8397037946537,88.9696853979404,0
66.66004790466192,1.2821649510605826,6.27697065483504,69.86155401723973,0
16.26997438085659,79.5544391926648,89.5508243384733,102.92429592755119,0
56.50853124527563,47.71463759890493,61.14415820118803,87.90562266729043,0
77.16269109786077,13.088113855357598,43.05956437078624,112.59116732131672,0
49.88956645359419,23.556593459450127,110.24358778302572,82.29347135563879,0
1.2103116776107425,93.25039530973825,60.249725284888186,84.547262206938,0
0.9038469079292177,85.9502975624898,11.2635382759847,59.57995358247513,0
35.702934397001215,70.97850502239726,28.083615901348697,103.39889422102965,0
92.6194068431782,48.22252303373266,34.06516652738383,96.78190123446802,0
22.867677960360876,52.032362619138574,2.840033543371921,76.23230658519859,0
63.43636888716871,97.52445352839587,154.65349004803082,103.87597427534185,0
22.207587069332057,96.57704438842872,6.881403530808673,120.54140601288279,0
32.16699896595486,21.526904578583427,59.77729837411253,95.688641131621,0
84.8042089601484,81.11045663053181,35.284377779358294,105.36333899643948,0
72.88614422699469,19.72426661670168,1.2983239873127213,105.46622499170329,0
9.539927731321063,21.35374778839514,129.34529162924875,75.9134034564208,0
42.87020209864336,67.60930341645768,95.47204847835611,141.13171641415192,0
2.916976364526447,40.50010985875484,37.143971847849514,90.58300339755432,0
48.0890146603009,93.15444071065203,12.999605860804623,113.12232403720542,0
66.24340117010681,8.900973489600883,6.483963404191874,115.384305544581,0
11.850262359815156,51.152564080949304,22.580097527831086,97.20809745768497,0
28.888493890916568,91.85215304431212,14.747304989664798,112.1359005011927,0
39.783662550215695,90.41136604795051,35.33099669491379,104.91638443632779,0
91.95310246560497,15.652921341574121,169.67529603167128,71.64720485545189,0
99.32550154229641,36.663770009645646,42.77783441747661,93.35454597499823,0
4.491129899561585,61.912140004669624,110.33241724445844,87.74898195291877,0
76.1007923495392,15.939488477140218,52.616812326511884,90.76509917307746,0
37.17240664023432,96.80221720457386,32.24133505634663,73.91993644326725,0
39.245818622948,91.47493287276603,96.41593642661852,122.5286743349206,0
75.42649733470228,16.695017903446917,31.873147489376922,132.03985309226826,0
91.84264321454087,12.115546126098542,101.48617916807852,119.56005951996818,0
95.09285945025483,8.54084828082653,17.235679040223772,125.41058448294285,1
57.712258603832076,90.94436640366311,6.894935704549342,93.10730325983688,0
35.71211593005028,19.362380979546078,96.65963056921247,87.27486330027926,0
78.75490858587793,41.62849285443547,44.26567154101588,84.42825906376576,0
25.100138326230027,44.8851365652003,109.95289204891164,112.88129845914446,0
56.40740288335178,59.901104421356756,138.89188931912025,104.541261062883,0
35.85784615248732,7.173534374742497,2.7559982523566258,98.45556576803149,0
65.66310737078761,22.675861740051594,34.75438329009745,125.90297088390686,0
24.03989128935069,93.1490386918926,23.49734546867924,108.09882707630686,0
19.159294573482576,90.84101072685695,49.156046788276456,83.2268472495883,0
91.8239086675437,78.12906474056922,78.89482985353162,86.3818234172861,0
10.18036829495369,1.9401245618215435,16.466207377753012,113.6398659850829,0
50.595790773493164,32.70067684961021,40.68652490941574,120.83465705309195,0
22.085278296300892,62.79587353429078,61.674986570782686,111.0336046451194,0
3.892996332566745,27.519021177347568,7.218414027041299,137.93777495744163,0
3.601881829142639,90.95866950537773,84.11841896976496,132.70014331462838,0
17.522177210582733,63.38894618324419,46.58412902984691,108.82071669701526,0
86.67703545060003,7.19067173164456,149.32617733021183,83.22838681036995,0
28.247874397702667,90.9005588835703,20.740096983675585,73.80024976536464,0
95.04591705752958,95.77666581762226,5.722638613687961,92.2523650997057,0
58.16222929891936,7.771241839172549,35.31174269118351,115.06426892832314,0
43.66141897687661,53.23602348613149,4.485884790786622,136.53294158623876,0
58.00888346694546,30.336428221417044,174.54492954428483,108.348940688216,0
51.669838522626776,39.283907648140236,1.9726548369867356,123.37445588462472,0
75.87762537573252,17.965121795534188,70.02045558088803,95.09385027624396,0
28.249606597285226,57.807210201241254,37.23280366117186,112.455382504551,0
35.30503916003024,95.79793532488907,22.992420622486087,116.46713658954346,0
89.40943025332507,50.30726002716091,3.4054933140760433,60.408114482949436,0
94.64565131504055,8.291458139448116,48.6651389619345,91.73122395246979,0
89.25582274864745,62.000133347740835,44.000390696567784,118.99400768555739,0
41.94479939573136,34.022299445125704,16.486579410875276,105.4893667127313,0
78.03655030068816,85.59251895912978,120.52059983456631,76.06969903698135,0
47.63357333010988,43.467814831647026,18.128184383351556,51.39755248545288,0
49.75398521461022,19.28396089422456,29.86689359361354,92.68438509395988,0
20.468010905728395,19.110562269114496,39.23708375508671,98.56828614212242,0
59.113030325851646,76.87641807211604,5.28090956357158,82.32154100343308,0
18.613589775334795,26.55875983073599,134.5314315000844,102.86169874055989,0
33.15646990671938,76.7233394159223,23.463087421452034,110.12773494465789,0
85.50302016199352,20.58873107665994,4.211446971235153,113.41374341452466,0
20.707580921085523,32.16863687013094,24.49327268660864,52.88162150135356,0
7.115828517343282,46.54869724396994,45.8398613926521,73.7142980438376,0
6.90075926128163,94.31958496934507,36.04161216501102,93.90754703290528,0
94.07845205031079,93.17314247538246,59.297145218367284,111.44346262074927,0
50.69204379618346,20.68718754222878,2.8541295334428107,109.78468027100071,0
40.941207181701834,35.82190412430728,16.741521974444147,109.43739895753352,0
81.08785810079185,14.939938845377231,85.52664825086197,92.33164116062136,0
83.5825927910516,50.998507931349714,4.16330294333485,93.44733125380078,0
33.21910331156046,46.05825506946666,96.71892884086328,85.43341463156519,0
69.36180574737952,90.07601624507325,4.819823544485924,115.36388256211696,0
77.11228158518865,93.00053777910726,89.92537376223557,81.59022424520843,0
65.46506868659546,38.35673910072921,22.375986934886146,117.0007279037914,0
15.159507480009937,49.173794301898944,47.36444537019629,104.15706476275292,0
87.5883083517057,89.62362491461332,8.296065885316963,99.09911043089693,0
53.90945527360087,80.67078077450614,3.422975065840349,86.86579200447066,0
28.24724263700037,0.3656311344649277,12.163372016754192,72.88916277671747,0
42.52281854376939,32.00595641835825,6.839911455510518,87.04694487243908,0
3.757109039890738,42.17742419361259,18.727829135286797,93.39986262750227,0
12.786680122241755,22.97162836832317,36.116776961844096,52.61951376837497,0
76.55467505158609,19.957161589593873,44.428849443777935,96.05289689330671,0
0.0011634755366141114,3.7784506595679668,78.00099426577029,118.48714736052011,0
41.65658284822922,64.33697250697605,53.3905614487125,111.34435810867745,0
52.251018108558846,26.251029048316564,46.92149078202787,90.07588248516986,0
5.4634420000972295,5.234717843131309,26.53288491107753,100.93872596830455,0
97.30781629723329,23.097931052806363,32.10449702276392,88.87670861156,0
22.612533124967193,80.19139528361265,26.766233598302513,102.97521466671392,0
30.419871963628086,85.14891816465466,92.31058108151203,130.80215647488063,0
30.39425122550273,48.30662451933026,13.068267592988741,119.36997605249752,0
23.04166621173499,41.607067040868614,0.28686793767070295,110.41588611385505,0
0.1473822086311416,97.78536935017817,52.680019404392844,90.14230175232564,0
72.93447940879963,20.05646595880699,11.311301340633557,114.99876785889677,0
96.68454997992853,21.535928285460848,110.41610775408397,66.26246097253895,0
22.429348328504506,29.186717703639975,97.96620110389321,94.9529303601822,0
66.30471918034225,17.275731828108732,3.9915358200415287,111.674228396479,0
74.18963269587151,37.93655982041866,5.6242028085203195,114.80842428095502,0
84.84253790905247,91.08342269897538,34.17683470371976,113.39768980431482,0
42.262919701360914,61.534784062857426,46.98086756023728,105.89661378419389,0
30.293090564042924,41.19465486122637,16.07286005301084,96.08550041832234,0
32.52951340230311,93.44107945712148,63.07969273464259,110.75951939652978,0
71.26213330985128,4.846423247582232,45.183043880747924,80.94277918827399,0
81.6779466505636,21.027617790186138,19.63910219519537,83.106454734135,0
18.161396775660265,56.5888605101759,1.2849446982531552,101.23469352920594,0
37.09410081577652,61.55526231931792,69.34478335310746,103.46395285417495,0
90.19401967491501,3.9557506562613143,12.08789044642053,63.487696428707075,0
80.66935196947392,40.30387579071322,89.93127234879627,109.10292761899038,0
98.48584027624759,64.91539648308728,27.261387453857864,115.45456755838786,0
75.42482596820807,69.80705464034016,43.02830981023388,98.4542952506741,0
39.319520102792225,63.813990251626926,103.15822882102852,147.48932566567984,0
59.06378339946377,32.05632243609246,99.61660881187781,86.34129787369628,0
66.10142542473203,9.352012359790951,23.222519870457663,92.7782567322626,0
7.845581631712395,42.71124464193341,11.715842837425654,92.09866187745581,0
54.44969591038651,12.875443736805547,74.61521609854549,98.47624777417965,0
70.93208284726096,94.76236585206671,28.376871891040995,93.42550374067417,0
16.732130400106037,47.51708660226283,10.662259701906741,71.86378910790256,0
78.06317174255571,31.725917435686757,117.39237905330148,89.0690340752705,0
58.37727805141116,76.63040711189001,11.038829878102057,98.04758608451849,0
95.22217856975946,49.79485925822639,1.3073007832564016,124.57144164123994,1
4.24222982068917,31.003402401245005,1.0244217825873925,144.04486546745827,0
26.5326137555467,81.19677423908017,48.68478539493803,126.70947795701309,0
60.15538792998241,86.7152151001122,54.18742432423424,84.49241940654787,0
29.65599122059307,67.3008166288677,18.628726981822687,86.08380778747669,0
71.44241640712423,4.6964422407667294,19.283932080000785,96.81342844981297,0
75.9005282521931,56.632288016653206,20.737447121765424,135.69117777707172,0
10.251596406647446,76.32949119972817,56.99649322950201,96.69151895636213,0
51.38544642067677,13.650301208358218,2.9946021591852228,73.44985018925138,0
50.889055559105586,22.867075138460336,132.33577582470232,89.9764572609393,0
36.92807702155411,88.24951050681365,12.584935088061016,115.14112003638834,0
93.29248625696721,2.0121721853074037,401.3089117890511,113.79880553792174,0
82.75063198732212,75.2727137825976,9.408291695275075,95.99566667016688,0
69.72093819096368,47.37732925144229,73.82112017981952,113.66829347120061,0
71.43266357349975,44.677215883960685,12.642300773576261,54.53655594906336,0
46.17161438131191,0.7096532494887176,4.215123468482792,102.07658470065395,0
92.09945210965759,81.93982309664928,103.94541393475048,117.21370842737261,0
69.45954272532853,35.98249006365665,97.86164118105528,83.3427344969093,0
72.89810616558164,54.07656313005429,25.83970267718771,83.27322927007424,0
86.16909037873452,67.73006863356595,60.59960071067388,62.671036944730496,0
27.4071589342191,70.26295764379158,40.7167176128612,131.7979118962139,0
80.7070903866703,95.59800588260723,95.85120951612187,85.59692045956866,0
19.524060295649203,53.13399532366091,18.92090755463227,104.82086555724223,0
34.53419522448878,39.97195509744276,37.0824713089885,112.0783408296675,0
33.56104542698427,95.37036264917079,33.215584536419264,130.24135898282907,0
97.85254683891405,64.21102350255211,21.840500301811577,96.9220445202873,0
85.65372237479268,29.81503562765556,111.02955200922668,89.21140412443162,0
70.11698615902597,12.646424540357115,9.068775701430255,103.46135297141107,0
72.70567616153902,84.25545014651813,8.097051268220925,125.68160553084574,0
56.20727944025711,36.21816027941516,43.00846291581934,96.59654937198432,0
94.70906671085191,66.04697213644312,53.573338733123435,80.90261836831847,0
49.62587528823615,47.08164193658981,10.822006869356679,69.18484383369275,0
38.05177098698945,19.892977979503833,24.773657442390167,75.5740523078955,0
16.3035336931591,60.16866086204651,146.46338321834656,117.2878299481333,0
78.6205652261058,6.068306895068232,14.15910547052961,93.58751047386377,0
73.44439320755914,41.334245987119225,55.185367642172324,87.8495818015858,0
38.43550385241349,54.661493966367104,67.38242021259715,85.68065553632115,0
2.519341395922936,43.604697411857906,29.722020554700425,101.70091720400363,0
83.89973277180107,74.86721752509908,138.65022984284855,95.21089812468833,0
1.1417983454073632,82.79249545453125,66.71484542706624,94.53735712561495,0
70.3699779629051,77.1243074033178,30.617506783750525,126.98647855621479,0
97.02571097260571,3.881294781180211,42.12126109032466,130.76032563723265,1
43.766132814820345,19.41287704459722,58.9824590755782,67.79956654182007,0
23.497340499595275,53.66075092637743,44.84771708763115,106.55185462285915,0
70.48710100433817,93.48220404438013,105.47342721184548,84.46275802757215,0
81.71281420155852,83.49567750521169,22.071870810207855,95.03497772277812,0
54.64303160778473,84.25345083518016,17.825586438367296,106.18556770253389,0
96.70352752561462,30.32081937596749,12.02967661803056,95.74560166138161,0
5.166872165796111,42.94478970787026,1.9257624419467934,104.60919761255266,0
50.479559830452814,47.070594731593744,2.198323973216676,113.45940412063835,0
71.845394732255,15.737158334991042,102.03227405288888,105.89153601080639,0
86.2640471149179,3.1068130244456316,56.72127154887476,87.06327391664753,0
17.925561190779003,94.69028994605169,54.01884082363123,87.41600786059352,0
80.00034817636814,24.07125856635067,47.67923158778288,71.20589406763929,0
55.27070757185453,23.99489037236313,94.5963892836294,82.92159404958564,0
39.65536819899632,8.337905376875954,32.72199588937493,139.24136723797056,0
13.171502857909356,92.85077519437786,102.16930261226777,84.15992851809511,0
86.52957589089124,57.9737114939772,22.27101658962828,76.13242375112361,0
15.727320817971535,66.70368571253539,130.66485268814506,106.39855723689547,0
30.978785920909925,91.15768872630525,59.97530310133183,97.7927048141628,0
29.004553196243688,34.56201689007895,14.864883459044806,96.08813526301549,0
87.14140341908544,62.15073111380841,41.51539145596586,128.1809193282418,1
67.2702994208898,3.879945472888746,38.074573280683836,110.9825335111673,0
79.66813971913723,18.677252823112934,7.419131951179095,89.4001413659305,0
25.046789879249896,83.12458050899426,44.731710047974325,91.5104816481644,0
62.48740996069989,76.67683563383358,18.901176580182117,89.9482697218863,0
57.17459831437487,35.06426914571469,2.6884370948239438,117.49479243160513,0
83.28303767882711,37.681062777421246,148.46051330934574,93.83704741093725,0
90.60870604812605,53.35544335535795,51.28998773842726,64.136929950917,0
1.2156771477386807,0.02410046851345493,104.74560251167715,99.03360642531311,0
67.40199190587927,24.124433603802785,56.35923165550638,69.25947997744142,0
5.1835799119729025,20.823180860821445,22.07925964600587,143.68461203509804,0
54.88586650773559,25.048294674976347,35.94254261862708,80.68664172305537,0
28.76327290436782,80.59058425334413,56.3115232308152,96.76270469284539,0
30.67765995221412,27.967385654644318,161.2601967613191,105.16405469402274,0
35.29585034523566,19.152132205014816,14.629334631198127,94.2268367864154,0
62.12924490496101,50.42634607930315,103.9629013756266,94.19939197067615,0
33.40499656687692,86.56450363727319,128.9023108480849,108.43654572321753,0
73.26990505902803,24.134970383749987,55.49612766143608,130.52431917592557,0
40.45273855738697,7.853624279279869,133.87602123985022,115.35018163634595,0
6.835320030995861,35.64047358496647,25.36480860385505,129.57027757147085,0
78.37598424841073,74.76518245649778,152.89759537928927,79.06761783812996,0
28.5758324592706,55.06905446947946,60.66461769777659,106.34725266510722,0
43.276687959926264,81.67933695743474,2.1456760649778484,103.10492104116558,0
68.54438832219016,95.9592147609234,118.68946600367379,107.02182583353469,0
33.2456157148712,79.26624767516171,33.12826150664267,127.52463941271145,0
5.658565614671563,60.38030788437534,30.839592509795583,95.58421700415892,0
37.39210470128136,49.33415880523805,41.78932261164073,91.88993266891825,0
94.44485826943034,4.006908634826667,8.089756444128259,110.67961594837328,0
64.17343972985582,98.43219788140412,31.665300790519034,64.43594544868304,0
67.1479148667207,38.348112257504255,88.93048045849199,95.26295901755644,0
63.22821536376399,15.222821391686681,0.7801782017642191,97.31604621429094,0
19.899213895943678,66.67088553964568,15.935743032794766,81.59282767386149,0
41.833386410228016,28.428828909545935,0.12288019399328669,121.14118022713154,0
75.09397983633183,58.57782709310476,26.868004232450822,78.75519365313431,0
10.137289755315916,58.67679078445912,65.15569255083994,97.28253903272407,0
27.785277608971228,44.572982090286914,80.16579181084167,105.86314450645936,0
27.631910846585363,83.61186155450426,145.19391308663353,127.06903122952237,0
43.2018927594506,26.496706155544302,46.88907732162061,99.78887130238293,0
98.0368740942185,44.86325916177341,14.693516792789929,118.72307188256421,0
6.750254668382194,53.76921285909715,128.9485267572206,114.01190794554255,0
51.870099438059505,66.36247207672996,74.65296064879054,102.46915112338286,0
17.936468201221047,78.39718505055895,42.71611337718652,78.20973183453088,0
97.06765454097442,39.480728287825606,59.47723882182526,71.30838278191302,0
11.33035047274642,64.6046944096596,129.05965960886257,102.13010802838373,0
40.36010023615913,15.061095306851913,62.308194502192585,89.14606252194773,0
73.78849848346061,93.26481005424786,22.972931788485486,118.38522183362583,0
70.45544280274453,38.305880642100355,62.41856669332927,114.91713036197154,0
42.272863689393226,72.95214219764384,2.055589467804251,96.307780111259,0
34.652416795271826,2.0341081882177647,24.42186953869055,76.84574152117462,0
39.76123785528706,20.5187142904807,26.070996610080538,110.21471099214547,0
26.42762631586393,48.7082544323578,9.126372964771074,79.641011077297,0
20.53329387067998,87.82524677323465,1.1678061827639534,84.8307215413827,0
48.303969755889,52.72551499506771,7.1578059105916845,80.41168523569691,0
26.853375606760732,92.98704822938791,53.15571748541959,97.22997956120093,0
28.746166489725013,48.37968965827963,81.04739908418259,123.40384668141124,0
65.67560634745571,49.044909673594994,221.9975892568351,99.89918259552942,0
96.85373316998923,11.974678850053188,21.2601948599021,91.13562615144609,0
60.363720055937506,80.26562441522198,45.736999527400876,69.48770139909512,0
7.697946706496628,24.69654124670625,138.3462132328121,111.04249169459686,0
7.558361385406698,89.9612489372315,9.138589787104149,84.39190788142744,0
95.1423220845566,91.0824220330396,63.229610555992465,102.35035238316193,0
29.729079030733363,94.33101118741497,70.32051343659052,92.91562768166719,0
9.206698608247542,52.023048910309,4.65927639663661,116.76354439198875,0
59.90445871503815,67.70937847836443,98.75385476261829,96.85527215942895,0
62.36487782902661,77.85158800616635,83.86042846118134,98.82147290953897,0
64.85048201186882,13.10146186504656,1.6986815021512114,109.71494294910919,0
26.74020278575413,60.09571949974972,4.77515273857811,142.13880364526372,0
1.5110684214475034,3.4297901303311673,2.5187328701266303,117.7689386071711,0
96.50153694544719,49.75660833887259,20.37913231046774,98.22787787302781,0
25.089304569110247,15.48426816202274,35.594995009458316,100.06395981230577,0
67.60262880525475,18.29229259620847,38.001513384106765,89.5028107935113,0
70.66298698787095,36.50475666926015,15.575981119866844,81.0000859296061,0
61.00074170794857,43.243716671650304,121.29240450261722,88.94498425867356,0
31.290739421364822,62.317242453218725,22.964088903311882,84.55702072576115,0
27.109625376406576,7.442841843851566,2.331009202192724,113.06736767591771,0
59.76682827027031,50.36917612374447,17.849972082077045,78.57610284262029,0
86.60956336116915,18.262513025310113,37.869292404281815,126.66421122760089,1
94.67337289233956,57.397517503174186,26.231170731689797,115.0409276723766,0
10.590580440375764,63.74046122611835,15.999418591946982,100.41003458735337,0
15.482861259771985,55.67092565528539,7.039210096671271,100.00637222930136,0
94.47362587830797,73.82955104783076,85.50837506363649,88.85437380770892,0
73.65352283347926,33.56092442409013,277.9223540885605,105.40168822695529,0
88.29938248297731,76.5106591633131,19.989720859832342,121.76184926417179,1
20.263263413534315,43.27670817081937,24.03269061638731,85.93687075488373,0
58.758587110940184,48.41844983225968,48.12164536696427,69.33215822162539,0
70.11395944174737,64.81021272610714,63.37074739934633,114.06436509713488,0
68.01118854469726,1.835838399922396,24.881448758773033,106.48731948487601,0
40.81516908666981,65.39942214202483,117.65683679829013,77.59602397117641,0
1.5394891691308477,61.858514907211536,41.04948092701452,85.33217258171764,0
58.29260568042631,30.984711675327993,29.92732411035201,82.81791451899718,0
25.310153917960875,8.579428489948949,52.01803033083808,85.50935461931502,0
45.02542461428904,9.093544991304114,152.67214602086287,93.52634491917624,0
95.75810150838173,92.32237469852286,79.1281875750714,94.66905391438506,0
39.903531764243475,68.92793212258371,2.0417836127274716,86.98412689863079,0
83.98016066644267,12.710261377074039,20.19655756658017,84.83672361000144,0
18.854060574925114,35.67231693089064,31.795325417225406,95.42431312161237,0
67.24604980250288,59.248299390159644,18.88162072286392,103.35383069719123,0
97.70069544389435,83.55717050906487,60.22991013074363,93.67406927270311,0
10.189310087293679,4.366092871300853,87.51240078238983,123.17334046682603,0
0.8319942227192012,23.663313147000885,65.71638023535795,110.16175428841572,0
43.35827926326144,88.97489902953801,227.03136525054148,68.18308286282608,0
9.26254830513672,0.9165550183816484,15.910338873350646,110.47455530827708,0
74.83843496762313,20.13991027938874,103.96787527031772,112.11087965171166,0
91.45486638485589,95.90241759729659,72.75493362808871,91.30530063751617,0
43.402097270875885,61.34018465221711,22.484860957835373,70.09604825393689,0
25.871164215544095,26.167136663750647,66.23636445406663,100.16133518822272,0
43.44033190066098,6.699109439584761,5.494982119442227,99.84582697035512,0
72.3447817850001,2.8191340447222157,77.8739440408194,77.5670752693361,0
0.9054161580370979,24.474507963692727,37.99968242390481,70.97561567480129,0
58.945398948469716,88.14858195889104,17.286055887932473,98.24892907093121,0
61.329168488737906,41.59136542975095,53.32332262667337,95.33845615898356,0
63.76882468959355,72.0333369165993,51.30806997113194,91.65469269355214,0
24.202207998087722,91.82850353799577,11.753609695988988,98.33178530506878,0
71.40527233781268,40.80404616028166,1.5434498714201783,77.94447252359362,0
9.13914863317764,19.127737103739705,28.424730770107175,91.30358774267772,0
19.92703364668008,51.71179308569195,42.14177632808105,110.66650061228695,0
87.74700466544819,90.80836870598544,104.61834714519054,93.00059839297423,0
73.87231507265663,80.43744141377006,131.70523764802894,66.56055056414897,0
1.3745554011345251,6.582984336315379,37.624186044638265,90.54615444552857,0
24.83762603698002,69.25728000775818,70.08126077442289,78.59683072986279,0
21.440648299316457,57.18975224589538,28.928755600860384,105.34272592923462,0
27.080632803697256,90.74631763464255,68.5372257679782,106.3767480676085,0
24.755977027988642,12.248141685029722,11.45817706608252,66.82450749827939,0
6.252629574284574,53.40361132046566,23.18634722973796,115.18025941164377,0
45.894051659682034,87.94626935118923,50.28725436357073,77.75627397442884,0
73.27334747861651,41.0023786741743,0.916242233710581,131.18364580964703,0
60.67317247174364,48.19949177328671,64.0897466656026,99.02447470998766,0
67.28716685980798,7.046067766695829,90.25302726240355,75.07213002921675,0
8.114917853623915,27.814364044891082,25.469804060280836,77.16027858614638,0
95.14907101767872,32.45066491689473,29.70514607188078,106.96190583574689,0
83.84918338430248,94.51224487448869,95.28524053617488,92.17400220203245,0
80.50903184956627,28.266736054115903,74.72843039551773,98.06692180763719,0
82.29838050417675,46.0868735269652,16.994367306083177,132.2556046539408,0
93.27105081327613,67.13044235642798,19.576342912031848,86.0151187154185,0
54.42539661136977,16.21833724078774,56.79674447178355,101.19925715391413,0
20.02820178676259,48.64423871418745,41.413774372755974,128.39688974746107,0
61.678360785254114,73.85390394759077,8.850558361033643,105.410269509328,0
74.2881493667939,86.6855213027066,18.548105286125992,67.86794529283989,0
73.79173933540254,62.62592746624267,115.12089378810838,110.10778023464273,0
52.14490241668801,66.90535153169479,58.26556697907176,76.73994284433113,0
6.845871933357806,12.628347258456895,213.34325894414542,128.1361505746593,0
37.11129384301278,94.57764972463471,72.83853018019785,83.54264790004044,0
92.07666084633573,13.257407748448236,142.3435770230024,159.39019015491328,1
58.4448909757426,77.46729371817983,12.179340772960872,129.34751976655357,0
53.83319432557134,26.481632177831884,73.8076438738593,84.06774860744042,0
26.885351438219352,93.35931437012516,1.0212345644312661,100.40027610003222,0
36.84489199165789,71.99595393694796,55.54841884110475,115.07288563266927,0
89.53460891531692,75.38137129783689,31.676249815067653,115.67320948453415,0
66.64630475268358,21.905917305988332,21.290539643553323,108.84672519952395,0
78.73870267523328,44.30399766351608,99.17179920100592,125.0431807393222,0
45.434542306765515,61.78131945892864,96.29919257830657,97.54062106731261,0
63.024721945615795,76.99736182066009,1.127707412854105,92.66564662847934,0
24.838360874320752,10.395937591238958,47.01702137283155,93.06272024150779,0
70.54608302834863,96.23653164545284,22.930022610952282,117.16746463944254,0
42.76013337033373,89.0220670554556,26.863699384132683,107.30362080605292,0
44.25455148147456,27.034859049558435,89.20169121677432,105.82567331380513,0
64.93223245768817,82.2760243032332,18.541574658566258,115.90468498514363,0
93.62806214689266,51.832392303982346,143.2780352490386,58.978951842922896,0
6.400634660862092,46.18064815620186,9.900224259717088,106.201376477503,0
82.47432373470076,31.44341058114054,54.34245090643704,104.37137777747432,0
29.238311041219312,58.096858663159246,55.75310240874434,133.3761616260141,0
44.391945450637785,72.98891177035978,14.530662302537351,69.42824035472665,0
2.1913328775008956,41.09329049627583,19.633659407471832,131.14373264753516,0
30.1046077834313,62.92191930082921,90.0294646559064,101.50818257849332,0
50.26312426301305,69.93129211553037,71.73333417041007,109.7797906132009,0
5.617607734743901,71.11218170152858,19.95645219483436,133.51837575218752,0
49.10957293831652,5.196609813118025,38.17382011414862,111.21522536011146,0
92.71106288584274,85.97478056850669,3.1832276248041547,108.00736578925122,0
10.539321810780521,45.82533147650479,11.706805080885378,104.84582371604637,0
76.44407280755044,26.241608169621443,33.25914835876249,90.33043730011246,0
40.967105337599264,24.176450747968158,4.4947985961245225,99.43021750979214,0
65.5173714524338,48.301411284395044,92.68143137975164,85.68974467754502,0
26.023659798522935,88.68315394689591,63.293511497241475,99.10866201149037,0
15.949226254135828,37.83475816826469,143.7941648032857,53.281386058898065,0
16.046261427122644,74.97257467835433,59.12147777092105,108.58079135135097,0
7.049194564314465,9.68187309872186,141.00613648546084,97.56525492432749,0
18.564670490124303,47.60567021510618,40.429310791880056,93.27592526666471,0
66.42193849889682,99.16861403927356,45.84187044648771,104.39516167880286,0
88.16906118435081,77.0437802792337,188.55016798915145,71.32872154069119,0
81.41256855911618,21.0528488440613,51.37915515483088,138.58539993242564,0
68.51343098744842,50.14414736979107,1.563521608561259,97.944650770248,0
11.043186341110268,23.362476364856654,64.33200455141173,97.08311134055621,0
28.918744629594983,40.95609272625092,117.94120996085215,80.69207579734154,0
30.980687532246897,78.00840237349648,79.3789900024067,100.47892764898522,0
24.99569463976212,77.12248152904037,43.83346560281974,127.73919780546561,0
51.50056597097231,22.810037790238514,55.63102431053126,120.71832418864068,0
53.55538148796726,92.22233181548602,231.22677063142015,117.08875502281111,0
35.68859751711102,59.25681827648268,4.751925703453734,110.92797903334544,0
35.3789158736436,37.992429096201455,55.01741402650643,92.8291494487478,0
82.85555979060814,50.19355807808606,16.66171284694726,70.99673665926596,0
78.92928483196856,60.50712534377437,51.0951190345762,95.9792245626673,0
30.779583168074566,55.98905318457854,46.776681717477324,95.28257070932645,0
91.37884438732593,48.64050355361782,8.329704148581664,120.97588879342482,1
95.2815017002506,50.49328040894001,11.580631001253984,106.1878088491964,0
32.67425420300408,17.641191042788616,48.59408054678432,132.24623055807098,0
35.442494879305485,81.27329043046794,6.861479544241379,123.94977080076349,0
50.56341534219588,54.176031994101535,15.406544933337788,90.87008780991809,0
94.11208125336735,13.107986170470308,90.16495408063189,64.09741606760264,0
87.63194331423115,76.61571015827779,19.807296294739345,127.71150467882961,1
10.25679625835898,93.24439783773508,33.47740767798121,127.18770446461488,0
39.27307432714162,94.7306899236962,141.62996150710285,72.67576818195548,0
55.33711897497719,36.901773241117276,12.883455970978233,130.18480039655,0
50.313247255154,13.551687356075403,24.68417116885309,107.64234341185036,0
19.38630679368927,51.839962663306515,46.62834560182836,103.21370996251306,0
85.88167711681547,11.260922934922068,70.39407059646764,132.29566508494656,1
67.69407829968374,93.39874185126172,115.96285850248191,126.8937034646123,0
83.79083748518036,18.357962735514597,123.53420610087717,113.02661903990408,0
85.87642793494722,25.276585995116406,74.94853961900859,109.46434131623965,0
74.83558536657398,40.663652688497045,12.95996828094591,112.32788581060719,0
43.92106012497173,38.31644685591258,1.2561134086371626,91.99885132234948,0
61.054675501542455,79.4662892397889,24.20706932996533,98.89797100535358,0
16.036540611974313,45.631682055096235,7.631275149338855,81.95365690810914,0
67.36454174749078,17.07682600033369,61.96059827534731,93.33920448522163,0
17.925325573928074,26.72098954860741,54.107022884505554,92.66732242662134,0
69.39495905101568,50.9113385187522,2.2483851397403436,87.2938926075667,0
22.959816075396866,14.745391742613489,90.57580129334623,102.73493005296926,0
11.755130015021997,61.16556756460141,14.300391491668288,93.52038298598846,0
16.52844901429574,56.57473065511459,28.30168604943602,110.04469440703949,0
0.1992135219070268,71.47023163822577,55.1210368990353,67.55358773412469,0
71.87396178535302,93.77046153793677,28.054988273853677,97.732904117854,0
73.24010490583791,91.22545611011557,29.106039568046292,102.63103280354991,0
51.493334991325945,94.60756180688314,3.394031405935774,93.78741520326238,0
16.13628010553837,24.471559702370094,25.66172190322081,96.55214600381538,0
8.355433751068976,13.156530663935461,72.37613556642857,68.29507978540285,0
1.912896643728701,30.22767004964485,123.35903662492763,107.12954209338984,0
16.57481769652207,89.50851727663147,26.678886475407264,112.9521196513414,0
89.08555349831467,97.20534746234883,27.546441306104263,109.87074588407533,0
24.153684170168177,85.9324951070476,60.63841967198385,120.77454118884366,0
35.42713272172156,11.00177211275436,143.03560045958065,104.03059211565004,0
10.534548448133318,94.74279980597932,15.534635933405177,109.57362361301874,0
22.236130474817028,42.3358027350786,29.003802004482694,103.12181476913705,0
51.922457078020514,0.9310290762353679,79.47520673405852,113.75101439184988,0
60.775268309565256,44.23937407481936,47.0411564410356,68.45540727735755,0
24.535231416621105,4.606916967546759,5.859642340576829,82.12838064043979,0
5.773215922511721,54.387792116111754,49.40716149415193,131.7379931406618,0
39.10328691273987,33.855402743705135,10.335607252648932,50.7912835580759,0
23.420337092633414,47.343493359404874,35.68953333994419,97.19644140349313,0
21.955392322980195,61.3170360743117,37.65582304689643,123.44549919216136,0
95.98628027134552,86.88010958178202,104.45575388110638,98.13478668916471,0
61.63004859257241,66.19015764719286,31.040793301847348,91.89977857098606,0
55.68784431720959,43.40488684781807,16.386497655712017,102.58843353630601,0
41.57751035233219,81.9427853670365,13.131027499333017,92.93759639995106,0
42.89443334301443,90.55821375731323,103.67371970223769,100.61698985513878,0
54.090500383808084,11.975996643219721,9.377410866002512,86.33237926959741,0
69.64298070361072,53.19329775527915,27.744846043393128,122.17348839911449,0
70.21460961818295,28.451195974244413,10.361856279868016,128.4652984213132,0
17.169390770544958,4.706119787694741,74.2072771520335,97.33219355776755,0
50.0112752076627,66.85466951139854,32.158137916186625,72.27021158617514,0
41.195809503410196,86.27707774592255,21.62719949032158,89.52313659373209,0
87.05269662693841,16.290265447739404,22.400338444303795,96.32022679794072,0
63.14189212183764,81.24136576239005,95.59956981765323,110.11077753806416,0
53.25040664159818,85.33957335369416,40.346481321012,79.83973553658643,0
11.539464217891737,91.43404426664836,63.26898523995531,84.61675362715698,0
60.56378893234115,26.528508908605243,113.67001524342324,110.21352275717615,0
11.720390568023342,90.39530651898893,116.00776547944204,118.77817664079116,0
33.720657556575205,32.06627547364322,19.91273734296807,87.56811909658632,0
14.284196481433186,55.23380134555028,152.30000274681666,73.33565892098008,0
69.20736470243689,5.050747083228213,1.2595257794235046,165.6823640257577,0
20.62521138361526,4.388108836874361,23.647242400900833,115.66608474177427,0
39.1859373188026,72.03732127322029,113.07160926582343,94.65992476465937,0
89.56747776187787,44.4479977977791,16.054144704441214,117.3806255106168,0
20.431638339897027,25.629237536921757,15.947042196526596,97.51086740571156,0
50.780506395877914,19.04134960249102,18.02140498853138,117.34313778200372,0
41.9271661166022,66.9953490859218,47.37789793114801,103.18786395552445,0
1.8124041045729733,0.04015440253398728,28.842286594640036,101.82543796335146,0
79.27581135728128,80.58911691968542,64.86563298951695,97.72836263538423,0
6.904590631459973,7.924960612992882,112.64721337729375,71.0523733307382,0
47.42550209769536,19.148961490811946,56.073483214291606,138.7618979878628,0
56.06782949389499,38.62363952990896,11.437129850201424,81.16932159464514,0
62.842645661458704,48.48587397161036,134.91630842666464,72.79952847378811,0
68.86316293078755,35.49951158139418,15.359752472661423,95.74280234487266,0
25.327238352271507,32.071216498429386,8.119728939609168,80.77056372978987,0
0.9978776658449373,96.39160120731884,4.7137361411021015,98.96574418879457,0
72.3443662354912,64.15796812433942,41.43502973792226,113.75527697123538,0
53.56565993475786,2.343295536738821,6.0385131636039,119.90605801058446,0
83.61177032072487,43.01759084443132,7.470025561398527,116.29461443243363,0
82.13883629006943,87.50086997439702,17.835924429731975,93.8873589042864,0
84.33261677878832,30.145618641066797,16.54012766264678,100.99183655323172,0
48.50946599795402,9.455634477438824,46.34730373892928,108.15758101794982,0
33.362839583686565,75.83847715899178,84.84390892536115,64.84425152115855,0
79.155820259137,60.60138319360813,71.63778974699974,111.4116940023972,0
45.12941130292549,57.03125078265039,15.223405631988374,70.85401424832337,0
18.34421964034345,5.357655960740793,14.072443496623146,140.8069319781298,0
85.49740195614743,14.049900979551733,168.76410039423376,91.9096983071661,0
88.25598767723473,62.25493962131138,0.4135173412398537,96.30249645610817,0
46.63097561401701,20.782384145883583,105.89686763495818,84.60585801524289,0
7.569972730978747,50.40700797484243,11.140212889188817,87.40059936288621,0
38.782608991693124,54.488168602939346,147.14211965470747,145.4818713828648,0
80.35376594626034,28.35071902709394,20.950872747628175,118.80739377246596,0
90.17740285462287,94.84251555414929,29.02234301497178,69.01595109704323,0
20.347274249759582,84.24641068355751,61.39972032020962,130.08425801370458,0
6.697361202527152,72.23735076327985,44.296448948032264,123.86484550282863,0
87.73504531328386,7.7993866409409085,19.131833286058267,94.37575075423423,0
38.94049389788753,10.613001930901945,40.35286432015198,106.13393884059676,0
54.176096426756324,49.27813458649557,65.59774217042438,99.70111841157852,0
96.80658120507589,16.071334919098568,2.162859626230583,139.45159808893865,1
6.656472791422285,97.8265463529474,0.5631244832694859,84.0741962201582,0
64.83180074520956,15.852023402740944,30.630639449711943,102.92021219551454,0
7.410542257486707,48.746783546397396,7.068767684877621,91.4370933801439,0
37.54689284665004,36.41210568415054,54.58346606688023,71.33919190764291,0
80.38145451934467,63.938642145409794,12.043261349143297,143.83276510109974,0
43.34722327556344,12.90364088894249,28.356670574165122,76.36866841795175,0
99.71823539029504,43.03164280423909,11.011822605882578,104.40258374975552,0
55.905928494660216,27.470503280714365,39.75717759279823,65.1859878723933,0
32.11621526359535,88.77515246716881,6.167934629503902,92.01858921513814,0
22.011132590475313,4.058571213469508,1.1689000588949374,108.43937642866915,0
35.05205342861618,91.37274940064593,2.624260121743396,83.50532040995274,0
37.25332737595508,83.29941385530005,154.23740091406268,111.7360370147131,0
6.8713677723960975,29.757071644081545,7.674241163585208,94.61917816223836,0
36.95741994267732,78.92906546771047,61.632033633505536,123.20165024797227,0
46.423851973922496,3.121356033874756,3.5171643706345646,127.23521826680447,0
72.27377522388046,96.68655502933936,5.723446482098326,88.26510478539977,0
65.6729484721608,52.65949425897893,35.55295745766271,101.53465718785914,0
70.87656552291543,30.328102606544526,31.26236545673852,103.66908452944466,0
0.8363681876857099,36.25832125946771,151.39243591187886,112.38698590869397,0
21.766739958053606,6.640535346049736,144.87173984539766,100.28763992488531,0
66.16842883998565,98.93495140420391,75.61752077299091,103.80421918685684,0
48.398936817974715,3.9291945150692453,46.07795805127001,95.1318705040976,0
0.5313475668345946,65.49071231478591,30.34483374233257,102.30479733944037,0
80.44946424318223,44.273592770645834,22.016690926519868,125.95880387070265,0
77.28095732903374,94.89162181887151,146.9558280466213,112.92166482423708,0
54.841916299356264,24.599974030679515,46.17946652631195,114.02511278886738,0
6.646332577627212,53.20868239380113,43.26473674646735,114.46140648271157,0
76.65150495325847,48.2356208582753,13.191840321250641,96.92382444237928,0
58.37135877313639,70.28664440501014,2.391167023674471,106.3765408715906,0
78.19599771579591,6.801023195242051,145.19283540958344,78.29652643328511,0
75.17469923958404,19.378913002335484,18.824590282635832,125.37615312633915,0
80.30020719578371,21.456482009284983,29.222623574588262,44.34079135313559,0
51.80080664046248,73.81507548416897,6.088043665328239,98.25703215329149,0
14.032451819351499,18.913869632674007,90.67704761065845,122.81791954300549,0
67.11574733796887,57.349176389097664,1.4010386728017448,72.72264132741317,0
62.04737850519706,21.52438205009537,89.78559210842776,107.99559835233703,0
74.22531871990871,86.16249500839784,7.557717744082621,86.38467106841946,0
16.98810060507353,94.21854544896385,108.82587353281052,92.62393469622262,0
19.497519990028923,51.84929749422405,65.42457951986846,118.91881921278875,0
89.04095172193284,35.23088842091783,8.996436844051916,103.961138517703,0
74.99777984520708,23.405777501749913,41.71457307508733,59.31288264231274,0
90.82284887003229,4.978100152304377,18.746042081395952,80.47148920536803,0
75.87153211639207,26.85000761974954,9.814924972963428,119.5067146977752,0
59.71553059903019,65.42357799453178,98.01442093060508,108.97885436385995,0
65.41327370278736,53.36169313092108,25.835710249551404,134.9627114504857,0
88.91279239400099,94.40412782809274,25.420071089753637,133.65295188026596,1
57.88067545119405,39.62772624917006,9.309652556708501,93.15509739706417,0
63.239132432838744,69.38633423283946,24.14963524828209,150.06475610138978,0
15.647671600360058,48.93227474751214,102.63680491360445,100.48959339703822,0
47.39212201161027,51.25762159242117,22.559385055493486,80.74662931181949,0
71.6397111958099,26.777431460411748,151.41645366680405,87.32720268178845,0
27.09426983163654,45.49507768419997,146.22540060135566,54.86549789421162,0
20.22541805245349,47.07849970127073,7.826764497162526,132.14038016498563,0
31.382680822441557,70.66425217489339,9.758867183453223,131.89523978087726,0
24.150062799283344,94.06399991861139,99.26990649687927,79.68985122373358,0
21.491263703639586,32.93212774825043,24.94163460998548,95.44231423236188,0
42.48508428680869,4.2200468581298445,0.21917880646393403,101.91215088225155,0
90.78385138835341,49.62951255006397,16.00143614310091,80.79293895715773,0
50.705964673871826,54.446133214916856,45.519035673858696,64.89795937457677,0
18.792038081532304,16.844055113191526,80.28872304372857,95.79284792446177,0
7.697166938087408,76.04646062760668,7.15823173145181,93.57841141081506,0
69.61561451379252,98.49291084414916,5.857113797778064,92.2317751802245,0
38.279876443638784,94.57747170084609,127.61175123384392,104.4543212520193,0
82.18309465853592,19.71060388236522,69.54492074092818,128.59039317051983,0
65.95107686407702,87.53632399007607,44.55303523195243,93.93814560616548,0
79.62414505413685,70.44936364116847,73.30732551332724,103.40885997442726,0
27.194603941844875,45.384656380691155,28.00555214202536,114.53741047489872,0
69.2358922461058,54.0610994324729,71.03512908600426,111.08285853025498,0
26.406198469371876,84.9600174982458,23.245072677424396,87.71152951104315,0
93.90684794502916,48.01349396383732,13.991950325871654,101.92754246228071,0
63.63742815333744,37.320736910512686,65.28429921975739,110.95079640338106,0
32.451180017534206,49.32474930259858,27.208116073988066,77.43297324978445,0
26.951186229227265,57.91298040350491,199.1681752528226,125.27078021593016,0
19.09265850716435,18.907765377834885,21.499560118109446,128.63177810428223,0
69.46409588937279,90.09077302669907,127.37789678362377,85.54439489111013,0
21.87156129979273,67.41869488296139,135.12519195748246,103.87340036696338,0
59.53032659274891,63.326891733748894,13.843895546086356,112.84556513342064,0
26.463502692535734,9.949622618063813,80.02915699211445,89.08771687342495,0
66.19689447938686,60.41739381725918,28.37636931299,109.63227691376188,0
81.49397285405392,12.096066223849233,124.76283772859686,103.2651125258433,0
77.80252431446532,7.869767519539906,29.90314882660559,70.64163644722399,0
76.08513309307817,52.73108956423933,68.18824673381717,109.18322631957116,0
18.772240569225207,40.2785534046495,31.458635532574235,77.99715167457929,0
8.838494698451871,58.88102701562232,12.925633690080367,118.78405703324094,0
69.89488284873856,8.92221680572386,11.116577113183451,86.57577849732222,0
36.83472137943513,43.09830628472584,27.70677112786229,96.7742913267771,0
43.23462264033473,17.4786715045158,70.42590588016898,127.4455782689315,0
3.1149092793391064,98.71000859241165,46.45252528000869,109.9276329305769,0
25.95764492750492,56.11502124351744,58.33855413873232,78.4105216085091,0
3.3676403874464023,68.74368609408673,16.587017037232723,79.70166858401832,0
87.91857726012476,32.541828068260784,32.834528234698986,88.01394422752549,0
24.339668321853047,9.473891477934416,2.270545425428382,107.89288166713332,0
55.73371695730081,97.58708627835367,85.05913717122617,107.16599629865536,0
3.897932066113041,28.62590353831832,229.72220701127745,83.13795390674261,0
66.6847391305658,42.38081851735742,26.11784795833323,76.65581028771282,0
32.30273457540939,64.9863921702575,0.5512098451917345,105.63166810171668,0
89.79191869576658,2.4697297686111286,9.303988876397442,96.36279868419676,0
88.81181889340358,81.0259130517287,52.85339815065103,143.14431774895473,1
32.529061836174776,53.65781900286203,47.34771943088255,100.73207313126157,0
90.09608956904678,27.821718706882216,77.52655463282531,136.2850565540055,1
99.61576734987788,6.160798529246925,14.643710478945355,76.5923280379132,0
82.5415664123948,16.249841547444145,72.1182504554479,68.53574120876586,0
84.4871347755229,89.50338588534369,58.2350439709419,77.59829734948931,0
24.90087361090899,68.60242239358911,19.49050186358189,123.78259562906933,0
57.67023988577563,24.990172163688985,39.42656444111138,135.1220317938707,0
6.725591396736785,6.560076494502953,7.965838887141576,84.35641092094733,0
9.491793682166971,69.06153123866363,30.125531936318435,90.78867940480885,0
99.88926120332906,57.24077259677651,106.51457389957774,76.62038179575,0
32.663924942591095,40.4519524458235,27.33916955761058,63.76720305763226,0
74.81839120488463,36.361144919006385,91.49385197369543,114.36823395553259,0
80.66650530268164,21.68142759291083,44.61081371751501,104.46040605924327,0
85.80232710072292,66.96112565375176,10.652032465324965,100.2097596534775,0
99.76282974021565,97.06680277938705,43.506897925585214,71.9988692567324,0
24.149648525686786,17.571524583682585,35.25930078589996,132.7991336365732,0
4.035082685969971,59.71166200155034,25.428187120501367,89.93286523901054,0
41.1191517994586,42.41850557459762,6.370675228548552,110.67252849632952,0
13.008066982894695,44.668872174466486,26.953424924557158,70.9087718951055,0
2.2425889162055124,25.41472801278144,3.7772704976869416,96.18949620759925,0
36.04268271414861,82.5134875661419,5.199686473385611,105.82748912477167,0
78.37382510752364,48.52556041472411,26.88556916530099,106.54150436106615,0
56.61806912250709,54.34058521982641,18.21962395169805,103.09297086473251,0
31.277798921035405,30.476091279732575,129.8775654341352,109.89044984097545,0
65.43420054927196,18.180846566694974,23.55667779905069,77.38959087934077,0
23.20181803088107,8.591038820282048,70.91157260933262,103.9474521087932,0
1.4381446072085025,71.41191409249159,37.777468742544734,102.27515366960554,0
76.43533864364274,19.623428168785562,60.8842643818707,104.63345368390122,0
62.374308486400906,69.00753541887977,15.063091943627072,101.44690434638363,0
76.23026245009599,39.03764460469539,142.2837604904273,74.53574452173206,0
3.893801668766561,41.57748009896515,37.760544665717575,73.64400495782053,0
83.71196278306522,46.91774960927717,88.98879932709517,55.71463628230897,0
61.95262000363033,36.77085081275432,22.71011204543315,116.35069019690596,0
56.33953507126401,10.061997722259008,5.279768775680192,116.55315019470397,0
62.46140481145316,30.963181000284578,55.99868861878215,116.8710058244424,0
86.4433246868364,66.37343606939385,0.38949555311533773,106.13579924922904,0
58.69365065589071,66.57844014688709,32.24576113798359,57.33761564563778,0
58.095037988817936,28.622430723999436,10.709308353225945,79.46579016429467,0
99.06791570657658,46.0102626557688,49.35920403597181,103.40830835186225,0
75.6730167068568,19.344722801193747,194.17146921268724,102.7103600558359,0
44.22938054511353,21.037208152983577,31.218654573466143,95.54503573695958,0
70.73970000329277,2.3047088406607408,85.04977763606024,107.37834405816494,0
38.92304716917885,89.67465499077446,35.441900712893656,100.2330341537049,0
22.8875462483499,21.07066650749062,34.24308313339612,102.41540931102723,0
59.68518768877594,22.75338769364633,133.26641571476108,87.21869334335967,0
92.81820981139515,27.96014326451318,110.34823385984029,119.64021972243181,0
92.91395200154628,12.7408071695429,77.04236463583796,91.38456782639231,0
34.19052781054903,63.92628831813628,17.567013739488335,73.38701833958747,0
52.7677466221695,7.514295317758657,39.37381781494071,84.58001974362543,0
21.16358985698612,13.420242632635027,12.673516813003138,93.0306761727604,0
99.56311094988834,64.47567265900929,29.341858614834766,119.88005576737693,0
98.11179078679358,33.96606204814427,33.10307584569366,99.15464003130414,0
64.95089297074473,70.7947826701189,89.08254868358438,96.27703562068702,0
80.44140596774734,55.742474467014205,113.18185802757942,75.02673150474746,0
71.51001612837,25.602117306151307,26.774708828655875,115.70965179659153,0
59.31582190394682,65.08279504893281,0.8931521740137683,86.9609569195323,0
5.3347996988897695,11.627368029288066,98.94320465775647,97.99944282117328,0
45.476434255266106,53.64103830800304,9.574897278061322,129.6036615376373,0
67.47863021674105,43.71481050450347,48.62744336334193,110.1752666209861,0
67.75316138836847,26.787358281744076,1.264398136054039,67.43491904569652,0
37.31226184223836,60.40049977395001,25.500171031762413,64.60979527295055,0
94.16919866580305,87.13335923402825,213.29331994016493,98.71379099761508,0
16.7357032236781,99.89046997630767,5.306574033405192,75.7451877025039,0
50.03594462155606,60.77627687434245,27.555751895475588,112.97093495265996,0
69.08839765508228,40.470587432917014,18.347084077294188,100.84526129929958,0
69.71358058918092,22.52071002162016,117.74032162477933,103.30769538047726,0
64.86389567688155,25.709608939511174,101.75787877168028,85.86513636715294,0
27.528821345186017,47.94549781497657,13.570673686738807,134.8276731057341,0
15.620656868662197,36.72777012807092,4.23367579862958,156.85187456020918,0
63.594032682671084,91.38145226249442,49.32739789206623,94.4283055248657,0
59.930211613943776,36.82954676557095,20.50142863586089,107.06078496830001,0
17.935601028924097,37.34445911454355,55.74994960677299,101.94834686128625,0
70.51391455705634,38.35345124339769,1.6323457152487268,94.80626273117862,0
45.51719917336564,83.66202103676581,7.158844356065819,83.35859064534407,0
66.7760591603153,65.07883208469019,57.97742254855217,78.30064025039046,0
83.73670797701507,61.416885031889265,11.936383726726287,77.28805468948951,0
16.972842857692317,33.41430223838622,97.45143685684276,108.10480051098291,0
1.9144867996836679,81.79041768324394,3.01887352764218,89.60651043592729,0
77.91025863957867,3.8363861355701134,12.134287028946279,48.4341429971894,0
60.96974251526159,87.07971723381132,327.164236967985,108.89716441196644,0
69.96395696221217,51.27498997939296,28.3765101996226,99.23477435071688,0
83.81549749886426,39.82502348634128,60.69537679505367,126.93346002802292,0
80.28109348245005,49.71672807176857,10.085192212314526,107.46244794182019,0
96.09201469288247,66.7415530533831,47.0636009763802,70.42652807379406,0
53.59350788521182,1.276542651789736,64.75071791890515,55.40646718540038,0
48.84956326599054,87.15518564582477,18.878634860743716,85.61055231324126,0
40.18871998907301,44.673952531139285,88.27451095336697,87.49785158612694,0
15.369104284420454,34.296651970007815,46.243569340215345,118.86318402000333,0
57.26072328820224,13.82455656340571,24.642983257233453,99.82258135420854,0
27.70125243259788,43.94653743584421,40.78183295932411,122.67376996197018,0
92.13075122129754,49.632277128437885,42.99089436033837,73.5033388859473,0
58.31908042770976,40.36466944934778,9.048241439919302,119.30528768760897,0
59.284018050811014,67.86600938268971,25.76949871810531,114.41978306861839,0
35.492466087701004,42.0896528759226,21.03634302348078,59.63531777137607,0
5.198935197770749,96.14175778465733,25.616564717556674,126.45235682521545,0
3.174376537298862,59.92775178235918,71.58772737314557,101.86916983532706,0
42.33351441531975,80.74779356519089,32.94099869618793,107.84089007737012,0
8.456537809723786,10.935590310947884,140.9346934358608,82.70207775143155,0
60.68469555401391,39.72912929459057,17.384090423723443,125.50494025843945,0
88.09730056396575,33.68477014471527,26.86734267474002,76.28295341522261,0
88.29148165187222,56.94823881365918,77.31301830616367,116.64184036747892,0
65.90454101322324,86.11135200614257,39.48561263590379,116.41214951817342,0
21.1231831472931,7.833821776200667,39.59626444083818,80.51665143655555,0
86.29968313588721,7.257479804471078,2.7407725481557246,139.6674719884515,1
88.60934353132082,85.03177081575988,25.424722380027788,104.63056960435038,0
19.66535849529587,21.285008603835742,15.785818160544412,113.07785220542048,0
73.74260857706773,66.87532544498137,365.79541214066404,69.45758409328488,0
28.651954892712293,54.28781323608052,18.43412814497537,142.3546000601713,0
80.26403123529296,83.28935948872295,107.92273738428008,75.50886119549821,0
99.72378999036027,12.508890983640352,56.38667139865632,120.49772865531861,1
3.0026005329392813,12.978296572261128,20.84524537976125,80.1045656413661,0
89.73658657909318,55.681836027830755,39.21209451895287,87.62022394304634,0
62.26305335986581,94.63786533583709,91.79681673612022,115.77508087770894,0
97.33826191648211,41.499775837075425,107.43670777464231,120.55105427350314,1
46.50095175264276,32.694210025469495,8.74111979645223,74.57431501771796,0
84.73879305713737,60.66893231978858,20.743444863641557,121.80944338113989,0
6.239406859827723,93.0448600545031,20.41519519997095,120.89960990266388,0
33.527905007829574,83.69278328446237,2.1477131050163045,81.24093182310216,0
6.701653775120997,99.54836107332198,45.59474038759147,131.9729518718222,0
97.53431334790706,2.256858320237709,96.48906460678792,70.86284743503924,0
81.69739072718367,11.285814471276224,24.028918286278294,87.5045483444477,0
85.25474212459704,60.946776336662204,67.36059537315778,109.58005248183977,0
93.79652314338942,82.05764393338497,49.40282045190572,82.92867430594788,0
8.510348611978536,28.524434230676654,23.55210725527525,105.27638171358682,0
38.55975925133334,23.921108803421877,7.60279873312294,104.8215215760659,0
7.103488904400212,78.69757993812009,61.7772763838367,96.25851460154558,0
21.07931015500286,5.638185385323158,96.40135946047803,116.64801077181119,0
22.936577703767234,36.93826475825851,57.89495002076271,95.43278414684721,0
46.91072110475787,50.58092225923298,0.9020117468924134,104.63082137627612,0
26.856216745364257,56.03486743503234,12.182168096736383,122.92943754975805,0
10.09781068177611,72.86151567927769,3.600584653255528,115.8137242005168,0
16.749108909410772,35.48457234306582,42.24341898224045,115.72034581628417,0
14.727556355209092,61.26843446746072,70.62733363271137,77.01640795566439,0
97.30767979122983,58.53754227909563,5.859240004360605,110.49585151002644,0
75.92925069184736,54.76161006537471,91.11232166728595,82.4300241806099,0
96.7761465269562,64.04832931422122,40.54127115485783,74.37170040443948,0
43.974048650790856,25.94491710680763,58.55415128327755,98.56587307430063,0
27.83684816626566,8.464875358462898,177.72065999556602,81.9140962669682,0
79.82931972091866,11.927167203974342,4.36953544167181,115.81235437679955,0
32.62539180411468,22.458238265390108,115.74504256709734,116.29070919390648,0
29.93833737053483,50.01979355227852,6.739620568007954,61.94747527137116,0
23.25059922078312,84.04427505460201,24.957931318239794,83.4339492084622,0
12.967897822423534,70.12933420883842,95.33787933033695,70.80426656164002,0
25.646306101676597,78.90406042020471,118.35844035116972,90.74741446814218,0
35.53197484738877,35.09756239260914,35.298621028412015,109.10351339737649,0
67.39942081457303,40.465374164855014,45.08299411704243,95.15423803643223,0
6.256484221945158,39.368188599061284,61.57530872977058,88.2048151866573,0
21.050693966534297,19.187318440450152,89.41587053153359,126.00353053626279,0
80.90236402916764,6.121665814357202,6.477604288220137,53.902856548074226,0
14.692192358377076,59.09160928272268,83.05480267619726,124.73743787036449,0
34.26451465225215,98.92166834205861,32.81918096663453,89.11423413689029,0
86.46589218581401,16.682970495026282,29.94855719247506,98.43781979774421,0
15.492531114344265,4.6684819899273755,27.573679587893125,89.45273324559783,0
8.27368356181899,77.9531681823933,35.58710856223833,130.85776211078237,0
48.45379950800108,25.25860066847242,145.06708345293117,75.3804300638948,0
30.24195112785364,82.96438053529283,39.726201278166926,100.23472739443872,0
56.34083644838541,70.39366670345154,153.06961197780808,110.54877303719994,0
80.38048904834751,94.56735370508046,9.940240957804242,67.77994464229664,0
13.714848815274316,40.8927235756672,64.39236057999867,81.60203659107692,0
58.0699084554285,66.19698394506341,83.62941350482798,97.03642933003542,0
50.550876038986395,46.48547808132707,56.83577900671898,82.2666993063125,0
14.407878601319958,63.05886973085435,46.68739632135216,83.68816457561701,0
62.39984855289824,44.95989060077373,41.5989476088154,93.00274673847125,0
27.364041786077166,18.863224642407484,98.63906727696575,112.99162663292347,0
48.78343185440125,50.78974160033809,86.19941439109112,93.1456444624371,0
8.227232427706188,52.85842014374423,6.521878952003059,121.56852388945893,0
45.958405721362304,81.0603848260161,94.38742078730947,80.04484434681291,0
30.646346804282032,73.55207057935812,26.727629714143298,74.96155479053095,0
82.23812111853543,66.3791623941444,14.631168361330163,138.52690811442267,0
5.697872699736828,11.338709555257253,101.92210826198173,86.84083744668978,0
41.860727491832996,72.0616290663715,28.283876127058953,73.7817598585568,0
45.8431424131438,50.03051563545148,82.60805705797544,65.1589211645634,0
72.50060762991187,89.40995361061593,15.285758926721805,121.50206907617878,0
57.428757509021096,91.98709341305428,0.19685307438803007,93.17390970679881,0
66.72123371941811,5.515659060178546,34.205327812071964,94.92580529867203,0
77.7049285651756,82.06415603544788,5.280708315826425,96.8159657682672,0
86.22029736581888,3.769739042267062,70.19765932719638,120.25885769339563,1
31.38754967224705,36.716962569502265,16.153383554161987,96.40940332048159,0
53.802270536390296,54.22999756210791,29.317493074247263,146.8810755766525,0
84.01080784391999,14.810079862712744,4.552808129027365,102.67521148108459,0
98.94511309650565,74.63138125690769,16.889803015770617,121.23569533916643,1
88.95193110437631,0.8354704172138572,76.04623060822867,116.10479715808813,0
37.14672626243768,16.859904843403683,8.219440414087492,99.27105359483924,0
19.516651721865042,58.07968298534757,52.08696693810795,88.26058027959073,0
48.93925374065887,71.43875620372924,124.70293176970554,106.63927857133108,0
74.16414518360422,91.66431026939162,56.9462143750576,110.20197462414546,0
49.25690707532976,70.54966519346239,83.30615143338233,88.54827903746946,0
48.31808633136685,67.1779270254866,5.768950530425404,103.32677731901312,0
83.82304210818006,39.43411463506643,14.43291584130142,124.72409956519192,0
36.14037790671863,0.12844255268014138,112.47063307882696,141.39895478139357,0
85.97946748116456,12.015925873562194,62.78183707457971,117.08738640698843,0
40.680480095172356,53.455454475603915,51.02063218721569,137.25519372760564,0
32.82331056783394,67.51298858444197,54.497506107871864,87.41251577587089,0
45.3989911199699,41.74482838964625,26.73888954121298,114.03764504118588,0
76.24469586748684,73.06790115283903,2.2789893075275054,126.77039017162545,0
12.600202786399429,52.186229533217876,76.72615698656503,82.07333334056008,0
19.64192158720174,7.4176195594312215,56.77106047619388,90.28819775909982,0
95.1444825663092,19.201625096794885,32.00918817091589,134.758095236705,1
17.54916273813574,83.99982232439429,115.00920656466602,80.4980228842612,0
56.77273179310546,72.49127466244396,20.485680886779374,73.17739934688578,0
57.931446666193786,89.4761987012495,17.429793686874294,130.55963147279022,0
48.96244620502448,11.755724912093656,103.09828688042828,123.93526449960876,0
64.47452485768186,99.02225346150739,79.72442438971503,108.64240487967538,0
22.982672579761843,20.94067139499336,36.17823806909347,99.08578490708345,0
55.266226777674824,1.177987628664201,7.005347613037641,91.22950988790036,0
37.21732552468971,99.74229390535541,12.108130589850228,105.63897747618103,0
66.1667259629189,28.107388544511313,53.388830207470065,131.596139148031,0
14.122354337314945,66.80194525125599,24.31000334114211,104.77132252284152,0
57.08774168394763,17.66823141763052,90.53891683699676,143.33918534493932,0
18.52703553833237,58.022853219914175,149.74164323937129,82.0411602871954,0
27.86430631150364,90.40349864545593,81.90136749137143,99.60638491343461,0
21.87098003235832,32.01811674284386,23.70423109865894,92.53882664672169,0
18.28377798688171,67.02539760443592,77.72060656495319,78.29716913675334,0
82.5710951560667,18.79035887984165,21.65016692963119,96.9383253398069,0
28.570756766089033,62.479539871872525,9.142089870720136,108.3465860332088,0
92.71237818644494,33.64503518175101,1.6981744830963579,110.4846035990406,0
96.99265253451908,21.12082585879517,24.364953868495675,143.40904357889113,1
57.126046993709735,31.318205070363515,116.94135028169327,109.2893493944712,0
14.30011226657264,17.884106850779936,13.65521483879964,123.00273607359232,0
37.45482433795813,90.19161078378828,11.56591650585579,101.32188492597952,0
79.7732263348214,39.71868863171289,175.03009222853643,133.5611120090519,0
36.739072869707044,24.527930497436735,1.2661013150743285,147.96898571176138,0
8.701721830278874,44.840784101593286,77.03808964726436,110.621702619519,0
55.678491092818795,32.053616680649554,19.383957686296707,80.14681969096837,0
84.51208514960348,74.4419253813326,1.9104350277632698,89.02389954445664,0
79.59263871435024,97.12199118854944,124.9315440095246,105.63868606410324,0
17.512314013035322,43.80336566976468,7.520354054492303,109.12996070501292,0
67.27646144124667,86.10333999722404,40.12347488170758,113.96850268768743,0
22.05042634356471,56.58630735596195,16.01399664129482,109.20395362460081,0
21.820753455217222,15.723566509423348,3.3707488250930346,100.13969832511877,0
87.40717733051852,69.06227420813416,2.5605851838807356,87.27603117595743,0
24.966895274023017,51.343449712582014,6.1398435067457555,108.02276522528459,0
26.32473465180112,65.06065232521034,3.702084080823715,137.09974714961314,0
0.06533907612995549,88.9687412571665,71.47222725520798,120.3985721085551,0
87.06690341255177,44.043457065604606,33.23442025177864,110.69407899272396,0
79.25948132091347,90.11776232173557,20.99535147310402,120.59133847645502,0
62.7328935090678,75.0669014281655,27.095944921750704,92.57871942198295,0
75.02657639388423,48.860492587798475,132.21627400000477,89.83469707833359,0
15.20485674244918,60.32221356579637,120.81670846601105,85.04429791268036,0
45.832359458757544,32.55811325190115,62.8821267333559,97.49426754461125,0
35.121938734878086,98.35972997387742,108.00325111453122,91.5598820658184,0
9.37765262570165,66.7351163050396,19.25725041176145,124.16549481304278,0
48.61304852149241,4.38468524966299,23.991331951697976,90.49353164635622,0
92.07396503426354,32.662190574800874,47.558627225307085,83.94556567550167,0
4.005911905069448,62.33144337590575,48.85859045404102,138.85154357661264,0
29.14609134937939,5.63332777992398,32.860037062502116,90.97249537837313,0
20.754093620570345,2.3884191319142767,25.59613196654243,103.07056914500701,0
23.81466536656963,45.002423952780255,214.0830504279635,109.02645649486823,0
90.84345518793752,33.269017969267,86.05301802257185,77.2661376215837,0
46.806905423429015,43.82986080331659,28.544725023205086,124.70967539006139,0
46.62994129398188,26.269330988000515,64.96777016487749,112.74238080822455,0
76.05756424552823,16.47177469429809,15.70552524088403,131.16768023761563,0
15.44922040049258,68.91433569803377,5.277433681106287,86.415561255638,0
48.72653541000508,51.45711162678005,21.726498341943845,101.9825158495232,0
42.99852141210597,20.015421124936683,25.789630284753233,100.7871150998839,0
59.69106905466561,31.958942625999832,0.8337694629061784,105.27776988700043,0
99.95577032504386,59.18079076633259,84.31378849957379,70.90770502845677,0
76.9448894082047,7.2229348272477845,22.251379369197867,102.21672757384445,0
39.78657030174272,14.745300926617954,43.424834824308704,71.47072177152509,0
82.75530522740469,7.324560410739012,3.8420645279573664,107.16668142393843,0
17.070836331248017,81.23173327141188,9.618402435807894,57.42701750962961,0
3.0463686308960125,75.24092332120092,110.22472335056189,62.96826331418827,0
20.444837246427305,75.33129318792571,46.91244383655862,116.37097432879997,0
34.041155611425964,71.6325343476028,150.07147376205083,89.06323089610434,0
51.05807574595599,66.93854236698692,334.2319620549982,80.24283852735519,0
61.51291405411998,47.6991915378175,23.249619551666363,125.41691242151096,0
91.06057172144217,64.22781635071149,17.74832478576952,106.5525243465683,0
50.98540095504577,3.836155478797465,97.72194004739544,117.44180391067567,0
50.127564462572934,62.14644226567846,328.9739352425831,96.67515855358339,0
5.024300982298213,77.78777055368772,49.664155296439446,153.59257387800005,0
3.491155265622381,50.035836038439015,79.2715993417501,87.9097227888041,0
55.11599619163721,35.75133284272369,76.10475549709892,134.88991098719777,0
43.81786132483445,27.742673480097913,21.951589017041673,98.77267919800174,0
83.91803949802986,64.28020501620824,42.69754148281779,66.90979210174508,0
16.067958471184518,69.28011986299087,89.50512451806803,109.65697491496218,0
2.49716621170496,87.09675998625426,58.2558572906598,106.29525122910327,0
44.903876793012586,34.233408246099074,1.0695489159873308,78.9735637152154,0
23.74785567522575,76.97723073855856,20.526822449665236,81.55561445730571,0
4.961437333883745,56.135582418933794,7.802038881548186,99.50604713830016,0
72.4598286847629,88.28364906780791,13.261612445372222,106.99495630495963,0
11.159299995724748,52.78121082956208,117.9522050691586,50.58673434241199,0
60.83195000077717,51.76298283979672,1.8795531111589343,121.06242905047606,0
28.104975016688915,57.787708144090914,12.410294722385517,90.11004052370045,0
17.3496050355022,74.93153551424344,18.521987444311826,73.36505031203647,0
37.97515229193175,96.4690478828461,47.97088257201255,118.82133102903862,0
80.14457762229537,7.356335421576565,38.18939438690587,99.52764041163087,0
39.20935769045727,5.3434602391017165,12.312260252846798,124.3233155356451,0
75.07696492110557,93.75503374073385,8.970753270150439,108.75904525959511,0
12.548629679915068,52.98756255182061,13.511629181832355,99.96970994103908,0
77.27714196650791,61.49030145669361,34.91096376579185,96.94540110039688,0
23.693332490664865,48.24236015947289,15.816272643157886,109.65425521112276,0
67.73931298888728,9.365745260747449,147.44482147000724,91.7293748238134,0
56.57815548409963,76.80893784186665,31.168484848105532,82.94854822507001,0
92.91447172116874,74.72246450885869,3.029769491118531,112.19818245309288,0
38.732251797531404,31.1703321492812,65.33099944890253,97.1102431711114,0
6.616518883444044,30.623924522840042,19.937779979965313,100.67135296138012,0
1.9155485551252904,83.78413809055185,52.99202593752389,121.78759672309215,0
82.6858560972753,7.235725774132662,16.39704256672275,97.72246784528518,0
52.473563766143215,88.11051483565659,42.285059988642374,100.30067851083581,0
77.52440518349492,25.66616898959144,73.95393772813559,88.00700977098137,0
23.44256000115147,59.298474775549394,131.56052904363867,108.61479867963702,0
34.50837455132337,93.59941790017777,15.131471106831212,106.99655825360176,0
3.010387221131894,67.81225015366465,20.387657508983466,118.01550263581116,0
96.14923245741122,41.44298124670366,31.20591471276446,88.41742325986247,0
66.78679067008134,68.95342089054152,130.98468740015127,90.84366060819629,0
93.32050877593062,34.39796363163702,115.82753640952936,115.84274798290939,0
26.549640742907233,27.725841634918613,4.708846514244777,105.04426006725727,0
61.146361122566084,99.66832779346797,7.074136084194656,81.87563747614611,0
67.84999682926379,75.07902311797878,34.2102815148361,126.13108135469001,0
31.754970025758844,64.47199773818177,5.637122136142308,66.03098863199497,0
84.81092350156301,35.52896432193188,21.20036331764199,115.68569506527504,0
94.71614629002478,4.916082915504816,8.031058816635383,74.69575928003607,0
88.48551176960044,3.105687603515561,50.53561416191984,137.71577032971055,1
73.90669759393725,55.418125544879885,149.28457430907392,69.10800546188753,0
27.746467972495402,76.2032721039051,286.20594772535173,123.04501303745496,0
28.161604210563173,53.73791904438551,23.51947578426977,98.36731279977512,0
96.3360320446038,84.07850719391146,45.69126830868356,92.66794860322511,0
1.0284495935692028,3.3426533093221633,96.99012069850667,103.70793312935523,0
71.60499732421445,36.67520764259401,6.247675704845274,112.63800678315626,0
70.62461625552622,23.707039117417807,58.48894210646883,81.9119899533826,0
62.26895409497975,44.7272968157122,26.28373823951619,83.68424549662856,0
99.01088460868658,7.2376393194122475,11.54279578186829,112.99209730225772,0
31.187943576372522,95.41316415710726,25.771277590540087,65.853140927008,0
33.997186379324816,22.325540106936092,3.9500114394422936,88.31541813615829,0
7.893940294655555,92.23077754835847,59.43896537864594,160.8137390831888,0
44.27981365437375,42.58931550366818,14.567283344528862,80.63974070821439,0
26.10485262348481,98.5524133255218,18.65514629845559,122.95605583519506,0
34.338670217764424,55.40583834602108,6.453143752067006,88.28098462572376,0
83.45717902556277,93.08328641758075,99.99793004551898,110.18090289594288,0
93.54845135274957,0.5348988694222845,34.00604750282076,113.08711381192435,0
18.573307200518563,74.82388061809002,42.448765734779705,122.57913470365895,0
37.25089315534659,90.30506531025154,42.13257991105423,95.99492346374448,0
92.8630562115394,13.972056697895407,26.42344394527824,139.77769277509708,1
6.180846068922263,9.612585173215148,10.692463577689896,88.2132687082964,0
9.236052811137851,42.457260718595556,68.35062258602062,104.6844082719912,0
16.279098920622936,93.36789061329351,6.794208790054563,104.90553864435215,0
59.521283412687474,54.23865601904387,5.4837008431542715,77.56063760101169,0
15.047227100599747,52.74564637217322,61.91873053756386,94.2825549004176,0
96.80763814507335,14.112611829932186,11.712564501307435,103.23026998476814,0
44.671452725852035,0.07895110932187865,18.319870671025207,91.3575791374116,0
50.15179603501664,81.01400907454612,32.23951903793966,148.81847930913068,0
24.66586158054065,8.757456298623822,29.83291358008835,83.22752652800938,0
47.09602524347335,63.384981873532396,61.64933755423441,123.58848936280856,0
66.19136326370115,91.46164545151915,48.83280443183032,117.12919626297573,0
75.11771369540428,20.865191315843102,51.69689915836998,99.72275730991457,0
75.3868082709913,66.52728362369108,62.59767267675682,82.69581892295506,0
57.789111269408835,7.869857670750946,17.308849710337213,84.6348935921646,0
90.43597749938573,60.3755143837613,19.45498611234493,89.64065401566981,0
81.74078473061094,16.393172095320274,28.812471089659535,64.28517436107474,0
75.70481146986255,73.5953560515178,18.3696209317083,79.93069148401419,0
5.560552168046062,30.12312947939082,209.77857820111146,70.35046969272715,0
0.6877962219649314,46.33910088046462,84.11439092770495,126.91750006355434,0
21.244727719547296,59.94305420276217,8.995504630975345,112.36924784776437,0
66.35235939134523,17.12734106662396,0.28049308867048506,115.71948197730921,0
41.119748888254584,74.16378186176209,2.186272160428784,111.77663903083895,0
40.24062592993117,30.264034063681457,13.989891813793943,103.33935246668327,0
88.45868882296138,66.23718599127535,6.068357374250977,129.21360664258273,1
89.55628481318388,15.828305069937365,38.10751491488791,87.78474688536525,0
90.91752640535857,68.81176592063503,97.59472895908506,102.1333931073409,0
31.38780765150273,12.818807281046174,66.73259835724782,114.94117655648246,0
69.10558127392618,42.535649626998364,12.142386944276549,73.57581536287742,0
27.163318127436963,24.72060737388768,25.482919930734777,161.93177792285098,0
19.060983307444978,74.83752494281826,35.453078216284986,100.57131525555172,0
18.463245734736923,26.203500450687457,83.0907606291132,102.83978901151185,0
34.2107620863594,88.17173063953962,91.35532490877863,125.13756063349844,0
42.99576197798217,89.18202114066128,120.24103144000857,118.29910666020447,0
83.09491710550684,19.644131522278585,35.59053839172234,100.76156038792918,0
11.98910934727121,61.38459450077243,59.25342222603566,102.60258876196085,0
73.49258473948942,8.771764171996432,5.927937704316122,69.91702938104042,0
53.14549141893053,39.15370996016292,41.65368721893146,88.87068444300047,0
28.794534267599246,71.33217295012723,14.29696689288808,110.34420432317921,0
49.281958453282456,65.94232468499163,28.2567771293653,108.87785678085773,0
29.994206977702266,62.47006694066079,50.26299779708968,124.42331500008174,0
59.608195523830595,28.25408636624436,14.852015413545322,97.58997883553351,0
43.38439228552442,37.8024949434402,2.6798002214587715,72.25426973138268,0
16.440552907887874,10.294614470028618,0.5143291176106313,121.13460861551356,0
11.658307455569672,71.9022820433601,1.1204373266091905,128.7217869236403,0
54.66956820721302,50.38887967912735,0.41923959190148014,117.9648914571246,0
90.24130332861034,70.87656323456545,5.846641790316701,96.72732658285017,0
34.395768655768556,24.894352479687278,13.688216395294244,120.88772103753158,0
73.30001072226231,32.443822863506625,12.501431532516575,168.57820956016428,0
65.8661354939767,33.42153372601147,216.36402329979498,102.30304628880951,0
93.1554914309481,2.57424097472162,18.264605782253483,73.7652661550975,0
82.09810172991409,34.10478728306236,6.815091815783656,88.27429900895696,0
56.660525890546296,80.33045735180335,39.43474928820084,112.50952000608102,0
65.70304982341074,89.72984957497385,97.58143281891253,67.90391378203874,0
89.83864665840349,51.821831563592745,56.66956282854394,103.38806149824138,0
39.95187845869348,45.55016952192202,17.554676675421955,107.60673300631765,0
32.679470585777736,3.0824618699370254,41.23302024329407,130.70243479625304,0
1.081108363519634,87.92043375853827,62.73804363394404,126.20389712108602,0
82.65510741914642,1.3010213425872719,65.11687248061968,117.29169583503543,0
80.0980700403365,94.47500802102118,54.91138642569558,56.74641978970941,0
10.445451810015138,48.92162486880907,102.32371890034014,118.4210625609585,0
57.68573811327003,34.19344935747266,102.05161878867648,114.11026772120493,0
46.398169816688736,92.421843484266,43.248588320387114,105.11888754156693,0
11.870909550911147,2.4390993110096737,28.093348294038194,65.39555747709029,0
98.05682270607235,58.14248948690871,51.30113603190202,84.4645218162588,0
21.469588746335543,54.89325244993376,85.24570567783745,76.66354460931868,0
6.723418009056115,21.932040121138208,0.28340692149891167,59.69983120985819,0
59.48473795019096,42.88874313502106,241.39699670159186,99.9416969717041,0
73.88666771330327,65.22640059437703,10.099308547266322,84.0435575711444,0
3.2443446047186963,72.71311968819275,31.767408354163756,152.50611160537824,0
65.87176387270222,0.07168587065797816,102.79786727545222,96.62456121124181,0
53.22918759514545,93.68534300910153,12.747218939322897,125.8750631173192,0
10.326500887504842,16.45253723928124,32.38911751250239,68.61801950613551,0
17.252387694636205,23.35804342223592,7.111725192291275,89.3982082799026,0
56.79742973160805,26.347344569384823,25.132649328813873,101.9379575206863,0
29.63576135132884,3.782013655203531,9.748183923834738,81.83692102784659,0
93.8315728651316,12.305212359032492,22.59857930946828,91.55598630390512,0
81.87402294840508,98.63499229441621,23.37746951119782,95.64098187512923,0
98.3567206513663,31.521673737728605,249.32731097259216,95.3218402911021,0
25.967083895041398,11.530109033904933,263.0802716546655,137.10237146070693,0
96.9723632797977,10.699126117462331,6.096308504505086,107.5645257086302,0
43.12338697915579,71.94599676699718,64.72566175140355,109.59021125882606,0
34.751879531375465,85.45686640326409,2.656616570003939,110.79309548690141,0
5.034952696935324,25.695229950846986,1.5328590518021736,112.25252754674224,0
5.276525785960262,2.090951233523497,5.565234825463904,98.3422603225027,0
69.20112559466547,22.30900184453558,168.31901512199155,93.58507257042308,0
45.79289944340279,5.651569079675733,141.39538789065944,103.33632119036555,0
22.65216260361057,10.339493663004152,10.779099374175113,123.13607897826945,0
61.39703063252326,43.15081198476424,8.817312361558631,122.52476376872767,0
25.285811825011116,22.991837086163258,13.75705774372202,95.19203048623177,0
57.76317543444226,51.59458785254234,36.23674236753842,115.35687389336223,0
35.92087469826903,25.349375325719038,42.164170193033144,96.10830673920664,0
82.3552226611819,94.05373011029477,12.525315415998211,100.67741098870488,0
82.06961607667793,90.59439679262645,70.65713634229999,90.52953236891605,0
47.73503981224013,56.6806105010466,18.520815520239267,96.36709722187533,0
35.08191093350156,35.44239919873861,127.63657659377428,126.8266013909936,0
36.25597965590946,38.114688203473555,53.46083612191723,101.84842294678472,0
80.57145256682179,41.185228314449695,28.66619531841706,102.70565017104636,0
32.8179482797612,72.7579322134944,78.01143982634723,71.05564441484083,0
20.9059373706846,45.16389955188379,85.16398071184368,93.81512184734541,0
8.468834187530682,85.67299465058974,17.158442843371517,95.17370192510543,0
46.66931208844084,94.40947859303645,20.754151406380185,83.4171302911319,0
48.213209891984185,33.59461533789339,137.40858590118103,100.43330823407128,0
84.09087104029072,56.06944813756801,9.000673425805763,91.41635419544691,0
22.123869644606398,9.505653683256444,2.153226239121375,101.59991710487164,0
38.099127366839994,20.0469047766359,30.26188159157567,102.43006019637869,0
80.8405738893691,41.34657667101601,80.77528930089898,80.88491284354711,0
82.36236107489735,20.620271590177886,73.84775172092318,92.02596435033621,0
38.46110759787682,87.65604907887176,125.9939325174507,101.54748565521668,0
45.91240232866809,15.828625605909806,38.0927900906026,123.6859886231345,0
30.328589084928293,45.566082155309196,5.271618776791681,105.13438345591481,0
93.2554878419312,60.56992404598757,44.42027986195304,86.76129640165145,0
11.864376574158031,69.18639081608444,75.34307667399933,107.98009518487704,0
93.374942300147,38.306936972650675,4.898732933716793,134.15097778643522,1
68.38664518353433,86.90990687247286,9.476820131521219,118.33412945178037,0
53.15721526867312,56.831915107792554,0.6183407985086069,110.9505306087124,0
3.2659060784495875,43.95077804475518,45.02733848240288,114.51180350964643,0
47.55961918220083,6.724063405203662,108.90098523265053,128.7990808285726,0
40.774810500273226,46.4689468445165,55.53373479357203,121.5125358803532,0
16.121881197512256,82.07358408157303,200.98065465617157,111.33520762235315,0
65.6409603500657,61.45410182213155,3.2553956271587094,121.37284439180169,0
97.11509073682858,83.21624537291183,116.65277438350789,78.36697807471879,0
56.218881106452514,49.401167059930565,84.11879045837833,69.95469495319438,0
71.47532764439458,11.846170509448184,18.861489197333892,103.1419730128766,0
6.845045256601678,1.363984583588107,181.58065022031252,101.37361419301077,0
41.76669958169947,30.321954671859118,16.979496952431383,89.12179892973485,0
11.635848516449588,69.79904714977924,110.04870562598332,116.51705339655419,0
61.27958355365104,79.02599039416938,106.32606084964816,62.74272827097528,0
93.84821582141547,29.575283462032942,70.87018726483731,89.30455487884393,0
66.17777324716386,49.565392088324714,41.444963147486824,90.3008891024477,0
7.680304831442153,42.111890443408164,6.391824803970595,67.27396429801081,0
35.466620498508284,41.05227843514279,37.961329425663706,129.89462014538609,0
55.066337944085156,23.134871320015048,22.06468698511601,72.81597462673354,0
40.320775613325225,13.637110502945838,78.56305863314721,88.23319885384629,0
83.36440104751723,19.668855823121312,70.96758032753728,118.15959515610268,0
81.46710047099891,5.53323871633461,120.73872550433893,112.92090686857463,0
61.183102010322145,19.813074182357703,0.7470614373072438,77.83650607030506,0
37.345794513270526,0.9200897625379456,82.80111996101559,113.64978418521272,0
25.533637376324414,62.72584006359783,139.40506360432934,105.79568957316444,0
10.587431821312931,31.637540738768287,77.86610448397433,146.66071124222935,0
35.4897683486554,97.31447114269086,6.974280470477569,108.0788083213661,0
41.31725172077195,19.371705077629787,4.238645384762683,97.17516357862937,0
67.58229251040736,34.58285703095939,1.0532784537686346,82.86996085761155,0
65.81598242975734,35.78411586415332,49.54333646127728,85.11513266088858,0
7.0108139641256955,0.845149606246054,49.668396988953845,83.48461809063684,0
39.525931543115775,83.9207953039459,216.8095242015147,127.42197627823845,0
18.177886721736193,3.199446014432472,25.378477701302447,100.35939830032942,0
15.68127053168057,94.01798347292414,20.16634116079439,111.3049424794946,0
82.73021497372459,89.20743510936207,48.96484500779971,130.28495199961773,0
4.191521671625753,53.55219160859635,87.3226748212439,52.8307171558507,0
41.91828759021213,54.35955749112921,138.0519435832497,125.5774752940075,0
16.82036557665182,65.37779229561563,81.25910170650673,101.10793823566668,0
87.9330215678474,38.7050011934887,27.81503774060747,108.70096743280888,0
55.704051327503514,64.72222833978554,50.38114906267068,83.43193556503498,0
23.1380636376848,4.476838868848687,97.00114002822401,84.89751203102963,0
50.24272871663764,5.404762734972657,33.72703678413505,109.77691779625975,0
73.14863597031159,45.723041961954436,12.2111231719934,147.6919560066294,0
95.81180089194338,54.96223011060349,9.299821428447373,120.06626625629804,1
22.044600424541894,88.7817640335819,0.00788785105206207,125.31045842837081,0
88.61817721293451,10.466063390789627,63.334625910395005,96.1599745947716,0
93.43041141674902,82.26479271938894,5.888369786521352,87.99591550828744,0
91.64205445320663,21.004733729206958,13.975054717895077,84.38390096842014,0
63.54143568619099,39.408364851003185,17.68228622748865,90.23452550606623,0
62.982065443470766,31.66024348274129,41.09221217182584,58.94435133658949,0
40.32106331838228,40.0155272865399,25.371343412209725,85.50161314216797,0
75.23978823037879,15.049549807258556,56.14637489776452,88.79293687880313,0
53.12940183509319,50.357007440355495,2.8623204970941565,96.49283651210318,0
67.74380712282945,80.16425898313673,6.615988875728733,102.63500219494584,0
42.84579038487954,44.153401037889694,34.578571488705045,107.24901737251221,0
73.14964640431391,49.061357589819906,20.546358993498597,99.7014925511408,0
82.4471517604549,84.87675852813142,17.535592411564338,88.37113827314487,0
14.64362566028161,70.60581146380308,3.469008700954912,60.732827134689586,0
83.2929715574228,49.04544085197847,113.03338880695941,88.49382783196413,0
54.029653179030724,25.769564818917967,58.853333165853314,80.5509872462599,0
84.46659090902243,88.49267468449666,6.483693938626428,109.32133496557208,0
43.13017063410146,57.702040169055834,3.3628951780762537,118.18574793387387,0
37.904048538303506,22.11476101106934,184.18968727653086,118.77142134119879,0
91.50607325172224,26.911975263801036,57.15526165054013,115.13905472255641,0
25.11692675484013,80.3133088936246,27.017534097723082,97.32948529095023,0
84.42123252861431,4.414556208745546,60.487982586435706,89.56088869048207,0
48.40205725094041,99.20921870288201,70.59738798429885,85.05794492665868,0
51.40954425512597,13.035167971479177,75.69779700316165,69.850021667965,0
30.8468281489484,79.60685253969373,32.49263360384902,119.83707401015715,0
57.30422006190157,39.47753167716829,28.09566259020241,96.50577924140052,0
32.52111962762113,49.221618328746686,0.554467219723381,75.07319412758252,0
3.926941424165231,88.06505774645778,130.56236258018478,83.4701724857953,0
27.199860534435604,41.291118958921324,46.229740573744984,82.66053087134895,0
0.6379043406590679,53.74937536732345,11.35468823155609,100.86048970030254,0
97.83547870568566,4.929966240916994,126.03918169095094,121.34935702141371,1
96.57472098197475,0.23474738674531537,123.21515938010634,93.04020900808834,0
39.5155297472305,24.47998730017259,226.33719781832582,54.94932970432701,0
72.8370854339646,68.05830929187672,103.59611933120223,96.2163932968216,0
34.580609841042495,12.126489335913671,305.6113267233727,96.87612199805609,0
67.1093157085976,11.376195880454942,14.031098560983772,95.50159538128956,0
80.54300430459791,41.096060803590326,92.33705740411979,87.45077667048596,0
94.67562446922408,64.78370386082265,86.588274794939,104.34878161451685,0
40.0212275849672,71.20719922479304,13.129337810194789,101.32282230298003,0
78.32979829560477,17.84506740983748,5.181298209840253,99.50339371746706,0
26.59284506321188,7.958814737204245,194.17302544632977,108.25282722885932,0
99.03323037936484,94.03970339455442,17.550589887563333,91.40334353704293,0
2.5769598764351143,26.066638256210172,102.35521963309169,90.26828660598693,0
60.3528806501121,85.33464976087238,0.20678474416995765,127.602465791708,0
65.95059816513272,86.34914504628183,1.0624488059269348,111.18710819430872,0
68.80455570741289,77.25225917625444,31.355923705296984,116.53892121885599,0
12.038757878908902,16.88336066525701,13.637353441529315,124.52209170668137,0
93.85297834731304,82.18014592542004,58.533556180415346,110.518883612496,0
18.11832790500828,76.92505592415867,41.68536951360032,118.56777358272342,0
62.27534032398411,59.67229901062171,4.03262537341716,68.41309675859479,0
22.267607912308495,33.720203516895275,8.874360832417622,104.08307743992054,0
30.72164170212709,26.25086042665441,24.55517531710198,96.34563076371344,0
54.645854172812435,12.188921208035897,10.26543116602116,133.5536818179962,0
41.719341856457646,50.975706690087144,78.56433740893262,118.552910636066,0
16.02256009765063,58.52608755098465,26.89872848724223,87.3910961841364,0
17.093640242084827,35.93389905157872,4.904454546523079,107.45588317058412,0
41.814478816279966,47.53590676808685,33.11566368458709,103.3536266689848,0
75.72829782755008,36.35144573692667,4.76160910068936,109.08662866304458,0
89.79646468477885,64.10060573207012,6.902066235993014,79.62315061250696,0
8.412766225938284,90.12592077965633,13.696179926268625,107.20032930476451,0
39.310390755940105,16.39202620469449,98.13725000132536,95.43697301423532,0
10.024556372287662,38.14088099031234,129.25571145477412,105.64899528111201,0
1.6592480632597884,14.08686039508613,87.50911404455826,85.51229669755661,0
66.17186826439566,62.4943770407832,20.329077861619442,88.29873657206801,0
60.24494419665878,72.88705094885958,15.903383108869162,123.47684040733405,0
16.301911381488623,93.19127325974559,39.83166057370916,78.96904883319678,0
23.38128330930641,27.887192626096493,63.98030526092931,80.44491197915903,0
2.370775364451838,95.02112058654302,250.8285550107226,98.96837485568844,0
83.49472056944037,6.32626718206748,7.05345575069691,84.56219249628091,0
97.46905960485515,60.30138633645882,2.5274153886766886,82.29942735474403,0
13.545953679469081,5.713271934332997,59.266694490657834,102.1015194241659,0
23.147521376529813,89.37741877619449,89.25680764584418,69.8986828619259,0
86.8409523946934,52.98090570700541,93.65350247220789,79.84075530172724,0
92.64637979561849,66.93483507627961,56.732218202760464,141.08191165847288,1
41.96273828068103,83.15739259104525,153.9728754667199,109.18950117938019,0
5.062247226907413,15.031062248396875,35.7701265477343,85.06873295460178,0
3.93918336928194,3.8591561938133845,122.56283952421259,108.36430156532394,0
57.39498660690104,87.88811459128522,171.80829113442562,111.34660953973258,0
39.2895108893179,31.49332274589325,93.91735091238044,119.88828840180477,0
2.8652427577654516,12.897890792716527,18.535691713681604,97.4568794108654,0
58.32523923125568,46.84612370870865,10.921213431498925,119.52995405545778,0
1.1302536589022472,59.83060756960188,39.71693824633411,59.23106950235655,0
78.73719581492729,3.0970603422510123,30.166672144193452,78.87383739048494,0
30.643282270337156,27.489565825708773,105.08776958754449,103.27742803472911,0
4.02580030092321,3.2799874276896013,5.269785317581337,106.59267065615583,0
58.835222098315334,42.0335389195499,14.902788774024023,81.76435424662716,0
39.76844144330547,89.51000290662444,69.67580768385967,105.18839982526319,0
97.38004133571495,98.26524114935692,4.9902789229973274,87.5231950262548,0
54.41986625037022,63.70475535036275,19.339362569826594,94.46081811545669,0
27.52391810370083,16.16376937845918,24.482193641148275,120.49547601330022,0
70.94388646339748,90.58493899993057,48.721660444100486,118.178749937772,0
27.149200254271133,51.62478232000605,8.606640681689575,80.05879345273475,0
90.42432914075651,15.374931210291809,98.52199965761803,78.85497075959793,0
37.47219705073764,92.17266694516614,29.66891463975458,91.77653208893368,0
54.98685627762052,75.7469050723103,124.45881471641283,99.4650739765415,0
5.0573103824228856,73.17052727231516,31.54336481434696,86.84203022850518,0
42.61212379522308,70.91807037944046,16.08195776213557,120.81284885599337,0
83.2363539660995,20.03398210964423,7.6475849513855385,106.9477968341711,0
80.56488053633419,21.100669170752607,0.1876062568522873,108.12170219748859,0
22.431855885352626,68.8292998427255,37.98117730366601,74.66922342110057,0
22.60790710105627,21.972275011039688,5.6672092992646155,123.3458143476756,0
81.73053122132367,43.86716968030488,24.856637002187174,43.596623555186184,0
93.03984201693255,78.20018255939414,44.491175137145994,116.68110903698738,0
9.536092127300355,78.3952518097841,16.12650683112496,118.68623475341542,0
45.005863942622526,45.326177252585964,9.632189957268139,91.35197625444077,0
33.745427896422896,79.21899382752451,74.52092043360975,125.45820434494848,0
87.06884554574394,83.86217961980567,146.6765480922075,98.73804894091307,0
8.352491468001876,65.47757512842603,5.292499430506574,101.24863406654886,0
21.112594255803742,22.842585230842015,8.45587522527078,106.79057574808432,0
75.24683375864943,27.401178038554754,160.95961531305605,163.7314982362211,0
5.129384898121558,31.484115540873535,1.925827590890656,126.8886781616601,0
49.25353807142893,11.6804107733952,190.00694795564837,114.02262401425835,0
44.210703467972,27.315962036994513,0.23276511045212256,81.7439102679761,0
33.44011789887487,20.951922431253212,103.44235533168471,102.87179650958984,0
39.457231531892376,45.532874980860214,18.359731327637704,83.73751812307228,0
52.99405869302329,90.84375478722649,139.50819986904816,116.44221694565626,0
16.136735838838312,10.448031675395807,19.059015906642117,102.80933951469713,0
