tenure,monthly_charges,data_usage,support_calls,churn
52,119.40816546455756,6.28621442005707,3,0
15,21.107855259430966,6.3930601842652335,2,0
61,93.01734533106766,1.6591947053993341,3,0
21,77.17893159359805,9.01834435304787,1,0
24,63.40521760809567,1.9051671135157735,3,0
3,32.75701745713709,6.456614356714469,0,0
22,60.908514863487625,0.6448505840280151,4,0
53,55.43771829861353,0.9238325731671844,1,0
2,50.28298889787422,1.8974932032112448,1,0
30,93.08796233222077,4.505456253154343,2,0
38,90.07255212842638,5.18539666314234,5,0
2,78.90200909809116,2.5238547183497513,0,0
64,113.86648132933722,0.40517808156969237,0,0
60,54.985438418085444,2.3391072763427463,4,0
21,44.38019377101796,5.836075544803819,3,0
33,85.59033130983995,5.5584186617772104,0,0
58,39.881406093740296,0.8729361986536855,2,0
22,51.50105071834246,0.039072117499203564,2,0
49,42.460244007488484,6.9914626061056,0,0
59,26.91535677185012,0.5623070392615739,2,0
42,102.74987416356734,0.42969145910824286,2,0
60,45.45405429216612,0.013524358517847949,4,0
15,67.30275033430206,2.833465467549413,1,0
62,24.331527325431196,3.4984819081870615,3,0
62,89.93394662526431,5.075917241072972,3,0
47,53.056100230629085,1.7553380488320436,1,0
62,94.473672782921,6.1966998437612055,3,0
51,61.240306046786614,0.927624554735298,1,0
55,39.57556064056246,8.918660468275398,6,0
64,71.3175082282036,4.24138887211942,1,0
3,33.05045596374398,4.384026030617399,3,0
51,64.05391598729948,1.177190437836098,2,0
7,51.73054774204866,0.38499245540894045,2,0
21,111.19595841996332,3.1248713878627603,2,0
39,26.092872172071996,4.780513473896307,3,0
18,89.4017414105742,0.49935836068849443,1,0
4,38.275116598743594,15.032396535797485,1,0
60,51.90450743322398,19.664793231074576,1,0
14,61.551406306206594,3.9423104511946914,0,0
9,110.80150893749742,14.98558168197675,3,0
53,44.25782660738251,0.9888731396899924,2,0
2,29.130880254467023,0.128746865370541,6,1
60,51.868960399052355,0.20103558095421153,0,0
71,30.467597053553334,4.427746634104327,1,0
44,32.85964859605525,0.3181180772869231,0,0
8,77.38505979750266,15.915807078304669,2,0
47,26.09019330994933,0.7653666979300756,1,0
35,23.093088139356603,1.8172233636070927,1,0
36,91.44141014704978,8.644424840223913,3,0
50,56.16470948410445,1.2342384579073804,2,0
4,32.53753492338733,1.3917517995310065,1,0
2,45.361277085970826,5.14042835093743,1,0
6,84.2086507352399,1.6154140020975691,3,0
54,47.55365671408512,1.2259721870552767,1,0
4,69.4521125120408,1.4663396504390067,1,0
54,32.16953067266723,3.3730748322370845,1,0
63,78.8093637605447,16.921682551846068,2,0
18,51.607768384326405,8.92604311161621,2,0
44,82.69684345287166,1.6746390013075954,1,0
34,100.8394882304023,2.2578583985991405,2,0
62,81.16464193899924,3.1228863305716255,1,0
14,49.57475625950207,19.299441492172644,1,0
48,45.574370154830035,0.946069079706745,5,0
15,52.7420958733448,2.2118108224572093,2,0
62,36.462051323650485,6.536049989932318,3,0
40,38.117185085002006,16.613373118335396,0,0
53,99.06911019001679,0.8460901970515146,2,0
24,58.4732576507445,1.2898394159112778,2,0
26,63.59951805705858,1.2789450282323587,2,0
60,79.40494655668113,0.10577105177554771,3,0
41,78.96534951515477,4.633165463189527,2,0
29,26.73768715219257,5.55397712519683,0,0
15,103.15407863376656,4.6131273969976565,1,0
45,37.73265532239394,0.369971374541109,2,0
65,92.30716360496689,0.3587160675570594,1,0
71,97.26709881281666,1.181058813791273,2,0
9,91.48995340913137,1.7145260292406748,2,0
1,77.89776465541452,7.721614722761149,3,0
8,21.460899710888285,0.8681388817777224,4,1
63,56.03754923631707,0.22546915625119857,1,0
11,80.48394293625812,2.5042733939520128,2,0
8,58.74512959225387,2.6926302297145197,2,0
35,106.34798949128131,2.997440344083788,2,0
35,50.880227534961534,8.769531454399896,5,0
33,49.35347924586604,0.5157338106019739,3,0
5,46.599769309265795,6.086000881525463,4,1
41,53.27808689607955,2.0620375373005255,2,0
28,75.74049643141872,1.855174470152554,1,0
7,90.70152942725908,13.481333951339465,0,0
12,86.2567917738785,1.428210934946073,2,0
34,100.77178199814796,5.14354485356789,2,0
33,108.59139954974249,1.6087992836299314,2,0
48,101.60790423433512,3.537689993669158,1,0
23,21.89454033743546,7.715744292093484,2,0
62,93.59179535519887,10.673609596654025,6,0
37,40.83995736183316,9.122360924265973,2,0
44,33.292804270798264,4.363531615415322,2,0
35,83.84887847991355,1.4305253517889378,1,0
65,51.97431954076949,5.412219274448936,2,0
47,25.711716337044326,6.187734906242004,1,0
3,33.76297343983613,0.053747800832410944,3,0
1,20.092941686996106,2.8920484309162875,3,0
5,110.32236273447073,9.265899653147839,5,1
14,22.46179838412386,3.3626812260759973,6,0
27,40.94557695095111,1.8652953264270453,0,0
9,61.62627806879073,10.270731739718077,4,1
15,55.65713259508191,0.8473072036899654,2,0
42,111.17258769127757,1.156163605640119,1,0
51,24.02889457345421,5.813712336922117,1,0
63,71.22147076770516,2.1726877914830136,3,0
52,88.0479462524374,6.241658630182258,1,0
4,113.16979736811687,0.8581166646075278,2,0
23,82.0371252123721,1.4535605559362794,0,0
15,100.37552360117627,0.8518505734232841,1,0
43,28.37249378453484,15.278506367809799,2,0
29,58.59395109369274,2.5993651490543423,0,0
36,57.394713447906746,2.056560164864924,0,0
13,108.62882164557176,0.07151985971337073,3,0
32,35.137117126327496,0.83273857914823,2,0
71,35.188617233663024,2.7334373419646236,4,0
59,52.855814988579844,0.35481043437547033,3,0
28,25.44660473668376,3.574299315216793,3,0
66,38.245804065249004,3.0349890608891266,4,0
42,116.52096385457352,7.287193591488035,4,0
45,62.81839398671728,5.39114769837998,3,0
62,83.20192084224365,2.9524774000414884,1,0
57,92.6111259344637,1.2722726956098773,0,0
6,56.69614070072005,6.488919252290853,4,1
28,34.722707441051696,6.152646698717757,2,0
28,40.65810162217808,0.8320215184918539,2,0
44,51.326647658061034,12.310943230226002,1,0
30,83.60684203522257,0.33286356225961866,1,0
62,59.82805490890544,0.283051279373698,4,0
62,20.681469790012812,1.0372764019213245,1,0
1,72.34071850674718,12.00986175667902,0,0
27,112.1513391907418,3.669826334157124,3,0
62,101.2077611008679,7.754451835309313,0,0
3,102.52113712596311,1.2928381266553066,3,0
70,99.50580176061311,3.3688994621460515,0,0
27,52.37308256104237,2.2180897744350396,2,0
9,96.5193833754392,8.796324138852482,2,0
62,34.3161357811193,0.11431918082509514,2,0
37,85.77161472759535,1.3975294764615147,2,0
51,84.15685666849944,0.82776011930351,1,0
44,22.556979908973467,9.801684941497472,3,0
24,98.79701335909316,3.151273658159984,1,0
59,110.32481050951306,2.5894194062571554,1,0
32,46.74152784721076,2.984485050708827,2,0
52,101.2390724186151,17.86429887503487,1,0
62,28.24059718619482,9.49452102282869,3,0
58,79.9967858261066,6.127153124951189,2,0
52,68.56468653342772,1.7158256352029313,2,0
12,74.59235333090001,0.9026538032455135,2,0
39,112.62052018843451,12.71905760642433,2,0
2,107.13152472468535,2.7502195488472725,1,0
3,98.5083657239757,1.6338875102493682,1,0
56,47.3698457678371,3.183085959077233,4,0
59,111.18186286860916,12.495885316789884,4,0
2,29.750769246387527,2.4475007942459244,4,1
2,105.33292165587878,4.135004522759347,3,0
54,52.81600723536078,8.121902522553496,1,0
1,25.377231166198335,2.785504411489913,2,0
19,86.93569842407483,1.3298755913243805,2,0
2,43.12799283159555,26.038498517938216,2,0
53,44.35711258646319,15.683122879725298,3,0
44,50.60471662287715,9.272830866151304,1,0
32,26.368476750251673,5.829755705554689,3,0
70,37.7127144198254,1.746834479243761,5,0
32,20.51396275855603,12.23302438003747,2,0
68,64.54095211057867,1.6117586995486994,2,0
55,28.42553774179713,8.067467995039646,3,0
56,88.2652605044199,12.520946939257996,3,0
17,43.56228511916484,4.619143359843588,2,0
38,114.35741440351771,8.124184804879505,3,0
24,107.12516273986526,7.843762016979744,2,0
69,48.94408949682082,1.073135541426263,3,0
70,98.32154546566787,5.5119642338448305,2,0
11,100.32449046648063,0.4906443960126562,5,1
16,118.65631141144104,3.54486010874064,0,0
59,79.7839986845685,0.8850915085572728,0,0
70,28.196573464366217,2.6922646607194474,5,0
3,84.6837228926381,8.94827067595248,2,0
20,82.49797483760352,21.779003651449532,2,0
59,83.83505774204318,1.9133336250664388,3,0
36,50.71456481042115,3.795961634124127,4,0
19,105.96795850803329,3.580012160459564,0,0
67,115.94721829554119,15.43940336670175,0,0
19,41.771251297815155,3.2560328909286436,4,0
20,28.815215813664445,6.00498959178029,1,0
71,39.45350331684841,12.741739784371278,0,0
52,102.05521392557188,2.337063419521373,3,0
33,87.66446348198475,11.620179539542379,2,0
40,83.60473423391267,12.472132413189081,1,0
39,60.17931351094245,13.343847254077891,0,0
1,77.78279715114357,1.5766107234052729,2,0
11,50.78741252743674,2.5570922828661837,0,0
57,67.72000794179613,10.216354616149058,0,0
50,99.30630283706559,2.2248915495476678,2,0
23,118.12415974554621,4.584617571862702,4,0
31,113.24889235898019,0.6281251224979599,2,0
42,113.38659428462488,0.2896022811915067,2,0
7,60.22237348471124,2.6550905459183327,1,0
16,66.87898805067908,4.324621025379335,2,0
60,90.56353963689816,2.493654580537847,4,0
2,112.21919280512843,4.310620119142655,1,0
1,34.19942593520847,3.6189018733383262,3,0
48,50.424186382719576,5.787151683357575,0,0
12,33.924684459410955,5.242435523962187,2,0
69,81.20085299594552,2.7603713867963204,4,0
37,50.63009968875375,2.766884803441863,2,0
32,52.61078525125735,0.7586417303116013,2,0
9,27.091595948797924,3.599905785160276,0,0
19,54.97960618075919,4.42370752203101,2,0
48,106.24965074015853,3.2359899774665575,0,0
3,43.3072811890835,1.9704552068864492,2,0
20,89.51874662100657,6.394353672230904,3,0
24,82.96283449385926,0.3879790939083845,1,0
54,106.34846083691153,12.292708581766627,1,0
33,33.22879476510383,0.10429746959861641,2,0
24,117.75899603450432,16.397129344599417,2,0
36,78.26286460403657,3.102789528181151,5,0
38,119.54741523468144,2.6608417059921052,3,0
25,111.15147258658509,1.4815560998461623,2,0
18,42.15172721131058,0.050610959005103984,0,0
66,25.61620099033131,1.6064718775559348,1,0
54,45.563909379536156,0.5792990119926453,2,0
35,72.75636489994199,5.39141433448893,0,0
61,37.159636706518995,1.9215153520334414,1,0
41,36.74597445179885,7.287433857750125,3,0
33,66.25935471051531,1.1591318616097754,2,0
68,23.326797116935843,11.52468214770761,3,0
33,32.188808253227045,3.7010001822298837,2,0
14,61.58613394079475,0.6080490974504624,2,0
21,26.312990920796647,2.561176715212908,2,0
48,59.67550564555293,1.1581505781729429,5,0
20,67.40062659484451,1.113752056570459,2,0
8,65.12666140731145,3.5298424940684,1,0
7,106.91748574030873,5.572062520791976,2,0
67,73.00624550517324,12.130446375784793,1,0
17,66.79804624780434,3.4874028885250654,1,0
33,61.07092453916662,16.883320258782522,1,0
48,101.76233783044862,14.205181746857455,1,0
59,109.50566039998331,10.014718964581917,4,0
22,105.32424691971175,3.4655085575925746,2,0
30,87.35465781313908,0.7593726991818155,0,0
38,33.73617459686742,1.2288919226825854,0,0
51,47.68699694920123,5.215935251299799,1,0
54,24.606306368197743,2.7387879529555628,1,0
8,113.08240749901141,0.7938160244865735,2,0
27,86.07985296909104,3.2599679680500655,0,0
27,94.63628843132415,0.08792123068141577,3,0
21,51.1571739582229,6.619328525282901,2,0
30,104.56535222773424,0.38214490377113064,1,0
28,45.96032837084785,4.959297582060827,4,0
64,20.16437571124497,7.875431411246728,3,0
69,57.641496252069395,0.7115281521516602,2,0
61,77.07614809590734,3.655685640007355,9,0
48,67.87048579655226,7.549490594883338,4,0
19,106.2076142576597,1.509807396600544,3,0
4,30.540528595616692,0.8891578175952929,2,0
35,75.38234406337256,2.053537459360867,4,0
64,71.29793498209074,4.0450260876411095,1,0
49,48.1392982172163,4.281620983978877,4,0
17,102.22281125770105,0.701349274085939,1,0
44,95.28486558822063,3.058470548879151,3,0
30,93.2859187331831,1.5618017619108278,4,0
46,107.6192478269556,9.226567682978368,1,0
6,92.27846006215212,1.8812925097710633,1,0
37,43.18412917147265,9.122586723356491,2,0
24,90.5562711649691,2.7980193002984817,1,0
46,50.77028133898438,6.48383646250645,4,0
53,44.21746503474705,3.567364054141964,4,0
60,27.30035928996273,4.863811051451365,1,0
63,94.40285803476768,2.5155813439629604,3,0
32,91.10009619498112,7.309547726281731,3,0
33,43.44994776740937,2.7685732758670127,2,0
67,94.93790167241559,3.0574824926441,1,0
18,111.78408830935531,3.6457236181581503,1,0
25,30.802895749157926,8.913724664211987,2,0
54,43.263663838677495,5.384923235700137,1,0
58,95.02607940873155,2.1474601833008427,2,0
67,47.450667350707825,5.5481584086438565,2,0
46,82.46639742837168,5.142072738759768,2,0
24,28.116422446371452,13.369640869943687,2,0
32,65.22024791035386,9.20736803544722,2,0
47,93.9091421992953,5.212770485730158,3,0
23,88.65139430432525,2.089007780812044,0,0
66,101.50721006758069,7.561021755328917,2,0
27,107.74521266031688,4.280781657604335,1,0
2,97.31835012587582,21.08934120347024,1,0
17,87.15877429389259,1.4218121333554021,1,0
33,23.172249181603114,0.41503796473532484,2,0
9,73.49666734094441,0.3622718414875736,1,0
43,23.76977249148528,5.108678315914416,1,0
48,100.80678171160226,14.005782940414635,3,0
39,52.07245244599576,0.009668914224489475,3,0
42,76.2429374117921,6.4689596323232195,4,0
26,47.94453073189026,5.351074432073139,2,0
50,98.25001443802935,6.58951994359203,1,0
25,108.65025266419025,2.1956684870748253,3,0
24,59.8642494213064,8.587801321649653,3,0
13,106.2922393510989,0.22868553741712955,7,0
60,46.70750074563324,7.041291063588093,0,0
7,73.46609230755237,1.5535386418192614,2,0
57,105.8761429838704,3.2393184054897297,1,0
36,52.588134261579036,8.647763460014785,2,0
45,115.40422650780857,1.5828708599240162,3,0
20,32.187950178138365,1.0241090683764362,0,0
65,21.827506972350623,5.717732153508787,3,0
8,110.41353525781906,3.811359855597795,2,0
16,26.864866614787225,3.6118900310441644,2,0
14,119.18891959474917,1.4837453723957192,0,0
15,115.1396861979106,0.17751574957623653,1,0
66,33.70209100363206,2.640445064109816,0,0
32,73.75846256925658,0.5633775839595445,1,0
63,38.49202974671444,11.821725423734206,1,0
51,62.81551730301199,0.21062631844877974,3,0
25,26.14251292598327,2.82509677885097,0,0
58,42.39245877965895,0.2682993241213807,1,0
63,56.32727963988995,0.5021074115239421,0,0
62,63.864750024605485,5.377409360139026,3,0
22,117.74962582088932,5.208012293130607,1,0
58,100.78656456839812,0.16805380538014036,2,0
58,93.74099443119462,0.005660578610533002,5,0
49,73.70413147419742,0.4104886740455793,2,0
52,103.99977606043434,7.198452434266792,3,0
42,53.93228356557111,4.392283657846812,2,0
70,90.8899112773316,0.19431875933786869,1,0
15,119.37839753781721,3.348100780118151,2,0
54,51.462890893519884,6.224483691293408,3,0
60,87.40175348839674,10.16093495507646,5,0
8,104.43148641523824,13.59326789313978,4,1
53,111.58075833506723,1.9833239459359266,2,0
60,91.79326909401018,0.7299429019396076,2,0
5,48.360792341713626,1.3520008146835072,2,0
68,52.62821515689465,7.484375549028299,1,0
6,22.075803212396423,17.786487434329082,1,0
47,96.08859776715097,3.140484114918544,1,0
55,24.27396060619514,1.821758917687235,4,0
40,106.46523546027457,2.803499468979717,3,0
52,31.86606144745388,1.8178730646355103,2,0
16,37.187651213592424,1.4818486603110532,2,0
13,67.65264708322374,4.503941987095581,3,0
30,93.78804151687423,0.07930552645383844,1,0
19,33.90022051990777,1.5025010319647465,2,0
17,64.00710750664985,5.414414402577408,2,0
63,68.28512744101047,0.16293981357572626,2,0
19,41.22856416685913,0.434339571907691,5,0
58,31.555837668063173,1.736425440327223,3,0
55,103.64209229856395,10.510677507508168,5,0
62,70.24656497627655,7.238427286526397,1,0
23,21.4381235984153,0.11202887275245146,1,0
9,100.29813013091038,3.482893474266813,4,1
12,118.07938054145848,1.605763371118679,2,0
1,80.59261954142474,5.2298002319776415,3,0
58,70.37083870840706,6.392653563183188,1,0
1,107.84158630449616,9.933858846308368,4,1
34,115.25167896845986,3.225750817137783,3,0
48,95.45369159024605,25.969866527552142,2,0
1,64.54529297342879,19.556643054656426,2,0
16,79.22213993314405,10.692422864370672,2,0
61,90.09353650179992,4.27679543488913,1,0
64,39.427357100180146,2.5375426362921205,4,0
63,64.7201032216438,2.265821530339324,1,0
69,102.9821264717285,0.06099427238698217,1,0
22,85.4725348498443,1.4329100370088024,5,0
67,61.12040672118541,6.343592022499602,1,0
26,86.33625340146814,4.627062291723826,0,0
16,31.822241207245987,12.409886073930284,1,0
51,60.149761056487634,0.25658366760889745,1,0
57,99.31285379630563,0.843730231254983,2,0
29,42.0508787136648,7.785266066340481,2,0
69,38.59615075574177,2.219789954294926,2,0
47,115.08186599164314,0.6297741723632279,0,0
62,40.989762958623075,28.204749836665343,0,0
69,46.09185796501681,7.7381946709118505,2,0
16,116.96159389043379,2.627505897368872,5,0
48,93.47085702650257,8.667853112473033,4,0
39,89.95965330235282,5.706615800580332,2,0
33,105.29263838545813,7.802637814813039,4,0
23,31.582308223679426,8.442578155033463,2,0
10,90.59562365800072,0.4426736833304454,2,0
69,70.36886093282389,4.877190890866291,1,0
34,102.915064028414,0.03404339759191281,3,0
52,70.81417186651943,0.2221437380254292,2,0
10,82.0241354268912,11.715994350956873,2,0
19,67.77421263995359,3.749262005785861,3,0
58,67.81589235558441,6.657174895441658,1,0
1,96.79699780618316,9.116281345565644,0,0
69,82.85664006472831,14.93750795021434,2,0
4,83.32632016094104,10.176275426804942,1,0
16,65.02824838315257,3.301575006369629,4,0
24,73.11094963375277,2.0471420635253987,4,0
2,94.57176662047873,0.8390955545959394,1,0
32,102.59409191119182,2.556807857528965,3,0
24,89.65614021440462,2.2824257188647987,2,0
12,112.4072988845683,4.100073751622059,2,0
50,102.0324088147201,5.47573263816852,1,0
35,76.18637898095184,19.158088689370953,1,0
33,87.14060726437368,6.516870117003743,2,0
33,112.6308276921196,5.1605921397465035,1,0
61,81.91680442430584,2.0405362344364426,2,0
51,102.48069479798306,0.17556596069009803,3,0
43,88.8810503589987,1.6992656289408778,2,0
12,75.19363610604665,7.314751893829813,1,0
67,44.183819541535314,1.1487764337458015,2,0
65,62.599751946842815,6.227242313476026,3,0
33,116.77428248337156,4.334882603414096,1,0
40,85.77653832726,0.9428463845784352,2,0
43,76.43953803389897,1.516515955054409,0,0
44,113.29566255282273,3.428907901446152,3,0
29,78.65117810374487,2.7096443090161064,1,0
13,72.6082518417403,7.538104909123124,3,0
12,95.93108551502053,6.62890670493811,3,0
46,91.26656189865444,4.27332721296833,2,0
2,39.31600084084327,8.637581218605758,1,0
35,67.13082745741212,4.135330849272437,2,0
8,67.25154428195853,16.675539536799594,2,0
26,57.822451524334475,1.224544148841992,3,0
34,71.72934821522531,6.2611254539252865,4,0
7,61.31073977271442,2.309733921248556,2,0
68,39.934548947118316,1.6353462786155617,0,0
58,61.23664872746811,0.9946179103502589,4,0
29,27.22769475731766,4.0204325473981015,5,0
36,77.57858627744116,1.2133487178865927,5,0
21,105.3654548941112,1.1179110591108563,2,0
36,92.52870843545553,23.299137812176767,1,0
10,56.03940400541112,8.091066943851398,3,0
24,28.707120557730818,6.897126441646789,1,0
64,40.21493992252708,7.900867269545704,2,0
49,74.54903404948357,17.356416098752835,3,0
36,40.70570833830328,4.258097294069155,2,0
24,74.39731112849675,1.243870357624362,2,0
23,43.15990247638989,9.9101094238742,3,0
62,104.89238694760728,6.788159986370609,3,0
37,59.72714728404597,2.674808790616555,3,0
12,44.555062594449105,3.208179786062319,1,0
55,101.23261802470616,2.6487885375463343,2,0
13,54.283896480545074,13.292170478366938,2,0
23,31.148768783878193,2.1044036897866065,4,0
30,77.04094914036416,16.550061946894886,2,0
17,78.15642044379888,12.054849288429516,1,0
62,91.46956752357342,4.978308793822727,2,0
13,44.02194332083856,4.335381539769465,4,0
59,64.37713390922451,2.310885920178859,2,0
19,48.23679190426562,0.09254310836779936,3,0
49,28.09537361156881,0.6826691126925909,2,0
12,107.66138270158916,7.016822621324908,0,0
61,92.88698044883411,3.1889420099065893,1,0
19,50.14630594588007,0.8116425863011967,2,0
9,79.93729928719864,1.5323598717341436,0,0
71,40.126378813447246,14.766899638406652,0,0
28,109.02366217957709,2.2874736463540026,2,0
52,31.49063433619103,11.912577734212205,2,0
16,20.38371455078009,1.8165979416837015,1,0
69,70.20081977391821,3.9177680551406455,0,0
12,78.31278234528693,0.10344822805037027,2,0
25,77.89653202958044,3.689416526240301,3,0
52,25.451192743782627,5.065963535460407,0,0
53,51.404380691843244,1.334857452958094,2,0
23,69.91989468413318,4.324866156336501,0,0
16,41.65791856272409,5.2088130497986995,0,0
57,107.26258854858963,5.8059409391519745,3,0
39,28.710928946143405,7.489556973988546,2,0
53,68.73844416720428,1.8650324961077123,3,0
42,89.14160575131521,4.194067597107635,2,0
58,46.17511001344825,19.97132788305124,1,0
39,82.42407369975182,11.420984517185804,2,0
14,102.93851501423745,15.252571717277078,1,0
5,39.033697509504755,2.4399126147703107,3,0
35,111.72205918248628,7.730628196109488,2,0
18,75.3558532662358,4.836577571575901,2,0
9,49.92320043010606,0.43179476602473066,3,0
58,63.08582753822707,8.68579932453685,1,0
17,51.2191883786388,5.652082770101417,2,0
7,92.51111599333161,1.108955827971204,2,0
46,99.63006634151321,0.4154873630124809,2,0
13,103.2937392318661,9.070704291208624,0,0
40,118.57682495857412,0.4109432859625234,1,0
42,99.12842924966836,0.4789977571508441,2,0
9,80.13840706885634,2.787911802916984,1,0
50,53.92202983917838,0.7239603749449828,2,0
27,74.45954487107494,12.247867268699471,1,0
66,24.10681727904054,3.177070723942376,1,0
5,94.48250755299131,4.209987766958625,2,0
29,64.59555450921017,13.162818557782794,0,0
37,22.00232297321876,3.777913978584202,2,0
38,26.25069415104108,2.1816153720102065,4,0
8,58.74664638217566,7.976568300237031,0,0
65,78.34215190184351,2.9246056496363937,1,0
17,66.42039489521267,1.917070827328412,1,0
71,81.9204317292155,6.422832432501289,2,0
45,68.02942587913557,8.087493482507986,1,0
4,86.17038454813468,7.844267752753734,1,0
36,41.91260646708009,19.010109548644326,1,0
70,31.28431871836214,7.724503570743959,1,0
31,79.64339546256599,7.346933015054345,4,0
19,68.46895169363074,9.741549010372704,1,0
61,22.686765404493528,0.0009260622310453107,2,0
54,58.04818854930359,2.2504670872164163,2,0
39,30.61255854909955,6.689485104467402,1,0
19,73.13568317526952,4.5779425313398665,2,0
39,59.577767966043076,0.9774717068401007,1,0
67,81.31519111030178,1.8101109973668636,3,0
45,100.56022187702384,2.0533376695572767,3,0
13,49.96686838414908,4.1946593953537885,2,0
58,116.21021041650275,8.907015305397257,1,0
20,73.56345005875744,13.477529537234778,3,0
61,81.8290798754788,6.9333204043618615,6,0
39,88.0672373225737,9.255967687059822,2,0
1,86.67315298575897,3.175296712551359,1,0
3,71.09707430450621,2.4696403057150613,3,0
62,62.87642911146835,2.493732127422124,2,0
63,25.37819641773779,4.786065328234315,1,0
25,22.208584530117975,0.6632971819061874,2,0
56,55.79611945327647,4.331484828172647,1,0
33,53.366089063369266,5.470107116930219,2,0
38,58.769515483900676,2.8893585663008197,3,0
6,33.836820088819,15.30585485423405,1,0
58,93.81682705368436,4.685188247200033,1,0
44,105.69644147762389,1.2423034133950863,5,0
45,113.8714635374035,3.2621020242260403,1,0
32,69.23623035196258,5.625876467715579,1,0
45,90.08656991254286,1.9550686055271995,1,0
61,105.55511234358725,0.41496063207860323,0,0
47,61.829111109348595,4.378571454029027,2,0
21,50.94127948704444,14.77008957403504,5,0
36,113.67245558534901,3.318640829403987,1,0
19,71.56765510770731,11.828108014752296,2,0
20,69.7253886590878,9.009763875648675,4,0
57,37.841609656349576,0.7973988423486221,3,0
18,30.815501457335674,6.157917850959086,2,0
47,104.21068624835117,2.858769128199085,0,0
49,81.4133176187518,1.4400528004092563,3,0
14,52.58245840194487,5.80677580540851,3,0
15,39.17362173902664,6.786799519315725,0,0
31,75.54972801696314,0.9916225307475164,1,0
1,78.39192892611354,12.29296059377421,2,0
54,40.699360124505816,6.954469492995115,6,0
3,105.1405747891474,13.543414441680525,2,0
16,28.42643661558511,1.9068381343082694,1,0
57,55.609308516642166,14.011943064926234,3,0
12,88.03844137625221,2.2984264966092423,1,0
16,47.41203638192007,0.277403728883135,5,0
24,102.76751947812718,7.1978299231117004,1,0
28,93.98678266004035,6.078677641679481,3,0
8,98.90228445481343,4.555409012954649,2,0
36,31.910653587671625,3.365681153098388,2,0
8,34.054712799554295,0.16346970043303233,3,0
58,48.64737377445836,4.89877916693255,2,0
60,71.8077165197561,2.6964222699887634,1,0
50,94.80160766994024,4.107282903368997,2,0
28,103.65308907609035,2.80464499131074,0,0
41,90.43353159571805,16.915235411953493,2,0
64,112.85968815306383,4.6330805422703465,3,0
27,93.87435096159302,6.916221697889709,1,0
63,50.626788700461475,13.771539985469222,0,0
17,46.50812843385726,4.477532674002953,2,0
33,89.61924503010898,0.06067930192265668,2,0
29,39.28705686896143,0.1744671739243261,2,0
13,29.27148108102699,6.058990613805445,1,0
46,73.22228748561939,1.636171146614549,0,0
35,102.16415697789553,4.330124087560764,3,0
6,30.137984246986353,1.1299704329781444,1,0
69,99.18913237957292,1.575258638549131,0,0
47,101.1572004351548,3.5123631985061254,2,0
25,68.22740000815435,18.559607136793325,3,0
66,25.73103100104868,4.789086867911036,1,0
10,37.45898512471864,13.75594505191167,5,1
56,90.74262751619324,16.01745569036915,1,0
30,91.17779449909494,1.1666639059118291,0,0
5,109.83552751676653,1.8639751898733805,3,0
33,78.2686146554583,7.348212053516927,0,0
65,32.41073677137774,10.07816652159821,2,0
18,32.14149055049721,3.66179760831245,0,0
49,92.11323573568237,24.973367284051257,4,0
11,38.37846651079012,0.058198388696226025,1,0
26,52.83854996166053,1.780465962981572,3,0
63,68.72120069219139,4.879696193149904,0,0
59,22.47648775761512,3.1676968923532955,1,0
27,44.881902701993184,0.6199026889660064,2,0
49,60.788960850728,2.292645257537977,2,0
33,47.96363184932062,0.12888260842533383,2,0
1,33.63703274675658,5.1465419728224475,0,0
21,92.80122577961974,11.162615972097694,1,0
55,101.31476551679849,10.808645867170934,4,0
6,45.747897614372484,6.012277675898144,1,0
69,97.44194946063033,3.1346459354225713,2,0
5,58.55535644013138,3.5875233381435088,5,1
3,70.66857908540028,0.7362326487243429,2,0
53,105.60010748931528,2.085288413907157,5,0
23,94.99536818024079,1.0396005624488152,4,0
53,100.51168513161777,8.607442767736833,3,0
37,33.68451665863568,12.311064636804103,2,0
17,26.971942583372947,3.849312482782108,1,0
1,109.3404729087987,6.505430453154907,1,0
51,58.783426957109434,0.6474963537212937,3,0
45,48.78796780696808,4.689291280209728,3,0
4,92.46962542618245,6.066598779438771,1,0
62,103.64155965798567,3.0144133575893655,4,0
65,106.2489621898301,1.3937641814854487,2,0
32,51.59971411252273,10.493102255730909,5,0
34,105.2212391201674,6.791620409346901,6,0
39,24.09339443743454,11.505794644707883,1,0
26,24.966149145971887,8.529816958268613,2,0
34,82.35191951741544,23.216660680153012,1,0
54,26.310636911554624,1.0670351102286268,2,0
3,52.46091685101615,0.4537158453823548,2,0
50,87.2755986246924,2.054922494834574,0,0
12,53.726689605422635,0.6905904775440675,2,0
65,37.9599781440096,3.702557993457671,0,0
54,48.135062185384164,5.012360976792008,5,0
5,65.75753322504318,4.3171706056973385,2,0
57,67.53858553554824,1.5003938778023076,0,0
17,98.30002313472019,11.974819570441426,1,0
47,95.01532294315125,0.10699856484458321,3,0
23,65.68178045561352,2.1386559924878927,3,0
14,104.56673490987714,6.346869160320353,2,0
66,31.423713859139582,7.282059174013656,3,0
51,45.53533502289015,2.6902865189971186,3,0
38,102.79764635022515,0.08527208305211637,1,0
64,57.79940386261531,4.812245100845536,0,0
38,118.11815587938422,0.32586524501617314,2,0
50,66.62532815278354,0.5706373677266753,3,0
30,99.19356229637641,5.252693615201752,0,0
51,60.23070413823719,1.873382347148622,3,0
63,62.49535190624304,2.138784823049681,1,0
52,58.28831472841835,3.335517181242633,2,0
38,91.90756205108117,19.216776401164857,0,0
30,74.75178840599945,16.82561297298359,2,0
51,114.37781113683691,2.691506563817031,3,0
5,45.08903165341047,1.5428210881732194,2,0
29,30.056273208344436,1.8019244626494872,0,0
4,59.326148509921524,1.5652134112840672,1,0
10,81.6712707646776,3.799061749904765,2,0
56,106.0798936915495,4.667945037852995,0,0
17,54.619688668032765,3.3547702818357648,3,0
17,85.37867511244616,2.621195604570023,0,0
69,55.01986810232191,1.1867514387757196,1,0
34,81.72195829944582,3.293782792520503,3,0
6,108.48079470306509,2.0859380987861402,2,0
53,43.1357642259409,3.9000160786060856,1,0
66,60.424164210703914,5.622565417575323,1,0
43,119.32651964297466,5.016222022233729,0,0
23,106.85570282494608,3.1040415297364072,3,0
55,76.4639857896202,4.060243981118287,2,0
16,71.66275918542753,1.676357705448719,1,0
8,48.4600382304681,0.12269444952129248,3,0
4,71.72094276935294,4.904405660695179,1,0
4,104.81814982799472,1.4555634791679468,1,0
56,88.51745132777806,5.527485323233332,2,0
25,49.004402817798656,6.871996930319241,6,0
67,40.14639210535329,12.380393422189632,1,0
67,46.52085369968291,15.86506822479823,2,0
27,36.97592013928265,0.05290918491997847,4,0
32,29.564069602371596,23.216546286046317,3,0
50,61.9136174442055,5.744556469112093,3,0
61,31.32996043982677,5.157444062299704,0,0
51,37.191255772710434,0.07665000757419865,3,0
19,74.73246843394861,9.8748098976607,0,0
21,36.45992736995747,0.7861438370220339,1,0
5,26.387976743090285,9.080163082472549,2,0
42,51.73888500278852,0.07842456955090901,3,0
61,42.031909862196756,5.191787087758067,3,0
22,71.53051879943767,2.852891709258583,1,0
21,30.236708458320933,1.120512111040866,2,0
70,95.17707876829782,0.5689877699581696,6,0
1,110.62335194351387,2.900232754013219,0,0
5,94.34351739561944,0.6579852109869515,1,0
12,73.28270374013943,3.3320064278751333,0,0
46,106.06678217888852,4.907041218343725,5,0
34,89.49183797815076,8.783434631764692,2,0
49,21.055112245018986,5.6761132787580735,2,0
45,59.40901527745031,0.3371121337597188,1,0
27,105.09518994068,1.836748098712699,0,0
26,54.58588579752693,1.698236614914407,3,0
47,23.52151735255235,12.32742773932181,3,0
56,94.61796385522723,10.1165176962506,2,0
63,100.20382702828685,2.311351390983481,2,0
48,36.05936950433086,0.3690683782221463,4,0
61,73.73404968431812,11.226645649228894,2,0
26,39.19554389957258,10.954769280733439,2,0
36,91.92344190441467,9.646361269339243,2,0
1,47.15504551774856,9.324284979416062,1,0
8,51.621512256333006,3.2720752518555245,0,0
52,104.49708536401013,0.9766185111307214,1,0
47,67.63223522069043,3.2455371273815787,3,0
56,86.97544512182478,3.412003365078697,3,0
14,60.23730507224676,3.3660537252477214,4,0
28,49.80068571937554,3.8693202600678784,3,0
2,82.54780604246614,1.4897195472301918,1,0
26,35.485757407882126,2.280434044012702,2,0
14,57.2999835566863,2.84745461455652,3,0
59,40.90370373859223,0.702758225261142,1,0
56,89.57949669407455,3.038189222159271,0,0
7,114.42088383461076,8.316029676124453,3,0
3,119.55109680158664,8.803035203909342,1,0
23,65.02768104415907,2.6514336081087064,1,0
18,45.25303896364444,3.6574478434453104,1,0
38,64.28293703843241,0.17114767625650285,0,0
15,104.72694099627238,5.610928195035839,1,0
64,40.60056785520399,2.5926585555623234,2,0
28,115.20956516529237,2.9482411304123843,4,0
39,54.1865768798151,10.34439668058863,1,0
57,118.5803659450305,3.0979451185547378,2,0
17,103.86088875339622,0.10710012866272925,2,0
44,100.85705341473903,1.2905573926224982,0,0
25,51.790467377328355,3.227699190701774,1,0
17,20.877721194792947,2.761679316582584,0,0
13,58.213290882598784,9.843800976008826,3,0
25,50.18093696626937,3.905931893041773,5,0
68,23.739699040879728,5.850043226127651,3,0
10,70.53652565059296,3.1680114440911664,0,0
67,60.30313112827366,2.8960196176610054,0,0
18,83.45564677415248,2.9555408913958536,1,0
34,82.11863221940831,2.6459797289040505,1,0
8,32.07466358966801,3.8672696288621617,1,0
40,117.69655461266225,1.4413672480946556,1,0
42,38.6931429441447,11.084569452603006,3,0
41,64.52740247647046,2.025467496520395,1,0
6,68.8117543433735,0.7980501409729462,1,0
52,101.30627972141201,0.5076752028451119,2,0
26,29.922959609464677,0.06756908402748203,2,0
64,62.864427920853174,2.748318065083178,2,0
59,82.85021702362039,1.0388798769786327,3,0
56,41.51556216240556,0.1094282796686469,1,0
59,82.74678987660728,3.6700494867292424,0,0
70,112.36648375496527,5.696836249843854,3,0
33,119.7518131172675,0.4482618571611451,4,0
53,23.245107679067573,3.0894636492881893,4,0
22,43.558822824467754,6.8056420560418305,1,0
21,51.03071157916975,21.27496891243617,5,0
70,59.91261004449661,5.500922789818164,1,0
70,44.22571575847674,1.4041251841362516,2,0
4,40.34879945553125,6.303661896428128,5,1
62,115.45538424175,4.555638252982851,3,0
62,111.85216027705178,1.1900125581771455,5,0
24,24.699250100311748,9.522765237129876,2,0
55,53.881302160484815,2.787878090730641,4,0
9,60.51485536784066,16.347906293835578,3,0
3,43.90145346659433,6.416902314014404,3,0
31,82.88728969881754,5.172038478401687,1,0
40,84.0380746644241,6.516256256894886,1,0
36,105.05042283285971,3.251367840892972,0,0
24,94.08692683852178,3.51827576012562,2,0
6,74.25733269659557,9.526008955900682,1,0
66,85.35867700444199,5.7117008911279585,1,0
4,47.39887815430181,11.376957330385927,3,0
6,79.30561899673577,11.0740962089457,1,0
51,68.92272547499192,18.751654322532296,3,0
62,33.334446731637044,6.023442949618916,2,0
57,44.254427658297075,3.488806221612917,3,0
66,49.169345072158606,0.9094784386997667,2,0
8,112.4309567052558,6.110353940769624,2,0
26,43.03866393858894,1.7235745891842829,3,0
51,48.924390281966815,1.663031570952544,2,0
45,56.93541300894323,1.3609322700371065,1,0
44,86.3742738625387,10.402092387689564,2,0
5,31.823839247214053,10.123420246725912,2,0
70,115.3945212493776,4.984392714729824,0,0
26,106.55712200947644,3.202593213056856,0,0
68,77.72160730089502,5.575453476079252,2,0
19,87.40378674249567,4.672648403070083,4,0
20,21.6660471244216,2.6869967270945834,2,0
12,53.89447753484487,2.3872030154261106,2,0
47,99.5660230661442,2.4127646823846076,4,0
1,27.74829737923859,4.447433495310879,2,0
14,48.231383421072024,5.215926075377206,3,0
64,78.52968283343114,3.005044251648796,2,0
38,45.64130276989418,17.319320313017815,2,0
37,113.39779741445192,0.43785249182327785,0,0
11,33.10586308042904,2.1312508377103914,3,0
3,99.73943579077786,2.7156653638854307,1,0
33,70.79486919064082,0.08533072607565717,1,0
6,95.0330775819956,2.2703143068360876,1,0
50,51.071532831144744,1.5990289041931098,4,0
10,71.44896023120387,3.526465930014124,1,0
5,105.68353497231763,2.050458073394699,2,0
23,66.68780991231044,6.476460598521893,0,0
10,55.971986191026964,3.5660606644596586,2,0
44,73.61553862527362,0.6949440491992871,0,0
2,91.73627530363669,6.932698438937028,4,1
13,64.35633454985027,0.5225205017788171,1,0
40,113.8876975142273,9.13328176218248,5,0
2,49.49458240423421,13.398931627753578,2,0
65,67.54636061691204,1.9463248849695383,2,0
63,95.69276593414415,13.028097611386805,4,0
17,88.91210904957582,7.875379512722553,0,0
9,106.36410524171562,12.78323430904851,1,0
15,119.68091806811088,5.487117032156458,5,0
24,62.68583287950896,1.3436084066678338,1,0
38,31.115087978331182,11.246323027030185,1,0
35,23.0415880807968,1.018329125205561,1,0
49,92.68769061397717,1.1980198627793446,1,0
69,107.40136713087156,1.5808397846746012,1,0
62,42.07125859444187,1.813797885488388,1,0
60,35.8448037189906,3.6126703018546036,3,0
50,26.2205091525691,6.249339623503827,3,0
9,102.27029217172064,13.032536588737141,1,0
34,51.13819398925843,0.46297607364337107,2,0
35,60.169689275977646,15.435879535565093,3,0
1,70.27501916096122,12.712019985565215,3,0
40,103.94532342095508,0.2775598085376773,1,0
64,85.0833221561485,2.2339450310200815,2,0
22,81.50646298578113,8.387068746541438,3,0
60,37.56720999559107,4.728295784240297,5,0
64,71.31898917098297,7.550088755066403,2,0
11,91.53810171786552,6.347596300337282,5,1
14,117.32608830304918,3.433540908665872,2,0
60,40.14063092133522,0.21045798996063725,4,0
30,20.954335306722665,4.388574715705661,2,0
35,27.530143359846974,0.2489282260428297,2,0
37,57.58524651819792,4.628255992538193,1,0
5,102.05446477459871,8.057471689483398,2,0
26,20.714208176824506,4.3972843815155835,1,0
62,65.67305928858403,29.082188597526816,1,0
4,52.92306153413945,3.04280329076382,0,0
42,25.248171009972758,6.908075899993608,2,0
18,65.02362866726173,5.501267549804998,5,0
40,45.474870733671885,23.798424735975978,3,0
39,55.18848343470064,6.245182192057902,1,0
14,90.5615304784293,0.8958171334599601,2,0
32,72.15509839109671,15.563320330043071,2,0
51,32.46474289928133,5.509747652035964,2,0
38,116.1414540423639,0.3058582081814432,3,0
23,83.59107657097384,5.358415370585127,6,0
63,96.58684256625315,10.733012175951417,3,0
15,27.921315000837083,4.3024103467429775,3,0
25,24.70583794600189,2.1849308754598256,3,0
17,21.944805036808116,8.599323814673424,1,0
66,38.879402777344445,7.628058200596394,2,0
53,61.44083977184951,3.928310051535588,2,0
51,113.58261334028228,0.8383181741177604,0,0
39,65.70596592657763,1.4449912613372928,2,0
51,49.02551053725294,6.706298527620457,3,0
70,76.19352535196634,8.201603712988854,2,0
6,31.193457813478922,1.6374207005451105,1,0
67,80.95058910049832,2.2942113653390797,2,0
7,76.84319543305034,0.40405439164179324,1,0
51,99.19930334057096,6.249419680859209,2,0
42,118.6687611617024,0.017919796582867586,0,0
64,45.08734717161105,0.23829700501580559,0,0
15,70.96564508037606,0.02176765330705211,4,0
29,110.88654063190036,5.182690648576159,3,0
33,98.51898844228413,2.70116170062892,0,0
27,68.74063031008076,1.7658822208976208,0,0
36,114.53716496147779,12.19208194797712,3,0
29,25.72366935168094,1.070936360674074,2,0
38,113.0998619712584,2.4663040479379705,4,0
57,25.050739238280656,14.09310474302284,4,0
27,74.73047441146844,2.7852777655010796,1,0
55,109.04409480010858,4.044964433786955,0,0
33,46.27209435613028,0.418739176532009,3,0
68,67.22484989451586,7.807201904275979,3,0
66,52.43288791369666,2.747475179332869,1,0
10,115.21439170763514,8.060084290249298,1,0
5,102.36455947530908,1.4637922946722353,4,1
38,90.90015113263796,2.745050208492353,2,0
13,78.76269866151087,7.721738413633402,1,0
31,102.05917893241481,18.224842449263136,1,0
47,59.226704152354706,0.3073855236912113,1,0
52,64.7551855106062,8.368713702237633,3,0
56,93.00017210808615,1.7882990554282459,1,0
15,55.77547632937142,4.0008039857500295,2,0
29,26.390094204837382,1.7131013401297372,2,0
8,27.433460888607147,4.752411704372194,1,0
5,31.536280130570386,2.18325303023489,2,0
29,106.96813233436627,2.0294376689192526,1,0
47,67.22264257562043,0.19338353302526326,0,0
68,91.28823693447364,0.7947465755221129,0,0
45,59.29093356048933,12.44928635149151,5,0
2,45.871094741563454,31.81968631591873,1,0
27,54.71921675622119,7.582483952928061,0,0
36,99.41823453171835,1.6900554736956197,5,0
36,82.52161250314381,2.574545904435423,2,0
26,113.7639779957902,6.725828402359958,2,0
43,87.97047785768339,17.290991015169,3,0
27,77.0181631754694,3.039171958459223,2,0
69,81.01960089858345,8.845757294341215,0,0
20,114.23714394684146,18.458200826607058,1,0
11,98.8200929866706,10.336504533939637,2,0
38,22.404123736643783,1.28834985364104,0,0
6,73.41396961356972,0.040321465277556964,0,0
23,88.83384115465648,3.3871734085907166,0,0
47,94.86984784391551,3.789610853019936,1,0
46,41.31421193139367,1.1235386484629346,2,0
12,106.71773544513522,1.6750872203539284,2,0
13,115.58431471751638,7.2441086280495615,1,0
62,43.67153058448697,3.1776684614788424,0,0
60,108.26154575172458,1.9088948892581323,3,0
43,29.69787625160954,4.872593066744109,3,0
68,25.57068361152452,5.288691963529994,3,0
5,32.922380010274935,7.3352617876411985,1,0
37,25.7741079467036,0.852217677708841,2,0
31,104.5012237155776,6.764631637019858,1,0
9,25.905014445827195,4.57431366113598,2,0
51,47.16641913636555,0.29647806112632186,2,0
29,30.37563435358564,7.5129191991414634,1,0
40,49.542203631376495,2.4150818957773086,0,0
41,29.05594676009205,2.0052314349443257,0,0
11,86.8003250743014,2.9717169307156395,3,0
23,33.33268163425751,2.1245783283327286,2,0
1,105.18459258388879,2.064606121502373,0,0
46,101.7191050726641,8.253322540342197,1,0
21,21.36616854706094,0.6648306441706986,0,0
36,109.57263555151145,17.633814563584934,1,0
54,22.894431674336705,4.047637002324386,2,0
57,43.96457849575566,1.0101158163029857,1,0
1,23.238913777599507,0.7033007550761494,3,0
63,53.584348703931596,4.476433497170471,3,0
54,71.38665257132716,5.011959577626245,3,0
55,99.66448690151381,0.2724169975150088,1,0
40,53.79815504698362,1.3919727705979845,2,0
15,90.54900246731167,7.935005582685727,2,0
21,38.75044571189804,0.25449121869654345,1,0
47,95.05984567441264,9.658165994014094,1,0
53,43.599660590923754,5.36709866183505,0,0
9,34.354475594376794,2.849546442945381,1,0
52,38.54088503740543,2.1265499761138944,0,0
57,38.206312888185536,0.09718318702261669,1,0
26,71.28628793769911,8.720991607145198,0,0
41,104.4797581188146,0.7699642762275363,3,0
35,27.960507699250563,1.8520006084262985,3,0
63,90.69563184934226,4.209477169937528,3,0
25,85.43464596528577,1.411765483966172,1,0
38,107.25199518293624,3.437221999364719,0,0
2,44.41475605069073,8.286391892938369,2,0
7,65.01098586850296,3.1794687958527135,2,0
34,112.58273744435174,14.877427559754787,1,0
17,85.99934501353172,9.40297375492265,2,0
43,58.87684128615969,2.0251202921498286,1,0
59,33.141238285526846,2.5538125003244816,6,0
51,46.248500790059104,2.752397120968711,0,0
54,78.12154774893833,4.919897086860768,0,0
24,91.81679475605137,1.6899370238645741,1,0
25,32.44218868518935,17.40918639674844,3,0
71,79.9597260044054,4.691202125031879,1,0
52,75.0351278838751,2.549144426217351,2,0
70,71.3955446690708,5.178325695804951,3,0
33,89.01231176820079,2.515982420088212,1,0
49,103.74495950834618,8.513132948020939,2,0
29,52.298968317686835,4.1948080580822165,1,0
63,108.90121901109595,0.21438355860624825,2,0
22,36.063361261855064,0.9725184980246389,5,0
26,37.302386975116434,10.01217928657281,0,0
28,46.67720636239239,4.137964399254852,2,0
49,31.953086954707782,15.013127538368789,3,0
71,43.03192246828776,0.37589364144629,0,0
49,30.64117629028446,1.7496361629327937,1,0
20,102.17524169853904,1.0755258122667106,4,0
63,33.89689918866246,4.035391509437311,1,0
61,94.72975575598568,2.412752716651847,2,0
49,24.791386791333373,0.8555642529663421,3,0
71,114.85203275139152,5.146624098329995,1,0
1,91.11600875277662,3.842569816617443,1,0
13,20.67965485861118,1.6060994948401588,1,0
51,96.3856500200214,3.2674343373626242,1,0
56,71.40819207661853,6.84695643284734,2,0
62,97.93651703351198,1.1487747586250134,2,0
32,72.24968088905885,1.7329565377321559,0,0
30,84.10248576353547,2.124088234816704,3,0
29,98.63316553950405,6.866425492635418,4,0
49,60.51080545878567,9.384058001091676,2,0
45,20.27081498204521,2.3611384747696205,1,0
30,104.99464959451885,1.7592960897303989,0,0
16,58.08903626246626,11.011290245964805,1,0
40,69.60427260165831,36.808893907947116,5,0
19,20.77666421539687,5.548674172360494,1,0
18,69.2092010350098,23.01616780687379,2,0
1,118.64874015717295,5.393552416773366,2,0
47,47.82676608187697,6.611159866725823,1,0
66,59.541827024237804,2.460477346550939,3,0
38,88.71899964686766,2.836693702795412,3,0
51,101.47936675236586,0.7782170068477139,3,0
63,61.73916240061003,8.65097098435511,2,0
4,50.96688704012925,13.37252330327704,5,1
1,113.7825799985067,4.883364628518072,2,0
8,87.71449666716693,2.1052849747473785,1,0
29,31.902130449314107,0.8362760834746324,0,0
55,26.892787813464864,1.5404867989251405,1,0
3,68.35498507903691,1.474610564381349,2,0
32,42.00900660472725,4.753477794352569,1,0
10,45.39847533762535,14.505517571465454,3,0
34,107.76921788278483,0.24737940262521912,0,0
55,28.95660243163107,0.005114112495427878,1,0
32,91.53641152288897,4.583728480702584,1,0
50,47.1142253380588,1.670797799162599,1,0
7,96.03282214041377,10.624217639298092,2,0
8,92.24113844635446,1.9819097352880022,2,0
65,20.7391901444293,1.7106040025177793,1,0
57,70.91354129215992,1.5702029377626123,1,0
67,33.93194823780463,0.7824084650417851,1,0
59,106.62270305786768,4.355756047852048,1,0
54,107.15858828624066,0.9208980234870301,1,0
67,61.8345807493758,2.7637199129941425,4,0
51,64.43956184510805,3.0899392915733475,0,0
8,50.32829394045271,0.10352461028613714,1,0
34,91.6606298960031,0.08475062484812877,2,0
35,55.86613630264591,3.6720618742772033,2,0
32,46.77924745226338,5.954209174283772,1,0
46,63.22310595045082,14.248859409238916,3,0
16,29.148751838745873,0.9868873569254604,1,0
68,94.66032046442038,0.5449399317745891,3,0
37,21.259640127178695,0.2674675492640361,1,0
54,84.4485061520594,2.863873793856117,0,0
14,38.28645267548724,4.879505313718734,2,0
55,43.240404621441314,9.18022968904766,4,0
48,83.56319986400399,5.738669434895666,5,0
7,119.29434657829071,1.1682476635978232,2,0
7,97.77174890725507,3.0973499081295897,2,0
33,42.5839632223392,12.05900662349527,0,0
23,37.60247550411338,1.9781263609355775,0,0
19,106.62328702676703,3.453055646210677,3,0
19,64.41839479215042,15.918187105334955,3,0
36,33.70528028281555,6.634620969223998,2,0
29,106.2211423321938,6.886482530355772,1,0
60,101.60923529142615,1.4539946534802999,3,0
2,118.39063638971636,2.67813763883189,2,0
1,110.9743686712684,0.4296534226319232,3,0
47,105.17903386605417,4.663699745595022,1,0
69,25.257439781100317,0.547568778504638,3,0
20,30.441536949811802,9.036688375354593,4,0
11,76.89831943041227,8.424951979807076,2,0
2,73.1479246281821,3.8136129061594373,1,0
67,65.79632144895355,0.7608983114451386,1,0
12,59.67893254145842,0.12955906644317675,0,0
20,63.12104848643289,7.965575967522376,3,0
5,76.92979341347953,4.583210007978538,5,1
37,20.20765176000812,6.205425745217299,3,0
38,46.07087741328522,1.8106426942149898,0,0
9,71.8279720688711,3.5614740380860503,0,0
53,92.22160986736462,6.875272242152864,3,0
44,37.41566923953963,3.1047215441333265,2,0
24,74.6881173787433,4.598786451864766,0,0
30,91.44596838857818,7.796772966796733,1,0
59,64.46276579139047,1.211763387408327,1,0
14,22.708113367005105,0.341013540299504,3,0
9,64.92681584656367,3.7945497025092294,5,1
40,49.64448877441531,0.3206971144465412,3,0
66,112.96496077013283,7.2740930200109055,3,0
25,32.46133856783274,6.350766877940566,1,0
22,85.24759555072322,10.673193133563984,1,0
4,25.271976633450116,5.1021779619504715,2,0
26,64.61704378126964,0.3478092956792076,1,0
58,75.39794872200807,1.4594688158449305,2,0
29,49.79549313168654,8.249524968538381,2,0
37,65.50756355203845,0.9144030690675892,1,0
70,36.35537945301874,5.994602407731872,5,0
18,50.41238494680361,7.576536024225007,1,0
42,82.11063249102031,2.003222214953627,1,0
41,50.18000558611551,1.9452341932649666,4,0
38,109.97430784088716,4.079995369588115,1,0
34,82.84069576409897,9.876717091691479,0,0
17,63.864901843598446,1.2674094614036793,1,0
37,23.87569355541825,14.173018213973084,3,0
25,69.95483352046713,4.570449338019653,5,0
27,96.47762421250891,24.2212447505559,5,0
57,46.555759801241365,0.469431452055,2,0
31,100.67735696487674,0.6765914351735411,4,0
6,45.18067660508815,8.761976631234003,1,0
40,102.37463879508005,10.003369763111332,3,0
12,28.52683416116774,2.948069862399217,3,0
53,106.61837088690295,6.260061833827569,2,0
71,69.91864509333305,10.108025425645499,2,0
10,49.6537589620262,0.22042713227166774,1,0
45,46.51132504151488,4.2659978076702885,4,0
17,63.20105589303627,9.602989450648554,3,0
26,119.9049498103645,2.5387762491660033,1,0
62,42.03273934375825,1.800429531256327,2,0
46,30.321664887899964,7.940992498230753,1,0
64,78.5035168718662,2.0457588537983087,1,0
2,68.85424664402572,0.015896734780102433,0,0
54,72.41962710633074,16.041236000376806,2,0
65,86.69354175572171,4.483951000420877,1,0
51,46.71440698706493,8.560618893845144,1,0
53,111.06649953838884,8.723470024428165,0,0
36,63.567206612229036,0.3435917978407639,1,0
26,32.908619514246176,0.9368325020626984,0,0
29,94.22987567339443,1.8634458840347743,3,0
21,84.31043526178503,1.933456851460832,2,0
11,51.57434024840371,5.376228887211671,0,0
40,82.15187240340485,4.8793136432204625,1,0
11,41.98619563689769,3.411924293440424,2,0
36,64.48393593405295,1.1866163774770608,2,0
59,109.94125221673252,2.4062003690411347,2,0
39,33.35342331607494,3.921862228119898,5,0
54,58.6696449987462,3.1554214134769736,3,0
55,102.11424247203473,0.6807743437677028,3,0
24,116.94908994061781,5.242122558101051,5,0
22,65.39261364217958,0.37928784570433105,1,0
69,70.69996201433474,2.3756411527170758,0,0
56,77.21719617837698,6.189877800013349,0,0
33,113.23481416337108,0.10113361210953406,6,0
36,105.82067909770298,4.219650576920849,1,0
20,37.06011246216443,2.0362407900610644,1,0
62,63.6757817847075,0.04435537657980929,2,0
26,66.40004281964264,1.0559715872360727,2,0
66,98.90961116487567,14.146531361063165,2,0
40,80.28928826054353,3.6818279867164954,3,0
17,85.4220462029013,29.43949654241727,3,0
1,119.81999076656176,3.720273803195084,1,0
61,27.496004347001307,3.925615162288374,1,0
43,42.3009823533733,2.4866111396570227,3,0
42,60.78959373715468,1.8556113048909872,1,0
25,54.77824030488872,1.4487246810175158,1,0
39,22.16455613469836,2.1035583635904067,2,0
35,29.177760647117584,3.07955200666374,4,0
3,88.09532914035762,1.0659162896250602,2,0
44,107.93244633625606,1.2736554537598064,0,0
51,71.42270112659776,1.5841455422600215,4,0
12,73.9191079513633,2.9824612714886536,4,0
19,45.50934328323794,5.289463979129961,2,0
44,96.78763636337113,9.694787136712938,1,0
59,95.17945873672564,1.6922939027783104,6,0
49,78.83656892176566,1.015040315870547,3,0
61,41.266428651134284,2.3808929947518225,0,0
17,29.701821823708947,11.239683294601727,2,0
57,26.42385758571259,0.04954833650226206,2,0
55,79.26960666428778,5.663978959958847,2,0
47,102.50353191428,3.242399389165101,3,0
12,105.83304317809248,0.8779982870893448,3,0
62,66.36220743434498,1.9358292741694627,1,0
8,98.4271299306717,1.274138960963553,3,0
21,114.68801963410236,10.511797532941632,1,0
70,47.517011248806796,3.2876781702639546,3,0
25,59.79603463807572,4.14018923000087,1,0
12,113.14789925966807,4.503165023624866,0,0
15,53.823096731728484,5.102941349608408,3,0
59,111.38762903217963,3.4214891627402895,1,0
26,118.10448622544658,0.09017595792160427,5,0
26,86.18107285744247,2.0377565654663488,0,0
47,101.68902895041683,1.0159279691435066,3,0
32,94.95455642210852,5.699403834731979,3,0
10,89.95342576155238,0.2918792214684681,2,0
16,50.69310729812325,4.1483109972883785,2,0
71,25.70943379079437,1.1826115092945835,2,0
17,54.30517325196506,14.86455715250627,2,0
23,86.69359852039067,2.043910081253918,1,0
26,30.252919822780136,1.9668516636869737,1,0
7,21.19179829782421,12.844790327426116,4,1
14,33.969237260293866,2.7008252329753373,0,0
7,91.57359264107953,16.46561786664694,4,1
9,117.2793701656444,0.12233624461755757,3,0
48,118.30646996148205,1.828899739151221,1,0
59,69.3979149140188,5.485960891508126,1,0
39,106.93523009923474,11.075480024815967,4,0
18,93.6826455751504,1.481297723456099,4,0
59,70.10402369846034,13.33053080293945,2,0
17,77.27605329550867,4.508506713563349,0,0
14,33.72271466168711,8.072459391103553,0,0
31,113.7661460616592,2.5309096480032616,0,0
24,55.19297707317768,1.1924306360773902,1,0
60,64.61492564571695,12.108837655720293,0,0
45,87.16602309978987,13.525463025986571,1,0
3,53.39024715265539,3.4415459541823106,3,0
37,45.425916098893055,0.032581001970743026,1,0
43,83.10493932702207,0.5814498685375896,3,0
40,22.498408228184946,4.255183742669068,2,0
55,92.07251120266788,0.1203196505602712,4,0
39,71.40233698765098,2.5284601494040624,5,0
15,80.57537305209344,1.8075038876251037,1,0
4,83.18801592468851,6.264909781895904,2,0
25,72.70501564925637,0.28591445689255707,0,0
13,78.25337774407359,3.354299672995162,2,0
33,88.37882008898745,4.326969535124144,0,0
16,95.31188471796742,4.802402842167899,2,0
42,92.74523912861206,2.59729451770169,2,0
66,106.96164577322617,1.8146709139043802,0,0
55,38.94434331674027,5.736277599523661,3,0
42,60.114796949179755,9.405217799552798,2,0
34,114.7796066014457,5.9146070366906764,1,0
30,59.65905743863297,13.448770411956776,3,0
13,32.487007690592264,6.316200000856689,0,0
13,72.54451263621795,7.2327433553405385,4,0
18,30.949097255446215,0.9190324734560922,1,0
32,40.28532387278652,2.719668869673239,0,0
39,119.83187565709567,3.318479114199019,5,0
46,74.1362638396132,1.480541785717922,5,0
29,48.4058389040429,3.759603599720954,2,0
62,119.4774954573906,1.7180317294067537,1,0
62,116.65589185551433,5.815787534011184,1,0
57,64.07390410842635,3.1771135814249893,0,0
16,46.04031087879084,3.0698961624455934,2,0
56,103.839963809219,20.565353341916108,2,0
10,91.56207169717858,2.4915616179800644,1,0
30,88.69414350035103,2.249400816840896,1,0
25,109.31137413224725,1.918060944625163,2,0
5,88.94171338713247,11.257047023959569,2,0
65,48.37979430415491,3.4330810303718224,0,0
49,89.38631618757323,4.581634631153759,0,0
3,50.58135112836639,0.997247911636428,1,0
45,95.92389796569951,3.892897497372255,1,0
14,81.9747854491566,1.60549245303941,1,0
30,27.741155198475056,6.558475371858204,1,0
68,71.2835362435142,8.934705942812545,2,0
18,54.330096919574096,6.273010405430638,4,0
62,52.85706327322943,6.551190243234068,1,0
37,80.22563023772572,3.5920655045240797,2,0
25,52.23248244694249,6.226024003561646,4,0
48,97.68937482048727,2.74685293418637,1,0
65,27.079143601117444,5.270429629824557,3,0
53,86.03882523958255,1.4990378511425035,0,0
15,100.91948036567412,0.36154724938944194,1,0
49,87.283168992043,2.667685132289017,3,0
68,69.72291950199957,3.09742226981399,0,0
12,115.03070137361811,1.4813082478901092,1,0
59,49.99384897980636,6.5044291775184,6,0
37,21.916788752497776,0.3819785912780283,2,0
61,63.198937146344086,1.2599553710654832,1,0
43,23.301193590032725,6.902848261964204,3,0
70,115.39367525264088,2.87348205046273,2,0
39,40.99180457480515,6.108709112705627,3,0
56,98.89270239488795,4.190701503099041,4,0
63,97.45720831743648,15.050449260088657,1,0
46,41.772889968293356,4.553977202454897,2,0
11,82.12265304801673,0.07490312843768618,1,0
62,24.807896848645022,2.176097179963988,1,0
25,68.35745857038674,0.7719408529905902,1,0
71,21.464712727248674,12.926973781182971,3,0
52,112.11438801808418,0.5491438298777607,5,0
4,117.60860241995717,2.452719013460783,2,0
59,42.22827666385852,1.2815578537283356,3,0
20,40.81060345963728,9.377509751044034,1,0
63,95.37201765621296,1.8449414838296274,2,0
54,45.33793988293345,24.075434952450504,2,0
57,109.5076559161845,0.19690997997700305,4,0
41,77.39291361229823,0.6864165253405496,5,0
3,55.077762301031214,1.2721313164355494,2,0
6,103.26937463494201,8.332847403176201,4,1
5,69.34067004133952,10.53991332310079,2,0
5,111.16329137084756,0.370662680943197,0,0
54,112.8014236729381,0.16499328890922652,1,0
47,36.54201521284094,6.823777134006967,4,0
49,20.232340613193028,0.715611950634833,2,0
9,118.39309401424022,0.7135733626561334,2,0
20,110.61375361274794,0.11310229420709637,3,0
61,25.544523570384143,0.25545540355700147,5,0
35,103.30342639410699,1.530421522246017,1,0
50,65.78049325592066,0.3360731036914247,0,0
62,45.89616050249752,2.301289104721676,0,0
17,107.87465236769299,8.942076273581016,2,0
3,39.66672323903073,1.9750022011229982,1,0
32,114.7299999420067,6.506718510380537,4,0
13,40.56214876993411,0.493083006552448,1,0
68,81.36831877287435,5.384868318935721,0,0
14,42.30863345289748,1.9044516580870765,2,0
11,74.56686649686347,6.92653182068919,2,0
56,88.39751299151413,0.7323711783072495,0,0
67,39.022793082013756,11.40819881790254,5,0
29,72.08857827006793,1.3891683240484245,5,0
9,66.9059744390119,2.1781098988849905,1,0
67,27.103742140334123,14.996765184872649,3,0
25,101.8307817675303,4.319468256218117,3,0
42,53.56824006428417,2.2767300464087237,2,0
9,77.45821975518795,14.939033523429293,3,0
40,71.47842349331344,1.9955076203084436,1,0
25,71.32605045704423,0.49838743281560877,1,0
5,30.722239420848744,28.799999139770733,1,0
11,62.34820092493328,1.5588146514971535,4,1
59,65.23667592065702,9.527705001577974,1,0
38,93.36428403644484,0.9048571121169603,0,0
5,104.00188319206985,6.571803230621088,0,0
48,74.4982278100018,3.7164098836683297,2,0
18,28.678295406499046,19.792051844342602,2,0
70,43.684947059654625,4.024086198974767,1,0
37,36.49340268527311,0.12666674252959592,1,0
60,32.46150631891247,4.630165040864974,2,0
48,56.58992986178076,0.7851200146431525,1,0
28,42.9393502154382,8.010844858613359,1,0
69,41.83031118115123,9.709477968033486,1,0
40,25.469317457626765,3.289802956176866,2,0
45,21.767004479543388,7.64439492979053,1,0
62,30.27682426497818,0.7839166680817816,2,0
58,37.219747942363306,3.3871387687616616,1,0
67,63.098372884820314,2.5039166234212433,2,0
56,71.05202612988447,4.724960867080637,2,0
40,34.059191817336554,0.22748321008020317,0,0
40,62.478334152418626,6.9741098552253336,4,0
33,54.17488423259273,0.4121781601614355,5,0
6,38.3423643497956,5.342426261794589,1,0
19,20.684074814836354,0.09314842756085057,4,0
40,66.70178665217418,8.915626171436488,3,0
59,88.56517492651993,0.9600393716646399,3,0
59,42.6277334143807,3.6231631906153523,1,0
48,33.180682989667936,1.5156228401091207,1,0
41,108.70427444469618,6.412324722079632,2,0
13,47.502477248779776,1.9382568469199315,1,0
45,42.36126197926647,6.447820379592123,2,0
53,105.70969396099159,1.6764631110480555,2,0
42,101.71070991667612,6.981179896957418,2,0
63,64.83464705246337,0.15541812710377054,1,0
27,68.92388614277745,1.665568760862133,1,0
38,41.774870483402196,3.4520896062964574,3,0
60,27.830167047955747,0.23053164946223945,0,0
7,77.34318253556611,1.0291837914577993,1,0
5,29.834492159021313,13.63134950499841,3,0
45,64.92745469566498,18.82540519746891,1,0
58,114.04971985130108,6.7305618466858395,4,0
31,115.28343891705843,1.4530989206344698,1,0
23,43.933228654735856,1.509022939813942,4,0
42,82.41134200456544,5.189331657584198,2,0
10,67.40762641078577,0.6255468827232034,2,0
32,107.5685127586106,14.812394767944241,3,0
53,47.143086427605326,1.2732542938952351,1,0
30,20.370240683241686,39.58664084229508,1,0
39,36.25612059314151,3.4232548321355476,3,0
31,54.952280116939804,7.379563608364529,2,0
2,51.57211297704886,0.010932415592833124,4,1
12,99.1362919122886,10.979715208093957,2,0
39,88.05606661388379,1.5735677295645576,5,0
66,49.95563196148973,5.512148998721047,0,0
13,65.77438171662133,8.2086507158839,3,0
46,29.55591039583352,0.8965170233575676,1,0
27,109.81464448201008,2.9215489133052692,2,0
17,113.54248244485342,3.404472171422862,2,0
60,117.98035353809381,1.870700488038114,2,0
64,106.85528307858377,3.2865438830178846,3,0
35,37.39608876962255,1.9102982591213484,0,0
70,24.619648320162884,2.2372806866602777,2,0
30,77.9596727412674,5.533189721833303,0,0
71,111.26050268831104,5.006428919229117,2,0
63,37.73513616597428,1.3215580141873873,2,0
28,20.704291462414186,11.388627583686347,2,0
60,100.54960460322444,9.931160404075088,0,0
37,27.6795684286734,3.5574041648786685,1,0
22,61.37060319100304,2.83919150021102,2,0
68,87.8887337188785,2.3648880997497583,2,0
20,43.679758545618014,6.142487432305414,3,0
68,28.396256344672672,5.568620351325349,1,0
64,97.00212284558286,1.0919033526625046,0,0
17,83.01750848870415,5.565453453096554,1,0
12,118.84904844868048,1.4546446496471408,3,0
22,54.43080333199593,0.09366351561614382,1,0
17,26.17623862901997,6.006692677593184,3,0
10,93.43500353352958,5.175281284680438,1,0
65,72.17334188532456,2.6450265738619416,2,0
22,41.3203931389135,3.7294292362327806,3,0
50,98.17289890047594,14.703303840065242,0,0
14,40.37554858499438,4.52181303954883,1,0
64,46.06616548329366,5.363026145658042,4,0
47,29.252855436671915,0.3302253220831771,3,0
29,59.94322790308544,0.9075761738454942,3,0
36,61.89292239374189,1.7901813249480454,2,0
52,71.45617903482984,3.875901951816912,1,0
7,90.89642671237775,7.493753205441988,2,0
29,110.61009286804259,1.9374448405107436,2,0
11,33.77340988878086,2.203252827077338,3,0
33,25.434809834865707,1.4795853368458611,2,0
6,21.85312335943333,1.469234039197159,0,0
32,34.36213780688163,14.866317576042853,3,0
51,85.79494857816259,5.045556286966145,5,0
58,92.74770779964966,0.8474289060377957,2,0
26,98.65057135281222,6.405143655334483,3,0
46,44.37082119043427,6.401051117178751,1,0
29,50.58948132615199,5.490115252320789,4,0
4,68.31346455654995,0.7235131969847624,3,0
13,26.31830968602265,2.621171290852531,5,0
39,81.1141523211246,0.5644793456958906,2,0
15,118.37350336757578,8.48098762628957,0,0
29,56.08063113780025,5.323549761043511,3,0
29,95.2847475091384,3.5382992768289796,1,0
32,70.00339155696079,2.1004740854623978,0,0
2,32.781184436038274,1.0182334965481485,3,0
47,78.22374488025864,0.5627514391501045,2,0
22,49.9874268444065,17.407799427071215,2,0
27,23.440320845345823,1.113522250891272,2,0
67,83.49297301177438,0.30871018391769667,1,0
56,105.89323493247277,16.30719095938824,3,0
21,54.47697668998742,3.9809047078137914,2,0
47,59.02955472127705,7.964298836849396,3,0
59,109.10216829672115,0.2237623310612409,5,0
6,101.36088133673559,4.184462591669314,0,0
19,91.49528235517771,2.53923336057507,0,0
57,44.8797063753148,7.39126836249665,2,0
69,111.02166549666445,0.19591692657297335,3,0
3,35.4415757539213,2.568236074912627,2,0
1,82.67705194172218,8.024078543631962,2,0
58,22.88011805465187,3.6980216204014833,3,0
38,84.37198063249458,3.9929689551591623,0,0
15,47.71443518733598,0.5110755712614492,1,0
34,64.967697718372,0.7097223093859903,2,0
61,54.52645520570531,5.650508669912371,3,0
35,37.27567562462099,5.620367800712737,4,0
64,82.19807900938741,19.340842688076943,4,0
25,108.19755551406074,6.223157881421065,4,0
24,115.90842422824034,3.398623294349658,1,0
12,39.234636315391505,9.736028763611337,2,0
18,91.73727740629734,0.5517144567166853,4,0
15,86.43393666056822,2.98278747015205,1,0
27,54.33777895745725,1.6921345051609822,1,0
60,21.909919935372585,0.5526347878655185,1,0
46,88.97912473128662,7.209079429871352,0,0
17,114.54948605595001,3.5748379220822946,3,0
53,83.21201219156514,4.0683178409547,2,0
8,63.52927241876341,2.6488122271381114,2,0
27,72.51538941116283,3.08405418737524,1,0
46,39.962880765991756,0.6165894261455244,3,0
50,95.05441637537376,5.587719188906104,1,0
71,94.64198300098491,2.8321088776173218,2,0
3,34.55173003874249,8.484999199187182,3,0
64,107.7978382499659,1.0925664386381584,2,0
44,46.91897394733053,1.1474123331353032,3,0
53,118.22560609366148,5.188897099586692,0,0
24,58.290301403724584,9.354124533344105,2,0
60,37.78840587344996,3.195168799219747,2,0
3,55.17201113456523,6.490572595364432,1,0
20,64.01803286971932,36.54057838972305,2,0
46,26.930777303829483,23.160466783198043,1,0
15,77.82183812232896,6.819472465947952,4,0
25,79.76324398689003,6.727422435187815,0,0
71,93.89304553494722,1.4225614223694014,0,0
17,22.91698922907433,8.964990125922812,3,0
9,74.12382144338301,2.5968276513234927,1,0
38,25.290743327066437,16.350044327172593,3,0
48,90.11442199666534,0.4246732491700753,1,0
60,25.57279857009845,2.862090168085069,2,0
63,111.17278483416327,4.057857595474703,1,0
2,90.20825668844965,2.597282204111153,3,0
11,70.73897650851572,1.182278774733633,0,0
64,64.15039232811749,4.494569054249224,2,0
21,33.06726304132624,7.05125347396592,1,0
18,49.09993895646631,5.175914668674066,4,0
64,106.89591050208962,1.335796227435976,1,0
38,110.4452811562494,6.576532366556042,4,0
32,20.074770837053105,1.48460850693371,5,0
11,79.41363914775513,0.9630860556417496,3,0
45,91.93006090251136,5.866700975640208,0,0
33,81.87469824576063,9.250776353436192,3,0
41,28.167976486635396,3.284456673122555,0,0
8,41.77248987989022,3.7899411974306285,1,0
11,45.03402673813861,1.8030388401816948,4,1
51,103.17246313050897,3.4122036495735006,2,0
41,66.31994363089206,0.7077198848515531,1,0
17,68.68282119412368,15.598641187038586,1,0
46,113.48930465545085,8.056214042812938,0,0
32,83.70858888547156,5.512695856278188,3,0
54,109.86677015526638,3.8630559717931305,1,0
20,65.6508855341533,7.855153425063852,2,0
33,34.943625851829424,3.413581257605559,4,0
40,112.99355940740857,1.7831883528421977,1,0
32,65.87051156675383,0.8739950223649745,1,0
2,38.16314218788219,5.214737456616286,4,1
33,50.23957403039222,13.255449307099676,1,0
30,25.080258968894224,0.8339256930513395,5,0
33,66.83005914563851,0.992364725627489,3,0
26,105.31281719102365,2.8423269443273114,2,0
22,113.35804560066893,8.222718563243003,0,0
66,113.26022075036437,1.740152992145724,2,0
38,32.52300256287467,1.4645648131377118,3,0
46,58.205388251105695,4.837476617595787,3,0
15,22.822875965070637,3.8352042985653743,1,0
44,105.51653449714728,0.3105493073102302,2,0
49,55.87557620212738,0.4250123118305377,0,0
61,83.11170278922347,5.150279284622371,1,0
67,91.48984380772886,3.128597926106491,4,0
6,62.98446697431554,17.698366305981647,3,0
9,50.6442336550243,5.674277203187753,1,0
6,116.22129101159447,0.050623723377691617,1,0
32,116.44882250238543,3.27943790528779,0,0
41,48.94363680300219,2.6760008798093833,3,0
8,67.96250967444581,0.5642416194602224,1,0
50,117.28441586600223,12.833328479332295,1,0
62,20.486840765550323,8.174068330530242,1,0
62,61.26782483791492,1.307381698676796,1,0
7,30.045754968096844,1.4784419135664497,0,0
4,70.91579655626026,0.1627092100143775,1,0
6,22.466995454048714,1.759982749118335,2,0
58,60.68984313906279,4.392831757012342,0,0
22,42.06990747853351,2.7309117580258793,2,0
26,73.33083624587408,17.410214912288787,2,0
3,119.59936491006997,0.2885702075521102,0,0
41,100.05361051267477,4.475462048241296,4,0
60,104.56420916244214,9.7705487885108,1,0
14,83.52649873590809,3.276761575007712,2,0
12,24.155984827225858,0.014835590524505931,3,0
12,40.67976760441441,1.390649202010339,2,0
13,112.5064556447055,1.956102546763059,1,0
25,56.61131179287512,16.906164213469307,2,0
45,30.363672648079557,12.13922717421819,3,0
19,90.2405365866202,14.896392423839337,1,0
55,49.945772393425464,8.736563838880539,1,0
45,46.88569129041717,2.166605550715997,1,0
8,119.79774555582604,11.815733507839939,1,0
53,105.81389250266544,20.00003953625545,0,0
55,60.793781836784106,2.154463166517013,3,0
32,118.02612078164991,1.5092834027117368,2,0
51,85.01132234192136,3.958391932121917,2,0
44,94.20224518797602,1.0360569286343728,0,0
70,23.15130430822116,0.16584128269962145,3,0
18,32.16052593480571,14.578248244081419,0,0
22,83.30851264962384,13.000956734260035,3,0
37,109.90239826494839,0.8875886907177446,2,0
56,82.37437260875956,2.6190498412613734,1,0
59,33.40248943189918,8.890357292916237,1,0
3,31.576004624632464,5.4087802653975885,2,0
28,104.41858958240816,2.510878290524846,1,0
35,33.93023387079143,6.81623007715563,2,0
61,72.02319605040253,11.36743238166118,3,0
54,23.71133199623023,13.029160398484061,2,0
63,28.066976739117738,2.380910277747732,0,0
7,87.23482676428648,0.9531439126611664,1,0
49,88.91814104275167,12.199983344382535,0,0
31,54.14694066084424,0.48561406038587823,3,0
58,41.56097652430448,6.395069490811938,4,0
61,101.3710270757308,0.7570066504645536,3,0
24,41.71032294698904,2.466458351818116,0,0
20,74.20270696663798,2.6513654163413274,3,0
37,116.82088408629055,0.8643790340941209,2,0
4,34.78524378623838,12.799105856002967,4,1
20,114.08762674947089,0.013358669569583047,1,0
60,38.289305306866865,11.212558090055904,3,0
24,76.74432080232296,10.76347409950187,1,0
50,57.70077119587446,1.9060360257907296,2,0
49,116.4928601501826,6.091783286618733,2,0
51,47.35420290019369,1.4571715919719905,2,0
36,59.96580020857537,7.1100960545332414,6,0
66,118.28601178554204,4.117643317246886,1,0
34,73.64703911884732,1.7849853665674178,2,0
36,70.26301156212534,2.556084781946861,2,0
6,45.77784882039913,5.854120588195352,1,0
39,90.13635603104414,11.827488663968282,1,0
42,21.437295177777763,0.7004874635912229,2,0
58,24.95126297022935,4.235735671541582,1,0
12,79.93585871358027,1.4633337061974183,5,0
3,54.16745738184541,8.081614042042217,1,0
18,115.33163722009606,0.3641294649860976,0,0
40,110.31906907227857,5.839101115576724,4,0
21,91.37062586767073,0.9615322841907921,2,0
15,101.81455811278013,4.536474311614393,2,0
26,86.73318496676933,9.030080687220766,2,0
8,32.558210271016065,7.034131778981273,1,0
42,96.55433696892027,6.990678725647062,1,0
44,41.01919687188464,3.647451436727227,3,0
14,52.344285510019674,11.070380483094047,1,0
2,101.92342121024203,4.434936488875547,0,0
37,73.65256083934483,12.475874049821762,7,0
69,105.99407141834092,3.9540476589153744,2,0
38,41.30353198432642,3.525750268690268,1,0
41,80.77784386068872,1.2574130498938683,2,0
62,28.379097254826164,3.9349453884274723,0,0
60,84.30609935400297,0.757515787000502,2,0
14,96.25340377755347,10.18920298146952,3,0
2,78.49308939787217,5.63339071010642,2,0
70,46.62315014988103,25.285057559092916,1,0
17,23.13426688588667,0.4830910273329925,1,0
28,31.944888396428578,1.376612174424906,2,0
66,82.23029790740262,10.48430610632096,2,0
35,113.44202168425137,2.514734543969423,5,0
5,40.65344039720064,3.1396349901118183,0,0
65,93.50261491050988,9.853900346849608,2,0
40,106.64510632490415,3.688873962888253,5,0
56,72.08821784475111,1.075107184678631,4,0
36,86.92657958436577,11.129514685648303,4,0
45,101.50153166761481,0.157771490176578,2,0
23,46.06751577405936,11.287880229014268,1,0
47,49.6895674268043,0.2592052570127346,0,0
31,20.062751662845617,5.480816917430126,2,0
11,116.30941308978025,0.3718905491321982,3,0
10,111.75448945963448,6.124501081182255,3,0
67,96.45682637594304,0.17280878574586686,0,0
14,27.907602097664814,9.240307306205057,4,0
10,64.75028896995082,3.1362724236233506,2,0
1,30.18917539715528,0.4905670455930805,4,1
5,21.59202672627986,6.13483315560824,3,0
20,81.61829652125974,3.359768364772773,0,0
8,116.08294170801884,1.0594657434366686,2,0
43,110.28680234321502,0.0789824199071939,1,0
1,89.67548149354043,2.7064092054643125,3,0
57,29.664058416487144,0.44759567062970906,4,0
64,47.41640376723001,0.49451647695781586,2,0
28,52.005672688529096,1.555296333400098,2,0
37,96.31500577455613,4.977458411448287,3,0
47,100.22491792351141,3.7741620390577575,3,0
37,58.510612298992044,0.35741184711390583,0,0
49,61.78839966176097,17.27794195970656,6,0
44,24.450903927617134,10.90930696198598,2,0
56,48.913671841876095,1.5002950056780076,4,0
28,65.128517717764,0.652471907714993,2,0
6,31.69830463852576,14.271412239407743,3,0
61,65.32674607550214,3.0915139070679993,1,0
20,105.31758122578003,1.8637818323309165,5,0
2,78.13210197250532,3.3702341476884676,2,0
37,27.89298550384123,7.408393898420288,2,0
20,39.16713188302744,0.9219302217314584,1,0
26,67.45443501585562,7.294235668626088,0,0
29,56.148714982181204,6.9204197879908715,1,0
1,55.87270195460987,3.875564232108059,1,0
35,72.92674481435901,10.043696107317462,1,0
70,78.43959215894574,0.7086438009460726,2,0
59,99.6861570276191,4.525258221817529,1,0
69,54.096656346248466,2.983216317733966,3,0
33,100.54662830405867,2.743434617945953,3,0
51,53.86112291126325,1.4555133887499823,3,0
12,25.54329889412338,2.3283026254348287,4,0
20,75.41876510047912,0.5722908484044913,3,0
53,78.79023248948145,1.4490815399976928,4,0
43,113.454024562186,1.587031515288714,1,0
50,92.60613260624744,6.376768829803595,3,0
29,111.77726524944396,0.2488429562121693,3,0
57,110.83472102430096,5.266172674353406,1,0
39,80.45741102582421,1.2513528579722355,2,0
56,72.77620653364475,0.42703517362849075,3,0
43,75.74409671635999,1.7891363315033906,1,0
50,117.83308076772478,1.271061561796564,3,0
23,97.31676917469589,4.015171583391194,3,0
44,30.62659047923958,2.2109805626938464,1,0
38,97.84284067813999,16.90605362243288,6,0
23,37.05380488982259,16.559014149695244,6,0
45,64.73505490056257,2.9323750495709042,1,0
52,41.04596721765343,7.92586014123232,5,0
50,88.95830655332298,0.06678677220891009,2,0
8,107.73097361930357,3.9682816902645057,1,0
1,49.03618853666809,6.799219833754925,2,0
8,28.201074120818763,1.2227503828083461,0,0
29,49.849309807496326,0.31561364677125,4,0
5,87.23618579321943,0.8475337074712348,1,0
47,52.876012755445,2.9156205422234334,1,0
34,47.81121675538034,3.529859542323448,0,0
65,38.443519058426496,2.3973221863126524,1,0
55,69.75164268744335,2.89885825891468,2,0
43,47.59488281571876,3.1766084537442616,3,0
30,93.10103491394831,7.336148336562008,2,0
17,27.66224019922027,0.5560093721023811,2,0
26,86.40330331113175,7.325615817826565,2,0
8,43.756001456776985,5.8338234969469305,4,1
47,68.92792610516031,6.767409327795152,1,0
46,48.608992203126064,6.630106857364789,2,0
68,92.27686760107956,3.17997764962007,3,0
33,114.53070402516367,1.1874814578738884,2,0
1,111.70767794698132,3.846135216698394,5,1
19,78.3426215144091,15.848292284709258,0,0
31,66.26103032569785,4.440043350154649,5,0
14,101.83005094393818,0.05554309036896252,2,0
53,88.332636262773,0.3078395149872037,2,0
48,38.35641142169329,24.712617575773454,1,0
69,102.09192136130002,0.3733287266136632,3,0
62,62.888438939471015,0.2356947311378887,1,0
66,38.898565997117515,2.1772324789274027,3,0
64,48.179735039649245,17.420265742663332,3,0
70,46.75270302483423,1.9185803647966093,2,0
63,71.92069746034602,2.6371818650852004,3,0
33,43.43700906778755,5.0266625874983015,1,0
41,32.35664874015762,0.12203644304344083,1,0
48,32.36908506137607,11.402336401749922,3,0
13,78.32761971390966,3.6640473385294614,2,0
31,93.47592888493786,3.1443957237892155,3,0
68,52.15330088383408,9.856584089278622,3,0
4,23.46507098140171,15.29619283629718,1,0
19,32.722488693701074,2.7532512704752947,0,0
70,111.46945603370571,0.9463748549736568,3,0
13,69.3543659589453,8.456203570045473,1,0
23,65.35728096151747,2.581372386063434,1,0
1,23.804917831009092,13.708981717426973,1,0
54,92.86370223168991,14.968569941411495,1,0
71,72.80680809320789,0.6098723406815082,3,0
15,40.20809360865208,15.681178697226741,1,0
65,31.007376018105717,2.29646853236296,3,0
71,58.33878636319985,5.195859735510723,6,0
15,103.71619641950257,0.17684114257175637,0,0
21,106.52945592010245,10.985915224765971,3,0
19,80.28463803956365,5.130490731521975,2,0
60,92.75364272301427,5.157869166433343,1,0
33,31.515578740287037,11.62293484317664,3,0
49,78.81260654678547,3.5499122581326485,1,0
35,86.69657034871818,2.642543936647106,0,0
44,40.07128429137922,10.054383894671586,1,0
11,108.0154732910259,6.782134573761425,6,1
66,39.49967375210198,14.877263012551579,1,0
46,51.34773598464504,14.077221691714755,4,0
9,82.05568470234586,2.40897367607841,4,1
3,83.83500651307307,2.9618624298972125,1,0
26,89.93847409873672,1.4784701047702202,2,0
48,31.20117130682057,5.403585177719867,3,0
66,104.94644299285554,2.267046165798193,1,0
70,73.28471322832598,7.711248429210551,3,0
28,67.13217941050684,0.6479857708185994,3,0
26,118.10976245135096,0.6187701710103559,3,0
25,94.03782969410197,1.1436417202618907,1,0
12,31.80060266193749,0.44028974102092694,3,0
5,95.65391672262407,4.838336039109067,4,1
48,29.52489339728695,0.7970468812604725,3,0
37,22.747056251298485,0.8715462112366894,0,0
44,60.36258952698971,0.07165207699921775,5,0
15,119.35781728192187,7.618366062908968,2,0
43,37.48839361948626,8.364446601427026,2,0
48,87.264434352679,0.8838196434803542,1,0
70,37.33960662061193,6.72623109879451,0,0
46,92.4786974958386,2.8417892710747212,3,0
43,70.53536682378261,1.369519694960097,2,0
21,87.99717100893763,4.856171930917016,2,0
23,40.28731759142346,0.9830197781354572,4,0
47,94.5628332520502,7.07107484732297,4,0
15,119.56190596227067,0.24393076563277766,1,0
25,86.56505006259597,15.986909041916276,1,0
36,69.34799980728778,0.37294565173601835,1,0
51,112.31739886192648,4.330940709046798,0,0
15,21.585184223187632,11.623861602194175,2,0
68,92.99235192858211,0.05987947229520976,2,0
21,108.8746516813813,3.4509025373379805,2,0
13,26.167458362095743,2.1539681523698797,0,0
19,65.00641704157582,4.3414590491986695,5,0
34,40.47194539499989,1.277413001435714,0,0
68,76.65181655878301,0.3355048322264709,3,0
52,84.95429586036605,4.916602258676647,0,0
27,50.262318292875506,2.696547658552308,1,0
29,65.99816696781008,4.870732014819125,0,0
28,47.93394852765595,1.1820251542878701,2,0
35,56.939116445511374,2.0680504148606333,0,0
8,35.95399566884236,4.1240460575326106,1,0
16,108.55594435856314,4.496096142794279,0,0
36,21.001041055913642,2.3285826223232817,1,0
30,108.24091864437885,1.6428898319609633,1,0
18,77.16788783497385,1.5989649653821438,3,0
2,53.16578441770175,0.9600376825654586,4,1
49,92.30571254603298,1.9682135617005865,4,0
4,70.77521518626642,1.1122210858593482,1,0
7,69.91086581076065,5.023088590808962,3,0
39,31.014228291896643,4.20901324659627,3,0
13,58.951602594540866,2.4111003241401767,1,0
31,44.10643458567367,1.9713650196364805,0,0
71,21.569590559627965,1.3565127623220041,0,0
63,56.00996307821133,3.833519850468043,1,0
56,28.982212942560473,12.56053202042602,0,0
42,45.68300377251852,5.787085218746234,2,0
61,29.251662118309447,6.820995623925525,2,0
42,30.094162555639883,8.990231861960384,2,0
56,39.901129441518826,2.1665071424034883,3,0
36,119.98492444864002,0.32469717874274184,2,0
68,20.218414285724876,4.871702464074931,1,0
7,83.86726361204052,1.0454161330910827,4,1
54,34.124369802655735,4.20874235049596,3,0
1,112.06281367107758,6.725958506564754,0,0
44,29.36328933336292,7.654018723309658,3,0
45,115.50631871262365,1.796528580131723,2,0
47,81.0926387483478,3.591640195450329,1,0
13,20.126807691549025,4.850634919423485,1,0
22,109.4007197916806,8.559588509648716,2,0
21,72.17118013669183,7.164596322999314,2,0
9,46.26697353304846,22.103970779256844,5,1
26,96.72791775156301,0.04058767372919263,2,0
9,112.666555388687,2.876726866404376,3,0
15,68.36908231467939,1.4788701972652483,1,0
10,51.55534744431109,0.6385611393816821,4,1
42,98.89451239349268,12.124629707991229,3,0
24,88.17854977884546,30.979093881747307,3,0
49,108.87524837502724,0.9958914299368873,1,0
26,89.2514012761193,0.19595721047550518,3,0
37,44.35283388995363,1.6082936359829658,3,0
68,113.1659249759019,9.004866474250777,2,0
50,30.48357472059913,1.7399218204393452,0,0
24,46.794275010684785,0.29292263626966275,1,0
19,72.01946077238856,0.26960046466744836,1,0
60,76.57420260709014,2.788038548107135,1,0
39,21.531058662690544,13.428439781355404,0,0
18,98.057272582094,1.683804482874868,0,0
19,56.16073184253895,2.7857239230356337,1,0
36,60.641854100213784,0.5375575000711974,0,0
55,100.93695444369457,3.40187341911597,1,0
69,57.928339172754455,5.962643761445089,3,0
47,24.722487649475482,1.5814391250310207,5,0
49,37.64397704703503,1.7599390751814452,4,0
33,115.59031723881823,9.225010956987669,2,0
21,27.040536240251416,0.05208899835170338,2,0
22,55.493120096801626,5.059477017748607,2,0
48,70.31791670513445,2.5034246982384234,4,0
37,69.32808273385601,1.7718203201230631,3,0
15,20.395994301214277,5.358788107851771,2,0
35,70.11627314574903,8.999014307452594,3,0
71,58.37724579774092,4.0866646583100765,2,0
32,117.20793354745571,0.1579416046169618,2,0
11,35.915908399382985,3.0939215478588085,3,0
10,55.4154196759495,3.1065512346167474,2,0
57,61.94814850898197,3.924103348586592,2,0
25,59.06935371009488,5.557863075892284,1,0
2,86.58308276518625,0.09753721236267057,1,0
64,41.551285754776885,3.4859027623955403,2,0
35,42.10715528139919,4.43739610922791,0,0
7,92.92109485008531,2.1030464203695827,0,0
18,70.02905186781797,5.518604978447742,1,0
67,61.51556760573104,1.295004794967288,2,0
42,36.92030516772518,1.9090285581975952,0,0
39,38.75272229121666,16.451234497385197,3,0
41,21.055163681590056,2.1390932682452424,1,0
24,29.142626886170923,2.127070518926314,2,0
60,75.6838694690241,4.527751039587392,1,0
46,109.18731300084099,17.69804558075225,1,0
19,48.716476513055746,20.39642640855853,1,0
68,52.774722589612814,4.333432634632969,0,0
42,31.56056106115122,0.005438055197276404,2,0
32,58.86309456071027,11.545861242139763,2,0
39,23.722170456932915,4.222618147366396,2,0
36,111.76006962619002,2.278503297015641,4,0
36,87.31113481245286,8.836167748239394,1,0
3,119.07488093932189,2.5527321416416973,4,1
8,108.28231626784937,0.173187592510393,1,0
70,67.29905936981527,8.60386517663558,4,0
41,71.96850311503769,3.9467421975043226,1,0
68,39.05760465171939,2.0635328583358534,1,0
13,66.20393428395556,1.4443630800303267,2,0
49,110.30278734928116,4.504516876694905,3,0
60,25.085342363582114,1.1662822500750163,0,0
2,106.35568029983098,1.9567082262377076,1,0
60,54.094780164260975,5.06029683820906,2,0
5,109.95127650963099,10.666087488443578,1,0
44,114.08799063414847,3.805956030199809,2,0
27,87.0864887001906,7.116999648468313,1,0
32,86.44237865926779,7.199754413136299,3,0
21,65.275433770874,5.458490524003723,2,0
8,103.55402245437075,1.4107426384832886,1,0
50,116.16127584332833,10.079089625333078,4,0
67,97.50818003391193,2.8659494904791414,0,0
44,82.19367337567093,0.2260891683967474,1,0
58,80.67928958213368,1.4026232075365208,3,0
3,104.94699015836623,7.252529566040408,2,0
70,74.12037657712983,0.3581961490540051,3,0
2,100.38598862488226,0.7971151170859647,2,0
44,70.88852551742457,5.924558403850883,0,0
2,26.244427497392415,11.156012250386214,1,0
35,58.39470089041552,5.0219499345470595,2,0
30,64.44409576714988,1.2570146498896084,1,0
8,34.16172449866172,0.2744660064175054,5,1
22,30.24963291892128,4.774203923006172,0,0
44,73.54649496569542,0.24279348893782066,0,0
58,28.514363655608214,4.743063158531958,4,0
36,50.2945167890084,1.2782042240141327,1,0
69,94.45969759630759,11.751322647712819,0,0
31,116.44321795679808,3.222667716874917,4,0
47,91.78705805519286,1.2676171171380932,1,0
55,119.26255484528703,9.591558645784366,3,0
62,89.83379712794027,1.4653856545311625,2,0
30,49.37944706543275,1.8307345696244175,1,0
55,87.20525405053618,8.987214920884144,3,0
16,90.21567651969039,1.8465726529949311,0,0
12,57.17269846164606,2.639551777903077,2,0
17,21.7713850609389,2.1359903678494945,1,0
16,90.31997847754869,0.6187558356781191,4,0
12,22.17000952755416,0.19836229956092133,1,0
8,83.11880780600711,6.4465764926678,2,0
3,36.36164887425551,5.180119143668872,1,0
16,76.56035277480433,1.6589784166775603,1,0
30,70.39130253806,1.7520383007372697,2,0
23,21.35136423061826,14.502636224451207,1,0
5,56.28658169951034,21.9790569400198,1,0
65,80.10911673963028,3.206901572345975,4,0
30,104.86065518987797,8.108861989039402,2,0
21,108.86421138365172,6.672037855946278,1,0
70,68.38499700332233,1.7642521159820364,4,0
22,92.84224872994382,0.30173770067558925,2,0
32,51.645457653345765,0.7689985404123866,2,0
33,54.21864057586574,9.109880654381866,0,0
16,39.44635191823137,6.5691954266575605,2,0
38,76.19481099932392,5.458205884077677,1,0
14,51.45641509273652,0.7000406456388809,2,0
36,28.437089643850506,5.107293656023925,4,0
23,88.50060866631787,7.3953899695177805,2,0
66,90.77532076053981,9.852101667671448,0,0
2,55.99924187790579,0.06659796215639582,0,0
65,27.672339945602282,5.767588418615455,3,0
67,62.62977174034259,0.09641185684017972,0,0
52,64.23354580502155,6.1357439492509265,2,0
62,86.8670884897893,5.047808726026883,2,0
23,51.54163912586834,0.8028856266840056,3,0
26,88.25992797813055,7.264773019618581,1,0
68,107.14885417573883,0.35397757380722605,2,0
55,43.74860423621998,8.75497206548924,5,0
6,117.89195561198997,1.5185779239395467,2,0
35,58.636813713680695,5.837430766015462,1,0
22,46.72586851470618,12.864713260884669,0,0
43,62.151118251029054,2.076266972357626,2,0
15,29.439747590385917,3.494760763683293,0,0
60,32.57059065121157,3.109885055740953,3,0
12,61.44340469683314,0.8575689527498775,0,0
49,96.24445219391,4.461797050945812,4,0
42,110.03122395744909,6.793433295884177,2,0
38,86.4817990716271,12.437038609744596,0,0
45,30.52195552381697,9.512425143468414,3,0
35,87.2019762180535,3.5669471956248793,1,0
30,83.5427920702972,6.347308297985394,5,0
30,100.57639182933313,8.066813355513796,1,0
6,102.52486666521808,3.4010433634767874,1,0
67,106.82030757789789,0.6132543507692785,2,0
7,61.413151457909834,2.8806512033766527,1,0
52,89.78643953521443,9.240951952236184,2,0
14,46.82503589223107,4.5396464988275635,2,0
15,119.93362799835043,6.445082900825279,2,0
21,37.533424137686,1.024480406825026,2,0
35,21.01144316608358,16.668315416420697,2,0
66,34.8808714518176,2.588248688226849,9,0
2,97.58722895441267,5.301318279068158,2,0
35,64.67836765082114,0.09526304156582774,1,0
20,64.75002478104284,0.6809274854020042,3,0
10,115.50229196116685,7.6170871492871814,0,0
25,111.96349080280743,17.205325021240874,3,0
66,51.119473780400924,1.928719443094303,2,0
25,40.905812878086614,0.18944781932332705,1,0
54,104.84822099337397,2.238210428987995,2,0
33,110.60190710443632,0.08811249194870042,3,0
36,74.15969227984868,1.0682753747449922,1,0
14,82.94237111171006,6.981158164377161,1,0
65,45.691428469229336,13.830123412336432,3,0
54,100.08026879785245,0.4575569856511663,1,0
52,83.2122428449023,4.0811046988383115,1,0
3,70.35135112979967,1.464349839192601,2,0
41,26.01085560783958,0.7486472399273061,4,0
6,111.59349625111537,1.23577407811803,5,1
25,81.5451420384406,4.31094335536887,0,0
13,39.269109469296794,0.3367630592641867,2,0
8,80.63861169830528,2.847737438449144,1,0
21,87.74633542399734,0.7264460912901137,5,0
68,72.57703366832254,1.5919234027249618,3,0
25,91.81017379560225,1.0582636825307343,4,0
68,78.14539479286242,10.726859814757182,3,0
45,114.77695820321482,6.155201409102475,8,0
60,25.369707859930685,10.14231948552611,2,0
12,30.62457084695605,2.4181833680030422,3,0
32,37.36716369543399,1.8801143170847967,2,0
13,89.01710706043322,2.3949166912975732,6,0
31,84.55958727498087,0.09361185311237177,2,0
20,109.2058860209694,6.449546980040617,2,0
18,93.28774528838984,2.152164555180533,1,0
60,70.83554875645922,1.879462138383484,3,0
63,119.18317924636303,4.558270804139838,2,0
6,46.61079561692992,2.8657211577648107,2,0
32,103.3191659785454,19.77553158229913,3,0
43,62.67903721939194,2.2022477692422604,3,0
2,84.87351388757342,4.758240535388277,3,0
60,92.7268470452434,1.8672972419219758,1,0
23,83.37540871903363,23.332558560506452,3,0
31,34.05073031085933,2.9449362390483764,6,0
5,64.29510107479328,5.027369748930034,3,0
34,76.14383779331243,0.677504774427181,1,0
10,104.90437591785968,6.602986585339704,1,0
2,64.36457487985723,1.5681460870112618,2,0
11,111.87473048042514,2.9765940777777593,1,0
50,64.03742230252107,10.733596381168052,1,0
31,74.87798592630116,17.625733838053765,0,0
56,99.6285682942801,2.763206721150469,1,0
9,78.30676844221436,9.003072839356552,3,0
21,116.02180723828246,0.2741239008521308,2,0
28,86.03358305141276,9.40538121023521,3,0
62,72.2709454067601,4.964648473476135,3,0
7,22.359196778079585,3.3540542055136813,2,0
16,61.37328975803298,11.034725071572957,1,0
4,49.92484192601604,9.332540806278761,1,0
4,94.81056678874893,1.76160145290895,2,0
40,40.82776751535458,7.838802595632815,0,0
17,40.52200872940718,0.523975231508659,2,0
52,38.95190432373768,8.651363685344704,3,0
52,32.56156131562359,5.626664909229143,3,0
36,51.10070036708874,0.4598436634355207,5,0
38,108.59221144434251,5.7455322513020235,2,0
50,97.4928472305955,4.343688528417054,2,0
63,93.52512163067935,4.513789835276357,1,0
63,99.73368056499626,1.718539299515198,1,0
62,46.94178893295717,1.5496193205482602,0,0
7,108.74416907524878,7.1886775333216875,3,0
27,33.73033751416044,1.4840411539915759,5,0
14,53.634572671558196,2.9553204151607964,0,0
71,78.6748118967343,5.933759668453231,4,0
5,30.29050883420006,0.4148228889314063,3,0
55,93.01301877764249,4.51376864240209,1,0
2,58.724604820347494,4.450391162876572,0,0
62,98.44056656084001,5.763685480375913,5,0
21,69.28962855846027,2.3096066583696766,4,0
21,38.08745244253363,2.97991881407401,2,0
10,93.47618113553443,2.0021588378168516,3,0
58,45.21439558389436,8.255682892800891,2,0
39,69.08103012680428,0.699821684485503,3,0
5,27.55332691569076,16.477968210597812,2,0
65,81.78666544120367,5.03704569195715,2,0
13,86.58577662162773,10.897711764538336,3,0
53,57.86742099727836,2.777646006898454,2,0
45,115.44227803210738,2.0194248139180466,1,0
32,107.41689214820684,11.549348312004364,2,0
36,90.79409157399948,0.5205455442829968,1,0
60,91.36520744937427,0.6227576286796797,1,0
11,45.240171494215126,1.778711013133645,1,0
63,85.6815231088449,16.06633066405762,2,0
21,39.820626523551965,5.012901981329118,2,0
52,34.400322391982215,4.039353593202102,1,0
55,119.94678942025801,6.10994286307197,2,0
26,82.23759314731743,2.7019120697187224,3,0
68,63.098787265719054,7.095606619192645,3,0
34,48.81645228839513,2.4980331136150022,0,0
52,80.39204436622273,8.753947152200645,2,0
52,24.959350822008613,1.5550611289132845,0,0
29,29.468099050479506,1.6255122071211805,2,0
38,23.285669774039633,3.694733811890048,1,0
42,69.91698332626618,2.817275880477772,1,0
21,80.06066291871826,5.222266303159323,2,0
42,26.247976135782086,2.265069908043043,0,0
13,92.12244674989165,1.3104007431184848,1,0
64,43.03950715145644,3.1725856777300647,3,0
17,88.5201453769866,4.1157839041616615,2,0
9,118.18971400352456,0.7692539380036654,3,0
41,89.11058700538511,4.0677527710244314,2,0
1,108.31930529236085,1.9228499863585253,3,0
2,114.81985067430674,2.491619525205985,1,0
60,68.67510483523155,1.6377873608331606,0,0
48,90.23249794197068,13.398066532517326,2,0
29,105.19692535558417,5.749574462024652,2,0
10,55.66089128743861,1.5221768858310958,2,0
58,46.13973165603949,5.178628798729728,2,0
60,114.65985727783386,9.438238596621627,3,0
21,92.6303500368818,2.5677316771782017,3,0
28,41.96821333758263,8.858534635115516,3,0
34,64.90833926761134,0.8386325882140961,2,0
8,99.64517695378093,8.651855409642007,2,0
59,74.70629909184422,3.885843260754263,2,0
49,84.99520981658891,1.2614104759476268,1,0
17,95.37682020450524,2.6139966546709803,2,0
60,82.20091888089806,22.111324184260575,1,0
45,74.00793219221958,7.652117511981473,2,0
69,94.96142843877735,4.279346669826973,1,0
32,92.75630354322007,0.6117643115973633,4,0
44,82.98724001831789,2.704805714621733,3,0
65,55.97894133819296,1.5261864306556978,5,0
8,60.58120922002716,0.36823851088464365,2,0
43,117.04385488840974,3.9066622902623402,4,0
1,31.238593229152585,10.999497250944321,3,0
51,46.85049172528353,5.628887751863334,2,0
24,69.24017592043357,1.4362800693415612,0,0
24,103.67296861437859,4.261706533837631,1,0
17,36.36756637297279,14.344113577675353,0,0
5,47.69546181246099,6.41715575829808,0,0
20,26.579821779523897,5.8474366062992,5,0
21,90.59852660508184,17.234871631537438,2,0
58,43.82094354756161,8.019101384286175,5,0
31,58.86747506709505,0.7345223206273073,0,0
11,64.37014470296678,2.1357559553375522,1,0
52,109.13139356064556,16.78217670287488,3,0
15,61.13302903312368,3.363835308044381,0,0
7,34.522501991524905,0.5918766850927099,2,0
28,72.4314938340121,3.0680295745280817,3,0
51,116.29579946486297,5.970000719613683,3,0
58,80.76856410508111,30.05470836665883,3,0
5,118.33872204605726,1.9571107424581822,3,0
5,104.11073089388701,3.608627129779144,0,0
8,23.59657562134128,10.588031376310669,1,0
64,85.83995953770419,2.194596697952905,1,0
10,48.676687755788365,0.5785222429037786,0,0
38,75.96168556447239,14.873365415761617,2,0
8,47.93451909312266,3.351459876928863,3,0
25,54.887041660529036,3.493650789797083,1,0
66,112.31687117541793,4.85373649706556,2,0
50,40.664318489170526,0.0177144617053666,0,0
67,107.41091180258304,13.377758394803156,3,0
49,23.04578080704968,2.2427849842519736,2,0
36,29.087653836964837,2.528625454672401,1,0
68,105.46750413842635,0.9564638757226386,3,0
41,83.05560309091953,2.3752948361459043,1,0
62,94.72361380395502,8.146762764806967,2,0
10,40.94176708218542,8.046981380392898,2,0
21,73.70834555901035,13.7285143113046,1,0
36,93.72192235713048,2.5811130791540062,3,0
12,82.73141370102624,6.16737718840894,0,0
2,67.16987668912094,3.5386403873716614,2,0
13,115.97837864377148,8.148784497843232,2,0
53,87.61573334534454,6.2333927407229,3,0
32,110.7750800241238,2.2935614869992857,1,0
16,92.97705115736812,2.0524422769883204,2,0
32,93.54635285976832,1.4547200207084665,1,0
32,28.001826975767933,4.296195256363065,4,0
11,55.94646218539436,16.599403035087324,2,0
10,105.83694067196585,1.1161348840798881,3,0
15,43.260386214875595,0.5004966494648759,1,0
17,31.55058661564662,0.6357625739789323,1,0
40,52.61060566387934,7.641563790628732,5,0
18,42.043788489261395,2.154720832267311,2,0
55,112.52881947931552,1.270377933314121,2,0
25,106.79666420021312,2.175840418146171,1,0
59,69.96832302829043,5.18284895545115,2,0
22,26.134387448386803,3.9569667038101035,2,0
30,91.45623460931563,6.80487619284623,1,0
44,82.34117313362646,2.070568108216063,3,0
32,117.0554670728496,3.007660673762222,1,0
51,75.8953240270377,0.5377499371413031,3,0
46,53.63937234029094,0.3793248987316827,1,0
21,71.90216935785557,3.101856302378447,2,0
32,117.92632914045163,1.7947920842980656,0,0
39,89.63624325330305,4.744077006025558,2,0
12,87.19761379270511,0.2197707513712109,4,0
47,44.068158972588535,0.6492131800137502,0,0
18,94.36025175606177,10.019474579803404,1,0
21,95.02718294717717,4.177145123581806,3,0
13,51.72889837759053,6.224920849351453,1,0
21,68.37138323907132,9.224918988226069,4,0
8,49.460333294045604,3.1165605200035076,0,0
46,45.87050703242867,7.157722057781246,2,0
7,22.589607024948513,3.7178419510779066,2,0
23,48.52117446533321,1.2599582394712852,1,0
22,75.39699498782748,2.059852377008002,1,0
22,20.160118754902882,3.370159643885095,4,0
29,48.32190838096675,1.9054643354169327,3,0
13,108.141033232325,2.043810370787509,4,0
2,79.36485851073608,2.0578648502568204,1,0
29,80.78628240809805,0.6553291950474728,3,0
52,60.336430502635324,0.44220348378816027,2,0
27,87.6472143492411,0.2380585025322744,1,0
50,38.99327662303591,0.5880442224608704,2,0
23,101.87468103841915,2.1057404190065703,0,0
44,31.66891199358998,4.505432099579549,2,0
22,85.60013546531093,1.0421795001606258,3,0
43,54.114932581968304,10.946676964863542,2,0
37,94.75129705824767,8.261268613283352,3,0
61,74.97645512660199,3.6753396508815914,0,0
56,65.23530384787162,6.440574794883575,3,0
3,36.942240209324694,2.2811231830184804,2,0
63,83.68214642843529,0.18735574488026213,2,0
19,117.4769843420413,11.734401369232222,3,0
23,102.5603424907015,0.6836452885972897,1,0
29,26.00081925890118,14.7765370418423,6,0
30,57.62293783611911,4.24178897269959,0,0
39,112.55830091902718,1.823269607585869,2,0
25,70.30437475570214,3.421181238685316,2,0
8,86.21118258081792,3.4820606126664,1,0
58,111.25993455913904,0.11781253914011297,1,0
16,107.37946904198807,2.1960908255634943,1,0
1,70.18203755405109,6.732788127624648,3,0
5,63.7646302657602,3.567455498938088,0,0
3,53.96926184795871,1.400091683583605,5,1
65,91.90194431628912,2.0406672751844286,0,0
4,48.698679947154325,9.94085731017366,2,0
64,44.98876064309002,3.727991726685219,1,0
10,55.62498946037801,3.7576129708202433,0,0
21,37.7215056878792,16.281260876154654,3,0
46,89.51198159457674,1.9347974831367585,1,0
27,81.62406493306122,3.2652220240974033,1,0
66,68.28785341158436,8.348955294976038,2,0
41,59.03257792615547,7.112971496312004,2,0
13,110.90625428967314,1.5448651028556655,1,0
9,22.912378498910527,0.8190166970862975,2,0
36,96.91077435072991,6.031620769370388,3,0
58,110.19095717488888,1.4897138478196479,0,0
54,64.63545794299259,12.798743376492776,2,0
12,75.06904914706467,0.6919886071772876,2,0
14,114.4463687882038,1.9159394912893781,1,0
34,41.22775152855144,0.28172620649201335,1,0
53,72.0134847784685,6.075258190695742,1,0
20,67.47211271282129,11.094099638219124,2,0
16,45.83926478703701,5.05128382803983,3,0
70,101.85932303731079,13.883225933811065,0,0
56,109.96005947632358,0.6877198957574148,2,0
58,98.19325797882088,0.45911792517519145,4,0
4,39.53589608486084,9.113549589874546,0,0
4,28.674863550138156,9.67276556367672,2,0
20,80.54444853053423,8.890452398115174,3,0
10,25.709476050988393,8.021378859531923,2,0
24,87.28258885580843,2.248874984600456,5,0
26,73.04242203272426,1.2260645113374624,1,0
37,86.27857327436637,13.211594614006438,4,0
54,79.0170773649744,1.833627718213392,5,0
21,62.270256952717276,2.5408763799130663,4,0
38,40.087718014022826,6.012518743777213,2,0
46,50.570213581048854,1.7361419458649607,2,0
4,72.45005742189764,8.54988981393604,1,0
60,85.18680936476059,0.3630396161973555,0,0
57,97.94830168845284,7.831477079147238,3,0
45,96.71707184490609,4.604648910962686,2,0
20,117.26887432610853,4.254781904422083,2,0
17,48.58414486634094,3.0659258189121803,2,0
71,27.11107082134368,1.6220456210550136,2,0
4,54.56569355418593,3.118761280227268,0,0
14,94.32944752240766,2.989444210666692,0,0
3,63.81116510332952,4.382396504403138,1,0
58,101.77884305894194,1.6534648450189025,1,0
55,74.9326365186015,0.40385760166901424,5,0
4,112.9791722630503,0.7837921573510787,0,0
24,114.78634419990688,6.006173306676061,3,0
34,26.93045060187487,0.11374570116619975,2,0
30,65.64134397124243,9.705117105507108,2,0
19,80.9689061249568,5.927347382853293,0,0
31,45.587254081221275,7.306954998921274,2,0
60,60.707677937898026,9.03897016526277,3,0
60,87.76815411176983,0.654590872733507,2,0
19,42.673422689836144,8.642545820956416,1,0
49,80.19813529744525,3.5123771450889487,2,0
63,89.7447828164306,10.836943381910412,7,0
22,29.049631109586677,10.88357869117023,0,0
24,69.75293160274528,0.12237565544606073,6,0
30,46.30800299241908,2.4133391376473496,4,0
58,92.43863559980446,3.736948264506851,1,0
31,38.95555085369405,5.6716132522159945,0,0
64,109.22379155381064,1.6856660018370957,2,0
19,63.09413365183269,1.4527125357502464,1,0
48,39.80030303075535,2.400396850051491,0,0
45,63.802179635032935,3.475131642764515,1,0
55,60.874376280852786,15.09461878606676,6,0
55,62.891895949371026,7.179702258095066,1,0
18,78.55612934974468,2.80464345778656,1,0
63,72.11737249135376,0.27949932834473934,3,0
47,34.97771316809027,0.9227437285572369,3,0
57,26.557907264663633,3.043335579460384,0,0
45,92.94154487265405,8.405365110443459,1,0
33,75.97174359283134,2.395791312024411,0,0
17,55.900076807926375,3.866329838708751,0,0
70,100.83578224980738,11.119095357461909,3,0
4,58.805847426095696,12.255208540656763,3,0
20,99.59650896006075,1.2152965273671037,1,0
47,50.57561275123747,0.2228686685063376,1,0
15,27.284529754519973,1.8221714999498384,3,0
70,113.2639693799929,5.950387543690502,3,0
47,59.45511292813732,15.091137111754476,2,0
9,99.2692572849378,0.400803573094361,3,0
16,47.914413322230445,0.14448672958885028,1,0
69,84.6365112123656,10.777174856498261,2,0
61,107.33108732577283,6.894514111926869,4,0
10,24.164402233998032,24.299395588280838,0,0
50,103.06357646860893,2.527473305371469,2,0
3,77.13330049719286,2.689707331415999,2,0
70,80.74717539085692,0.9455940531384556,4,0
51,72.31580008059827,0.6156266349453312,2,0
19,107.44751032836425,4.32226430473572,4,0
42,24.343335723563747,2.265024656595515,2,0
35,46.10283915358481,0.41862816633254807,1,0
46,107.57625388591553,10.901265189095625,1,0
26,95.2345702531956,1.1054562202493847,0,0
69,21.764516017860586,6.903238607264721,1,0
64,71.70062832097086,1.658020698109244,4,0
37,72.95726807126749,8.380689325655387,2,0
49,60.088213512791036,0.6300662890864019,0,0
21,49.73933320619897,7.054402906396798,2,0
64,88.17248504123421,0.5163627842558354,3,0
5,40.77904647047538,2.96122503348621,2,0
70,99.8948562071706,6.621376629859021,1,0
4,100.30371607674718,0.9510734157131268,3,0
39,61.52614375728205,1.6820161169404653,3,0
35,48.35480109096477,10.003780019205095,3,0
1,48.38781815907132,10.819306311902286,1,0
24,68.22913239962101,0.2298817586535356,2,0
57,91.95792247493587,0.9201586035729539,1,0
70,55.886869099385876,0.6248234747767646,0,0
41,81.00433454577515,0.9903836696585072,0,0
54,58.24844605825943,17.564175171310044,3,0
46,50.452318915138335,4.01096404278357,4,0
60,22.485951591579415,3.156615361063526,4,0
60,20.391410573539062,20.824062528091105,2,0
57,42.72076778320044,4.070432420901875,1,0
31,60.640628680099546,5.410515501988874,2,0
24,105.12611673620603,2.0231064165112347,2,0
36,99.84842429304254,2.407263518508007,0,0
30,46.71652625879899,4.512054812983719,3,0
24,44.454044298429935,0.3617018978726206,1,0
30,42.73220710700274,1.47778422653376,1,0
7,53.9237340528867,1.0958307923190123,1,0
35,69.81987195616854,0.08010523746698109,2,0
55,63.86677720315755,3.84907504505613,2,0
14,41.827319878149375,4.1168811826567655,2,0
10,33.0451409943618,2.4220482820751306,2,0
16,21.257781248619537,1.5648453496119967,1,0
54,35.396323866650384,5.278624357335316,3,0
70,90.53563701941182,0.7231590828967644,2,0
44,44.36385693455829,3.6554398947759137,0,0
45,66.86018101215097,7.306684312663775,0,0
56,79.13011489232447,0.8974158478592782,3,0
57,108.68409028316071,6.997091291695109,1,0
21,108.88550983934195,7.152161510624002,2,0
68,94.5733733681359,0.30898686482588733,2,0
50,23.515699204850144,0.0948149624853952,1,0
33,77.50704190854148,18.235887184369844,3,0
7,98.65834708315064,1.0745294925408875,1,0
70,21.72880447633632,8.633770541326166,2,0
15,74.96846136565783,4.125977259709789,5,0
32,105.77641457860294,1.5358344225344536,3,0
20,67.4102075842267,0.6961404350646436,4,0
15,20.410620289744845,3.43261855698278,4,0
48,21.101335833560746,2.615796961638849,1,0
71,61.663603741375056,6.001333155343145,0,0
21,35.50086674167545,11.725821775301977,2,0
42,86.44506570932596,8.180143856209908,2,0
26,90.8799264906154,1.6041405838704004,0,0
14,37.78797954606286,10.557064860081963,3,0
57,108.85332885244848,8.960537071907872,2,0
37,64.1907844978926,13.234980149901263,2,0
58,34.28459075919237,3.068546242058909,2,0
21,96.42515980693955,7.3175008850975924,2,0
69,98.99745000167728,4.478251904347992,1,0
3,83.92954726654574,1.858962869258606,2,0
37,105.34655532025532,25.952701154835836,1,0
49,93.73729720306713,0.1953024575135165,1,0
19,108.22057372269906,0.8853124849699944,0,0
12,63.38880484854795,11.153292895722853,5,0
61,94.75971280994425,0.3123717632004764,2,0
41,119.97515634290444,10.893908517938424,4,0
33,92.49311975196193,6.280217548976665,1,0
50,31.418378023713217,0.18686892692601378,2,0
68,71.8318722429183,2.8046336091435364,3,0
71,78.7347791243028,7.021710735301739,2,0
33,37.4210675071391,4.374547884136042,1,0
24,116.28916341780376,13.73431576023673,4,0
61,37.55797776346163,10.111301328292807,1,0
61,37.75579197132228,2.0221854485071216,1,0
28,111.5167137974555,0.4421193004814972,3,0
58,66.5205433121671,14.435020741428616,1,0
43,26.318827927451622,3.6416626186956087,2,0
41,79.81874999385286,0.38655268262115766,2,0
39,80.18263486330478,8.479763791558891,0,0
49,26.450075868656178,10.143988176540104,4,0
17,117.2522495633662,5.100271507987145,1,0
70,74.40299652945757,2.9665903660424213,1,0
70,75.97957221797643,5.4261069266474475,1,0
65,72.01154145023945,6.132518577016803,2,0
5,81.07317796446199,11.17603232917195,3,0
2,46.42997527737549,15.602134740419313,1,0
22,48.72413479748408,3.611036139628304,1,0
57,71.13390897961327,8.009693845314736,1,0
66,100.66858547635796,16.692459008002473,1,0
16,24.986457649417886,0.8199137556160254,1,0
51,80.34042122202459,0.09218450783069962,6,0
39,100.6778142506314,10.161407254345992,1,0
40,35.69172720372272,1.0862630181411932,4,0
38,21.50225419805663,0.2170369116587759,3,0
60,51.271329514145805,0.8723392164341401,3,0
59,78.81437067295983,2.4234743853852696,2,0
10,33.82831734047477,1.2376019696533036,1,0
64,62.61223709724855,1.8210421698970916,1,0
63,75.23214973742779,18.503556157760602,2,0
49,79.88830947573172,6.093834228541938,3,0
64,47.44117210003751,6.227303718198067,0,0
32,60.00296359862914,0.49736371732453594,0,0
7,97.83392290675587,6.5856770871420345,3,0
21,114.12146941206855,6.72277513016776,3,0
20,106.18803311182572,5.390299982889833,1,0
26,76.42835017334319,1.2966801948563802,2,0
68,61.02928029439465,2.749878582443703,2,0
15,53.295661437141824,9.362997249959497,3,0
14,32.4956566084018,5.546369046294277,0,0
27,30.655124721611298,6.598206043208138,1,0
40,88.83576249136577,4.426073175049594,2,0
58,45.97944161711604,2.985428225576963,3,0
28,45.46616864324468,7.115870890943855,2,0
26,119.81950544777857,0.3517143457245436,4,0
63,38.79259578737954,5.591433832416966,1,0
66,34.80597594888297,29.398735529144425,1,0
25,29.868522775992062,7.575002600354103,1,0
3,77.98053451667963,1.7164215117711925,3,0
44,82.78638260021015,1.6274008200133425,2,0
42,56.5227926256882,5.501347464265595,5,0
6,73.54133355114678,11.309819929661082,3,0
39,98.83995309449125,4.313154372603558,1,0
52,101.81041683217484,3.747553768941747,4,0
23,115.79120757156483,0.8740539696708103,1,0
50,102.42679859228745,6.284353687989114,1,0
43,76.48414367174266,6.058321871078332,1,0
19,37.9656965836846,17.048879208380857,0,0
69,29.97635577028424,1.784747653211515,1,0
51,25.45118899108592,7.062072225849562,3,0
11,86.65258317853838,2.84638254948052,6,1
12,100.75362553979932,4.087578168467373,4,0
8,70.86839506840789,8.476445874917351,4,1
24,25.471417483363993,1.2551119297690767,2,0
41,73.54705745913381,2.0993574641145587,2,0
36,113.57492615245503,7.420829837237361,1,0
55,79.76131909324604,4.225177784990172,2,0
9,100.94274884628149,0.4848838820041177,1,0
47,100.01526483917506,2.8122252669871273,3,0
15,113.21290997806528,4.41710108943331,2,0
48,97.02287656498733,12.012983942593715,2,0
42,94.77005140130896,1.0442808312195595,4,0
60,43.41026649706406,8.198273591282815,3,0
70,25.992515532108143,0.6999006085630977,1,0
12,71.75994650538078,1.3869141943797656,2,0
2,32.44342079467552,1.3942320010524534,3,0
7,116.21958762779913,10.497372170505344,5,1
3,48.99247626330286,1.1095820978359014,2,0
3,105.2944203384293,7.731393749592438,1,0
27,58.76246252024593,3.0976859063385516,1,0
40,52.31942498573774,35.014550239525995,2,0
33,113.51585723766212,9.134596950794917,0,0
1,56.3322572086224,6.72966254364205,2,0
8,59.02879086631364,10.229117341453197,3,0
32,30.609177961290918,5.02602494466619,1,0
48,87.04466652825093,9.278363138639964,1,0
4,48.88394144775135,1.5131451003808125,0,0
70,78.56041678395073,0.5140588939169926,0,0
19,79.13517040532095,4.784678385950394,2,0
32,91.9199695595767,2.8519086016700705,2,0
9,94.52414861724412,2.7794705686301797,0,0
12,71.44524344015394,3.7406347549222554,2,0
11,53.0991947603403,2.242248850399487,5,1
46,103.7450894834734,4.918293346090567,3,0
16,50.98656494084847,0.15522662468597548,3,0
1,70.75090944693315,17.514712517325457,5,1
63,60.1252583203728,12.931972837914081,2,0
21,105.50783859696881,13.687665090607897,5,0
30,63.19185311458288,2.270678924804233,1,0
13,58.60991888374843,3.795270068745169,2,0
34,88.98236928976374,15.409785587808111,3,0
4,80.24411098614428,11.631626188543766,0,0
28,30.72468334958461,7.809062986979566,2,0
59,70.81688063439631,2.615601049081283,2,0
27,93.54783883332476,4.154456866403881,3,0
69,119.20747645913562,7.8730687260643,4,0
25,82.91468339703192,1.594226508199047,5,0
3,57.02930664413178,4.923508616485821,2,0
68,42.61515998021184,8.799395213957112,1,0
25,107.28302341533202,6.145680330374978,3,0
20,101.45652121135028,3.264640898452735,3,0
34,43.39228207793849,4.392667459261456,3,0
26,40.063209014657346,22.40395284328335,4,0
5,91.51367768111756,4.606363037261804,2,0
61,51.49520619187595,7.6999733056851705,2,0
9,50.63987983619578,6.484183906218865,0,0
50,35.22902470676553,6.044769539405327,2,0
6,46.39755197098299,6.3004068786410885,1,0
60,62.750755759264955,3.0294352259796478,3,0
44,93.28383372724156,3.2137931345566653,2,0
11,53.63080944137498,3.154269052201279,3,0
66,52.86043394798427,0.16910057088630542,4,0
47,48.49132525524358,1.3791978975512014,1,0
3,67.8283667511043,0.8395140811462142,2,0
30,38.06366979413153,10.877340391511565,2,0
21,68.56307340321256,1.6077068592587804,1,0
28,90.41755561946898,0.745068186315005,3,0
62,22.979050403262217,0.637842782376072,3,0
33,20.977938030576187,6.019694600369379,2,0
35,27.512291015450923,0.03050944817940695,1,0
52,73.5660061728112,3.186712206988437,3,0
34,105.44550831854035,0.6327567954579503,4,0
41,20.488446602025196,9.474391750667458,2,0
51,113.6661304584681,15.904331682986701,3,0
47,30.62785115705358,15.94108040351865,0,0
58,104.19835280582262,2.9166599889269973,2,0
57,68.28547649829468,5.17135865423424,2,0
23,85.9357387278844,4.577756732818584,2,0
48,71.06829844471824,2.154213830847579,1,0
22,67.70482251793547,2.935514916113324,1,0
17,103.48994283643914,0.33242846347551236,3,0
69,95.58863795678164,7.9408052116317,2,0
11,68.34022365230041,1.3774732891140156,1,0
15,31.16359293960616,3.0858157784512397,1,0
35,31.540295931440813,3.275604494748205,0,0
33,100.15394607190754,4.112997253798626,1,0
16,72.93906213475334,8.515355038578313,3,0
34,68.15891402193625,5.88634678440374,2,0
66,88.05668413607151,5.439297277686558,0,0
40,105.88415834142603,3.7406098567865476,1,0
28,82.88731444133052,0.5043848807225442,3,0
47,96.2847902346479,2.5708934588604477,1,0
39,96.52705241169569,15.7697554022338,4,0
70,55.62614487929591,27.072093784098822,2,0
20,47.40831956409957,6.555900048124512,3,0
1,100.11640671751586,1.290713200368735,1,0
63,57.717879178424354,0.5373172152100978,2,0
67,110.33360065227052,2.6787035390261185,2,0
4,26.969069673011962,9.709607155466864,0,0
58,25.821751207533964,6.398229693960094,4,0
25,112.70041601014083,10.766182662011301,3,0
47,84.84549141814348,4.782651910907617,3,0
38,57.95993564483323,0.6981978457060725,1,0
15,95.50604148161828,0.6096855739050606,2,0
63,87.23268099936412,0.2459633146141213,3,0
21,73.12010468195962,4.186011287915613,3,0
57,29.887334266265135,1.3912087748318893,2,0
53,101.21795872927515,6.628511359962258,2,0
46,106.60231906806247,5.795792920489702,1,0
14,37.216868855264906,1.9144400661069048,3,0
17,105.05116519770667,0.9727905941880113,2,0
39,107.78473110165642,0.5401556695760424,2,0
9,74.9428612288516,6.684003628185925,3,0
6,85.6179036222687,2.993195661212073,1,0
23,58.22373200144914,1.9543352569270294,3,0
59,48.1791647509266,9.712435624684648,0,0
46,92.19831469516448,4.502249521663849,3,0
38,106.18751490158083,3.6490800611955168,3,0
14,85.40775529557476,6.8007781679358885,3,0
62,71.15906106465492,8.452782708224163,3,0
35,35.892476684417154,5.792976496354831,3,0
19,25.345871260481815,2.8991488926486393,2,0
30,64.56917902467464,2.384527302287933,0,0
25,24.934956369742128,7.384705799040336,4,0
40,76.9334631907225,3.6480928534975354,2,0
14,58.27291913177713,6.093504976691786,3,0
26,95.71891196819695,11.054534279970731,2,0
22,50.56484968361835,12.378186797716296,0,0
48,79.29827009674321,1.6266818308054523,3,0
51,73.76835217551005,1.0405970939133626,2,0
3,20.471242552224115,1.5142314195431221,2,0
42,27.238939826431036,6.958982762966134,1,0
19,49.03682124860205,2.310637922740612,2,0
28,108.22350810207651,0.9521070460930005,4,0
45,34.70149548997786,0.5178411277762355,2,0
71,91.08943304605417,1.9823770997735357,0,0
63,117.33665661522873,0.7317021986032312,1,0
19,99.05675526911551,0.8502277563564886,1,0
47,44.2945361687044,5.758229800741085,2,0
14,110.83652604130816,0.09964686454919526,2,0
38,29.310715650839008,0.6252842255632574,4,0
53,66.81419418707358,9.301224564954977,6,0
61,108.75419077264138,9.318880127100725,2,0
36,84.12657092568698,1.9967453370907577,2,0
40,61.36445647276988,0.46031882161869236,1,0
30,49.28128667371688,6.103396821665347,0,0
9,57.50994053183499,2.2324644297351655,2,0
64,70.89417810092863,0.2326528876220062,1,0
33,51.90439298728074,0.8588490022843929,2,0
52,116.89678620822997,0.7379476596743818,3,0
14,113.30776530661451,4.4472258978283605,2,0
53,107.06714682143208,11.4196795554369,1,0
59,62.18298355226534,7.876922666740807,3,0
41,89.13017693352289,3.953976952328515,2,0
68,110.28293070359646,2.7422494889046076,1,0
68,105.0429487678928,4.820538655140373,5,0
8,61.43270140202077,2.9332512231822467,3,0
2,31.23860493222607,1.412471909594566,2,0
41,27.563036383454946,5.684647354137976,1,0
55,77.70640452257027,10.327454361485518,3,0
16,84.26279352109316,2.333009753049201,1,0
62,104.98426045970241,9.211217067444364,2,0
48,49.251502034103105,2.820095247120608,1,0
30,36.74704905500425,2.565273390475429,2,0
12,57.900583317819944,0.1436661569619804,1,0
35,55.35751236322751,5.9417917571718135,2,0
11,33.24689540178547,8.238361214073688,3,0
64,87.22826525131521,5.446631479696653,2,0
50,70.8691940729376,0.8206066597187098,1,0
21,92.11227561147663,0.545133180321063,4,0
69,55.269112016973466,4.253202639954199,3,0
48,52.57022115777023,2.5667795627803884,0,0
20,67.25758530438557,2.802686667639688,1,0
67,107.7407345395147,17.1789824464373,0,0
44,24.02813067339803,6.43537137835234,1,0
33,100.4832817296472,2.653337042409993,2,0
61,56.89876126577565,0.09642013615495812,4,0
9,105.46190257884777,0.17345257888841586,1,0
68,100.22030088358565,5.772798229159603,2,0
35,54.87612473960884,9.092738235082427,4,0
65,89.3876535321616,6.149918014850028,2,0
8,35.963275677344015,2.6034350439645526,2,0
45,109.6281552163788,0.15815378663627058,2,0
47,60.44910644519094,17.11746499537757,5,0
40,65.56256153552002,21.464975954932854,2,0
54,90.57590510369849,3.985482922014491,0,0
46,102.0840236704851,0.36646210315894145,3,0
47,43.63427433282096,3.893225853735208,4,0
15,86.13501398769954,11.143814782974887,3,0
19,59.19980438891485,5.6969450168208935,2,0
26,56.87029240039613,6.36463607977532,2,0
52,89.00258239406547,0.44399124847507965,5,0
22,58.718327415593436,0.5631098428286775,2,0
21,54.610850016440764,0.681096588594119,3,0
51,103.58884081262424,11.736700812795412,4,0
38,30.127612383100637,3.731153922597686,2,0
20,87.58926228302107,7.840882385842161,1,0
29,44.87253937906246,0.6124839767748949,3,0
51,21.54982418261903,13.130695043572553,2,0
4,36.6764268872692,8.60581797810086,1,0
55,80.66615297758678,1.2729398330272197,2,0
71,90.91271914859374,10.364603574549944,1,0
28,22.105778355632005,1.5288416316977151,3,0
4,23.642544330172015,1.1492038846112176,2,0
22,110.25421148429531,1.5342832553821564,1,0
45,27.330581811371985,12.037232181440608,3,0
67,109.41821586165713,12.36046461766929,1,0
66,42.81659137509058,1.994899224964886,1,0
34,94.00178001582128,6.111264103520702,2,0
55,50.973324894601205,5.631129113143789,3,0
1,105.87520256091838,8.214007495842724,2,0
38,90.04548654243578,1.7585045331496758,4,0
6,60.181345860169515,3.568163332241066,2,0
25,27.630245417407956,5.508193583549162,1,0
17,93.27001838708071,0.1330384222530631,5,0
61,81.68847559651815,2.3639474935427462,2,0
12,20.291171783378875,5.9518020025763585,3,0
6,20.941985597244532,1.455740983424445,4,1
27,100.8792973192694,15.81532644997808,0,0
8,45.939973880185384,0.15312791851324217,1,0
65,83.61336677280656,15.86081856646934,1,0
57,65.42144197652475,1.22160527516618,1,0
40,106.34300145217672,0.2502705331495659,0,0
14,111.69611131024887,1.7299047399036807,1,0
35,119.6807712678854,7.715496639031426,1,0
48,35.368413580724685,6.980552035199094,2,0
56,106.29640464754755,1.1712779120683243,0,0
49,46.602137672880176,1.095696231226834,3,0
13,79.08158748955077,5.14421741274513,3,0
61,70.5772833869211,3.063209265794604,2,0
49,21.798813157238765,7.8580608910511085,3,0
46,113.27712799060947,0.12214372783102175,1,0
62,27.832705514921845,4.713325755538958,0,0
8,88.82189194077358,6.559126783756978,1,0
43,98.50068362082621,25.092918013387088,2,0
20,99.52878490476843,5.678171533714311,0,0
39,33.54945189288448,1.3188197354064721,1,0
49,64.7569950507972,0.5724895342291242,1,0
64,102.94288704339799,5.121005459286349,4,0
62,50.26792103787547,3.7031132555307025,1,0
54,66.77486753746635,11.470371486150594,2,0
9,47.27938926998458,6.484243468760314,4,1
37,66.35514178853242,3.564122069026169,4,0
49,108.783792259288,2.584130207973626,0,0
41,65.51242310327694,2.590717500903157,2,0
17,75.59120170743203,1.2828830862619007,0,0
21,60.39762833030836,0.08738911470003291,2,0
51,66.01171832033255,4.277278757477361,1,0
59,21.51741990464217,1.1939181899139637,3,0
39,48.3745509960456,1.1680337364593392,0,0
55,63.65817217418244,0.669835887404646,2,0
41,83.37969759927289,1.0511088056408415,3,0
39,65.00519305538921,0.16152697358771806,3,0
13,53.7817043321564,5.6078405915811675,3,0
64,58.809873534415715,2.5657843309453248,2,0
11,44.22933292004665,4.122257831438279,1,0
19,112.44942827740529,5.066178483844777,2,0
11,72.17432257909147,17.965040300218863,0,0
46,21.34094538721231,0.3535388439272863,2,0
45,21.94462584195466,2.7057170312707814,2,0
1,117.29616349520415,1.4111377672983405,2,0
40,42.145089137324504,3.238115835213133,1,0
19,100.56082888143146,12.658249490274473,3,0
61,25.82753015605745,6.436487024597637,3,0
12,112.11627366945491,5.422801210974422,4,0
61,107.44170036666785,2.9102287654632306,1,0
33,77.10931624345147,5.560197635197628,2,0
45,20.899865728325576,0.1645552667733493,1,0
69,45.78108740233375,4.412329869429725,1,0
8,60.682264739846495,4.034677358459213,3,0
25,66.00641167475618,2.1281383053675116,2,0
46,49.767875856237204,1.125190007161642,4,0
30,23.294786824552997,8.239738717601442,4,0
47,79.01274059265421,0.2768348208086393,1,0
49,72.41546676947559,0.3610949800155142,4,0
47,48.30006354290777,2.9037530761389747,5,0
18,23.79759675696065,1.455469747509215,1,0
66,119.45941872219402,6.841337400720763,3,0
68,68.19861868264059,5.028207081662951,3,0
33,95.60042417740772,7.403790011481741,2,0
36,65.23140350513356,1.9628354047038388,1,0
19,24.317029086294145,6.745357820398414,2,0
28,50.96007450855001,9.913506870392458,2,0
40,52.01101410059012,2.1176960331587145,3,0
15,103.8352904049016,2.0767880484682717,0,0
41,85.42299779998744,11.510496250495416,3,0
39,47.54299036394728,0.25536266319508844,1,0
2,116.7739954659086,2.155371759939189,2,0
63,52.15418323978714,0.6316298823214304,0,0
29,119.82340258287203,0.1470441072335082,0,0
66,119.61636931702633,0.5988154476125869,3,0
51,39.12105177467418,2.8215345431088386,2,0
10,51.27411161884002,5.807058721929248,1,0
14,68.60441984846543,1.707400747647947,2,0
51,86.4100671147891,9.474788534843942,0,0
39,72.80474490037993,2.8778486411793907,2,0
28,116.94414691322568,17.245857420977014,3,0
3,92.39891642356915,15.412518699571478,2,0
70,41.20448493829744,7.420114211967565,2,0
27,30.50975502136383,13.471143015913096,3,0
2,88.84012907093567,6.139553143621971,2,0
38,35.8452440180763,11.29682300542524,3,0
3,98.76768403357542,1.349038655171089,1,0
16,51.103666726033694,2.1188088810042625,0,0
40,52.68932630556065,6.9904192442267625,2,0
2,21.079839238951198,2.7631123259074903,2,0
41,90.10112670950407,9.080079474912612,1,0
12,31.32697530646858,10.503892688370424,4,0
35,97.28805774635181,1.7814428409638825,0,0
65,69.18678219172068,8.670778671495897,1,0
55,98.4279814954569,0.8377417266069234,4,0
45,78.39265391977412,2.033805073689166,2,0
62,28.243327201899078,3.6486922602969556,2,0
49,96.56523367051831,1.2837845293195624,2,0
25,26.979948489474975,4.3287941125386435,0,0
23,67.87017205693323,4.321992144412482,1,0
24,37.23492141449633,1.1590480597239858,1,0
38,95.2335177977885,7.939393577517499,3,0
28,111.15912278061266,4.993533728841925,2,0
21,75.41261633582742,1.9118725988435579,1,0
54,72.71472942991805,1.3210308913053388,4,0
18,96.3963196325618,10.549509470959752,3,0
36,20.50788129757272,9.031592047439018,1,0
45,111.77586426351607,1.305270002752363,4,0
53,39.74488170911317,0.18127276069347778,4,0
30,118.41188838262373,8.161808218007941,1,0
60,93.62539479604622,4.779168703241014,2,0
32,97.42511477006711,0.5317051368643804,2,0
67,85.62029803736066,4.425876948868355,3,0
67,67.16631827851603,3.009067075308746,1,0
28,77.16276933611655,7.448291633248304,2,0
44,24.640288601512566,1.1728228816673179,2,0
41,82.39595094320143,3.01796535142113,3,0
63,82.60981019870468,0.8494603055914779,1,0
23,109.12007974018094,15.794460313656664,0,0
48,70.56563574302194,7.542042342524073,1,0
32,27.714437408606102,6.67273195409204,1,0
57,50.61959204820812,5.859249325889331,1,0
33,85.56294121143175,2.75248135866578,2,0
24,43.92588627514639,12.83812168084978,1,0
39,48.052782185540096,0.3785609707570601,1,0
34,102.04690163608535,8.129337501957941,7,0
56,78.4319731762709,1.2118403958844042,0,0
28,70.85274317735725,1.958017791411171,1,0
37,51.845196680580436,3.6639090780954082,5,0
7,93.09280359330333,7.631346885246364,4,1
68,48.77184344900293,9.117331530726023,3,0
37,93.70635176441752,4.3821329816934025,1,0
56,27.0101480267442,2.5794880640410995,1,0
65,106.45413415820836,14.640594429887601,3,0
65,69.95664633759327,1.4152726193776124,4,0
47,63.850801669897,8.12515873066052,0,0
20,81.10234115419246,4.7343891893391055,1,0
19,82.41920728962705,2.3652013108425143,2,0
29,33.203517688999554,0.006844604541813995,2,0
60,95.62335898162132,2.9583647457962488,2,0
18,47.592829795006296,1.6197942657751627,1,0
35,110.4961880169914,0.5510089304027265,1,0
43,101.78506634148324,0.39066489075629385,1,0
11,54.62660415347485,2.1351676714836194,3,0
49,100.77392932007145,4.769409920230184,6,0
38,55.63904992999042,9.085980740302134,4,0
64,30.094768163604062,1.014029140861062,3,0
69,116.1888238725708,2.763831247328748,1,0
8,85.260201521544,2.4875413084684657,6,1
34,65.60995266625918,3.60150268588237,2,0
48,59.77733515310396,8.292806519338615,2,0
56,52.470533425826396,4.03320583923427,0,0
65,118.14475954291294,9.375322150163273,4,0
31,33.474726513090744,3.6547827138058415,3,0
4,51.48050589205683,4.629778502648493,1,0
50,68.54976402826635,2.875782987708271,5,0
69,67.79995450543115,8.660728469659832,2,0
30,67.13664844078434,12.873754594746526,1,0
59,37.57838158303818,5.096391688375244,1,0
67,34.49325271095006,8.595774216768778,0,0
45,45.47675863286201,0.3040784122069887,3,0
4,111.4526153802056,11.828250245631773,3,0
26,31.305296783451013,1.0469741656448028,2,0
27,95.74251033733248,1.4820699400325608,3,0
46,95.75483931333713,0.2740239371178117,1,0
64,100.97704038972623,16.81952488838662,1,0
51,108.66154889893555,9.553081576295158,0,0
50,46.30361775389303,12.219856504109444,2,0
6,42.45594692688964,9.39365608897863,3,0
59,66.55056665274797,3.2651204572102825,2,0
15,46.50891687520361,12.890503001919164,2,0
30,93.43099889831075,17.445689293288595,0,0
42,83.59395767414335,3.491471790794179,1,0
37,107.49876880526514,0.9656474512684364,1,0
42,28.273830348707158,5.373832010729812,1,0
35,111.50833333580748,18.53283273379036,0,0
6,49.334862667008956,10.284365082057207,1,0
68,69.0694345926984,9.895815933005391,2,0
18,63.86114359396437,13.576735051451838,2,0
29,96.03116511044239,11.21932957055691,3,0
59,62.033330943184254,7.486837235034715,2,0
47,114.35531456494094,6.334080831500284,7,0
17,110.25338826385754,1.5378402975757768,1,0
22,107.21611519695065,4.8555831537407315,2,0
68,27.125833264822788,3.6853764464139798,1,0
69,105.42580615539394,9.9004827119913,2,0
37,98.16354454432106,3.383540955959265,3,0
49,30.351294700613103,0.6833545131931029,2,0
13,30.74143254362219,0.024924446317586023,3,0
34,30.11638115175412,5.664048876189266,2,0
53,21.133259320448754,3.991520663881758,3,0
51,74.86343051945835,2.009578855008524,3,0
3,117.33942914360433,0.9254598544755553,4,1
42,63.868470289979356,3.143499465456776,2,0
32,74.07575018873564,0.5283943454061999,3,0
51,116.79697967699555,2.0481826511805754,1,0
46,45.51822287742307,2.3838274457799593,1,0
21,105.8470252598263,3.133228201135418,3,0
44,74.63904672117361,3.1426128594417504,2,0
11,76.94765146630107,1.4853341490857517,2,0
68,54.31738572072835,9.492637595053475,2,0
1,76.15843609669082,2.196739813854137,1,0
63,27.31425094782839,1.3041447261687282,2,0
24,96.46435726141122,0.9667702583454191,0,0
13,48.46877615442717,1.9473072218370224,2,0
11,108.76083294939549,0.34971420020079724,1,0
51,56.785069460745845,0.1673057759824388,3,0
17,34.28241104868826,4.646147853998254,4,0
24,89.58815743684849,4.8267108114988355,3,0
19,36.45781447135029,3.7707340164339938,5,0
37,95.36805155429904,7.18341811569145,0,0
8,116.81122364061166,0.19968768028801676,1,0
28,97.95528687952617,13.742260498240347,4,0
5,22.244924843132466,0.4994614863573982,1,0
17,79.98857880527747,5.604642175264047,4,0
36,89.54106709697243,0.7158691677188342,1,0
19,102.54583257962852,10.597378953923007,4,0
64,25.600230893900015,3.5740331803149,2,0
11,68.01078279522864,0.4293885047686627,2,0
54,73.53708726383942,4.7950010837027435,0,0
45,36.91248626441781,0.04575846585090592,2,0
47,52.24498097106496,7.481041214614742,3,0
12,64.02217262561652,5.2574745662372955,3,0
21,103.32096879578015,1.195251663605028,2,0
11,112.94075660702069,2.348025872605569,2,0
5,82.8422828917673,0.03918663127174298,2,0
56,59.494518602146215,5.91568713046405,1,0
20,45.40310177989859,1.947969652372434,3,0
41,118.21351844361504,4.238360330428842,0,0
46,118.30199980763584,15.701204528450548,4,0
12,112.49769482350348,1.779566976720905,2,0
70,98.56691498778193,23.146230538607433,0,0
17,52.57795437456183,5.0082680601931315,1,0
19,101.70004834976307,1.3859443708659382,2,0
26,60.87930172711726,2.8704060235281297,3,0
48,52.677309815504515,6.744089733850236,2,0
52,94.48653584662796,2.957268068891385,2,0
70,27.96539276204229,0.3548360639847584,2,0
55,24.856272329566167,0.9232432802467015,2,0
33,64.79536971811856,7.834233318652063,2,0
62,64.56388008221619,5.225922698234583,2,0
23,109.5644153063835,4.21782142983335,1,0
15,32.61530962878168,0.9173428963964192,1,0
27,32.32839274524128,9.093314062942577,1,0
64,34.74526004749012,16.18775940716466,0,0
51,22.97362612946026,0.20873240806451177,2,0
53,27.17317378149084,0.4062231144634123,1,0
51,85.9869866829039,10.802151960991397,2,0
47,63.15843291175092,8.451945376510784,1,0
4,96.36030670880136,4.810815513314876,2,0
7,119.25977185816602,14.49894864922735,2,0
35,85.90346810990013,5.198377140898306,1,0
48,25.045557062012374,1.2166373892541151,1,0
45,30.45628647543415,6.521587448204342,0,0
19,108.10040848147078,5.1882023261923,4,0
63,72.74959445582616,21.253133262969648,4,0
38,102.483715939574,1.2033292221381469,2,0
67,105.6612336224926,4.55508501682394,2,0
59,112.76745414995192,7.574447436754472,2,0
69,114.98292054863657,2.0698792800280756,3,0
13,75.48257965033062,2.387595664922121,1,0
47,54.10201722560339,10.941901740211204,3,0
61,116.18648743479986,2.589208222978387,3,0
31,74.74064060012253,4.900585558497632,0,0
22,26.425272295461106,11.001863827127671,4,0
43,84.2776550059865,1.1775142126786993,1,0
67,78.76847503950108,20.05294890792055,3,0
54,109.5792872894706,6.05252939178948,2,0
10,85.31871891578125,3.4271024834798225,3,0
42,54.905242446155135,2.818676244448774,1,0
64,116.62257257058204,15.435359443134182,0,0
21,100.16194859820335,1.151626564753104,2,0
66,83.04176183813544,1.8675308225048106,0,0
41,49.292520340312294,1.8393494099954375,0,0
24,57.354029631429555,1.705458794155266,2,0
35,86.99699240966567,3.1606183230035736,2,0
56,27.198081846332173,22.63144072791059,3,0
30,45.66805916502635,10.981529499477741,2,0
57,91.3900933396598,1.9871094706711885,2,0
47,68.0018509844621,2.748439675425608,3,0
35,60.23935648144301,5.53545182684425,1,0
19,35.14576224004145,0.0865023730165449,2,0
8,64.18490344777325,8.578262260156444,2,0
26,97.06919707602339,10.592910474405912,3,0
71,46.4012846071893,9.731562851438076,2,0
30,20.53985421836774,2.3504532602448385,3,0
7,86.85049011509828,3.099479015704307,3,0
67,117.26266044325526,0.0623284842910856,2,0
65,80.68265635885828,2.5490918897383503,0,0
36,31.992185892713014,3.0848843187695985,3,0
25,52.07330923446731,11.874397027034798,3,0
37,106.76416147202234,11.220999531608477,3,0
1,43.25680742568286,16.921268316346602,2,0
15,80.7695903497608,10.818682407045575,2,0
37,60.267120825399786,0.041172601102039956,2,0
13,40.7843721419649,5.128587131943798,3,0
8,101.34068935646796,0.3533876080478373,2,0
5,94.28312764656903,1.5913544580358838,1,0
60,86.15910659592654,4.3173960528459805,3,0
1,43.63365902687512,6.030104808637584,2,0
36,29.785700271645005,5.3157241940537645,2,0
35,77.61593298259662,0.2515129654637533,2,0
66,75.36778335394334,0.5468642692678124,3,0
63,38.838500933487296,0.6881951610765658,0,0
23,25.624669431517248,0.4793307438654718,0,0
9,28.070845419398598,0.9815005552918903,1,0
34,119.27709865127338,5.831583741506726,1,0
46,98.35838947428837,8.884470082819929,1,0
4,112.19874759651726,2.6281220216780095,7,1
30,39.50547222363633,5.900980395460119,1,0
3,116.0568536323435,1.1158193905154032,1,0
14,34.26543514731621,18.111743026163957,2,0
60,70.9081828566471,2.1538955255571826,2,0
45,102.9695684417064,9.349694021952,0,0
34,54.98033545115794,14.53552849951253,5,0
45,62.48285331769005,10.001819742524082,1,0
61,32.818511029909786,0.3471129522661612,1,0
16,32.29218799989727,5.25350051057349,5,0
66,81.95682247786596,0.6396822623601737,2,0
40,87.55323686200568,0.02839548054116171,2,0
17,97.73325140821933,0.26586184077563857,1,0
34,75.66820526817536,12.393581037697425,2,0
16,84.5759292261306,11.955088174641432,1,0
60,21.351727169972005,1.279782709670578,4,0
66,36.21707271371881,3.9599914731802626,2,0
66,118.49147660169047,15.508605184359862,0,0
13,27.599350631583178,3.432905221430165,2,0
56,87.8788222260245,2.5008943452304324,2,0
31,37.608263303171626,3.300967765877541,2,0
34,91.6718585767642,7.808378562002213,2,0
39,90.59904029619935,3.2435240100488265,0,0
67,43.41990597880902,7.645691910612441,2,0
8,46.96343992192042,2.825506679760549,2,0
55,85.47707136020883,1.4517994143490078,1,0
27,59.00860387802136,1.976133968521947,0,0
53,39.45479696999113,0.40509301864411573,1,0
39,93.16795987874818,3.439615692393087,0,0
65,35.41475243363342,0.80149477080226,3,0
17,105.56436641449466,8.344533368340477,3,0
30,71.46695240518275,2.7287296274816257,3,0
53,30.57006038793007,7.240898271066794,1,0
13,89.40723335309843,15.445868032953666,0,0
21,71.91630395745405,9.468228459959752,3,0
19,49.80575717948095,15.127214450413133,2,0
53,62.25393802238548,4.195913864954956,0,0
19,49.83377435874988,0.9035608666160526,4,0
57,46.3025835742784,13.697391207096965,3,0
25,36.360842084371214,10.143909082451641,1,0
31,56.276713313747585,9.990708561968754,1,0
55,45.09872063160707,5.909009157581229,2,0
23,88.34344870539171,4.903029885512629,1,0
32,88.38767411633063,0.07416682129606969,1,0
62,70.18402425556384,6.892703871827267,2,0
10,97.79445274703211,0.4799952312471403,2,0
54,104.13397190060482,1.5038428828874757,4,0
52,77.97664574342731,4.009124798523789,0,0
20,81.89351627634338,3.0049606362832684,3,0
32,48.28859097863652,0.0795006476133503,2,0
14,109.48692007055197,8.685931961933251,1,0
50,22.420604442252984,10.551605551887802,1,0
28,54.86024694428457,5.726522136240013,5,0
53,92.1800421549856,3.8942646003098758,2,0
24,28.008950967116125,16.187470228935673,4,0
22,38.31695274282926,0.6389180441277932,2,0
30,78.92857278628512,6.695337637575478,4,0
63,75.9993671463558,0.6868974375271049,2,0
4,93.8928296130955,2.4050785931264413,0,0
59,101.26126390881718,4.403224663896852,1,0
8,32.857957851166915,6.679673631867125,0,0
12,21.838098977524204,0.018615110630616653,1,0
31,88.96385196589061,1.5095668695578677,1,0
34,50.139179576635925,3.863121148182099,2,0
49,82.59839139179536,3.805777817946929,1,0
57,35.05445880622247,5.075398257930358,1,0
26,66.90400466659628,1.8109763422854885,1,0
18,70.4424746063437,3.8883999886524956,2,0
38,78.50778163732161,1.0522891411076762,3,0
50,71.31700163305644,1.0343350196497152,1,0
8,69.5690770228714,4.296764057666889,0,0
41,53.27341539838555,5.783420183368017,3,0
6,27.118023631808622,0.6414399121107048,3,0
69,28.95201967968423,0.6550437538378597,5,0
44,63.377827440715365,4.16552666270993,2,0
64,55.5793127820993,1.5742096047737695,2,0
29,71.61348046744978,2.491185153562123,4,0
28,50.4838169256267,2.560369075894233,1,0
11,88.79100914553243,0.9834384420682005,2,0
65,106.39548220095105,0.0065774915962282755,2,0
19,49.886318878686765,9.59177973352314,1,0
9,39.29840079390286,6.276365035751455,0,0
27,31.618057425408914,5.864608882875278,3,0
34,81.62540405708125,3.953856696996108,5,0
44,64.38559911405693,6.036051105179498,2,0
68,38.801571719628896,13.720074552681847,2,0
15,85.31367332918553,5.478189625819962,2,0
51,34.84831830052844,1.540045719330358,3,0
13,75.43007058479526,4.226366825617309,4,0
49,72.71483816252646,2.919889268502777,0,0
70,93.42278011860833,4.064375756897237,1,0
56,25.510963994066675,3.6450167657584105,0,0
51,108.78729318513304,9.787014677234405,3,0
37,90.29917261468195,5.274892742747457,0,0
17,41.61259983487622,1.0459473073825356,2,0
58,38.34053486097397,0.3254495196075947,6,0
29,63.16602141437834,2.761396976935799,2,0
33,101.75653295445969,0.07866875557201566,2,0
60,104.29499931391071,1.9158088292247402,0,0
55,72.0456092139383,2.294499280219904,1,0
10,106.08108626867374,2.3547313590477343,0,0
47,20.544370919169058,19.40020568744135,3,0
23,23.51746315315966,1.811316053226065,1,0
21,111.18215936367427,1.5409717260083426,3,0
13,97.53319298859161,0.6927537344815049,2,0
33,65.07060582503857,3.5770542927555398,0,0
24,95.36101314779872,0.834255063135289,3,0
11,115.56394617234216,4.789402510642668,2,0
17,97.20895238812851,0.8430387850263198,4,0
68,104.2371333818322,4.2980554978162,1,0
47,96.06065813900618,8.75124264865374,0,0
25,36.82110924335416,0.2172764258558459,3,0
21,103.35741096457367,2.7214551021503737,1,0
12,39.510882002421,3.090652802362581,1,0
37,109.2611328044147,7.828831353564368,1,0
42,65.8649898081076,3.154766078227436,1,0
17,87.69767523110285,4.1912784964261105,2,0
48,69.72408478806435,7.83199397385768,2,0
28,29.399092941660204,4.102159114715206,1,0
41,49.07223076206651,2.218167301390534,1,0
47,118.3731853997006,0.44876079818437137,1,0
18,116.07147516698174,6.545104427548733,2,0
71,52.04868976555473,10.245071899834556,2,0
13,119.62968042452258,17.543557242765925,2,0
13,104.55511954968996,13.05914859498716,3,0
31,81.09594994322546,7.983050430527338,7,0
2,24.01246202610095,5.156711553992052,2,0
16,110.14468295383796,7.603934410673552,4,0
9,75.74292792643197,2.8289062645227876,3,0
38,106.84761512027696,4.516579042032401,4,0
54,103.44291199057423,2.143923101919466,2,0
56,103.3006215201086,1.9778898490826453,2,0
45,89.8173860714905,7.067131083388621,5,0
34,49.141513867604864,3.025066007402141,1,0
9,53.616025774451984,1.19230929228614,3,0
8,50.84692125826864,1.1278459661685205,5,1
7,22.00459995325647,9.801092794267918,3,0
36,78.25689092148112,5.662301017987267,1,0
18,89.88336704460329,3.9487978462910505,3,0
3,105.38659935252035,2.5619570448100597,0,0
28,34.01654333827304,2.8177698313374853,3,0
70,74.41831489768018,0.29575301274467436,1,0
44,20.800814067378287,3.034023130533157,1,0
21,29.509364771072946,7.934834209235733,1,0
28,25.421174420599307,2.455004526831543,4,0
54,92.54780340154869,2.4191438078264755,2,0
54,28.105956387760315,0.07920699007164864,1,0
65,91.645298155879,3.060926900520979,2,0
21,44.962470441058336,0.12832089339778677,0,0
13,107.77129606969395,4.223915119639974,4,0
57,101.31499883638142,3.53403406585519,3,0
49,115.78302174752766,9.163172917170643,3,0
54,108.37620154580318,4.358745649502542,5,0
10,113.33294191163472,1.9535772701036405,3,0
53,105.87423965133077,3.630738891946916,1,0
44,89.33819006148553,6.014972344426107,3,0
47,37.025915212543595,0.4933800641094078,1,0
53,47.170751885409295,4.852072885500352,4,0
46,41.27269661302731,12.422110754561437,3,0
13,80.35857876582057,1.7771664015482935,0,0
37,70.36199379736013,4.925861282753913,5,0
24,106.70799971584236,8.611058368506484,3,0
2,115.26728664990756,3.585216126219837,3,0
14,60.485988961814435,6.328878181408095,7,0
10,70.63505532808124,1.8626450657264688,1,0
35,117.15163568041392,1.8268377406973721,2,0
25,47.62389416231436,5.506840739790292,2,0
3,99.23907753588136,6.110834487584361,4,1
17,42.52399023352463,13.823872624769793,2,0
12,88.14601154252719,1.2734199031589943,1,0
54,45.36156276385641,3.1576044425648786,2,0
24,108.37333888313869,1.4418346890185774,2,0
29,76.14779437366768,0.417408944133602,1,0
43,38.59336408743846,2.5811219206397746,1,0
25,42.4369175698486,2.342669527400755,2,0
60,69.38491957081003,1.5765280332100553,3,0
65,116.16020255748788,1.7619555998543734,1,0
28,96.96421638836544,2.2346537857671454,3,0
16,68.83096428258452,22.47603614021708,3,0
47,53.77191445622171,7.638316587500689,1,0
58,74.92684933484426,0.3703924841778079,3,0
27,94.83608334286197,10.294790887029535,1,0
53,98.39285884528,5.016101375588623,4,0
42,52.46087980969447,11.063436766719692,1,0
59,92.11592682138772,2.0905461999492756,1,0
47,85.77887800361862,3.122948090607198,2,0
34,115.91122919962939,11.32775004969127,1,0
37,113.10902905080148,1.5912090772777847,3,0
6,98.93793256035771,12.35507057220502,2,0
7,92.33946888549283,8.815851669592398,2,0
25,47.40415897042759,19.701582826275825,1,0
33,104.59652560985333,1.959716607188982,0,0
55,62.750570371336615,1.3443223958410448,2,0
58,47.22405425060447,2.0088614028265397,1,0
7,58.41607579534625,15.466703019182589,2,0
57,103.59354900165079,2.025375641198058,4,0
12,34.8633215577885,4.164481544594258,3,0
16,65.61587411198224,2.584883200919763,0,0
43,69.23575945294897,2.52272812552138,4,0
7,23.66296975988194,1.0745043901199447,0,0
51,39.574602954816534,3.8510001701674583,7,0
32,102.67424285758564,9.46578108724894,0,0
8,103.07673885947607,0.2537567513493524,2,0
45,49.2415083884248,11.001342742449985,4,0
59,107.48972345979263,5.475187904838217,2,0
4,97.17829390683478,4.795183304001707,3,0
67,61.79074837954094,4.916163801265881,4,0
29,94.84063444050378,1.756801430032116,5,0
29,116.13346311948062,2.6819523871150808,2,0
28,65.89697180653488,8.029471141136899,3,0
44,43.842717895348365,1.8291625691614246,4,0
4,114.18165000501558,3.17458202216112,4,1
9,80.37442885632564,0.09913772211007557,3,0
5,30.526516248042526,6.613000098549654,2,0
56,77.26828158566894,2.703866191084065,1,0
50,70.05808894482988,3.7259803119074553,2,0
15,105.55888940755634,0.6090832112891535,2,0
32,73.06951897635213,23.96607773516438,4,0
28,45.523243434428345,1.8010332008189773,0,0
22,87.56440638648886,5.039148007037434,6,0
17,74.25754525355802,4.3522429353588175,1,0
59,43.30446282668724,7.687730991521752,2,0
71,77.36278579429077,1.7395456355314578,1,0
57,102.15355778896861,7.051446658038936,0,0
26,22.857091772401045,2.410395066069333,1,0
25,83.08510386451117,2.6480120967314185,1,0
10,54.95851957843921,5.584581851971472,1,0
45,49.26714457594242,7.669003822875299,3,0
11,59.258775036111125,5.496061885234038,1,0
53,54.20226642479817,11.506905119438999,5,0
68,103.22391067084416,1.6784758996103963,4,0
28,47.479781076790054,11.543857552471948,4,0
65,93.31530231065854,0.7012755940077422,1,0
49,29.405982022858872,5.387146000147938,3,0
47,115.13963724844156,3.9662814493262264,3,0
52,82.23166372485518,3.412380996847399,4,0
54,90.67185770445602,1.8619316833674528,0,0
60,49.8039332094451,3.5032033871273764,1,0
57,61.209656870811465,0.8823337864617389,1,0
47,42.377838627097624,2.3047908687335767,0,0
31,113.25360858022239,0.5194797071514783,3,0
46,68.81044471013777,4.241368679501345,1,0
26,83.044811565799,0.5033459424722095,3,0
5,93.42720305307154,0.8738188085009546,6,1
52,57.1106091099539,0.44670754722715483,1,0
54,92.01016545391413,2.400759869324467,1,0
33,87.59924897563401,9.224486669001433,7,0
50,90.56593338739465,11.87021168744576,2,0
38,68.92299002046128,0.37302215546080353,1,0
27,58.29373822916171,5.033130967514338,1,0
15,42.208218820898985,5.766167539542462,3,0
61,102.46263528008929,3.815380404555142,3,0
21,80.83500465316787,5.497836644913004,0,0
46,64.4352196097495,1.330847124964564,0,0
69,114.39959067106113,3.3632358630295576,2,0
6,24.78388125070388,2.4786658584042174,2,0
38,105.01719452050476,0.46994899237566623,2,0
62,119.75825929459724,4.911570971257068,1,0
62,108.69421108828674,3.4181153231276227,3,0
46,101.04365856156252,1.6091184502399547,1,0
13,57.43059934063246,3.2092794047039503,2,0
3,43.13141822622935,7.464901404745116,3,0
6,93.4850520499601,8.08880634853788,0,0
8,50.45753662885684,5.242345611800348,2,0
44,37.60396821549707,3.153189522868232,2,0
33,98.65258871035913,4.287157622176384,0,0
50,51.254365223672224,2.4307900278107524,1,0
11,111.44417294873384,0.6765582702882705,1,0
28,104.06326448191253,2.4357131105102763,1,0
70,104.76403295092551,3.778654133299944,2,0
41,97.15697260558262,4.566900043840993,4,0
16,108.08814237747367,13.728836358723989,0,0
68,100.57468921781201,7.510399478741153,3,0
48,80.25113635747286,0.8243293567371499,1,0
56,49.58227185818632,0.9569055948136092,1,0
64,108.8209193214149,0.5295519965237336,0,0
59,104.06036227731919,6.700523156152354,1,0
62,67.2879322210545,6.122957556984822,1,0
11,23.90786860019552,21.474806917867184,1,0
18,83.85437274019134,3.690967693101878,1,0
19,25.059685367658172,8.755437380635051,1,0
55,112.62799618484073,4.295298823419786,2,0
26,116.1631256625307,10.360809018037534,4,0
6,38.94901458996043,6.383094548457532,6,1
4,87.638937805491,5.14847330993743,1,0
29,29.226900456276276,4.163456449617265,1,0
59,92.95169285731221,6.418156842513882,2,0
17,54.72876661526746,2.7206526524433015,1,0
43,88.10501117304453,0.5078196629636564,0,0
66,57.287650920217786,0.20403772727863767,1,0
34,34.556750983323575,3.260253941898928,2,0
8,60.61099805025579,4.572606269372503,0,0
13,31.267352663479002,0.4106566856355347,1,0
8,77.68832749769459,1.6906929634929593,2,0
65,24.095153214947977,1.9432774680437104,2,0
43,72.73196795998598,4.136771552454678,5,0
39,108.63686470955409,1.6319929255741457,0,0
59,103.78732701193627,0.5026863840782856,2,0
44,108.27816996264968,0.9007600055932934,3,0
9,112.20488021271073,0.9554865663702092,1,0
37,30.452788787569425,9.247841642237605,1,0
36,32.87472028757131,1.6726085096053098,4,0
28,75.70068063131286,6.270925239363756,1,0
42,109.39726684244292,4.194782440120528,3,0
43,117.43494565240307,18.86973712002989,2,0
42,24.626191733999995,1.5929245471615574,4,0
66,55.577408420066014,0.8620919007826467,3,0
55,41.289425465999344,0.26720345351791713,3,0
48,95.59658489312481,1.3785017856211668,6,0
22,84.0193868537032,5.761187073294913,2,0
27,31.98880314838454,0.44556733126999515,3,0
67,68.35220673649715,1.4032135030092407,0,0
13,88.54405223712914,9.665752391408798,1,0
45,97.90053939240377,4.372781161440801,3,0
10,22.00527097840085,0.3602817614229529,3,0
9,109.04695739838898,0.24428733948264236,0,0
54,76.92813829505243,0.3153533298920331,3,0
27,101.19091149599046,14.225801389117112,2,0
34,100.79380300142834,9.481316045483997,5,0
1,38.98526602709691,9.319717055876664,4,1
32,31.01721202536331,12.899390742830123,2,0
71,92.12872689738266,3.51856794728532,1,0
67,35.642691882161905,1.4207394328746223,1,0
20,104.99374914047237,2.5653741252736113,1,0
35,92.61894838621052,6.344585001070772,3,0
17,104.18253643652626,10.438694207169327,2,0
18,49.901267960934604,2.8554524649911075,0,0
45,51.6598060410569,3.8326873402844965,0,0
53,87.12215563463177,13.425306898841423,2,0
68,23.144595505894753,0.5686361914062505,1,0
65,92.64967463374226,9.913360934006349,3,0
1,103.57830708546012,0.867646504532919,3,0
58,61.516358660410404,3.3068992430352457,0,0
26,96.48788300884686,1.2322088506157698,5,0
20,37.4610916982262,4.618435471882628,2,0
10,52.22603938194847,4.08871786676286,1,0
59,117.43049631104775,2.3902383941060292,2,0
41,118.63281735601262,9.949961238452541,1,0
5,71.2605053021588,5.3913037703640745,3,0
65,113.4269791463877,6.3863949124058195,3,0
17,72.27306780568546,0.8164769673258614,0,0
22,49.15881281611573,10.734991994029263,4,0
41,46.68992880987719,0.913849268039897,1,0
68,112.95057053681488,1.260191077822723,1,0
69,37.24463889738591,0.6851454464679587,0,0
11,77.96324582018181,2.902300719334241,5,1
56,75.55250680627196,10.93331813390838,2,0
51,93.9621684652995,1.4547538415098344,0,0
21,69.92429075247748,2.3400554417559833,3,0
26,47.22856607081342,9.35617034397904,3,0
19,36.939649963157855,4.80925613206412,3,0
60,82.08188035058919,6.963904640331984,2,0
71,91.89907568532331,1.2039927472437646,2,0
47,76.95212786820326,6.302537005064449,1,0
71,93.83512771211947,1.2913321216457154,3,0
26,34.15212024499601,21.836274267451202,1,0
40,108.24701949431355,4.103609247303195,3,0
5,78.23955084085031,5.947708149580163,0,0
21,32.68439268925972,0.6300931873941029,3,0
4,66.1925204205735,1.4427854761399925,0,0
23,104.47917378659115,0.7526068827407679,2,0
15,109.75621934531601,2.472881110421957,3,0
8,46.46495049987615,1.6713244225198176,1,0
41,91.12658247104531,6.6010775026455875,0,0
19,29.99852474837767,0.575421413250581,3,0
46,23.35458714121578,6.972829751940148,3,0
28,76.03989538199428,0.23391123627511967,2,0
68,89.48275793281259,1.1283451715823813,3,0
15,99.5786731176502,7.850244527902561,2,0
37,54.02162384553347,6.789052353944013,1,0
1,20.6525410428887,3.2344307160561385,3,0
67,67.95192371113538,0.2563754994893132,4,0
24,21.585354537356697,4.706680598549882,0,0
27,29.198451067079993,2.610478667503484,0,0
40,52.668902253174835,1.902849045163625,2,0
63,63.71720495601772,5.113962782143798,4,0
61,47.94694412296486,2.8689563543866177,1,0
36,78.18652665047078,0.48487387486473715,4,0
24,25.53497892180952,12.38174508574234,2,0
24,34.45797102395847,7.536507681364317,2,0
4,89.52584007554336,0.2901490973796508,2,0
67,34.214085359791774,3.722874737739449,3,0
34,83.97752015704225,0.4352981429429334,1,0
57,25.468462075336554,9.07892468809149,2,0
49,60.73822791191404,4.746833308363854,9,0
53,37.740947012118234,0.9464235180889403,1,0
23,30.963628253518642,0.10479732919128613,1,0
69,76.70327835012276,0.16045223330745206,1,0
53,112.83357720056217,3.539938512508347,2,0
62,25.478704792354883,6.628320059926792,1,0
41,62.15542482180342,0.6439444310136472,2,0
57,90.75354377454437,1.2505447709518087,4,0
60,66.2687831687827,1.98198136172542,1,0
54,100.64959461052452,1.2299936501821567,1,0
70,37.96453158641317,2.482449060645276,2,0
57,115.95942050277405,4.1005297387508035,2,0
10,58.51626277725405,5.774909305400165,3,0
40,54.15696329442751,16.590054103316113,2,0
7,107.46057945031659,13.356928401748778,1,0
38,76.38670318917666,4.221327021005477,2,0
61,71.64443419028215,6.6241162569675,2,0
3,92.69779195284309,15.066651535562325,1,0
51,77.98342382810904,0.43581300325169137,4,0
47,36.25156447571153,0.02825347504729265,3,0
68,87.41976228649297,0.15126399821756595,3,0
38,33.34688792821285,4.143109299265696,2,0
36,100.5857705334062,7.194962689517061,0,0
41,118.97365977122709,2.28701634724414,2,0
69,57.73876249747763,3.939918284900987,4,0
13,64.47558982020126,3.632137576656154,1,0
58,24.64336554828123,0.49783604429775147,2,0
50,21.373318808257828,1.9400044772801606,0,0
30,112.14193348763277,0.09813250546629022,2,0
62,32.86240604391921,0.586635197728696,4,0
25,64.57787475594704,8.352797334546569,2,0
27,101.53546238555614,8.84256381699306,2,0
51,108.93187599283195,8.09608587074015,1,0
57,71.93976852834676,6.488096927514978,2,0
47,76.50325249759499,7.882744821005696,3,0
39,86.96839724632724,5.558219278521643,4,0
16,116.13824701437153,5.54078859059135,6,0
22,80.26699609445052,5.503499293010929,1,0
54,75.94752594563462,3.6081735178157768,0,0
21,21.453413526599068,2.2576543975760113,0,0
16,28.094970202235608,6.550283948152931,1,0
59,77.71716266239963,1.7737127295918058,0,0
31,113.62403878072033,3.9142887834988143,3,0
42,106.6691348399395,2.840116840878186,2,0
32,118.25789229922046,1.6191187746273021,1,0
59,72.7834037561274,18.38276280750448,1,0
34,98.79309384377669,1.4970977408460868,1,0
9,104.04003314893404,1.8501983027512234,0,0
11,84.80316573308617,0.8812252913612941,1,0
10,53.874990421450725,8.657480454487986,3,0
17,66.99784346577944,4.416569961894047,3,0
68,105.79170722435677,4.747160145053348,1,0
48,49.85479259821639,8.589611283035376,4,0
52,112.37431312666486,2.099744913916543,3,0
25,42.98063414226651,1.0760841632419302,0,0
21,94.95164151567806,1.1057612014154363,2,0
65,83.05592343457383,6.595418718485173,3,0
63,94.95994411207623,4.7610814082438235,4,0
51,63.73475724325948,1.155493540307434,2,0
36,113.26410625539846,0.7836514896503012,3,0
66,83.24722024114774,0.6430735263238558,0,0
15,48.82958045542563,4.941601507635306,2,0
39,83.84550706521438,0.0005932597485709934,1,0
70,48.68157472070312,0.09244609824677544,3,0
1,49.36323917598742,2.4678201273091576,1,0
23,59.95985116208679,5.877734452042641,4,0
39,105.2430417569119,5.937863069897233,1,0
57,70.0297874393992,2.811632186207449,3,0
34,87.89008422302074,5.873261197684786,5,0
41,59.1967740274463,3.6812774708778697,1,0
13,46.36054398068815,18.84641810828276,1,0
70,115.46401607162313,0.8864325527240775,0,0
6,80.35812471230626,4.58980147040921,0,0
52,113.39513385827183,3.378882402279628,0,0
3,40.3413002198315,1.0812514765540773,2,0
63,34.68941639129328,6.931280452095185,1,0
49,105.58229071239036,1.611422934460239,1,0
47,88.09172126172514,2.4039869166773467,1,0
55,38.65784992536413,2.348662886618375,1,0
64,46.935970066353775,1.399922032826373,6,0
65,100.06639415253112,2.816785542135622,2,0
67,65.3868619995936,3.20605633229577,3,0
15,87.05405065060908,6.817220595150232,3,0
32,51.83520221360109,7.242308066406624,3,0
68,58.12299527748767,0.8631788885684695,4,0
18,119.07125586231051,4.491913944339248,1,0
43,44.761708717471855,11.32634048647071,4,0
35,70.6456377036514,0.57585691992287,2,0
58,104.44023431905322,3.201958201949497,2,0
33,43.9223213665858,6.938539246285527,3,0
14,61.521375668433066,4.727199020505205,0,0
34,81.50912873699883,0.5300572851300025,0,0
61,68.11881514751025,2.5259255185121248,4,0
4,65.95022665703175,3.5386601028873037,2,0
59,56.25097313221236,27.417938392779885,6,0
29,78.6646327774925,0.9837735329140064,1,0
6,82.43726979236104,20.206038481917993,0,0
49,85.32895409013626,2.359224891279386,3,0
40,27.03681079060293,1.1177211958557254,2,0
65,83.10341757120489,2.6731082685094916,5,0
69,115.32371787812328,4.759526387814686,7,0
27,74.09862355280836,1.200796214811353,2,0
6,91.52670825092443,1.7225962186697183,1,0
13,75.67323077592178,9.639494215043342,3,0
64,105.47406185919787,34.58630996901982,3,0
62,112.95830945975689,1.9148943327169345,4,0
19,38.42198992963593,0.8058744829265638,2,0
43,63.68600365571266,7.879310218792856,1,0
20,59.23821009327213,4.58715299732156,4,0
68,60.521512329927866,0.5290316493999985,4,0
44,32.552418122787586,14.665804815162085,2,0
23,101.36157259807193,0.4063188765324546,2,0
2,23.576624301493524,4.908900546443419,5,1
22,72.8226607727157,2.7576934673922904,4,0
57,86.18783880446912,4.066684630301699,3,0
7,40.74694380588772,1.1989961745133828,1,0
56,110.58501920987956,5.825529987711077,5,0
67,103.8549207024793,16.059462467592752,2,0
16,67.10837294839253,3.0663766593629385,0,0
51,61.11489323401387,3.7007566175425453,2,0
12,43.656792521110006,1.370945372582624,3,0
53,92.99932246449636,11.122012128359788,4,0
5,33.174379963196415,17.732457880457048,3,0
27,88.02377538437831,7.715837703284141,1,0
12,104.24569861184136,3.9128819598003983,0,0
17,42.84715759170237,15.709206398444504,1,0
6,106.64274028987562,0.8352934778119812,2,0
5,23.332319943950846,3.255142390638619,1,0
57,111.27873853865253,3.856686516182436,1,0
28,31.836222785129802,3.385546584452037,2,0
69,84.57591779380326,8.10801522200992,2,0
59,45.00824689139418,5.549421261364004,3,0
33,103.65523911696138,0.677142903846311,3,0
62,71.23003609154665,2.126691190622424,6,0
50,33.524119124650134,2.07058853343183,1,0
19,77.09915713259784,4.169318108739653,0,0
69,60.78826101969831,1.7227326545011665,0,0
66,86.14478166131012,0.6236895277067518,2,0
47,108.19032847634595,5.301998864853551,3,0
39,60.938913118341844,9.520284567011869,4,0
68,48.988067953385965,13.412504080615399,3,0
33,21.45150945276088,17.98212449490552,3,0
13,77.48390378598748,7.596086179422298,3,0
54,60.227476743143356,0.7523846798471081,3,0
7,57.464921901482874,9.590418453913731,1,0
14,38.29353212842125,2.553795408087126,4,0
19,63.00553451912743,6.545024532408451,1,0
54,118.44419535833683,3.788620565091691,0,0
20,49.77541536722443,8.818955295204725,6,0
29,79.97044134081003,2.77132580288171,1,0
24,97.64868813156667,0.3189276807897593,4,0
63,94.91578231765317,4.068938221318771,3,0
57,52.877428749259074,0.9394283671084938,5,0
8,81.08600835168504,16.836535841427548,3,0
62,107.12646852701572,3.7429090430156906,6,0
29,21.544742773307796,4.032237822314502,4,0
17,63.57343568433076,11.890085011242515,3,0
66,42.42734182419053,4.898619256316092,1,0
6,58.8632290398839,1.8029083777881487,1,0
58,61.598960797524164,1.755556654405639,4,0
69,94.6670964786637,3.4815473758002162,2,0
28,29.382187239544315,10.072324167644549,2,0
62,71.25839031325106,7.91712940783823,3,0
41,76.41947917987453,16.449253213897713,2,0
69,69.41576035518044,0.3730042064037321,1,0
41,93.18732530627202,1.5621015683385924,2,0
49,58.37912559068474,0.4180370189576794,3,0
49,114.49670636400761,6.953102404531534,3,0
71,68.18034425389413,0.7589638295063705,2,0
3,77.12139096147976,0.5261710514934574,1,0
10,102.55308233467494,4.123941314445591,2,0
35,47.523610593112245,2.6507618745587913,3,0
2,27.520202876280244,6.278108682751368,3,0
24,90.77839783624825,3.3375471878792413,3,0
38,68.30118555483787,2.769836567705894,4,0
22,109.65042509589948,2.771279814011857,2,0
26,118.26800487224341,10.273798514961108,3,0
43,59.91093505747292,2.514499334625321,0,0
55,61.543901625966086,2.0278040217067654,2,0
39,60.79626022057264,2.0664916166123373,2,0
29,52.45541097309261,1.0945177443044765,3,0
20,98.16870977663974,9.855226812236726,1,0
41,95.89957624907277,0.7928150870981698,1,0
54,67.86448705505248,11.96313644409816,1,0
20,24.466121637889877,1.6666599152900203,4,0
19,50.95593015130734,11.484348394364472,2,0
66,49.23030465548375,7.8228164680508065,2,0
30,101.10872462002584,4.361219963586317,3,0
53,28.75755734161747,5.535289320535709,0,0
34,100.56753790427041,1.9714693778457684,3,0
22,86.9183652199143,4.269263650570177,2,0
67,93.24414591304492,1.7294020804627679,1,0
6,63.22131875850235,2.573104198231759,3,0
27,87.97257960017582,7.233674298061777,2,0
10,80.90289447069159,1.3981235273578325,2,0
48,96.89801952286295,9.126974738548773,1,0
70,64.6769834468252,2.35708596860702,1,0
59,67.28256248963024,3.7982510662359776,1,0
59,84.35762227398202,14.23315625732224,2,0
2,30.80774936663883,5.716829229984358,1,0
29,63.62444483643173,5.186703327053072,4,0
68,117.19508452598056,6.217168343386544,3,0
65,23.75523200600456,12.511973720563013,0,0
26,51.60047228663938,1.428511562162821,3,0
10,51.410981908937075,4.749770255328341,1,0
53,83.34641192357726,2.557411316396448,2,0
59,30.58003594241399,0.059630637985127175,1,0
22,82.85440308788611,0.6693766668617153,4,0
51,29.504024065161943,1.9651529058239239,0,0
48,29.4953647418331,4.162045908224927,2,0
21,92.81833571884823,10.66314743086777,1,0
22,52.41351738327963,7.829835981215845,1,0
30,117.74229477137479,4.0297171693051705,1,0
25,23.735293643555494,0.38370558330676796,0,0
28,64.5106663717994,1.6837053965457007,3,0
65,31.313593767402363,2.284123454191934,1,0
45,55.137896675810865,4.860565879118548,2,0
68,119.82224506090506,0.33563533188523315,2,0
7,108.88425117385317,3.7771724359225107,2,0
49,24.83244088553969,11.586695812039503,1,0
9,76.32558438256834,6.111238822355888,1,0
36,84.78223048244357,7.97463864493796,3,0
1,40.953462395012565,5.723422211540523,2,0
10,34.510557339645025,1.1570702399853265,4,1
36,110.43811346655234,0.5853879106076144,3,0
46,116.88164414833767,8.844826399856188,0,0
32,119.18928573196418,5.94549380066899,1,0
32,98.97617737346346,4.279054824112364,3,0
6,86.35020694052571,1.0491803555870507,2,0
48,54.573025219299794,4.623441531449913,1,0
38,37.139831232475245,0.15911400967336625,5,0
17,27.89805993662317,0.6325753769139295,1,0
27,89.3297468551492,1.8690339390605428,4,0
54,98.47234151793583,2.9325818570336972,3,0
50,102.645365245498,0.6423752493320684,3,0
35,111.37650033037986,0.6388270046538659,2,0
25,107.99295636383737,6.471195739128453,4,0
28,119.97412722580926,4.216588700813598,5,0
15,44.406401096725126,3.81508054383774,0,0
4,96.33076152122106,3.0113659041364755,1,0
27,78.64595123747976,18.76295427389017,1,0
26,46.12451324535824,0.2554154397511842,3,0
19,118.19053222869428,0.9960804017379027,1,0
17,109.78981047742522,5.21363331891994,3,0
43,32.85156684441164,0.7330290511644169,1,0
41,22.615834232341985,4.450446753764819,3,0
42,88.83307623326769,4.193885623185007,3,0
50,80.41306288565352,17.70319105583609,2,0
40,113.58156241111459,10.74445060131415,1,0
39,43.40052871603699,14.55266920679701,0,0
23,28.438794789498704,0.6029481806785905,1,0
52,45.92153337719864,10.130392569004837,1,0
47,21.892764051146344,0.6910869839380027,5,0
63,23.58927511889324,5.011043241966258,2,0
69,111.48578059207595,6.366224300298811,1,0
43,55.201658250187826,0.876849864591911,2,0
48,61.080900100968066,5.007328651963129,4,0
34,21.837165453810442,0.2694332337985835,4,0
40,47.05217801718466,1.7355052141355012,0,0
61,100.4725983741431,12.70157847032862,0,0
50,81.54909596667193,0.9420874740458197,2,0
67,95.37806010864153,0.33748776686088955,2,0
62,64.7213740793785,2.9320418728030755,2,0
58,50.972922175133,9.50624945701845,0,0
33,68.28100933283703,0.3988557917268678,2,0
16,52.307106840575116,2.196676652298654,2,0
48,103.8971096674068,11.501679848811243,2,0
10,49.76737155928457,0.6286979950496242,1,0
38,85.97636404530837,1.8601650008813975,1,0
19,33.69822223095278,7.534871703900794,3,0
36,88.686649373491,3.917668366675194,1,0
59,111.32997116000338,8.928881241242413,3,0
63,80.85831546399083,0.5916400065154435,2,0
46,75.98553800344772,12.663399452919148,3,0
3,116.11182680216402,13.660059607653395,1,0
65,82.73965553158465,0.8439457914876187,1,0
8,45.95504332730826,0.17231267122672825,2,0
51,49.23910238477404,22.947164326660783,1,0
6,90.53066425359272,3.2913292706917825,1,0
39,93.54365938921863,4.244041382871615,3,0
60,50.349623178901524,4.784323338767707,2,0
28,54.53439779263302,7.79535122256985,2,0
54,119.1056508739087,8.356246618815687,1,0
37,30.195254958027746,1.0778938349096236,5,0
9,60.46450284400993,1.3501063373010354,1,0
56,26.244753119750747,10.47107177961502,1,0
59,102.1078361998241,8.560610196050618,7,0
2,29.234583894543224,4.806693915346879,0,0
61,87.40073564627112,26.19944907659908,5,0
58,25.648342400348206,6.643599103110477,0,0
60,87.28550378096911,1.2156903819382878,1,0
40,104.30369469277032,9.374968412521845,3,0
36,59.88215269240574,2.6784325215580482,1,0
37,72.21264934321769,0.1841117923473038,2,0
18,60.15417380052825,1.9387739128923185,3,0
63,50.04887586326389,7.210118645096822,1,0
22,100.32634006271282,16.120221691569057,2,0
11,47.200257373098964,1.6157616232901795,1,0
58,92.29434243894471,1.4152396296379874,4,0
57,40.619707925520224,4.146170156205474,4,0
4,44.985379607832954,8.34816671661444,2,0
7,53.646116257721225,6.862463856913632,1,0
61,78.91563773937882,4.104435765826588,2,0
54,65.44223191595411,4.990076203443132,1,0
68,94.51448098278203,1.3860122621234547,2,0
1,41.35673003361923,2.833227008159871,0,0
55,21.06722878488341,1.4743097746211666,5,0
3,97.655747178522,10.788874132847868,0,0
38,102.16493338800724,0.5970408813426445,5,0
1,25.948016310838955,5.693119274876,1,0
38,81.09075221583964,1.5074393245173832,1,0
29,57.820678387307794,3.2272872484018285,2,0
5,99.38956551945168,1.779182051222228,4,1
21,107.44145541964785,1.952232153810439,0,0
71,105.1003766797249,1.5081816667077823,1,0
67,97.72042473508522,6.9876445893391,1,0
47,46.90522287421629,2.2762912507439133,2,0
35,101.18896435683168,6.479655032871305,2,0
68,73.34784759062927,3.044672941872562,4,0
69,25.27566148320908,3.962032201734562,0,0
1,65.6938849898249,3.9185056786199626,1,0
68,114.21579170299933,18.61778501887137,3,0
12,108.78593497355527,2.286917639579125,1,0
60,30.226428099711605,1.1639754862375242,2,0
27,94.41266857143702,12.140284705403682,2,0
56,100.57928659582348,0.9608855539453289,1,0
23,47.13881882367648,8.99159002272654,3,0
25,67.16085707410923,0.8138588982903294,1,0
21,91.09879414636829,5.3753236212797875,1,0
61,63.90414888211479,0.8157769144536414,1,0
63,31.279691886657695,12.825325071310548,1,0
52,90.58824446817215,4.162141443279742,4,0
25,111.16386897353036,1.99697165664688,1,0
55,85.24847284061576,0.7559913995488505,3,0
46,97.38007485690339,2.3196484542364972,3,0
32,55.83625356578285,6.104239198790817,1,0
55,38.31982451266349,2.4302657541686177,3,0
5,84.27736616182925,1.4124388385070372,1,0
36,52.77712058412189,4.306757657919965,4,0
49,106.00735189897928,2.7048939165328396,1,0
58,32.26280499780066,0.9064478635455202,1,0
39,63.34636997331237,0.8361086179357174,1,0
61,59.67276004683858,6.145803363966298,1,0
9,113.80538535539297,18.37920325312611,4,1
6,35.313480060440384,1.3269556646801424,4,1
35,20.984682501201096,7.417300525388038,2,0
39,43.80852128071176,0.458420672775584,3,0
22,102.02768597686546,2.4029042086823535,0,0
41,40.932181604701704,3.533068774151275,2,0
5,44.08780637054827,1.5649785153164129,1,0
42,32.98988045368108,3.7706300009490117,6,0
67,91.54362032765404,10.711456361793266,1,0
30,26.917419050541717,14.451275435461747,2,0
57,53.120830232852164,0.5298977270474559,0,0
29,48.24987266209645,1.5862131201657999,1,0
37,75.51597297901549,19.348151429965984,1,0
13,93.04162650197355,1.5764203704804687,1,0
32,73.28764346967475,5.899773659240993,3,0
46,113.10259929750676,1.4614881647131381,2,0
23,115.14426388873319,2.20312202783952,3,0
45,56.14653284985154,1.0615063832472769,1,0
17,97.76803762748928,9.700144169126558,0,0
66,93.88013832681897,10.712919113038431,0,0
6,109.29645917048273,1.7613696980153069,1,0
18,64.79436402077033,8.67471725482843,0,0
22,73.04731871977923,2.217717240379643,0,0
33,61.577431358157405,0.5213578932425329,1,0
30,105.03769192997056,7.095666469779976,4,0
32,42.97023153621343,4.537227939987391,3,0
42,43.97090782424447,1.603660924356574,4,0
10,57.26051035770798,1.4584487323784068,2,0
36,43.03428321023512,18.57065206162695,3,0
34,76.10068364149208,9.92069466017869,1,0
28,33.44901064955023,8.298351726927887,1,0
11,52.01862194040553,0.684930816773369,2,0
39,111.344469847559,7.036308727075601,2,0
47,60.922548019179594,1.2074301359235646,2,0
19,94.82337164935092,18.946581268843254,4,0
15,31.3462191706574,0.2674743064094599,4,0
28,44.756450814178464,2.170391573334169,4,0
24,100.73456212003686,2.7987475911983646,0,0
9,96.29929362896941,8.69212427827888,2,0
47,58.615591859382114,7.266934154801992,2,0
33,115.43969020334742,2.3499553061962835,3,0
62,111.06430158345454,4.168490545281533,2,0
19,116.23007491122398,9.027116891741544,3,0
67,62.791469018778535,0.09183620974436439,4,0
40,39.7473583685683,8.10194072810808,2,0
47,82.6658639091341,14.677517506099736,1,0
65,88.47731582791985,0.16294924176430825,1,0
29,32.544178445052,0.23326243531089544,1,0
50,98.6483034295906,2.11189171120042,2,0
13,21.806021975996053,0.45931324758224984,4,0
1,68.27283874767834,3.2626764113631177,3,0
34,53.10162594948949,6.522847224345178,3,0
48,94.03030598990841,4.183924322504309,3,0
48,51.2760727421816,1.0934667724309943,5,0
49,102.68071127810327,5.318320275215907,1,0
64,79.49534887808105,5.7736038798580225,1,0
61,99.38933617620721,13.474136724698987,3,0
29,118.93406378396237,0.7937882796854339,4,0
39,87.91583457435569,5.893737682899815,2,0
26,118.49503163616441,12.119653395510316,1,0
17,22.883632692170536,3.481401952906446,6,0
71,53.81399884838084,2.2455153175666283,1,0
13,30.785326456230916,0.9361649561596366,3,0
69,46.230493138443954,10.079025379725577,2,0
26,103.88878991257744,2.506409673616465,1,0
49,23.23232653260903,12.943504847369292,2,0
67,72.01829357323936,9.411429385997508,2,0
7,76.7128707532373,2.3631542010985562,2,0
58,76.11511466719561,4.26557400116478,0,0
49,67.52970738232557,0.13775039230715827,2,0
53,99.06029647697554,1.527339214355582,1,0
65,33.354308950555115,6.194078280104255,2,0
62,51.05770155507874,5.664636029900735,2,0
17,81.57260534451727,2.1799009121207216,0,0
43,89.09513662679558,8.267158824215233,1,0
25,60.41484317770563,1.3448646054151911,1,0
3,107.53712633272332,3.0927087543505243,1,0
29,61.54933966959143,3.198322458685926,1,0
32,60.27761343483331,2.0837686946172167,1,0
26,23.620726148738495,15.468501034059374,3,0
16,75.11413361947339,5.964901115624372,2,0
25,90.8680838511905,3.873948635847123,2,0
54,31.44381635168481,3.572008258922521,2,0
28,50.54327660878708,0.8675787645242672,1,0
56,98.12569537828522,2.3275638180198204,1,0
65,56.591943541357544,5.585510605638541,0,0
41,44.16024620400399,12.922765587895968,4,0
51,87.22006635651123,8.47672384520519,4,0
71,39.67587776716556,1.786159809221823,1,0
29,109.56529195831769,2.8454228532923094,1,0
19,30.559839602614097,0.43278933036696193,2,0
66,90.6549802282827,0.5388856278528495,1,0
41,69.95487012863751,3.176565296962635,1,0
45,106.99295623969935,3.777447581444628,2,0
15,32.61950910262366,1.5328098786826603,2,0
3,87.78949184960878,5.147054843143515,1,0
11,77.20546391813815,6.076528659894263,2,0
53,68.00901422400464,1.777065356546073,3,0
46,69.14072634326683,7.102870798317262,3,0
30,92.19769617985308,1.150871792071349,7,0
57,113.77416549348222,3.929069437129493,1,0
18,29.12516591190481,8.155378999788198,4,0
51,21.950264761052022,3.8502392429644283,2,0
48,100.57047924812035,11.927807752755808,2,0
66,30.81693875507593,0.3014112018247721,0,0
8,118.66967960804239,4.437469904107529,2,0
22,81.93482489588372,4.12489098444144,3,0
6,85.08663952541407,5.399247016562119,1,0
57,39.88917029380174,8.961002992965769,0,0
36,44.031231029667445,6.47045563872889,1,0
57,85.93503030992501,7.8099750716923015,0,0
49,110.97268379341969,1.7041255632984527,0,0
45,118.23905545175666,2.4510102834250445,0,0
66,39.80309466310936,4.927895566075513,2,0
45,33.41196227097902,4.0311479665319,2,0
20,25.64013577607905,16.234303234789877,0,0
64,106.82970181613278,1.0341031151748252,0,0
67,49.47148468564687,2.1637578974356697,3,0
3,20.181203386925166,4.251991029132368,3,0
54,42.38180860564289,10.123394619375743,2,0
64,54.044108009941844,13.249981440651856,1,0
40,119.09861694966852,2.04763923052217,3,0
59,72.35415938570816,0.34733167594289727,3,0
55,40.47139475951013,2.7376183229977977,0,0
62,53.48183447134511,2.507216736748986,3,0
4,53.030768755687845,21.520540604634377,2,0
60,21.972574646317547,2.8199124280315724,3,0
30,33.518305417143004,1.8244213082920926,1,0
2,89.51964597032112,2.2736237367814915,1,0
62,32.025098657073464,2.528579176861027,2,0
49,43.07342766061188,8.616964670749281,4,0
9,55.07372984043088,0.42242681116238157,1,0
31,95.77349445022938,1.9026946789141763,0,0
61,78.24009648679399,16.954031567526787,2,0
48,88.89999849885683,0.8308780633382395,2,0
25,76.70123254201722,6.785645589962684,3,0
36,88.3592425221869,2.203338831680493,4,0
8,20.284215366397245,4.358804414086598,2,0
58,113.08981443714295,0.5242923113657252,1,0
45,31.09202308748065,1.829383375509233,3,0
62,60.62490959769048,3.474392809288368,2,0
39,97.10383702448547,1.3178792688704777,1,0
58,63.52307180094239,3.9030108402306585,3,0
64,114.68425516675158,1.2407641759124672,0,0
44,66.75889484987667,5.250547295312984,3,0
29,107.49394056026713,11.735524802504449,4,0
59,101.0828113362271,0.4468269312189658,4,0
71,118.09863027986832,1.2206616371067054,2,0
9,112.65477807509754,9.30307334147205,5,1
6,109.81238347128787,4.992298607779602,0,0
29,93.16043405194684,0.40989620891847106,4,0
58,56.699814726822076,3.3310670171046097,1,0
17,30.612541856490243,1.177083515149926,1,0
16,88.864505226439,1.1100734065768194,0,0
3,117.86540813379649,14.121123501780207,1,0
21,92.6604437331869,7.167800947995888,1,0
64,112.87293692773355,5.957431983678929,3,0
36,100.43047129555167,1.3651419341622346,3,0
62,36.31146751166788,0.6310679262756659,3,0
42,44.920377059128725,10.23323103121246,0,0
42,54.186560176235034,0.029484610306922815,2,0
61,36.82604443380041,2.4559028197496993,0,0
13,78.16513326730067,1.6259679228071924,2,0
11,117.54505241349513,4.2242266888075735,1,0
54,96.14588334361586,1.4418010842708688,1,0
16,62.338674906746185,1.8640605328648399,2,0
8,20.450448098028865,9.486928600724958,3,0
59,51.32760111381787,4.621473685724037,3,0
57,72.67592876922153,0.7872620320839984,3,0
40,52.42508738519706,6.481748084067006,2,0
59,31.103492302385952,1.1625564688665178,4,0
2,64.27649568618946,2.837023351879633,3,0
10,45.32528169657162,5.200875985315635,4,1
44,110.92323764615014,1.5867872313123792,3,0
11,30.175452850101575,2.4234086546596383,4,1
2,24.91526287247104,6.624107621422929,3,0
50,20.531416915486204,13.895928446224747,2,0
12,52.806968448565776,3.767088055741898,2,0
23,86.03868382008886,0.05010507311697942,2,0
18,93.04137528817927,2.0659524955405515,4,0
62,65.32616833817231,2.5427605079324076,0,0
62,88.43286504552667,2.0713206813404637,3,0
38,55.99140362153634,2.865889226246054,3,0
67,86.78062199866169,5.007422270158328,1,0
38,24.05959853023734,0.6455802132098962,6,0
67,59.075298456700416,1.591603448308809,1,0
61,99.08496776331792,3.542807729266295,1,0
1,100.30060304590013,1.8958686870155277,3,0
45,91.61487788756946,23.600289785991965,3,0
28,40.42386205698644,2.8231671127571856,6,0
21,44.720511893063325,10.193385242004833,2,0
13,119.60887272645122,11.341393504390023,3,0
27,30.33780072019599,9.039657666513248,2,0
7,38.06626989024094,0.24016801713062458,3,0
22,33.00262556501326,14.758264186195234,3,0
53,52.76549636836156,0.689088899687234,4,0
4,41.01758352339233,0.17504683079683697,2,0
23,69.7687959547772,2.6753320930753715,2,0
70,67.60207068801199,1.082292435893917,5,0
33,110.15056194513032,1.017908991007108,3,0
28,23.473994744478148,1.6971202382928552,1,0
8,51.98795766677634,1.4277923461161846,2,0
1,79.66578919970902,5.772666670088629,1,0
37,80.48017618439638,1.0337514568277963,2,0
63,68.01262290142091,3.916653975592212,3,0
22,101.56655408146337,21.4981965802072,1,0
70,26.27221714144588,2.8315368167238657,0,0
21,101.54877655801359,5.134339553383187,3,0
35,69.47542404357036,17.42915066855592,2,0
5,33.376069507700215,0.7404065010661941,3,0
60,108.57019135404776,2.711641734088161,0,0
46,84.92287795409635,9.492017380884544,2,0
50,36.35456868241393,13.463765213443486,0,0
48,23.36497233990266,4.596928305639699,1,0
6,34.11096483326493,0.7740413280983589,2,0
56,80.87979601803936,11.587051422838218,2,0
59,37.929623526004846,0.9585064434654779,2,0
29,42.57630748750281,2.1761010264371135,0,0
71,22.513972575631417,2.354083620687157,3,0
18,92.29306722386036,2.9646230667664946,6,0
2,101.03643997594371,7.807188299169355,1,0
8,99.68481767721232,8.101088483030649,2,0
54,32.75681513642842,6.3586727640315726,3,0
38,110.33011273887594,0.11188593270747114,3,0
48,87.227882947408,4.160266122101043,2,0
27,109.75286223768644,6.881580665782222,1,0
20,64.71605045306636,2.9405607498870836,3,0
12,63.69548610836978,14.49629978876561,1,0
43,98.45365186848953,8.680976414078026,4,0
61,29.32978554767435,5.082697583130803,0,0
31,72.08740366348857,0.3222936012488049,1,0
61,103.63842356312257,5.2827412941629595,0,0
67,103.01925630695713,12.128262904464988,2,0
35,115.6132856342369,2.3857083175712512,2,0
15,89.82725935305464,9.104886689176036,6,0
16,40.77706294397284,1.8782778724014593,2,0
13,22.028031489458083,4.221051560254865,4,0
35,67.9415798627102,5.226652824370094,3,0
59,71.37038656225556,5.665941611243509,0,0
21,44.02625844989315,10.708683655322595,3,0
54,32.469744712360324,1.3369289919998673,1,0
30,78.6208166190509,1.5215618644744435,0,0
48,96.42556740241413,6.087671625817402,2,0
35,119.31541035901606,0.9751730057936756,2,0
38,95.83026172105185,3.1206286604035633,6,0
31,99.3632414255581,0.10118896863058477,1,0
24,81.64608782287975,0.7598115128044937,1,0
49,118.59226589700178,5.67917859504662,4,0
32,83.99563851145705,6.8809598820435,4,0
55,106.02532863997044,0.6126409425025179,1,0
58,114.57846462409557,1.2919728483841255,1,0
3,112.9858500500561,0.5207198715945407,1,0
69,58.14153437833565,2.84062180129866,1,0
10,27.866205831425866,0.6740385810074274,2,0
25,37.18737025392468,2.8750078724620343,3,0
68,25.92233053966075,6.585674959093471,4,0
61,30.539693482914004,5.750401146423191,2,0
29,38.465124589369765,1.6457191832651454,0,0
19,54.10943165874018,5.600648931048665,0,0
43,74.35396465750759,13.13549474752319,1,0
66,91.1682059355086,2.134907576632639,2,0
61,41.092733610651194,1.995818670397251,1,0
43,87.25224042381393,4.236606903942567,2,0
25,90.42590745024197,1.4085120053930051,3,0
20,75.86223368661894,5.271717767858614,1,0
48,110.36178697987106,8.92675336767743,2,0
24,31.099481392181065,3.07462453758067,3,0
11,37.71214576024195,5.689479287866627,0,0
55,62.86648243894848,5.27611805840146,2,0
28,32.671273523423885,0.1971645999452619,2,0
69,76.62961437240875,1.0131292760059811,2,0
63,59.84004666094244,11.199460203660376,1,0
59,48.45957945359184,13.97557450015964,2,0
5,36.99898130176373,7.580640476271615,3,0
51,53.53382383482103,12.707267441268561,4,0
21,80.7959350832342,1.8274876791269954,5,0
12,77.57852108894116,1.4231734141790728,2,0
50,36.36240002102338,2.4249787584737064,3,0
4,32.49198107406334,0.28466160109582106,0,0
42,22.66767626088725,8.300278728703445,2,0
38,21.242559379393228,20.730974832014777,4,0
25,107.98104357196851,8.687188660473149,1,0
14,24.508885600538992,4.04812785527144,1,0
32,93.12211098732463,1.7497875715314937,1,0
11,107.1985096244957,1.101350222358795,1,0
61,29.805784856245758,2.26327787777345,6,0
18,63.63014238330176,5.4976064516479255,1,0
27,116.23029831742767,2.9625429783208315,2,0
55,103.41386605235851,13.595036564346046,1,0
54,68.9704031857855,9.628294978281245,2,0
21,96.25711127915528,0.5401571522355842,4,0
44,103.33776244316638,0.7050836838451652,1,0
5,54.80269631887193,5.638751310239423,1,0
41,109.2152916869961,1.311815857212745,2,0
59,67.04733196771568,7.827819947226514,1,0
54,72.780736355883,4.474580800787889,5,0
22,119.9707637821831,1.30572347249357,1,0
65,104.33029661521613,3.2570213069186957,0,0
64,56.177000577298,2.6050220309836973,6,0
71,21.034559647269994,10.324118886035805,6,0
4,82.61740737938948,0.16345525921978285,1,0
65,90.39134261281077,11.30932226045539,1,0
15,85.08026901433797,5.278952109598622,2,0
22,116.78623511632131,6.688248419539745,4,0
47,106.29710273321443,0.01305434373075082,2,0
46,64.88316931806486,4.947526359095491,0,0
14,26.285748747238095,4.439563176993795,3,0
50,67.60587695019969,3.8523614487760764,1,0
20,88.9244019962023,7.705786462494357,1,0
50,80.77098082270047,4.05820217627155,4,0
33,73.81370677108849,9.727952635294345,3,0
59,66.88189580152414,1.323940659974647,1,0
43,49.37618730273863,8.199036881886618,4,0
12,47.734676172462926,0.9880660389871416,2,0
40,70.0231478925802,8.386383820887959,2,0
20,36.0603146429649,14.105830126928328,3,0
38,54.068542357480155,2.045063032560353,0,0
3,52.39792747100996,3.7739036418949716,2,0
28,78.71328015842009,5.369535301613136,1,0
56,26.668230036302457,0.4140374876371786,1,0
13,102.96686802650952,3.4068907228110596,0,0
66,76.23783803844022,2.2360077326197954,0,0
37,87.08266807759354,10.296454923661894,5,0
49,90.30939037594328,10.464843865924786,2,0
66,49.14841368425365,6.032873256768489,3,0
36,67.03715673848666,5.331564981213689,3,0
54,115.62459558696672,6.6154422489847695,4,0
26,96.67052379968149,2.2784283193974546,3,0
40,116.95568752231853,2.5919310551460253,3,0
43,94.62543451462884,4.033872448606568,1,0
22,37.56001397085174,13.905373320219795,3,0
20,26.453588384467622,6.436769785882747,1,0
8,77.76614367196636,4.00354218587694,0,0
29,55.78132797026095,7.357366506168032,1,0
40,47.54579101381702,2.3172482656312834,1,0
30,100.72109964254174,6.555316691799371,1,0
55,56.69932670819473,2.643897914915372,2,0
16,51.70009697343039,1.6401695473932603,2,0
46,104.99875931690104,4.704506098063695,3,0
62,104.62873364864602,5.805804908539733,1,0
7,55.63666377550566,3.0743938718011243,1,0
45,103.24987009859662,4.16780508744924,2,0
59,105.07784903326605,5.921930656240049,1,0
56,62.39305350296662,7.298844549343113,3,0
48,26.647313020917156,11.296262259917285,3,0
27,20.15846444663401,2.188992773981481,2,0
53,72.3292462888995,15.128612888212476,4,0
35,54.40754933703557,5.070617843711873,1,0
51,119.7131894158366,7.748818892092279,1,0
37,97.24109996272843,6.016016227252338,1,0
57,96.12754563504124,1.1506628721142353,5,0
8,115.52427682873437,0.3705926926337277,0,0
20,108.77243978933208,6.478366043081316,5,0
53,51.81874794563887,3.577502502046297,2,0
12,36.59872216038764,6.056890251491755,4,0
49,94.58922650654823,3.2393664697546773,4,0
17,57.8273893682873,1.8715368592875226,3,0
64,67.31726516309564,1.6774889225865688,1,0
42,83.03977312748269,6.556530598741159,2,0
29,110.78726769352407,1.6202096403122648,1,0
19,61.908775367096595,6.270664773685466,2,0
11,98.33168902193613,2.42221793769629,0,0
50,46.833979127465746,7.3679486227413165,2,0
71,89.79717909236136,0.7704779737879157,2,0
58,20.157942107791186,1.146939679861318,1,0
34,107.15072134906347,5.790404111225876,0,0
20,23.03795799544625,4.107529816259921,1,0
50,91.27537547625842,1.1400163445672857,0,0
10,24.62581892612839,11.656312522803788,2,0
32,46.624569939400345,1.614433725571152,3,0
52,69.7202403556553,2.732880609775903,2,0
15,61.99386853482382,1.1300378803056665,0,0
3,39.18361146010106,2.455340627485602,1,0
37,53.38149117092374,3.382893496338399,2,0
40,92.7706370060967,1.7495398475935264,4,0
40,86.92570925796483,7.328715811877622,4,0
56,27.181458376391568,2.5038235136741003,1,0
23,94.73158255728863,6.537600749016137,1,0
11,25.304588119702835,1.1601153855699056,1,0
64,74.29263890997845,2.3663286950702975,1,0
8,46.00627480421906,0.040454661954566803,4,1
56,78.76901275598189,7.107278369401364,3,0
60,46.132839594090186,4.915982187323323,1,0
10,118.4957969625831,8.513891602877747,2,0
39,50.97281837275318,3.0404541245069177,4,0
28,44.1960635674496,8.040709855465705,1,0
49,47.8465290915346,5.21469426148037,2,0
36,109.64728572592954,0.018097374689580722,3,0
13,83.62188286693447,1.4630998530683872,0,0
36,93.06840974207765,3.40501956891752,3,0
26,111.80105100943504,4.820678179683237,1,0
4,111.18724848450074,0.3392044513500198,2,0
64,93.89458465787276,6.105254511749532,1,0
38,39.782442884132294,3.9212282843800628,2,0
22,104.33733206750055,3.7304123410706715,1,0
2,40.37760341910637,1.7268776747736898,1,0
31,94.28988140984319,4.517157579299464,1,0
11,88.56030665448743,0.1393894604182081,1,0
46,95.88888501404466,0.33444149454258026,1,0
62,73.26856807138157,6.618853477446265,2,0
69,83.87261822492196,1.9422387106648398,1,0
64,115.33200804342553,2.1306386539992985,2,0
10,30.108859417421492,1.1684018661545714,0,0
40,50.884727478162,2.949530776077778,3,0
24,81.13570130983824,0.26696923930043237,4,0
44,116.40541301314893,1.785969847125183,2,0
60,29.557444766260115,3.7446095794460854,1,0
62,22.254922153008643,3.13335196000142,2,0
17,25.5749598470328,40.0766852124612,5,0
65,25.240568646119883,2.461366046118846,3,0
57,110.78158577774043,2.4469440419427664,2,0
55,92.12579079338248,3.501682584230654,0,0
53,87.71063661962783,1.0554765578058038,2,0
56,72.25728202618095,10.449658778768612,1,0
9,98.19526169721519,4.246289770667547,1,0
22,35.56479927615908,1.066632230830801,3,0
13,59.19411897884374,7.885860280387808,1,0
48,69.00042507643435,0.1746768318529764,4,0
18,31.040949767672625,20.246148743843513,3,0
40,61.9513709337517,10.017936481539355,4,0
17,51.65017792626203,4.333212483741059,3,0
15,23.558214579346263,0.5899533890711205,0,0
15,33.673540272923525,1.2120955174161145,2,0
63,96.40368231674718,1.6385994442224137,5,0
39,21.803790950464446,1.3789765894028674,2,0
13,113.42532990963612,3.440997308198585,3,0
32,28.642463244723743,14.462303014115745,1,0
9,99.92380942034582,2.9364871858779007,1,0
40,109.86165409434707,5.417109763759248,0,0
20,114.1135584850447,5.833115451663019,2,0
63,106.74770234959726,10.262273920759522,2,0
44,48.75500394254432,0.1720322968325929,2,0
38,53.308713133847704,2.5903427808357913,2,0
60,62.654569861007595,7.679429908355308,4,0
71,33.92966894071009,8.433404370597511,2,0
48,22.227245506722387,13.109313109917712,2,0
18,106.91216142810346,6.066654942932244,2,0
16,75.41287162104564,1.4062072632473255,1,0
55,80.87229421782163,3.522716785874867,1,0
39,112.69884748177954,0.16439978867273725,3,0
68,86.51201781136157,5.205421214644077,1,0
59,89.08535043398135,4.040492276665744,1,0
62,98.69686484367422,5.495606302280787,0,0
13,31.63484498574038,13.306349805073319,1,0
6,56.01621532137915,5.812181113446307,4,1
60,116.82079277033662,1.9316218106146297,3,0
14,112.29300781006066,1.1078281336497955,2,0
54,108.40752963101848,9.642578800755699,2,0
4,65.20885103389725,1.0804185491813125,0,0
39,105.71929535868057,0.8813569635874372,1,0
25,24.83958819457656,1.1572149874371254,0,0
32,34.85174242571175,3.554935327409943,2,0
59,61.39676984840541,0.6630159357567328,4,0
63,68.33920666821264,13.912656377829514,6,0
38,46.350715352085686,16.944423559238565,3,0
53,55.647667084778746,18.210333033546583,1,0
67,36.277610102536876,0.19955374092606074,3,0
28,68.91340317159072,14.612179183318418,3,0
3,99.38432928678613,29.790018523006992,2,0
22,86.13603936613057,14.273691048022084,2,0
38,30.779224736554127,5.55755924343193,0,0
62,68.7581603396716,6.040408712452184,2,0
57,89.7646382779725,0.6519840663405546,2,0
6,72.98952965539412,10.369169552369042,2,0
32,59.167559653554896,0.3074602829864756,2,0
10,82.19144212838782,1.9116530311566262,0,0
3,116.86386653002755,23.637618648464745,4,1
59,29.490790976607798,2.7437441807471568,1,0
49,59.00160607475607,0.7029597214575904,3,0
59,60.66058530460956,17.41659382440314,1,0
31,77.6967310468371,20.719664042018245,2,0
69,35.217460188191794,1.0353833709066445,3,0
62,37.66430298704695,10.005141434625987,0,0
52,48.53613859978547,2.4749527004778717,4,0
41,115.58700432685195,2.4012272059295956,5,0
31,93.41085812309026,1.5237860106671288,3,0
22,86.16933016915031,0.22870303540803064,2,0
4,101.69576873942623,1.55993518945079,3,0
13,32.757646891669296,0.27638454137996227,1,0
45,105.93328197237517,12.909646534983173,4,0
42,79.48327138875041,5.419416558755453,1,0
49,53.53290074589354,10.885168216162885,1,0
20,101.58552557456903,6.316680261086622,3,0
54,100.25645343486241,0.703711622688879,2,0
36,104.57085817167271,14.115751357694448,3,0
1,31.551790010698216,11.507581003952911,3,0
15,116.9361244995776,2.139137038804368,5,0
17,115.96261537897311,0.5912907820200423,4,0
24,55.746964550174155,6.089593840441644,2,0
58,26.589401821191963,6.516412072843503,2,0
23,36.70556694687857,11.356839539009464,0,0
46,119.2830825444697,0.2704637273052198,3,0
8,76.30129431716631,0.7640303096490885,0,0
59,55.6621798826052,4.559611348561789,3,0
59,48.82026938500388,4.826506206758991,1,0
13,45.69917353109476,0.17093725053995756,3,0
39,86.4152765054482,2.5286270189843547,2,0
28,61.93878315196859,4.387294357100867,1,0
61,116.54106993686116,6.695362046941153,3,0
16,88.38430306453614,1.9000884762437733,2,0
2,99.20445910489612,3.307307509804417,2,0
17,49.274154858315995,8.411518306119103,3,0
30,27.918640910862585,15.384176304548998,1,0
13,68.78228373818811,1.3088675849997031,3,0
13,51.45815465462273,1.4587329793688517,3,0
43,40.208316500792364,14.051925445778169,2,0
21,115.26421308008614,2.520169952396923,2,0
55,64.39882143420303,6.335420824300204,2,0
40,37.470859204878565,4.737168761531832,2,0
15,39.86506526811391,1.6814750201975683,1,0
52,48.0709742464594,5.3002602461386426,1,0
53,119.93162681897128,5.329262506662769,3,0
52,46.80115005195973,4.487874668552956,7,0
30,52.88018045784536,0.5249186268694135,6,0
33,85.93281279840014,26.666430928138873,1,0
57,49.396137641029824,2.5575998335882737,0,0
52,41.58042510596934,5.084023187232899,2,0
9,35.86371866495987,10.847343049590027,4,1
54,51.26826650277922,2.752065587180362,0,0
1,30.591568962877353,7.43444363812112,4,1
44,21.86465864147829,17.846498998614194,0,0
9,100.46416973346773,2.2231202458206814,2,0
32,33.78949424145766,2.5982351765676306,1,0
15,97.59768498152422,11.799803128301836,3,0
12,99.75424789866598,0.8696416006784158,1,0
57,73.7919526329243,0.1450581773740594,2,0
8,50.96819583129514,11.978383943975109,1,0
27,34.503273374988844,8.618399148344606,1,0
62,93.68051067209991,17.982966036464305,2,0
12,80.13869859817859,0.30001229764815335,3,0
65,85.5453456493564,0.849064568096744,5,0
42,20.866908984513103,0.5564042486744916,1,0
62,112.75170157078246,5.750835438230962,3,0
11,26.629018744655024,4.657149689486087,2,0
43,56.68058851400057,2.22624445399737,3,0
17,60.27116496517002,0.29569086996240723,1,0
32,20.135552449794886,5.103563774249919,5,0
40,69.7089309350797,4.221251537496494,3,0
23,95.28089945110099,0.5990059159502108,3,0
56,102.32686531147722,11.979520029488794,0,0
6,107.93969933058844,1.1091577472758134,3,0
50,68.77188683153695,6.803311479403123,1,0
37,83.06361905296504,10.817415212931065,3,0
64,27.951971329649876,4.331256630870585,2,0
54,68.80382242817498,1.4174470716836385,4,0
49,35.48157548717353,1.8498758457210107,4,0
11,56.964311762252144,10.846723313673747,3,0
49,52.93053128645993,1.770941308461858,4,0
21,62.35405772415082,6.855856138125528,0,0
66,77.16366179741325,23.109147045057767,1,0
63,110.28766470629958,43.022460212552865,3,0
28,59.44846313475053,3.8122692378349305,2,0
17,118.11311957115507,8.759496633135026,3,0
6,95.90280480512028,23.152372237602474,4,1
19,71.14810467883832,2.3474019495324434,3,0
56,84.4026437111944,1.4545001230212498,6,0
28,30.22241711319445,0.6065087218986219,0,0
66,104.45215313136548,0.75934764026066,0,0
38,78.23574550639658,9.605573295832004,3,0
37,118.60674802096018,4.442442725697443,2,0
68,83.6428743752849,10.345839499347267,3,0
49,103.4111583266325,7.790281474249792,3,0
43,99.97627427952398,5.60037430428879,1,0
36,54.546115146826885,4.699232413490775,1,0
58,45.96106252332116,0.24773149677300083,1,0
13,63.049358343151,10.289386491691621,4,0
52,66.72413444088372,2.7050674819049743,1,0
58,44.00847019366439,4.102481268072124,7,0
32,109.45978733509719,0.11099032992239218,4,0
60,74.25478623006461,13.750106611108269,1,0
58,117.84443921535696,11.651861074180873,2,0
56,101.00177780462633,3.9184022689563216,1,0
28,75.5704860391946,4.30560046443328,1,0
1,114.70402781443592,6.104191357375237,6,1
42,70.48748150953071,1.5373487950636906,1,0
48,108.71065125186705,1.254601532942268,1,0
40,55.81447811958055,5.604641442206861,0,0
63,57.86423834040941,0.5514322863847922,4,0
4,61.81306829709312,3.0262493572514555,2,0
38,74.6625645943246,3.3938592525510813,0,0
27,75.3490270198824,2.400972718658683,2,0
9,69.63989216770842,1.0244813491297702,6,1
16,50.600097358316745,2.194977073629614,3,0
56,112.7206464790831,2.0591057266241366,1,0
31,78.85860973492542,3.458398036350614,1,0
14,60.773921619159495,5.6147427630607485,1,0
25,85.11769607436182,17.24697056511023,1,0
34,96.79667578098052,0.7783782276667286,3,0
67,116.07280882282431,10.31851462772579,4,0
24,69.95491622675826,1.6716187341278865,0,0
26,31.20985103507588,4.474759783148469,2,0
20,64.07658014365413,3.956413166281285,3,0
64,67.89705614534714,4.070345396050777,0,0
10,109.6994078185674,6.425166193461208,4,1
67,59.48007684629531,2.403812945207789,0,0
24,115.33242648871384,1.9216988625061495,4,0
5,68.51319077143347,9.580989862290506,2,0
67,117.37805009789288,1.2429160661393144,5,0
58,20.81983211309622,0.9937551462394492,1,0
27,109.88153748063466,0.07865257499659545,1,0
15,113.11204519433507,1.182269853797656,3,0
35,116.10209357652133,3.6545716597246543,3,0
53,21.307653417461484,3.866462258450896,0,0
44,37.1700836550309,1.4679674940752205,1,0
26,85.37645030932362,0.3750951585111017,2,0
47,22.547269173510713,6.825420416226584,2,0
34,26.360899617650073,7.093578462841702,3,0
50,42.10788736934419,30.679900319777445,0,0
12,71.24397687438842,11.514404210353346,1,0
4,74.59025592668075,13.022646236948,1,0
48,23.426112279350434,8.002485646695867,1,0
55,37.03672507815311,4.7790945554238915,2,0
1,69.97056733346554,0.6879607466238771,2,0
66,79.39406209434053,4.8684512813988645,0,0
30,34.84016964862154,0.28791177947203045,3,0
3,59.884141194697065,10.827137532936561,2,0
21,110.44014365169524,3.2871759193171646,1,0
49,119.8899287046172,5.977920969469093,2,0
62,118.72144548311412,0.26828919489968545,1,0
38,108.16745102868724,3.820514417019055,2,0
15,59.46600879499458,1.7924071436325457,0,0
52,88.65742920747842,1.6771417684438985,1,0
46,61.65922277841987,2.468662032938928,2,0
25,84.85270268242029,0.003198327014167454,0,0
21,50.943247096948326,3.1429890635326263,2,0
5,80.62022536103319,3.3331755950794237,1,0
70,72.37584965528498,9.94365200043718,3,0
47,22.448026581319994,2.9757993725854934,1,0
68,99.07029037461137,2.259296538679973,2,0
18,21.189783224515562,26.24482857398592,2,0
21,49.31559422533017,4.23397871937313,0,0
23,20.592406545400237,3.199105250945642,2,0
64,57.62014132951982,3.4252585330514784,3,0
67,26.31605281641393,8.282157516647086,2,0
40,111.35109668312413,2.082703854498319,2,0
10,61.56792951628686,2.4646048867796786,5,1
52,65.949577486441,7.050340846120089,1,0
61,54.98502360908549,0.37892086350200527,3,0
64,82.75061542017662,10.018671547585868,2,0
5,98.44081166182038,2.8123729461777303,2,0
53,84.81467430489779,4.3529191459133605,4,0
55,94.82071183951275,7.083276305531814,4,0
37,110.59736635092605,1.546584959439624,2,0
56,106.35465316714287,11.050677199382605,3,0
59,87.40584527536959,19.37001801409826,3,0
69,41.46379629044286,3.4088048648234044,3,0
59,83.77028510419288,13.818134203276554,2,0
2,70.60830957405109,0.0056462995050094045,0,0
65,91.72192310104201,11.232811907443999,1,0
60,103.29316483929149,1.8628989312926811,1,0
51,94.27214971864174,1.8661665777984653,0,0
30,104.65611699612853,1.29442922694312,6,0
11,26.386637334102385,1.9064038634723235,2,0
39,23.162003823746396,1.2007147776492941,6,0
63,45.850056769959394,11.815344896288213,0,0
64,110.06660841086284,11.46434856322102,0,0
61,102.36592509839738,0.5391027782746884,0,0
54,88.27272977953116,0.7707609008631251,1,0
58,90.07586674397159,9.903183341208779,0,0
56,92.66704692582125,2.5452840358303854,1,0
34,114.2602700484747,0.9272623289273817,1,0
31,103.21911523075576,3.57358474650919,1,0
52,82.33903870270476,2.69499436013545,3,0
1,86.57154352571405,1.236935027590407,3,0
55,41.37402620611219,6.378278923811315,1,0
22,85.73188251562725,4.988714933636038,3,0
40,62.46790124184585,0.5249230069202594,3,0
1,35.296187060574375,12.977183477376803,1,0
65,100.64028192465743,4.087546167302223,2,0
63,71.02470998031455,1.4397737952272336,5,0
54,117.74250416894216,1.155197052845121,1,0
42,48.16793544745249,0.7306115262264883,1,0
21,68.06701123050767,2.763774196729481,6,0
22,64.79954546688681,0.728257081923958,4,0
38,32.07795224325787,2.687699917804065,1,0
8,62.61152788307795,0.805367098659559,4,1
62,48.75534564209249,5.347319137353171,1,0
47,36.032047136693436,7.691217835863792,2,0
17,48.215558403613926,3.987238485773984,4,0
17,43.325169126639196,5.69806016453232,4,0
13,93.4073531005878,13.933741453979033,0,0
17,23.07751782591601,5.0856895948448155,4,0
38,81.74627479132212,2.2640274293279776,7,0
45,96.06613420236064,2.984461405490937,0,0
6,68.07234564689732,9.849357630652086,1,0
35,113.15649800079184,0.7004518154597486,0,0
14,90.78806952365353,1.9706753488109177,5,0
61,94.79236513114172,4.305227104034905,1,0
15,39.693348744087025,5.641074306698139,1,0
54,97.72955758390735,7.2090158083905465,1,0
27,103.20947360831148,1.9151444352737315,6,0
13,56.12663884059896,0.7882957516451633,3,0
31,41.33630680329712,15.487630196673798,0,0
35,58.50506792036167,0.397338874360603,1,0
60,93.96079690001372,0.5035531368586993,5,0
6,61.76390058687027,3.4154153888355347,5,1
69,93.66518752247879,8.553783814941271,3,0
58,31.356454097753765,7.447266651033285,2,0
49,100.60117104884844,13.878910373360453,2,0
23,45.32074816423574,0.7634404407563198,0,0
34,44.89289877145937,2.355839590334469,4,0
26,79.03809652038608,1.6574184019733145,0,0
47,27.011804574698964,9.861737095903628,0,0
5,22.629772668466856,3.350617558249125,4,1
20,46.10286652934492,0.13607461860160125,2,0
6,73.80675507348226,6.154397948766599,6,1
70,110.76163862252272,2.460821651333574,1,0
59,104.64351763073068,3.7873274390226768,2,0
64,69.04464599209754,11.211563937227227,2,0
18,23.705199369349277,1.483531843564421,5,0
4,73.52527346293091,1.3739258187094485,2,0
17,90.47955999252954,1.5271431030649878,5,0
14,53.91645325250337,2.0632643257158447,1,0
13,31.10633032816547,0.567825824348613,2,0
7,47.856795320565936,5.973738447710223,1,0
44,97.1588864467814,1.1621749027500923,1,0
15,55.12438322833283,13.028308428089412,2,0
19,101.19814906857101,1.2147311442273794,1,0
63,51.95214518074758,1.4761660822961662,0,0
35,36.35550384138182,1.7621358128265197,3,0
35,63.58483595136082,7.3166999246117435,3,0
19,65.22745122891389,2.789642825601177,1,0
20,21.610821854933697,8.555543551585172,1,0
35,31.704507270632615,7.6821853728965825,4,0
32,38.49260187728174,13.260033655601703,1,0
48,31.358731737867487,7.065330848337497,4,0
44,54.15260754213638,0.26653539118110275,2,0
24,116.4622855617018,9.078660871316373,1,0
61,70.9222538327078,13.908962472982754,2,0
17,82.75560238706464,25.32745823506643,5,0
71,55.63864785230282,0.6691863063162011,1,0
50,52.34877616431461,4.750184788324544,1,0
65,22.314677191500834,1.1123355625286742,2,0
32,70.03336556760223,1.5225113163873503,4,0
36,68.36090067516663,6.843929429108676,0,0
13,35.7830726181123,19.008610052593237,2,0
70,96.43240002067037,4.517557444988577,4,0
58,69.2674330311003,9.505120306831254,2,0
14,53.89939701615733,0.044617500457411974,2,0
37,34.69089090229269,0.18659713593541022,3,0
68,75.21608269710124,4.540674621941255,3,0
40,95.28170260888098,2.463153316189484,0,0
59,48.19993526849717,11.025378256389091,2,0
16,41.879435157672255,1.7975513203543252,1,0
62,72.1934964064577,2.828618507257988,2,0
4,35.53433025100169,3.752919672116321,0,0
45,86.6613386594285,1.5944110906228586,5,0
28,80.53436279442305,11.956801074336092,0,0
66,28.70820495914286,3.123085537547265,2,0
31,23.652037938137386,2.7595890475256075,3,0
3,82.02886525885849,9.477374990904586,5,1
8,49.42937739887408,1.8696752429395294,3,0
24,28.644575317339854,8.504076154481885,2,0
15,95.94287049564865,0.6520974992113917,2,0
43,51.40440030176441,1.0092869226147074,2,0
31,65.95995496382236,15.063544438464945,0,0
45,43.68129274537692,9.2399824229101,7,0
66,82.73170783579646,2.4542890820705248,1,0
8,50.14884153543595,5.086863854139455,2,0
71,116.80209612276283,14.32090577710548,3,0
57,90.29475486169065,1.1903907393700914,1,0
30,33.67222763734658,0.3041163307842685,3,0
18,61.66948396734668,3.855198373476102,0,0
69,58.54210997298786,0.7692354217894287,2,0
39,73.42471107203832,1.0370836721887828,2,0
60,104.19306744792533,11.106831834656274,3,0
43,78.34220151830017,0.03715500132269081,1,0
45,26.15566775999993,8.486430737382543,2,0
23,85.5415696802855,3.6381835908681825,2,0
69,20.826529794585838,4.096890860620343,0,0
6,97.9960460540393,5.570172415405001,0,0
56,86.6636072411242,2.8232860555988317,1,0
4,50.8785658352586,0.6142963609412926,4,1
23,49.244180458951575,0.5424950880600437,3,0
6,99.82729965463055,7.019485912174534,3,0
32,98.33366919246205,1.2489467371873886,0,0
18,55.230235437675994,0.14252046384675063,1,0
15,49.89477280797803,19.46450724095461,2,0
40,75.98247888827899,19.65896560324105,3,0
6,20.836565998414418,2.375212212599735,2,0
63,28.266703798654227,0.12927614418922287,1,0
67,32.61695901487367,6.496266997039877,2,0
11,38.541181782717416,8.889639652130551,3,0
43,71.2018126675469,0.6677351929677994,0,0
17,119.2241914861122,0.7277805164876674,1,0
4,85.26134017473535,8.636154732174571,3,0
63,26.12987944492236,12.749299162203906,1,0
68,72.55793740622417,7.82124342106273,1,0
41,69.66452123895044,1.1203758579978487,2,0
5,34.41678158180495,2.6510720487223907,2,0
32,112.02723688024076,4.591995087059378,3,0
70,64.0765247675369,0.8735141089308804,7,0
35,119.45591406097397,1.182426366937991,1,0
22,62.00722952521643,1.662602778515811,5,0
65,80.79577026836093,3.5617852748107226,2,0
22,30.476253645144006,3.5749693268059373,2,0
11,65.42278238068693,8.417966487916187,1,0
3,43.87658940039733,6.992041207687136,3,0
9,103.5564798571235,12.25169575589768,0,0
60,98.39195848675399,8.94586576787575,4,0
14,102.41799996253584,1.4643277394309742,4,0
18,92.36094377579514,2.0120745931268282,2,0
23,103.26832236200512,3.4699701314883358,1,0
47,40.082875017492086,0.07186973269548079,0,0
69,65.20437765798016,11.711934201328324,1,0
47,89.18468799459681,0.2267874287381017,0,0
30,83.7392497935135,1.9462952242186233,1,0
25,91.63544828740869,4.210264095773662,2,0
28,42.42583831512317,3.64741074891298,6,0
25,29.843470904498975,5.313232790356924,3,0
58,111.68065780747764,3.748801159976662,1,0
41,76.01718955673584,1.3003437729069598,6,0
25,35.38259245074109,1.1224609753392332,2,0
48,99.34365818873616,11.889079888648519,2,0
10,111.49299366292826,1.5323998331089044,1,0
11,36.9563518571109,1.649311290866887,1,0
21,101.74124552691106,2.663251086146464,1,0
45,113.32250613191283,0.7508499747581426,5,0
7,113.83616002960173,3.5389984755309394,0,0
64,111.41564616535011,5.468597813515305,1,0
64,74.64210123601028,7.708907816949386,3,0
2,55.621131725386924,6.21450799277177,2,0
42,20.727280769400927,0.7987078560066717,3,0
54,26.091222687152708,3.044647339997316,4,0
16,62.88390152973906,0.19675185199462136,1,0
18,59.93261463915103,0.0897914289771664,1,0
59,38.471390956988316,2.900257060753104,1,0
16,59.54800280316568,1.4581860482441178,7,0
6,37.46500654553681,5.7499615373441895,0,0
57,104.87912527758405,6.44113605015961,1,0
47,49.81948778755988,11.288236678083942,0,0
48,79.856435015831,7.149821066764142,3,0
42,70.28430619990868,0.2472335447057989,1,0
60,25.18820775939922,2.323074953225088,0,0
4,114.22337194911663,1.594304613344653,3,0
2,72.72259782504833,2.4398804521799518,5,1
59,52.50576433918153,0.8722173070108854,1,0
27,35.81265696330682,0.5140638401274358,3,0
27,53.852663472683574,3.680112058772649,4,0
7,22.05116030233895,6.3716421423073255,0,0
63,56.35581553482977,6.051814251794098,1,0
46,73.14859273045047,2.9977771290694957,1,0
63,107.18662458509448,3.6936418510337026,1,0
12,88.73744176977976,3.6317489087436527,1,0
13,31.15823131332414,5.881307952849259,0,0
43,34.77463244379611,0.24555825297240344,4,0
17,62.812336781837466,6.187580874422457,5,0
63,39.570775163878785,4.363772929076463,1,0
36,22.784977758275573,1.1039111737864613,1,0
8,100.50148801180703,0.25151552260148385,3,0
69,21.952257069799412,0.5744050748616323,6,0
36,103.06896051980141,3.718954392213094,0,0
28,34.4103963032966,7.102535601069947,2,0
47,117.46784108071161,2.037265066849708,0,0
30,80.38739118261901,2.383118755525697,1,0
23,93.49829716298954,13.601607055307703,0,0
16,31.048362796806487,1.1977182795157884,1,0
14,106.21040734514801,0.5476762251632159,0,0
71,103.91923428715384,2.1034783866148903,3,0
52,85.29927315417177,6.850572213942909,2,0
37,70.22748645953874,4.9185308175136875,0,0
29,92.14891731316725,2.6875204121689347,5,0
67,20.592821533687815,16.726808028453497,3,0
15,79.24407553984594,6.640060063441997,2,0
47,104.74061349292366,0.31928802844317533,3,0
46,55.68998871747549,6.825237295356816,1,0
52,30.828935648291683,0.12166098675626123,3,0
19,62.087724974320615,5.253731658910668,6,0
21,92.7104449058507,1.1816685277572507,0,0
64,30.730121037067253,5.960916357882333,0,0
37,40.604856021288995,1.8537213189184274,2,0
27,34.755184682869995,10.318089313492722,2,0
55,99.69477555752249,2.0542516867405665,6,0
29,26.289262245248683,4.833919829401871,3,0
20,88.6586502114433,1.6838543236086478,2,0
25,56.64569207531913,12.457937292408923,3,0
70,95.57912428853022,7.593325989322449,6,0
63,116.43834187840376,1.3939610322895657,1,0
36,31.45452995864823,14.859757705796152,2,0
2,51.438504106745846,2.2092783483010883,1,0
22,101.0125427718857,5.275823965378254,7,0
16,46.615838605117645,6.790541359679989,3,0
18,41.51205970460409,0.11584245078402136,1,0
69,102.53779778689717,15.966935470374615,1,0
54,118.70823640059703,2.1113371955582307,3,0
30,75.68805901479658,1.0522404874645728,1,0
45,47.804874833333926,9.509248821006933,3,0
19,59.856596160005395,6.068420412966394,1,0
34,37.0130327383609,0.4536912346045212,5,0
13,96.18872788907525,0.6224028409408945,1,0
43,97.34740178227679,6.279697778992457,3,0
62,107.51209923824945,0.3886362551789388,4,0
22,22.660256359656387,12.45515292172662,3,0
52,76.19813416263793,6.765074328726501,2,0
52,41.42554343431844,2.043543358641531,4,0
36,54.08830154923571,2.2544476003077323,2,0
19,98.49556152865075,3.531122548562676,1,0
38,39.203365236149615,2.2390147989270757,2,0
70,83.83417505810897,7.6500974157161385,1,0
57,85.45661912235981,18.392060958052067,2,0
20,115.40939149023006,4.391622240343748,1,0
9,97.5160928528937,2.9532898648306363,0,0
32,100.36351471536935,1.2601214454438119,3,0
4,73.16007490178934,5.29840163284028,1,0
50,38.67808071623706,5.785078132001517,3,0
5,62.55633657183516,5.7789396246864175,4,1
20,74.94895735118203,0.13677908769885438,4,0
37,87.84192517137123,11.469222054507156,2,0
22,80.77091118319272,2.0632535397495,2,0
58,59.397782891724354,6.816127769606496,1,0
68,46.53131069958414,7.131560626856763,0,0
44,36.82308432036831,5.257045183636787,3,0
34,89.38453862722663,2.5115311119147634,0,0
42,84.5398674312485,4.687370323939717,2,0
9,88.73724657578066,0.20514493000900952,4,1
7,57.252745280279484,7.175234265940658,2,0
68,46.2407822570745,0.5245178133189657,3,0
19,95.97213286809253,2.527125545823124,2,0
31,97.36473950553341,0.5469474814719106,4,0
35,65.56163739668406,9.072309526607693,1,0
57,81.19040847673242,3.9958995375720567,2,0
61,57.35196642317412,5.871343852301875,1,0
31,90.19472001198068,5.73768148399238,0,0
53,103.57215966478712,9.213355708270687,1,0
32,88.82332773356494,0.711098871088325,2,0
66,71.25826268471366,5.39005196913446,4,0
59,65.86579594923703,4.279907909699975,1,0
10,84.23196509757443,0.15692252034905277,3,0
2,87.98108916013302,1.1246188549693925,0,0
66,75.8729443524539,1.5569480513561356,5,0
60,82.4942275107395,0.3766163424086373,1,0
17,29.65886824945322,2.1903532352780704,6,0
16,115.17655161423268,0.13789673317020262,1,0
16,99.0773063732034,4.0280363293324415,2,0
46,57.39278697067838,1.1881204540833772,0,0
39,76.28126109536299,1.6913910706509987,2,0
31,24.732453013642136,12.065998389621424,1,0
1,24.12278139990604,3.493984039698778,3,0
11,45.07983351119627,1.5668043860192957,3,0
4,88.97016423646232,4.562262514641119,0,0
71,105.21477478000116,1.1261751525860837,5,0
26,75.91858799798484,0.38654221049087495,2,0
50,73.21327395823525,0.10563993342660698,3,0
12,60.2309533791466,15.133952670862232,2,0
65,36.159795595802116,6.447849984059452,0,0
47,31.83541013265875,8.045893437488497,1,0
53,96.06797612209661,19.7949777592733,5,0
71,112.75035512965756,13.414010914873643,0,0
2,65.82832163862732,6.676356290266442,1,0
24,85.94456587156382,5.92063961215037,7,0
4,111.44576508809412,2.0537703271023138,0,0
19,29.011363293414455,0.549170602140884,3,0
26,97.04814531190299,4.2633242490072965,3,0
40,81.68168843755751,4.293096981689936,0,0
50,79.86371788298614,15.207549867421,1,0
43,49.254042848156985,2.9220989558947186,0,0
67,88.38933547776769,5.868958103712893,2,0
12,99.47977548207766,4.277985002190658,1,0
67,31.285816494369715,0.9725389153492369,3,0
27,73.35214309809838,4.483228670236059,0,0
54,30.126518098740966,3.88391268848239,2,0
66,107.25740192976446,3.4051642208116077,2,0
49,70.76367226563474,3.601799900674134,1,0
16,100.79656892607574,0.8955613919596475,4,0
2,56.808563766621425,3.1132360514051527,1,0
60,32.50782268163254,4.6526236795903895,4,0
54,24.149930438571147,3.361325667348041,2,0
30,48.15096207723755,3.3538588885148184,4,0
38,44.42337003640785,0.4034355042965194,1,0
28,76.03519740199619,1.0583861577997355,3,0
25,22.173883806370736,1.9354696770331905,2,0
10,72.05705442991734,2.7180096810965413,2,0
60,59.177174201200316,4.506240260416902,0,0
42,77.71222699144423,9.951482711589465,0,0
40,90.24175281503646,0.8667976088717735,3,0
42,83.4091945079839,0.07601506288066358,1,0
47,118.46443693733663,2.9822546342357734,4,0
37,33.826534387687104,2.829075170434052,4,0
22,62.97370089297785,4.013707882210286,5,0
57,62.483073664331116,8.9554516069321,1,0
27,61.705320370292064,8.10655436408502,2,0
41,86.37983920426683,0.5270430531274715,3,0
34,68.98280605467224,13.590151687755835,1,0
32,71.7432559812963,0.5849976834031655,0,0
66,63.23559921467647,5.033409641040928,7,0
12,119.16994610185625,5.579905692037332,3,0
40,112.75613488190422,5.6952575201490285,4,0
10,50.77241893643709,1.5418133926854813,2,0
48,31.159392476666717,2.0049638081155177,3,0
20,103.97647240386028,3.977858664666154,0,0
39,119.71702514257245,1.1131402697796502,2,0
60,49.260889403964555,0.10259780711031342,4,0
66,55.778492584176625,4.129331139086795,3,0
65,114.16331814852029,3.1300468152228818,2,0
51,91.11295180030899,5.346207416942619,2,0
36,49.563833177963616,0.7932238413562821,1,0
24,78.10464912839151,9.191894136095797,0,0
27,114.4229579364256,0.7904173650045585,2,0
2,101.18131069457786,11.0978235709348,3,0
31,94.18327137286596,2.9848339211167167,1,0
57,93.69963117270224,3.990375164402433,1,0
66,37.80203242922703,11.34484914973467,2,0
29,102.46812392279365,1.7827536759581266,1,0
15,47.61186324434581,1.0034073435190596,0,0
12,113.03666579015295,2.9507117741861233,1,0
28,56.4639991013783,1.4009988641955609,3,0
24,105.76603970422565,3.7522282608762825,2,0
21,46.62334945178014,1.609696812452301,0,0
10,71.45269365822405,9.993532067832536,1,0
18,30.688529548906054,4.673859714413644,7,0
14,86.0118902996174,0.0012034935425618227,0,0
34,103.60792751668383,8.185940424170937,0,0
58,91.8447281302416,2.003972686569103,0,0
22,72.32585129386572,1.9298419332390584,0,0
70,24.51158786014595,2.414940313729776,5,0
36,113.34410071708584,4.974810302727977,3,0
45,90.54895485786346,2.9175256125481064,3,0
36,94.5864238365333,4.952856721546604,2,0
22,99.46805755108072,0.7936934863831578,3,0
61,94.77434259276107,17.56027565129252,2,0
56,64.11161640983337,6.539380930667152,0,0
33,93.36218292879468,1.43979126745382,0,0
45,82.5026787810329,6.439851058982844,1,0
36,105.40163336687866,4.278630044689163,3,0
20,100.24598153373704,0.5781149559350972,3,0
18,24.13743824672599,0.9812693725564131,1,0
38,57.888709033260525,0.21092785801965208,3,0
67,23.471615218389456,8.28364538478582,2,0
23,30.207492476609794,4.011516146246558,3,0
16,80.14107220036114,1.9044623817483075,2,0
59,107.38218211622534,0.6753480297883095,2,0
69,31.982475870926724,3.308687121764933,2,0
68,65.10892874668315,3.7249541499088097,2,0
21,111.08789048064438,6.052444959529756,2,0
70,101.43009836715878,17.522335497324804,1,0
12,71.96678964659299,2.8541657306193082,1,0
16,97.1571439328831,2.6046677406844325,0,0
14,72.2693774044537,2.3096218097146455,2,0
61,35.80923372828488,8.770119743104248,2,0
71,32.47361132216791,0.8498935488785462,1,0
46,38.83682320670698,2.106546614143713,1,0
32,55.092209496567946,6.454390114305432,0,0
15,113.05292676740187,0.07909702459616147,2,0
44,99.96784136536014,1.7080923441808407,1,0
17,63.28015612263175,5.128396227878495,3,0
41,69.3076709787574,1.028680335230968,1,0
54,46.56094576664148,1.802773510412682,5,0
44,90.43529564721301,3.328098554597072,3,0
5,100.2765671462038,2.74111091357398,1,0
27,43.89046956675766,0.560399590457334,3,0
43,24.182162378646538,13.922118177271361,1,0
31,82.38889431629704,0.22651802947455088,4,0
17,76.25121191353166,6.926329579211757,1,0
54,60.21311550288764,0.37050862828008124,1,0
62,84.38939417732101,3.1489449320315344,7,0
32,75.06132979851435,0.964352761487039,1,0
40,45.05815765941928,0.7605010631987712,3,0
13,59.772897562272234,0.6727908924679326,0,0
35,62.81135697472417,3.014582458640491,0,0
5,108.02479944755636,3.6230335068045623,1,0
29,116.09041541289595,0.7157993819702057,0,0
70,109.3001362396497,19.411284780173126,2,0
25,91.91780240519796,1.490452846106927,2,0
22,78.49927336058218,3.0702138533917473,2,0
66,88.9261635465955,1.2184507061219618,5,0
45,113.91092207326889,3.40532873386581,2,0
69,44.999873522383176,7.053275084606302,1,0
1,73.5120507673405,3.6813383886411533,3,0
44,88.96080190004079,1.6819032990988678,3,0
39,87.92470013242746,1.4277324969532827,2,0
54,45.22789595768364,7.1134310459609775,2,0
29,78.67315273897519,0.6291664997440795,1,0
54,99.59131424201564,2.3099113876400152,1,0
16,67.50789800502439,0.8213241261056193,2,0
20,99.3298076698735,1.4918673063524532,2,0
46,55.988259775455475,0.8284033331247498,3,0
67,113.8760127163759,10.891781426495408,5,0
65,73.39284404991011,6.5820544798893845,2,0
58,79.59479507926143,4.1154507654371795,0,0
53,23.13615688045884,1.2707543806059753,3,0
1,37.026913712859425,3.5690645385301067,2,0
66,83.29338804710447,3.6785326508685494,1,0
29,61.987037178227126,4.462916505664691,2,0
70,70.81637904581747,0.30983000306000985,4,0
8,26.297140873370044,18.041471458139256,0,0
29,103.41352384103843,3.1315468734012493,0,0
51,98.45056022962173,13.05451133450145,2,0
33,38.53539757218495,0.04928265556808662,4,0
3,83.43293572573793,1.4221594377173932,1,0
60,101.83152116542716,0.5490496108635186,4,0
35,84.08541364156,7.340042834194763,5,0
69,51.03980952958449,1.9292319709291152,4,0
20,85.61111504781671,9.178321943399926,1,0
39,41.04617476832122,8.930438890074374,2,0
4,51.82549972794209,5.510012035254635,0,0
19,44.00696531071787,5.479806082496463,1,0
45,75.69251023902066,6.02252626481003,1,0
43,30.82266467655486,5.6006686311991425,1,0
13,113.33103803483387,2.4462042807585105,0,0
13,53.35123536628668,5.741549724374144,4,0
60,41.89701271058013,11.384926372019908,2,0
57,69.65498136018313,2.021629974794508,1,0
52,47.699781845471605,14.49203210700064,2,0
53,73.49040863826443,0.0683733067397335,2,0
43,54.85091497820855,2.146862158507351,0,0
42,33.20668107690408,0.708384683975693,2,0
26,46.589524202726196,0.6769217073435545,3,0
23,63.84398449615252,8.448618711110424,1,0
43,23.029322647962562,12.527688963750105,1,0
28,97.06425270147619,7.519947723419087,3,0
9,82.18245645904159,18.77845617081812,2,0
20,80.13596072783542,1.218829757471879,3,0
56,74.6049931882766,0.7587672652536928,2,0
39,79.03131723250685,3.677182318021159,3,0
51,113.46519527072206,8.83155857965669,5,0
12,20.85692108107407,0.20327197427754568,3,0
55,24.77997096577493,27.091883580077194,2,0
11,39.14934099308023,4.609606886302713,1,0
26,36.730137999315005,19.30232912238573,4,0
42,38.11944594691826,2.2712942231358797,0,0
27,87.19438858486501,3.0626661391612804,3,0
11,65.94833010501654,6.978925124608057,2,0
38,119.17788783346931,7.867952165087647,0,0
43,42.688591480294484,1.326557864361671,4,0
19,51.08301010274947,13.282112212695436,1,0
64,118.4240716801649,10.102962946230027,2,0
6,103.1758140802247,0.0918652939080602,2,0
46,66.97992206785327,0.6880878246512422,3,0
42,75.45968855459898,3.426858504584447,0,0
65,104.31779206528405,3.089785886830294,3,0
59,68.0980246046328,6.161704590024032,2,0
52,40.60237235820843,0.4699678029313021,0,0
47,102.84445385543854,5.176149928894935,1,0
7,73.77724912756435,4.79038276527889,5,1
11,35.30425971638213,1.3303831238967165,1,0
61,70.55858311843976,3.9087332451531633,3,0
68,61.32033805968588,1.2564756158818524,1,0
25,107.6842531881758,0.7945274884800301,3,0
12,32.60554313607034,4.256436609548099,2,0
26,107.52098044480256,18.965487180353588,2,0
12,71.22110168102847,1.352049489357809,1,0
43,60.436442998114764,2.195131299146533,2,0
51,36.196718440294035,1.4824250307508073,2,0
37,90.08179626386793,1.549364533422658,2,0
46,112.68067091100404,2.5891851834325568,1,0
53,57.53773538993198,6.050885231982885,1,0
13,44.158500067083345,0.19788740889911438,0,0
54,75.4866916999157,15.747238070757641,2,0
57,99.61859484338703,0.23692512651654413,1,0
4,20.376769455053307,10.653808158744978,2,0
49,83.13774363954292,11.239447655634274,3,0
7,79.6516000698631,3.7168282911291306,4,1
11,51.815218580416,0.7366845653614168,1,0
54,65.14230036049703,4.163724343532696,2,0
45,44.69632241618209,4.952811124137117,2,0
23,98.98857379518428,9.751160901202558,2,0
28,83.45349333661076,4.002497011402551,0,0
57,73.27116220389853,2.644179157210471,0,0
26,59.25261984178272,9.109790270526473,1,0
25,49.138438602073215,19.803912655397184,2,0
54,102.27364860434314,5.179641252641761,4,0
29,65.1407670433569,10.372749120428043,4,0
36,70.14474198416727,4.565667516212662,1,0
14,72.08287305407416,5.852496582893213,2,0
35,64.83669354315765,5.826439339224789,0,0
30,45.60884262384238,6.100290523539994,5,0
17,32.0340440243052,1.9357697560989984,2,0
67,29.85372671677407,4.286117743788344,2,0
30,95.74625233406887,4.508680629143607,2,0
45,42.352782230151135,1.8922050536601454,4,0
51,25.56728149539756,2.152779076360248,3,0
47,99.7517406695886,7.182609854948764,3,0
53,35.4061652860648,4.370035118297341,3,0
64,82.5146091733354,0.807956493302634,2,0
38,53.86432714478632,9.089603200110096,1,0
64,32.648025669130945,10.732793170888701,0,0
7,61.44809792543599,3.1381189848977122,1,0
22,21.480886113262514,1.1717014577093217,3,0
41,104.10449825125603,14.744863267237305,1,0
10,71.34979613418572,10.696788564615245,0,0
57,33.916001090796186,1.4010949290708914,8,0
7,43.69803183889847,0.5023830639906156,1,0
50,64.79751921385267,2.9049316662402163,0,0
52,38.88693828155486,5.641188906995353,4,0
33,46.85991615010859,0.9642150799822293,0,0
1,73.43855642352631,3.599639607794232,3,0
53,103.26090130383855,2.770540490599501,1,0
60,60.18396856899208,11.061489754531575,2,0
34,91.69752735535482,2.8067945685463487,2,0
4,107.66842134606485,3.8154495908671677,2,0
17,41.6300940296162,15.53736505379511,1,0
4,100.719197040216,1.7811735319629753,2,0
43,95.74021983310274,1.7053504765538876,1,0
4,55.6937297948135,8.037076794426955,0,0
1,118.95199595008671,1.6254591025615128,1,0
71,46.2572371435957,8.91496612851585,3,0
50,45.48032660316956,0.502061720167976,1,0
61,97.22591646531978,0.5897597657264559,4,0
35,63.46573180510842,11.579535904402807,2,0
8,53.079499478104324,3.891480909503909,4,1
24,37.8662805339103,6.343699276881082,1,0
36,96.5332430934544,1.276325414080258,0,0
50,98.6321806136077,0.9092545481212061,5,0
43,76.65640032301405,9.007663224519636,3,0
27,115.73136131913729,2.220692430164859,2,0
32,51.81632704226543,3.0351466885503067,1,0
18,41.96190454793372,0.14185281335750174,2,0
28,87.74667689344619,2.437830628562591,2,0
29,95.84086407997047,7.357906488150601,1,0
16,42.490597055182235,8.609539796395927,2,0
47,27.661076426111322,5.999153455045797,1,0
59,101.0516486586372,5.891196084035498,1,0
31,117.65019736460124,3.5285211223284114,4,0
4,84.46722860722844,3.864517379915015,3,0
37,47.786690014389414,6.786236639595401,2,0
17,119.66726085527921,1.420454633890347,1,0
39,109.32666362670774,1.3166846303466462,2,0
48,71.33806462802939,14.971149404960984,2,0
46,102.53212848418337,0.14040239430877116,5,0
48,101.58205232629669,0.7510076447074749,0,0
39,113.47989696734996,4.223717267335812,2,0
4,104.09238437734601,6.693902935918575,2,0
30,84.36792359571645,3.8597733228531617,2,0
30,80.93037189565074,2.193020929845834,4,0
22,66.73572883316118,19.078139651897626,3,0
66,82.64856399707574,6.084491315501769,3,0
12,99.52165865303827,8.900859557221448,1,0
36,116.90376263025533,0.2053959410221398,2,0
18,66.72873581821202,1.3454146391959774,1,0
53,77.3653202988757,2.343391288426528,2,0
71,64.48054950587817,1.0081420912751766,0,0
1,86.8488620983404,0.3784652994505345,3,0
58,82.99205040612595,1.2750526676020766,1,0
6,21.78337901936233,3.8139402158501916,1,0
70,74.11615591006584,5.949449648371342,3,0
44,28.848689569901403,7.436564317435527,1,0
24,22.638361800553835,0.21942587963807125,3,0
19,99.11971620846982,2.7929605672051228,2,0
18,45.86498621593005,0.6517484898532627,3,0
30,54.065507728729926,2.821135399483841,4,0
42,26.40845876040662,2.845592661452475,0,0
33,37.95002604943507,3.4478846745150693,0,0
12,96.56048182577923,11.166723819587418,1,0
27,69.35308302326209,8.176227987175789,5,0
39,108.06684625501484,5.062918593000509,3,0
9,59.72421314668352,10.831856883433677,1,0
21,46.87007357542682,5.673300621099094,2,0
29,54.759981445865094,8.542286234261043,4,0
33,91.27717935169045,4.148023404429572,2,0
62,75.5005672334486,3.724500288285691,1,0
15,110.41912075524279,6.438534021164218,2,0
2,80.21687693888833,0.09942864482146895,3,0
52,69.30182084815031,5.862008484197391,1,0
44,98.57527238867328,13.629916593040583,3,0
54,114.75338507334452,6.257804852890159,0,0
18,55.58459112449705,0.1874384448832459,3,0
3,44.98762101654776,2.373156729320284,1,0
7,81.62173962941392,8.292649795448586,0,0
43,69.8872821153881,15.923404711458595,2,0
38,118.91855748647835,2.311473939400739,2,0
37,66.23617841477333,9.200361496820133,4,0
58,27.433155136034586,9.968516968901138,3,0
33,117.73690607776359,0.6578745351052372,2,0
59,104.358694559354,9.347150131741119,2,0
11,37.82501439579633,1.9596596969386524,0,0
68,110.46052531128693,4.497631733262352,1,0
68,54.06668208217446,3.8713753438393,2,0
22,57.71119845344445,5.43916097224653,2,0
66,110.63914823621593,6.744311828935562,1,0
44,73.01155650353152,2.906965614666345,4,0
6,33.77629293985196,10.960177317239602,1,0
42,56.9056159341804,8.290473993418129,4,0
25,92.20974462678808,7.695388709083959,1,0
57,37.41841880680167,3.0647240460216656,2,0
55,79.02311974063588,0.1914847062018196,1,0
16,89.52741329444169,3.3888934789633107,1,0
14,54.385357554257936,11.435800075033633,1,0
39,89.38806887083223,1.0563846673211401,4,0
28,108.42073518293186,20.25426261627509,2,0
51,67.2116744233241,8.243249248471905,1,0
49,58.290932817978565,6.1864380250418,0,0
9,45.11584013582857,5.652991520949793,2,0
58,80.42054798633042,4.421851780526618,4,0
45,107.9852048038716,6.376812788222655,0,0
22,52.466126718519405,2.740090130566281,1,0
32,59.62355245373035,9.330953265618744,1,0
69,60.66255175499839,5.959331195381274,2,0
69,76.08123417775172,7.375695904749424,2,0
42,42.84089615674387,7.862816625404476,1,0
53,102.22111553077043,0.4829402310386039,1,0
59,49.56022775042213,0.28624323907787513,6,0
39,90.5362690896682,8.071897220697021,1,0
15,71.3215741779552,1.5013651751881327,1,0
71,78.58976033527568,4.361008091164607,3,0
29,37.96087388273029,2.932335376688502,0,0
3,93.50231981781705,0.11142847650247546,1,0
10,38.86205190426311,0.20557507351504412,1,0
29,31.34736376274391,8.775939452331423,4,0
35,74.66794998887869,4.6783561503780255,1,0
6,90.92971369176652,3.710039062797754,1,0
12,25.00358364347567,14.443553204034508,3,0
38,26.939531494054208,0.9504484090846139,0,0
19,100.2679162705919,1.4918336846787636,5,0
67,100.9032699507332,7.06810329792153,1,0
8,44.53047170590812,7.4635044062024445,4,1
8,81.52282028002035,2.5951055463362724,2,0
47,64.31800751446596,15.077474841900928,3,0
4,83.2696041403513,13.923677196306201,3,0
51,106.28792840992251,0.0624367929947265,3,0
67,27.985642458225648,0.9456911017608047,1,0
45,97.79844259884543,8.580091461448804,1,0
8,69.30291045210393,2.041470666339463,1,0
16,76.41269437619965,0.5016585659787082,2,0
67,85.39313600171202,7.685567054857688,3,0
9,112.26231491291074,3.031027831124451,1,0
60,25.671995355173785,3.3904139689599617,1,0
71,22.947635212444766,1.0312440529499716,3,0
15,37.82617814887735,5.407228220544356,3,0
71,118.64477260267364,4.006349962824146,3,0
41,91.50763673777757,1.1575985289605764,0,0
22,81.46411190545018,2.0800892783162044,4,0
24,24.70390534147479,4.542596133705873,1,0
44,107.91102238929648,12.942826767308901,2,0
1,101.27568532971596,12.652220618726382,5,1
10,86.48000438670849,1.697726097784932,0,0
56,53.91308154847027,6.651857575751605,3,0
50,27.05049555682573,7.469822833045771,2,0
12,78.00384879009225,8.272780507366251,4,0
60,91.96945714608376,4.228721993603107,3,0
26,29.424035047724743,0.0528179847148251,2,0
41,83.3767659798496,7.170626921431971,0,0
36,48.63660678871585,0.5635900780628688,3,0
23,96.42442212198117,0.621422167576857,1,0
43,73.9615850601837,4.652262726324924,1,0
6,32.903678781043666,20.528196853067794,4,1
69,72.6519447733236,1.3889192643911497,2,0
43,59.57368633667186,5.189621356793694,3,0
25,38.03559682816519,1.8095405349634297,0,0
18,104.15157240621231,11.449633429306573,3,0
62,21.10284484991362,4.501064529366806,0,0
13,51.212827687810595,1.1626708250227629,3,0
43,21.259503816942676,1.519945226396506,3,0
28,29.60069465061527,2.8324028749634245,3,0
18,49.709621917308105,0.650791508230062,6,0
59,25.427118538937357,0.410028910981067,2,0
60,79.66305323571412,5.698130816542703,5,0
63,28.68629079861828,2.614196348201783,4,0
57,90.17136340660952,6.477257851185804,2,0
51,25.26421126271611,0.5829960607217627,3,0
56,25.93088948010968,4.706319251495838,3,0
27,50.53258990332664,2.928704933973167,2,0
32,109.65715249692775,0.2987428800861393,2,0
9,84.13932487233166,3.9351137106422107,1,0
68,97.01312919289194,0.43217194311288903,1,0
46,34.15521094771061,8.79316377424561,2,0
67,103.41254332472458,4.997783821565788,1,0
26,20.814624819423514,4.070561121999573,3,0
8,41.30573507330061,0.7162869975687094,0,0
6,81.60923211499934,1.6945758853877733,1,0
24,57.52464085940503,3.394997632592816,2,0
48,118.41933917185635,5.015831231008871,3,0
45,23.033924681831824,1.0119931074251496,0,0
13,119.85981679365432,0.04452908731109019,1,0
69,82.36278328613162,2.113769920241736,3,0
25,75.87069945960965,3.2973189907842664,0,0
20,25.951244256397437,1.0193616102189091,2,0
66,47.332887666589066,3.387998417076132,2,0
45,112.46626882915957,2.0661195891569717,1,0
47,55.424600318924426,3.0356701141024782,2,0
63,86.1653200467251,2.134396959051818,2,0
55,119.94963504187217,4.950599384725731,3,0
19,46.30697138335412,0.21922138401390345,4,0
35,77.60808790144938,0.9371044211280042,0,0
53,89.64377927022132,2.834783437357209,0,0
26,36.46272465654152,2.202586987424546,2,0
14,34.86725636961821,2.4848762227769337,1,0
45,65.63079116581733,8.142102100054288,2,0
44,58.58125217592894,10.872351768243107,1,0
65,91.42154368573138,1.4295434524346493,1,0
51,26.950877144858623,9.051381062898328,2,0
43,117.21666237406905,3.069738282470848,4,0
23,21.427698168583234,1.5997910690190933,2,0
56,80.13168243361511,21.152908118093873,1,0
19,76.26325958673883,8.70918662806493,0,0
55,33.471573086972576,25.79566411638355,0,0
60,35.09159827135298,0.9207608633155604,1,0
59,99.26774877946268,0.7765056380555467,3,0
33,108.75624584126831,3.4996300544459658,2,0
19,48.301696588376956,5.089454964608486,3,0
28,63.796396396256846,0.9380380722586373,1,0
52,55.499504103835356,9.845968991181305,2,0
49,27.25470129866519,3.796578920209883,1,0
37,87.32042460158094,2.6461517253165265,2,0
26,102.51929348056902,4.607190696961421,4,0
40,50.48793573912071,5.038655598326411,4,0
38,119.01757936307183,0.21862728257183647,3,0
54,27.585155728235492,45.69785829345024,5,0
22,86.17907138145209,2.2621513603552503,0,0
16,64.8228014526089,0.3175893277714571,2,0
28,64.66019011066558,9.563645030630148,1,0
35,65.76456160335403,24.822585777557357,1,0
60,45.86817738014284,8.473849208323083,1,0
